n_legs,legs,leg_probs,joint_probability,independence_probability,dependency_ratio,fair_odds,independence_fair_odds,joint_source,leg_flags,leg1_market,leg1_label,leg1_p,leg2_market,leg2_label,leg2_p,leg3_market,leg3_label,leg3_p,match,league,match_date,combo_result,leg_results,settle_note,final_score,settle_version
2,Home or draw + Home over 1.5 goals,"84%, 57%",0.5534,0.4791,1.155,1.81,2.09,SCORE_MATRIX_EXACT,OK,1X,Home or draw,0.8387,HOME_O15,Home over 1.5 goals,0.5712,,,,Pumas vs Necaxa,Mexico Liga MX,2026-08-24,UNKNOWN,,NO_SCORELINE,,
2,Under 3.5 goals + Home over 0.5 goals,"70%, 85%",0.5495,0.5927,0.927,1.82,1.69,SCORE_MATRIX_EXACT,OK,U35,Under 3.5 goals,0.6953,HOME_O05,Home over 0.5 goals,0.8525,,,,Pumas vs Necaxa,Mexico Liga MX,2026-08-24,UNKNOWN,,NO_SCORELINE,,
2,Over 1.5 goals + Away over 0.5 goals,"77%, 58%",0.5319,0.4497,1.183,1.88,2.22,SCORE_MATRIX_EXACT,OK,O15,Over 1.5 goals,0.7717,AWAY_O05,Away over 0.5 goals,0.5828,,,,Pumas vs Necaxa,Mexico Liga MX,2026-08-24,UNKNOWN,,NO_SCORELINE,,
2,Over 2.5 goals + Home over 0.5 goals,"53%, 85%",0.5186,0.4493,1.154,1.93,2.23,SCORE_MATRIX_EXACT,OK,O25,Over 2.5 goals,0.5271,HOME_O05,Home over 0.5 goals,0.8525,,,,Pumas vs Necaxa,Mexico Liga MX,2026-08-24,UNKNOWN,,NO_SCORELINE,,
2,Over 1.5 goals + Home win,"77%, 61%",0.5019,0.4741,1.059,1.99,2.11,SCORE_MATRIX_EXACT,OK,O15,Over 1.5 goals,0.7717,HOME,Home win,0.6144,,,,Pumas vs Necaxa,Mexico Liga MX,2026-08-24,UNKNOWN,,NO_SCORELINE,,
2,Home win + Home over 1.5 goals,"61%, 57%",0.5019,0.3509,1.43,1.99,2.85,SCORE_MATRIX_EXACT,OK,HOME,Home win,0.6144,HOME_O15,Home over 1.5 goals,0.5712,,,,Pumas vs Necaxa,Mexico Liga MX,2026-08-24,UNKNOWN,,NO_SCORELINE,,
2,Home over 0.5 goals + Away over 0.5 goals,"85%, 58%",0.5001,0.4968,1.007,2.0,2.01,SCORE_MATRIX_EXACT,OK,HOME_O05,Home over 0.5 goals,0.8525,AWAY_O05,Away over 0.5 goals,0.5828,,,,Pumas vs Necaxa,Mexico Liga MX,2026-08-24,UNKNOWN,,NO_SCORELINE,,
2,Over 1.5 goals + Under 3.5 goals,"77%, 70%",0.467,0.5365,0.87,2.14,1.86,SCORE_MATRIX_EXACT,OK,O15,Over 1.5 goals,0.7717,U35,Under 3.5 goals,0.6953,,,,Pumas vs Necaxa,Mexico Liga MX,2026-08-24,UNKNOWN,,NO_SCORELINE,,
2,Over 2.5 goals + Home over 1.5 goals,"53%, 57%",0.4577,0.3011,1.52,2.18,3.32,SCORE_MATRIX_EXACT,OK,O25,Over 2.5 goals,0.5271,HOME_O15,Home over 1.5 goals,0.5712,,,,Pumas vs Necaxa,Mexico Liga MX,2026-08-24,UNKNOWN,,NO_SCORELINE,,
2,Under 3.5 goals + Both teams to score - No,"70%, 50%",0.4443,0.3475,1.278,2.25,2.88,SCORE_MATRIX_EXACT,OK,U35,Under 3.5 goals,0.6953,BTTS_NO,Both teams to score - No,0.4999,,,,Pumas vs Necaxa,Mexico Liga MX,2026-08-24,UNKNOWN,,NO_SCORELINE,,
2,Over 2.5 goals + Home or draw,"53%, 84%",0.4399,0.442,0.995,2.27,2.26,SCORE_MATRIX_EXACT,OK,O25,Over 2.5 goals,0.5271,1X,Home or draw,0.8387,,,,Pumas vs Necaxa,Mexico Liga MX,2026-08-24,UNKNOWN,,NO_SCORELINE,,
2,Both teams to score + Home or draw,"50%, 84%",0.4215,0.4194,1.005,2.37,2.38,SCORE_MATRIX_EXACT,OK,BTTS,Both teams to score,0.5001,1X,Home or draw,0.8387,,,,Pumas vs Necaxa,Mexico Liga MX,2026-08-24,UNKNOWN,,NO_SCORELINE,,
2,Over 1.5 goals + Away over 0.5 goals,"76%, 60%",0.5501,0.4601,1.196,1.82,2.17,SCORE_MATRIX_EXACT,OK,O15,Over 1.5 goals,0.762,AWAY_O05,Away over 0.5 goals,0.6038,,,,Wycombe Wanderers vs Plymouth Argyle,League One,2026-08-22,UNKNOWN,,NO_SCORELINE,,
2,Under 3.5 goals + Home over 0.5 goals,"72%, 83%",0.5505,0.5965,0.923,1.82,1.68,SCORE_MATRIX_EXACT,OK,U35,Under 3.5 goals,0.7217,HOME_O05,Home over 0.5 goals,0.8264,,,,Wycombe Wanderers vs Plymouth Argyle,League One,2026-08-22,UNKNOWN,,NO_SCORELINE,,
2,Home over 0.5 goals + Away over 0.5 goals,"83%, 60%",0.5104,0.499,1.023,1.96,2.0,SCORE_MATRIX_EXACT,OK,HOME_O05,Home over 0.5 goals,0.8264,AWAY_O05,Away over 0.5 goals,0.6038,,,,Wycombe Wanderers vs Plymouth Argyle,League One,2026-08-22,UNKNOWN,,NO_SCORELINE,,
2,Home or draw + Home over 1.5 goals,"82%, 52%",0.5054,0.429,1.178,1.98,2.33,SCORE_MATRIX_EXACT,OK,1X,Home or draw,0.8174,HOME_O15,Home over 1.5 goals,0.5248,,,,Wycombe Wanderers vs Plymouth Argyle,League One,2026-08-22,UNKNOWN,,NO_SCORELINE,,
2,Over 2.5 goals + Home over 0.5 goals,"50%, 83%",0.487,0.4116,1.183,2.05,2.43,SCORE_MATRIX_EXACT,OK,O25,Over 2.5 goals,0.498,HOME_O05,Home over 0.5 goals,0.8264,,,,Wycombe Wanderers vs Plymouth Argyle,League One,2026-08-22,UNKNOWN,,NO_SCORELINE,,
2,Over 1.5 goals + Under 3.5 goals,"76%, 72%",0.4837,0.55,0.88,2.07,1.82,SCORE_MATRIX_EXACT,OK,O15,Over 1.5 goals,0.762,U35,Under 3.5 goals,0.7217,,,,Wycombe Wanderers vs Plymouth Argyle,League One,2026-08-22,UNKNOWN,,NO_SCORELINE,,
2,Over 1.5 goals + Home win,"76%, 56%",0.4525,0.4242,1.067,2.21,2.36,SCORE_MATRIX_EXACT,OK,O15,Over 1.5 goals,0.762,HOME,Home win,0.5566,,,,Wycombe Wanderers vs Plymouth Argyle,League One,2026-08-22,UNKNOWN,,NO_SCORELINE,,
2,Home win + Home over 1.5 goals,"56%, 52%",0.4525,0.2921,1.549,2.21,3.42,SCORE_MATRIX_EXACT,OK,HOME,Home win,0.5566,HOME_O15,Home over 1.5 goals,0.5248,,,,Wycombe Wanderers vs Plymouth Argyle,League One,2026-08-22,UNKNOWN,,NO_SCORELINE,,
2,Under 3.5 goals + Both teams to score - No,"72%, 49%",0.446,0.3533,1.262,2.24,2.83,SCORE_MATRIX_EXACT,OK,U35,Under 3.5 goals,0.7217,BTTS_NO,Both teams to score - No,0.4896,,,,Wycombe Wanderers vs Plymouth Argyle,League One,2026-08-22,UNKNOWN,,NO_SCORELINE,,
2,Both teams to score + Home or draw,"51%, 82%",0.4212,0.4172,1.01,2.37,2.4,SCORE_MATRIX_EXACT,OK,BTTS,Both teams to score,0.5104,1X,Home or draw,0.8174,,,,Wycombe Wanderers vs Plymouth Argyle,League One,2026-08-22,UNKNOWN,,NO_SCORELINE,,
2,Home or draw + Away over 0.5 goals,"82%, 60%",0.4212,0.4936,0.853,2.37,2.03,SCORE_MATRIX_EXACT,OK,1X,Home or draw,0.8174,AWAY_O05,Away over 0.5 goals,0.6038,,,,Wycombe Wanderers vs Plymouth Argyle,League One,2026-08-22,UNKNOWN,,NO_SCORELINE,,
2,Under 2.5 goals + Home or draw,"50%, 82%",0.4196,0.4104,1.023,2.38,2.44,SCORE_MATRIX_EXACT,OK,U25,Under 2.5 goals,0.502,1X,Home or draw,0.8174,,,,Wycombe Wanderers vs Plymouth Argyle,League One,2026-08-22,UNKNOWN,,NO_SCORELINE,,
2,Under 3.5 goals + Home or draw,"76%, 71%",0.5321,0.5345,0.996,1.88,1.87,SCORE_MATRIX_EXACT,OK,U35,Under 3.5 goals,0.7573,1X,Home or draw,0.7058,,,,Stevenage vs Oxford United,League One,2026-08-22,LOST,U35=WON | 1X=LOST,OK,1-2,1.0.0
2,Under 3.5 goals + Home over 0.5 goals,"76%, 75%",0.5162,0.5697,0.906,1.94,1.76,SCORE_MATRIX_EXACT,OK,U35,Under 3.5 goals,0.7573,HOME_O05,Home over 0.5 goals,0.7523,,,,Stevenage vs Oxford United,League One,2026-08-22,WON,U35=WON | HOME_O05=WON,OK,1-2,1.0.0
2,Over 1.5 goals + Home or draw,"72%, 71%",0.5112,0.5076,1.007,1.96,1.97,SCORE_MATRIX_EXACT,OK,O15,Over 1.5 goals,0.7192,1X,Home or draw,0.7058,,,,Stevenage vs Oxford United,League One,2026-08-22,LOST,O15=WON | 1X=LOST,OK,1-2,1.0.0
2,Home over 0.5 goals + Away over 0.5 goals,"75%, 67%",0.5098,0.5051,1.009,1.96,1.98,SCORE_MATRIX_EXACT,OK,HOME_O05,Home over 0.5 goals,0.7523,AWAY_O05,Away over 0.5 goals,0.6714,,,,Stevenage vs Oxford United,League One,2026-08-22,WON,HOME_O05=WON | AWAY_O05=WON,OK,1-2,1.0.0
2,Draw or away + Away over 0.5 goals,"57%, 67%",0.4852,0.3835,1.265,2.06,2.61,SCORE_MATRIX_EXACT,OK,X2,Draw or away,0.5712,AWAY_O05,Away over 0.5 goals,0.6714,,,,Stevenage vs Oxford United,League One,2026-08-22,WON,X2=WON | AWAY_O05=WON,OK,1-2,1.0.0
2,Over 1.5 goals + Under 3.5 goals,"72%, 76%",0.4765,0.5447,0.875,2.1,1.84,SCORE_MATRIX_EXACT,OK,O15,Over 1.5 goals,0.7192,U35,Under 3.5 goals,0.7573,,,,Stevenage vs Oxford United,League One,2026-08-22,WON,O15=WON | U35=WON,OK,1-2,1.0.0
2,Under 3.5 goals + Both teams to score - No,"76%, 49%",0.4662,0.3712,1.256,2.15,2.69,SCORE_MATRIX_EXACT,OK,U35,Under 3.5 goals,0.7573,BTTS_NO,Both teams to score - No,0.4902,,,,Stevenage vs Oxford United,League One,2026-08-22,LOST,U35=WON | BTTS_NO=LOST,OK,1-2,1.0.0
2,Under 3.5 goals + Away over 0.5 goals,"76%, 67%",0.4462,0.5084,0.878,2.24,1.97,SCORE_MATRIX_EXACT,OK,U35,Under 3.5 goals,0.7573,AWAY_O05,Away over 0.5 goals,0.6714,,,,Stevenage vs Oxford United,League One,2026-08-22,WON,U35=WON | AWAY_O05=WON,OK,1-2,1.0.0
2,Under 3.5 goals + Draw or away,"76%, 57%",0.4441,0.4326,1.027,2.25,2.31,SCORE_MATRIX_EXACT,OK,U35,Under 3.5 goals,0.7573,X2,Draw or away,0.5712,,,,Stevenage vs Oxford United,League One,2026-08-22,WON,U35=WON | X2=WON,OK,1-2,1.0.0
2,Over 2.5 goals + Home over 0.5 goals,"46%, 75%",0.4314,0.3435,1.256,2.32,2.91,SCORE_MATRIX_EXACT,OK,O25,Over 2.5 goals,0.4565,HOME_O05,Home over 0.5 goals,0.7523,,,,Stevenage vs Oxford United,League One,2026-08-22,WON,O25=WON | HOME_O05=WON,OK,1-2,1.0.0
2,Under 2.5 goals + Both teams to score - No,"54%, 49%",0.4106,0.2664,1.541,2.44,3.75,SCORE_MATRIX_EXACT,OK,U25,Under 2.5 goals,0.5435,BTTS_NO,Both teams to score - No,0.4902,,,,Stevenage vs Oxford United,League One,2026-08-22,LOST,U25=LOST | BTTS_NO=LOST,OK,1-2,1.0.0
2,Under 2.5 goals + Home or draw,"54%, 71%",0.407,0.3836,1.061,2.46,2.61,SCORE_MATRIX_EXACT,OK,U25,Under 2.5 goals,0.5435,1X,Home or draw,0.7058,,,,Stevenage vs Oxford United,League One,2026-08-22,LOST,U25=LOST | 1X=LOST,OK,1-2,1.0.0
2,Home or draw + Home over 0.5 goals,"66%, 69%",0.5464,0.4547,1.202,1.83,2.2,SCORE_MATRIX_EXACT,OK,1X,Home or draw,0.6586,HOME_O05,Home over 0.5 goals,0.6903,,,,Estudiantes de Río Cuarto vs Atlético Tucuman,Argentina Primera Division,2026-08-17,UNKNOWN,,NO_SCORELINE,,
2,Draw or away + Away over 0.5 goals,"66%, 69%",0.5452,0.4534,1.202,1.83,2.21,SCORE_MATRIX_EXACT,OK,X2,Draw or away,0.6575,AWAY_O05,Away over 0.5 goals,0.6896,,,,Estudiantes de Río Cuarto vs Atlético Tucuman,Argentina Primera Division,2026-08-17,UNKNOWN,,NO_SCORELINE,,
2,Under 3.5 goals + Home or draw,"79%, 66%",0.5295,0.523,1.012,1.89,1.91,SCORE_MATRIX_EXACT,OK,U35,Under 3.5 goals,0.7941,1X,Home or draw,0.6586,,,,Estudiantes de Río Cuarto vs Atlético Tucuman,Argentina Primera Division,2026-08-17,UNKNOWN,,NO_SCORELINE,,
2,Under 3.5 goals + Draw or away,"79%, 66%",0.5287,0.5221,1.013,1.89,1.92,SCORE_MATRIX_EXACT,OK,U35,Under 3.5 goals,0.7941,X2,Draw or away,0.6575,,,,Estudiantes de Río Cuarto vs Atlético Tucuman,Argentina Primera Division,2026-08-17,UNKNOWN,,NO_SCORELINE,,
2,Under 3.5 goals + Home over 0.5 goals,"79%, 69%",0.494,0.5482,0.901,2.02,1.82,SCORE_MATRIX_EXACT,OK,U35,Under 3.5 goals,0.7941,HOME_O05,Home over 0.5 goals,0.6903,,,,Estudiantes de Río Cuarto vs Atlético Tucuman,Argentina Primera Division,2026-08-17,UNKNOWN,,NO_SCORELINE,,
2,Under 3.5 goals + Away over 0.5 goals,"79%, 69%",0.4933,0.5476,0.901,2.03,1.83,SCORE_MATRIX_EXACT,OK,U35,Under 3.5 goals,0.7941,AWAY_O05,Away over 0.5 goals,0.6896,,,,Estudiantes de Río Cuarto vs Atlético Tucuman,Argentina Primera Division,2026-08-17,UNKNOWN,,NO_SCORELINE,,
2,Home over 0.5 goals + Away over 0.5 goals,"69%, 69%",0.4923,0.4761,1.034,2.03,2.1,SCORE_MATRIX_EXACT,OK,HOME_O05,Home over 0.5 goals,0.6903,AWAY_O05,Away over 0.5 goals,0.6896,,,,Estudiantes de Río Cuarto vs Atlético Tucuman,Argentina Primera Division,2026-08-17,UNKNOWN,,NO_SCORELINE,,
2,Over 1.5 goals + Under 3.5 goals,"69%, 79%",0.4888,0.5516,0.886,2.05,1.81,SCORE_MATRIX_EXACT,OK,O15,Over 1.5 goals,0.6947,U35,Under 3.5 goals,0.7941,,,,Estudiantes de Río Cuarto vs Atlético Tucuman,Argentina Primera Division,2026-08-17,UNKNOWN,,NO_SCORELINE,,
2,Under 3.5 goals + Both teams to score - No,"79%, 51%",0.4886,0.4032,1.212,2.05,2.48,SCORE_MATRIX_EXACT,OK,U35,Under 3.5 goals,0.7941,BTTS_NO,Both teams to score - No,0.5077,,,,Estudiantes de Río Cuarto vs Atlético Tucuman,Argentina Primera Division,2026-08-17,UNKNOWN,,NO_SCORELINE,,
2,Over 1.5 goals + Home or draw,"69%, 66%",0.4497,0.4575,0.983,2.22,2.19,SCORE_MATRIX_EXACT,OK,O15,Over 1.5 goals,0.6947,1X,Home or draw,0.6586,,,,Estudiantes de Río Cuarto vs Atlético Tucuman,Argentina Primera Division,2026-08-17,UNKNOWN,,NO_SCORELINE,,
2,Over 1.5 goals + Draw or away,"69%, 66%",0.4488,0.4568,0.983,2.23,2.19,SCORE_MATRIX_EXACT,OK,O15,Over 1.5 goals,0.6947,X2,Draw or away,0.6575,,,,Estudiantes de Río Cuarto vs Atlético Tucuman,Argentina Primera Division,2026-08-17,UNKNOWN,,NO_SCORELINE,,
2,Under 2.5 goals + Both teams to score - No,"59%, 51%",0.4374,0.2992,1.462,2.29,3.34,SCORE_MATRIX_EXACT,OK,U25,Under 2.5 goals,0.5893,BTTS_NO,Both teams to score - No,0.5077,,,,Estudiantes de Río Cuarto vs Atlético Tucuman,Argentina Primera Division,2026-08-17,UNKNOWN,,NO_SCORELINE,,
2,Under 3.5 goals + Home over 0.5 goals,"75%, 79%",0.5429,0.5917,0.917,1.84,1.69,SCORE_MATRIX_EXACT,OK,U35,Under 3.5 goals,0.745,HOME_O05,Home over 0.5 goals,0.7942,,,,Guadalajara vs Tijuana,Mexico Liga MX,2026-08-22,UNKNOWN,,NO_SCORELINE,,
2,Home over 0.5 goals + Away over 0.5 goals,"79%, 63%",0.5131,0.5002,1.026,1.95,2.0,SCORE_MATRIX_EXACT,OK,HOME_O05,Home over 0.5 goals,0.7942,AWAY_O05,Away over 0.5 goals,0.6297,,,,Guadalajara vs Tijuana,Mexico Liga MX,2026-08-22,UNKNOWN,,NO_SCORELINE,,
2,Over 1.5 goals + Under 3.5 goals,"74%, 75%",0.4875,0.5532,0.881,2.05,1.81,SCORE_MATRIX_EXACT,OK,O15,Over 1.5 goals,0.7425,U35,Under 3.5 goals,0.745,,,,Guadalajara vs Tijuana,Mexico Liga MX,2026-08-22,UNKNOWN,,NO_SCORELINE,,
2,Over 2.5 goals + Home over 0.5 goals,"47%, 79%",0.4555,0.3742,1.217,2.2,2.67,SCORE_MATRIX_EXACT,OK,O25,Over 2.5 goals,0.4711,HOME_O05,Home over 0.5 goals,0.7942,,,,Guadalajara vs Tijuana,Mexico Liga MX,2026-08-22,UNKNOWN,,NO_SCORELINE,,
2,Under 3.5 goals + Both teams to score - No,"75%, 49%",0.4545,0.3628,1.253,2.2,2.76,SCORE_MATRIX_EXACT,OK,U35,Under 3.5 goals,0.745,BTTS_NO,Both teams to score - No,0.4869,,,,Guadalajara vs Tijuana,Mexico Liga MX,2026-08-22,UNKNOWN,,NO_SCORELINE,,
2,Home or draw + Home over 1.5 goals,"78%, 47%",0.4474,0.3654,1.225,2.24,2.74,SCORE_MATRIX_EXACT,OK,1X,Home or draw,0.7782,HOME_O15,Home over 1.5 goals,0.4695,,,,Guadalajara vs Tijuana,Mexico Liga MX,2026-08-22,UNKNOWN,,NO_SCORELINE,,
2,Under 2.5 goals + Home or draw,"53%, 78%",0.4278,0.4116,1.039,2.34,2.43,SCORE_MATRIX_EXACT,OK,U25,Under 2.5 goals,0.5289,1X,Home or draw,0.7782,,,,Guadalajara vs Tijuana,Mexico Liga MX,2026-08-22,UNKNOWN,,NO_SCORELINE,,
2,Draw or away + Away over 0.5 goals,"50%, 63%",0.4142,0.3169,1.307,2.41,3.16,SCORE_MATRIX_EXACT,OK,X2,Draw or away,0.5033,AWAY_O05,Away over 0.5 goals,0.6297,,,,Guadalajara vs Tijuana,Mexico Liga MX,2026-08-22,UNKNOWN,,NO_SCORELINE,,
2,Both teams to score + Home or draw,"51%, 78%",0.408,0.3993,1.022,2.45,2.5,SCORE_MATRIX_EXACT,OK,BTTS,Both teams to score,0.5131,1X,Home or draw,0.7782,,,,Guadalajara vs Tijuana,Mexico Liga MX,2026-08-22,UNKNOWN,,NO_SCORELINE,,
2,Home or draw + Away over 0.5 goals,"78%, 63%",0.408,0.4901,0.832,2.45,2.04,SCORE_MATRIX_EXACT,OK,1X,Home or draw,0.7782,AWAY_O05,Away over 0.5 goals,0.6297,,,,Guadalajara vs Tijuana,Mexico Liga MX,2026-08-22,UNKNOWN,,NO_SCORELINE,,
2,Under 3.5 goals + Away over 0.5 goals,"75%, 63%",0.4036,0.4692,0.86,2.48,2.13,SCORE_MATRIX_EXACT,OK,U35,Under 3.5 goals,0.745,AWAY_O05,Away over 0.5 goals,0.6297,,,,Guadalajara vs Tijuana,Mexico Liga MX,2026-08-22,UNKNOWN,,NO_SCORELINE,,
2,Under 3.5 goals + Draw or away,"75%, 50%",0.398,0.3749,1.062,2.51,2.67,SCORE_MATRIX_EXACT,OK,U35,Under 3.5 goals,0.745,X2,Draw or away,0.5033,,,,Guadalajara vs Tijuana,Mexico Liga MX,2026-08-22,UNKNOWN,,NO_SCORELINE,,
2,Over 1.5 goals + Away over 0.5 goals,"77%, 58%",0.5347,0.4481,1.193,1.87,2.23,SCORE_MATRIX_EXACT,OK,O15,Over 1.5 goals,0.767,AWAY_O05,Away over 0.5 goals,0.5841,,,,Southampton vs Stoke City,Championship,2026-08-22,WON,O15=WON | AWAY_O05=WON,OK,3-1,1.0.0
2,Home or draw + Home over 1.5 goals,"84%, 55%",0.531,0.4589,1.157,1.88,2.18,SCORE_MATRIX_EXACT,OK,1X,Home or draw,0.8372,HOME_O15,Home over 1.5 goals,0.5481,,,,Southampton vs Stoke City,Championship,2026-08-22,WON,1X=WON | HOME_O15=WON,OK,3-1,1.0.0
2,Home over 0.5 goals + Away over 0.5 goals,"84%, 58%",0.5008,0.4899,1.022,2.0,2.04,SCORE_MATRIX_EXACT,OK,HOME_O05,Home over 0.5 goals,0.8387,AWAY_O05,Away over 0.5 goals,0.5841,,,,Southampton vs Stoke City,Championship,2026-08-22,WON,HOME_O05=WON | AWAY_O05=WON,OK,3-1,1.0.0
2,Over 2.5 goals + Home over 0.5 goals,"51%, 84%",0.4964,0.4239,1.171,2.01,2.36,SCORE_MATRIX_EXACT,OK,O25,Over 2.5 goals,0.5054,HOME_O05,Home over 0.5 goals,0.8387,,,,Southampton vs Stoke City,Championship,2026-08-22,WON,O25=WON | HOME_O05=WON,OK,3-1,1.0.0
2,Over 1.5 goals + Under 3.5 goals,"77%, 72%",0.4823,0.5486,0.879,2.07,1.82,SCORE_MATRIX_EXACT,OK,O15,Over 1.5 goals,0.767,U35,Under 3.5 goals,0.7152,,,,Southampton vs Stoke City,Championship,2026-08-22,LOST,O15=WON | U35=LOST,OK,3-1,1.0.0
2,Over 1.5 goals + Home win,"77%, 59%",0.4808,0.4499,1.069,2.08,2.22,SCORE_MATRIX_EXACT,OK,O15,Over 1.5 goals,0.767,HOME,Home win,0.5865,,,,Southampton vs Stoke City,Championship,2026-08-22,WON,O15=WON | HOME=WON,OK,3-1,1.0.0
2,Home win + Home over 1.5 goals,"59%, 55%",0.4808,0.3215,1.496,2.08,3.11,SCORE_MATRIX_EXACT,OK,HOME,Home win,0.5865,HOME_O15,Home over 1.5 goals,0.5481,,,,Southampton vs Stoke City,Championship,2026-08-22,WON,HOME=WON | HOME_O15=WON,OK,3-1,1.0.0
2,Under 3.5 goals + Both teams to score - No,"72%, 50%",0.4488,0.3571,1.257,2.23,2.8,SCORE_MATRIX_EXACT,OK,U35,Under 3.5 goals,0.7152,BTTS_NO,Both teams to score - No,0.4992,,,,Southampton vs Stoke City,Championship,2026-08-22,LOST,U35=LOST | BTTS_NO=LOST,OK,3-1,1.0.0
2,Over 2.5 goals + Home over 1.5 goals,"51%, 55%",0.4341,0.277,1.567,2.3,3.61,SCORE_MATRIX_EXACT,OK,O25,Over 2.5 goals,0.5054,HOME_O15,Home over 1.5 goals,0.5481,,,,Southampton vs Stoke City,Championship,2026-08-22,WON,O25=WON | HOME_O15=WON,OK,3-1,1.0.0
2,Both teams to score + Home or draw,"50%, 84%",0.4213,0.4193,1.005,2.37,2.39,SCORE_MATRIX_EXACT,OK,BTTS,Both teams to score,0.5008,1X,Home or draw,0.8372,,,,Southampton vs Stoke City,Championship,2026-08-22,WON,BTTS=WON | 1X=WON,OK,3-1,1.0.0
2,Home or draw + Away over 0.5 goals,"84%, 58%",0.4213,0.489,0.862,2.37,2.04,SCORE_MATRIX_EXACT,OK,1X,Home or draw,0.8372,AWAY_O05,Away over 0.5 goals,0.5841,,,,Southampton vs Stoke City,Championship,2026-08-22,WON,1X=WON | AWAY_O05=WON,OK,3-1,1.0.0
2,Under 2.5 goals + Home or draw,"49%, 84%",0.4203,0.4141,1.015,2.38,2.41,SCORE_MATRIX_EXACT,OK,U25,Under 2.5 goals,0.4946,1X,Home or draw,0.8372,,,,Southampton vs Stoke City,Championship,2026-08-22,LOST,U25=LOST | 1X=WON,OK,3-1,1.0.0
2,Over 1.5 goals + Home or draw,"73%, 74%",0.5543,0.5422,1.022,1.8,1.84,SCORE_MATRIX_EXACT,OK,O15,Over 1.5 goals,0.7331,1X,Home or draw,0.7396,,,,Granada CF vs Mallorca,La Liga 2,2026-08-24,WON,O15=WON | 1X=WON,OK,2-0,1.0.0
2,Under 3.5 goals + Home or draw,"72%, 74%",0.5236,0.534,0.981,1.91,1.87,SCORE_MATRIX_EXACT,OK,U35,Under 3.5 goals,0.7219,1X,Home or draw,0.7396,,,,Granada CF vs Mallorca,La Liga 2,2026-08-24,WON,U35=WON | 1X=WON,OK,2-0,1.0.0
2,Under 3.5 goals + Home over 0.5 goals,"72%, 80%",0.5241,0.5757,0.91,1.91,1.74,SCORE_MATRIX_EXACT,OK,U35,Under 3.5 goals,0.7219,HOME_O05,Home over 0.5 goals,0.7974,,,,Granada CF vs Mallorca,La Liga 2,2026-08-24,WON,U35=WON | HOME_O05=WON,OK,2-0,1.0.0
2,Home over 0.5 goals + Away over 0.5 goals,"80%, 65%",0.5111,0.5191,0.985,1.96,1.93,SCORE_MATRIX_EXACT,OK,HOME_O05,Home over 0.5 goals,0.7974,AWAY_O05,Away over 0.5 goals,0.6509,,,,Granada CF vs Mallorca,La Liga 2,2026-08-24,LOST,HOME_O05=WON | AWAY_O05=LOST,OK,2-0,1.0.0
2,Over 2.5 goals + Home over 0.5 goals,"50%, 80%",0.4789,0.3969,1.207,2.09,2.52,SCORE_MATRIX_EXACT,OK,O25,Over 2.5 goals,0.4977,HOME_O05,Home over 0.5 goals,0.7974,,,,Granada CF vs Mallorca,La Liga 2,2026-08-24,LOST,O25=LOST | HOME_O05=WON,OK,2-0,1.0.0
2,Under 3.5 goals + Both teams to score - No,"72%, 49%",0.4571,0.3529,1.295,2.19,2.83,SCORE_MATRIX_EXACT,OK,U35,Under 3.5 goals,0.7219,BTTS_NO,Both teams to score - No,0.4889,,,,Granada CF vs Mallorca,La Liga 2,2026-08-24,WON,U35=WON | BTTS_NO=WON,OK,2-0,1.0.0
2,Over 1.5 goals + Under 3.5 goals,"73%, 72%",0.455,0.5292,0.86,2.2,1.89,SCORE_MATRIX_EXACT,OK,O15,Over 1.5 goals,0.7331,U35,Under 3.5 goals,0.7219,,,,Granada CF vs Mallorca,La Liga 2,2026-08-24,WON,O15=WON | U35=WON,OK,2-0,1.0.0
2,Home or draw + Home over 1.5 goals,"74%, 47%",0.4475,0.3513,1.274,2.23,2.85,SCORE_MATRIX_EXACT,OK,1X,Home or draw,0.7396,HOME_O15,Home over 1.5 goals,0.4749,,,,Granada CF vs Mallorca,La Liga 2,2026-08-24,WON,1X=WON | HOME_O15=WON,OK,2-0,1.0.0
2,Draw or away + Away over 0.5 goals,"49%, 65%",0.4283,0.3196,1.34,2.33,3.13,SCORE_MATRIX_EXACT,OK,X2,Draw or away,0.4911,AWAY_O05,Away over 0.5 goals,0.6509,,,,Granada CF vs Mallorca,La Liga 2,2026-08-24,LOST,X2=LOST | AWAY_O05=LOST,OK,2-0,1.0.0
2,Over 2.5 goals + Away over 0.5 goals,"50%, 65%",0.423,0.324,1.306,2.36,3.09,SCORE_MATRIX_EXACT,OK,O25,Over 2.5 goals,0.4977,AWAY_O05,Away over 0.5 goals,0.6509,,,,Granada CF vs Mallorca,La Liga 2,2026-08-24,LOST,O25=LOST | AWAY_O05=LOST,OK,2-0,1.0.0
2,Over 2.5 goals + Both teams to score,"50%, 51%",0.4043,0.2544,1.59,2.47,3.93,SCORE_MATRIX_EXACT,OK,O25,Over 2.5 goals,0.4977,BTTS,Both teams to score,0.5111,,,,Granada CF vs Mallorca,La Liga 2,2026-08-24,LOST,O25=LOST | BTTS=LOST,OK,2-0,1.0.0
2,Under 3.5 goals + Away over 0.5 goals,"72%, 65%",0.4,0.4699,0.851,2.5,2.13,SCORE_MATRIX_EXACT,OK,U35,Under 3.5 goals,0.7219,AWAY_O05,Away over 0.5 goals,0.6509,,,,Granada CF vs Mallorca,La Liga 2,2026-08-24,LOST,U35=WON | AWAY_O05=LOST,OK,2-0,1.0.0
2,Over 1.5 goals + Away over 0.5 goals,"76%, 61%",0.5466,0.4579,1.194,1.83,2.18,SCORE_MATRIX_EXACT,OK,O15,Over 1.5 goals,0.7554,AWAY_O05,Away over 0.5 goals,0.6062,,,,Doncaster Rovers vs Barnsley,League One,2026-08-22,UNKNOWN,,NO_SCORELINE,,
2,Under 3.5 goals + Home over 0.5 goals,"72%, 83%",0.5472,0.5933,0.922,1.83,1.69,SCORE_MATRIX_EXACT,OK,U35,Under 3.5 goals,0.7161,HOME_O05,Home over 0.5 goals,0.8286,,,,Doncaster Rovers vs Barnsley,League One,2026-08-22,UNKNOWN,,NO_SCORELINE,,
2,Home or draw + Home over 1.5 goals,"81%, 53%",0.5064,0.4256,1.19,1.97,2.35,SCORE_MATRIX_EXACT,OK,1X,Home or draw,0.8078,HOME_O15,Home over 1.5 goals,0.5268,,,,Doncaster Rovers vs Barnsley,League One,2026-08-22,UNKNOWN,,NO_SCORELINE,,
2,Home over 0.5 goals + Away over 0.5 goals,"83%, 61%",0.506,0.5023,1.007,1.98,1.99,SCORE_MATRIX_EXACT,OK,HOME_O05,Home over 0.5 goals,0.8286,AWAY_O05,Away over 0.5 goals,0.6062,,,,Doncaster Rovers vs Barnsley,League One,2026-08-22,UNKNOWN,,NO_SCORELINE,,
2,Over 2.5 goals + Home over 0.5 goals,"50%, 83%",0.4927,0.4178,1.179,2.03,2.39,SCORE_MATRIX_EXACT,OK,O25,Over 2.5 goals,0.5042,HOME_O05,Home over 0.5 goals,0.8286,,,,Doncaster Rovers vs Barnsley,League One,2026-08-22,UNKNOWN,,NO_SCORELINE,,
2,Over 1.5 goals + Under 3.5 goals,"76%, 72%",0.4714,0.5409,0.872,2.12,1.85,SCORE_MATRIX_EXACT,OK,O15,Over 1.5 goals,0.7554,U35,Under 3.5 goals,0.7161,,,,Doncaster Rovers vs Barnsley,League One,2026-08-22,UNKNOWN,,NO_SCORELINE,,
2,Over 1.5 goals + Home win,"76%, 57%",0.452,0.4274,1.058,2.21,2.34,SCORE_MATRIX_EXACT,OK,O15,Over 1.5 goals,0.7554,HOME,Home win,0.5658,,,,Doncaster Rovers vs Barnsley,League One,2026-08-22,UNKNOWN,,NO_SCORELINE,,
2,Home win + Home over 1.5 goals,"57%, 53%",0.452,0.2981,1.516,2.21,3.35,SCORE_MATRIX_EXACT,OK,HOME,Home win,0.5658,HOME_O15,Home over 1.5 goals,0.5268,,,,Doncaster Rovers vs Barnsley,League One,2026-08-22,UNKNOWN,,NO_SCORELINE,,
2,Under 3.5 goals + Both teams to score - No,"72%, 49%",0.4506,0.3537,1.274,2.22,2.83,SCORE_MATRIX_EXACT,OK,U35,Under 3.5 goals,0.7161,BTTS_NO,Both teams to score - No,0.494,,,,Doncaster Rovers vs Barnsley,League One,2026-08-22,UNKNOWN,,NO_SCORELINE,,
2,Over 2.5 goals + Home over 1.5 goals,"50%, 53%",0.4211,0.2656,1.585,2.37,3.76,SCORE_MATRIX_EXACT,OK,O25,Over 2.5 goals,0.5042,HOME_O15,Home over 1.5 goals,0.5268,,,,Doncaster Rovers vs Barnsley,League One,2026-08-22,UNKNOWN,,NO_SCORELINE,,
2,Both teams to score + Home or draw,"51%, 81%",0.414,0.4088,1.013,2.42,2.45,SCORE_MATRIX_EXACT,OK,BTTS,Both teams to score,0.506,1X,Home or draw,0.8078,,,,Doncaster Rovers vs Barnsley,League One,2026-08-22,UNKNOWN,,NO_SCORELINE,,
2,Home or draw + Away over 0.5 goals,"81%, 61%",0.414,0.4897,0.845,2.42,2.04,SCORE_MATRIX_EXACT,OK,1X,Home or draw,0.8078,AWAY_O05,Away over 0.5 goals,0.6062,,,,Doncaster Rovers vs Barnsley,League One,2026-08-22,UNKNOWN,,NO_SCORELINE,,
2,Home or draw + Home over 0.5 goals,"64%, 71%",0.5512,0.4538,1.215,1.81,2.2,SCORE_MATRIX_EXACT,OK,1X,Home or draw,0.6418,HOME_O05,Home over 0.5 goals,0.707,,,,Chapecoense vs Sao Paulo,Brazil Serie A,2026-08-23,UNKNOWN,,NO_SCORELINE,,
2,Draw or away + Away over 0.5 goals,"64%, 71%",0.5516,0.4542,1.214,1.81,2.2,SCORE_MATRIX_EXACT,OK,X2,Draw or away,0.6422,AWAY_O05,Away over 0.5 goals,0.7073,,,,Chapecoense vs Sao Paulo,Brazil Serie A,2026-08-23,UNKNOWN,,NO_SCORELINE,,
2,Home over 0.5 goals + Away over 0.5 goals,"71%, 71%",0.505,0.5001,1.01,1.98,2.0,SCORE_MATRIX_EXACT,OK,HOME_O05,Home over 0.5 goals,0.707,AWAY_O05,Away over 0.5 goals,0.7073,,,,Chapecoense vs Sao Paulo,Brazil Serie A,2026-08-23,UNKNOWN,,NO_SCORELINE,,
2,Under 3.5 goals + Home or draw,"77%, 64%",0.4974,0.4932,1.008,2.01,2.03,SCORE_MATRIX_EXACT,OK,U35,Under 3.5 goals,0.7684,1X,Home or draw,0.6418,,,,Chapecoense vs Sao Paulo,Brazil Serie A,2026-08-23,UNKNOWN,,NO_SCORELINE,,
2,Under 3.5 goals + Draw or away,"77%, 64%",0.4976,0.4935,1.008,2.01,2.03,SCORE_MATRIX_EXACT,OK,U35,Under 3.5 goals,0.7684,X2,Draw or away,0.6422,,,,Chapecoense vs Sao Paulo,Brazil Serie A,2026-08-23,UNKNOWN,,NO_SCORELINE,,
2,Under 3.5 goals + Home over 0.5 goals,"77%, 71%",0.486,0.5433,0.895,2.06,1.84,SCORE_MATRIX_EXACT,OK,U35,Under 3.5 goals,0.7684,HOME_O05,Home over 0.5 goals,0.707,,,,Chapecoense vs Sao Paulo,Brazil Serie A,2026-08-23,UNKNOWN,,NO_SCORELINE,,
2,Under 3.5 goals + Away over 0.5 goals,"77%, 71%",0.4862,0.5435,0.895,2.06,1.84,SCORE_MATRIX_EXACT,OK,U35,Under 3.5 goals,0.7684,AWAY_O05,Away over 0.5 goals,0.7073,,,,Chapecoense vs Sao Paulo,Brazil Serie A,2026-08-23,UNKNOWN,,NO_SCORELINE,,
2,Over 1.5 goals + Under 3.5 goals,"71%, 77%",0.4769,0.5444,0.876,2.1,1.84,SCORE_MATRIX_EXACT,OK,O15,Over 1.5 goals,0.7084,U35,Under 3.5 goals,0.7684,,,,Chapecoense vs Sao Paulo,Brazil Serie A,2026-08-23,UNKNOWN,,NO_SCORELINE,,
2,Under 3.5 goals + Both teams to score - No,"77%, 50%",0.4739,0.3804,1.246,2.11,2.63,SCORE_MATRIX_EXACT,OK,U35,Under 3.5 goals,0.7684,BTTS_NO,Both teams to score - No,0.495,,,,Chapecoense vs Sao Paulo,Brazil Serie A,2026-08-23,UNKNOWN,,NO_SCORELINE,,
2,Over 1.5 goals + Home or draw,"71%, 64%",0.4508,0.4547,0.991,2.22,2.2,SCORE_MATRIX_EXACT,OK,O15,Over 1.5 goals,0.7084,1X,Home or draw,0.6418,,,,Chapecoense vs Sao Paulo,Brazil Serie A,2026-08-23,UNKNOWN,,NO_SCORELINE,,
2,Over 1.5 goals + Draw or away,"71%, 64%",0.4511,0.455,0.991,2.22,2.2,SCORE_MATRIX_EXACT,OK,O15,Over 1.5 goals,0.7084,X2,Draw or away,0.6422,,,,Chapecoense vs Sao Paulo,Brazil Serie A,2026-08-23,UNKNOWN,,NO_SCORELINE,,
2,Under 2.5 goals + Both teams to score - No,"56%, 50%",0.421,0.2757,1.527,2.38,3.63,SCORE_MATRIX_EXACT,OK,U25,Under 2.5 goals,0.557,BTTS_NO,Both teams to score - No,0.495,,,,Chapecoense vs Sao Paulo,Brazil Serie A,2026-08-23,UNKNOWN,,NO_SCORELINE,,
2,Draw or away + Away over 0.5 goals,"63%, 72%",0.5488,0.4522,1.214,1.82,2.21,SCORE_MATRIX_EXACT,OK,X2,Draw or away,0.6318,AWAY_O05,Away over 0.5 goals,0.7158,,,,Yokohama F Marinos vs Vissel Kobe,Japan J-League,2026-08-22,UNKNOWN,,NO_SCORELINE,,
2,Home over 0.5 goals + Away over 0.5 goals,"72%, 72%",0.523,0.5184,1.009,1.91,1.93,SCORE_MATRIX_EXACT,OK,HOME_O05,Home over 0.5 goals,0.7243,AWAY_O05,Away over 0.5 goals,0.7158,,,,Yokohama F Marinos vs Vissel Kobe,Japan J-League,2026-08-22,UNKNOWN,,NO_SCORELINE,,
2,Under 3.5 goals + Home or draw,"75%, 65%",0.4876,0.4842,1.007,2.05,2.07,SCORE_MATRIX_EXACT,OK,U35,Under 3.5 goals,0.7494,1X,Home or draw,0.6461,,,,Yokohama F Marinos vs Vissel Kobe,Japan J-League,2026-08-22,UNKNOWN,,NO_SCORELINE,,
2,Under 3.5 goals + Home over 0.5 goals,"75%, 72%",0.4844,0.5428,0.892,2.06,1.84,SCORE_MATRIX_EXACT,OK,U35,Under 3.5 goals,0.7494,HOME_O05,Home over 0.5 goals,0.7243,,,,Yokohama F Marinos vs Vissel Kobe,Japan J-League,2026-08-22,UNKNOWN,,NO_SCORELINE,,
2,Under 3.5 goals + Draw or away,"75%, 63%",0.4784,0.4735,1.01,2.09,2.11,SCORE_MATRIX_EXACT,OK,U35,Under 3.5 goals,0.7494,X2,Draw or away,0.6318,,,,Yokohama F Marinos vs Vissel Kobe,Japan J-League,2026-08-22,UNKNOWN,,NO_SCORELINE,,
2,Over 1.5 goals + Under 3.5 goals,"73%, 75%",0.4761,0.5446,0.874,2.1,1.84,SCORE_MATRIX_EXACT,OK,O15,Over 1.5 goals,0.7266,U35,Under 3.5 goals,0.7494,,,,Yokohama F Marinos vs Vissel Kobe,Japan J-League,2026-08-22,UNKNOWN,,NO_SCORELINE,,
2,Under 3.5 goals + Away over 0.5 goals,"75%, 72%",0.4771,0.5365,0.889,2.1,1.86,SCORE_MATRIX_EXACT,OK,U35,Under 3.5 goals,0.7494,AWAY_O05,Away over 0.5 goals,0.7158,,,,Yokohama F Marinos vs Vissel Kobe,Japan J-League,2026-08-22,UNKNOWN,,NO_SCORELINE,,
2,Over 1.5 goals + Home or draw,"73%, 65%",0.4668,0.4695,0.994,2.14,2.13,SCORE_MATRIX_EXACT,OK,O15,Over 1.5 goals,0.7266,1X,Home or draw,0.6461,,,,Yokohama F Marinos vs Vissel Kobe,Japan J-League,2026-08-22,UNKNOWN,,NO_SCORELINE,,
2,Over 1.5 goals + Draw or away,"73%, 63%",0.4548,0.4591,0.991,2.2,2.18,SCORE_MATRIX_EXACT,OK,O15,Over 1.5 goals,0.7266,X2,Draw or away,0.6318,,,,Yokohama F Marinos vs Vissel Kobe,Japan J-League,2026-08-22,UNKNOWN,,NO_SCORELINE,,
2,Under 3.5 goals + Both teams to score - No,"75%, 48%",0.4545,0.3575,1.271,2.2,2.8,SCORE_MATRIX_EXACT,OK,U35,Under 3.5 goals,0.7494,BTTS_NO,Both teams to score - No,0.477,,,,Yokohama F Marinos vs Vissel Kobe,Japan J-League,2026-08-22,UNKNOWN,,NO_SCORELINE,,
2,Over 2.5 goals + Home over 0.5 goals,"47%, 72%",0.4292,0.3374,1.272,2.33,2.96,SCORE_MATRIX_EXACT,OK,O25,Over 2.5 goals,0.4658,HOME_O05,Home over 0.5 goals,0.7243,,,,Yokohama F Marinos vs Vissel Kobe,Japan J-League,2026-08-22,UNKNOWN,,NO_SCORELINE,,
2,Over 2.5 goals + Away over 0.5 goals,"47%, 72%",0.4261,0.3335,1.278,2.35,3.0,SCORE_MATRIX_EXACT,OK,O25,Over 2.5 goals,0.4658,AWAY_O05,Away over 0.5 goals,0.7158,,,,Yokohama F Marinos vs Vissel Kobe,Japan J-League,2026-08-22,UNKNOWN,,NO_SCORELINE,,
2,Under 3.5 goals + Home or draw,"75%, 73%",0.5444,0.5459,0.997,1.84,1.83,SCORE_MATRIX_EXACT,OK,U35,Under 3.5 goals,0.751,1X,Home or draw,0.7269,,,,TPS Turku vs FC Inter Turku,Finland Veikkausliiga,2026-08-23,UNKNOWN,,NO_SCORELINE,,
2,Over 1.5 goals + Home or draw,"74%, 73%",0.5381,0.5361,1.004,1.86,1.87,SCORE_MATRIX_EXACT,OK,O15,Over 1.5 goals,0.7375,1X,Home or draw,0.7269,,,,TPS Turku vs FC Inter Turku,Finland Veikkausliiga,2026-08-23,UNKNOWN,,NO_SCORELINE,,
2,Home over 0.5 goals + Away over 0.5 goals,"76%, 67%",0.5254,0.5118,1.027,1.9,1.95,SCORE_MATRIX_EXACT,OK,HOME_O05,Home over 0.5 goals,0.7642,AWAY_O05,Away over 0.5 goals,0.6697,,,,TPS Turku vs FC Inter Turku,Finland Veikkausliiga,2026-08-23,UNKNOWN,,NO_SCORELINE,,
2,Under 3.5 goals + Home over 0.5 goals,"75%, 76%",0.5212,0.5739,0.908,1.92,1.74,SCORE_MATRIX_EXACT,OK,U35,Under 3.5 goals,0.751,HOME_O05,Home over 0.5 goals,0.7642,,,,TPS Turku vs FC Inter Turku,Finland Veikkausliiga,2026-08-23,UNKNOWN,,NO_SCORELINE,,
2,Over 1.5 goals + Under 3.5 goals,"74%, 75%",0.4885,0.5538,0.882,2.05,1.81,SCORE_MATRIX_EXACT,OK,O15,Over 1.5 goals,0.7375,U35,Under 3.5 goals,0.751,,,,TPS Turku vs FC Inter Turku,Finland Veikkausliiga,2026-08-23,UNKNOWN,,NO_SCORELINE,,
2,Draw or away + Away over 0.5 goals,"57%, 67%",0.4754,0.3796,1.252,2.1,2.63,SCORE_MATRIX_EXACT,OK,X2,Draw or away,0.5668,AWAY_O05,Away over 0.5 goals,0.6697,,,,TPS Turku vs FC Inter Turku,Finland Veikkausliiga,2026-08-23,UNKNOWN,,NO_SCORELINE,,
2,Under 3.5 goals + Both teams to score - No,"75%, 47%",0.4491,0.3565,1.26,2.23,2.81,SCORE_MATRIX_EXACT,OK,U35,Under 3.5 goals,0.751,BTTS_NO,Both teams to score - No,0.4746,,,,TPS Turku vs FC Inter Turku,Finland Veikkausliiga,2026-08-23,UNKNOWN,,NO_SCORELINE,,
2,Under 3.5 goals + Draw or away,"75%, 57%",0.4417,0.4257,1.038,2.26,2.35,SCORE_MATRIX_EXACT,OK,U35,Under 3.5 goals,0.751,X2,Draw or away,0.5668,,,,TPS Turku vs FC Inter Turku,Finland Veikkausliiga,2026-08-23,UNKNOWN,,NO_SCORELINE,,
2,Over 2.5 goals + Home over 0.5 goals,"46%, 76%",0.4408,0.3546,1.243,2.27,2.82,SCORE_MATRIX_EXACT,OK,O25,Over 2.5 goals,0.464,HOME_O05,Home over 0.5 goals,0.7642,,,,TPS Turku vs FC Inter Turku,Finland Veikkausliiga,2026-08-23,UNKNOWN,,NO_SCORELINE,,
2,Under 3.5 goals + Away over 0.5 goals,"75%, 67%",0.4402,0.5029,0.875,2.27,1.99,SCORE_MATRIX_EXACT,OK,U35,Under 3.5 goals,0.751,AWAY_O05,Away over 0.5 goals,0.6697,,,,TPS Turku vs FC Inter Turku,Finland Veikkausliiga,2026-08-23,UNKNOWN,,NO_SCORELINE,,
2,Under 2.5 goals + Home or draw,"54%, 73%",0.4149,0.3897,1.065,2.41,2.57,SCORE_MATRIX_EXACT,OK,U25,Under 2.5 goals,0.536,1X,Home or draw,0.7269,,,,TPS Turku vs FC Inter Turku,Finland Veikkausliiga,2026-08-23,UNKNOWN,,NO_SCORELINE,,
2,Over 2.5 goals + Away over 0.5 goals,"46%, 67%",0.4048,0.3107,1.303,2.47,3.22,SCORE_MATRIX_EXACT,OK,O25,Over 2.5 goals,0.464,AWAY_O05,Away over 0.5 goals,0.6697,,,,TPS Turku vs FC Inter Turku,Finland Veikkausliiga,2026-08-23,UNKNOWN,,NO_SCORELINE,,
2,Home or draw + Home over 0.5 goals,"66%, 70%",0.5499,0.4587,1.199,1.82,2.18,SCORE_MATRIX_EXACT,OK,1X,Home or draw,0.656,HOME_O05,Home over 0.5 goals,0.6994,,,,Atlético Huracán vs Deportivo Riestra,Argentina Primera Division,2026-08-23,UNKNOWN,,NO_SCORELINE,,
2,Draw or away + Away over 0.5 goals,"66%, 70%",0.5491,0.4578,1.199,1.82,2.18,SCORE_MATRIX_EXACT,OK,X2,Draw or away,0.6551,AWAY_O05,Away over 0.5 goals,0.6988,,,,Atlético Huracán vs Deportivo Riestra,Argentina Primera Division,2026-08-23,UNKNOWN,,NO_SCORELINE,,
2,Under 3.5 goals + Home or draw,"78%, 66%",0.5197,0.5132,1.013,1.92,1.95,SCORE_MATRIX_EXACT,OK,U35,Under 3.5 goals,0.7823,1X,Home or draw,0.656,,,,Atlético Huracán vs Deportivo Riestra,Argentina Primera Division,2026-08-23,UNKNOWN,,NO_SCORELINE,,
2,Under 3.5 goals + Draw or away,"78%, 66%",0.5192,0.5125,1.013,1.93,1.95,SCORE_MATRIX_EXACT,OK,U35,Under 3.5 goals,0.7823,X2,Draw or away,0.6551,,,,Atlético Huracán vs Deportivo Riestra,Argentina Primera Division,2026-08-23,UNKNOWN,,NO_SCORELINE,,
2,Home over 0.5 goals + Away over 0.5 goals,"70%, 70%",0.5042,0.4887,1.032,1.98,2.05,SCORE_MATRIX_EXACT,OK,HOME_O05,Home over 0.5 goals,0.6994,AWAY_O05,Away over 0.5 goals,0.6988,,,,Atlético Huracán vs Deportivo Riestra,Argentina Primera Division,2026-08-23,UNKNOWN,,NO_SCORELINE,,
2,Under 3.5 goals + Home over 0.5 goals,"78%, 70%",0.4917,0.5471,0.899,2.03,1.83,SCORE_MATRIX_EXACT,OK,U35,Under 3.5 goals,0.7823,HOME_O05,Home over 0.5 goals,0.6994,,,,Atlético Huracán vs Deportivo Riestra,Argentina Primera Division,2026-08-23,UNKNOWN,,NO_SCORELINE,,
2,Over 1.5 goals + Under 3.5 goals,"71%, 78%",0.4895,0.5533,0.885,2.04,1.81,SCORE_MATRIX_EXACT,OK,O15,Over 1.5 goals,0.7072,U35,Under 3.5 goals,0.7823,,,,Atlético Huracán vs Deportivo Riestra,Argentina Primera Division,2026-08-23,UNKNOWN,,NO_SCORELINE,,
2,Under 3.5 goals + Away over 0.5 goals,"78%, 70%",0.4912,0.5467,0.898,2.04,1.83,SCORE_MATRIX_EXACT,OK,U35,Under 3.5 goals,0.7823,AWAY_O05,Away over 0.5 goals,0.6988,,,,Atlético Huracán vs Deportivo Riestra,Argentina Primera Division,2026-08-23,UNKNOWN,,NO_SCORELINE,,
2,Under 3.5 goals + Both teams to score - No,"78%, 50%",0.4757,0.3878,1.227,2.1,2.58,SCORE_MATRIX_EXACT,OK,U35,Under 3.5 goals,0.7823,BTTS_NO,Both teams to score - No,0.4958,,,,Atlético Huracán vs Deportivo Riestra,Argentina Primera Division,2026-08-23,UNKNOWN,,NO_SCORELINE,,
2,Over 1.5 goals + Home or draw,"71%, 66%",0.4565,0.4639,0.984,2.19,2.16,SCORE_MATRIX_EXACT,OK,O15,Over 1.5 goals,0.7072,1X,Home or draw,0.656,,,,Atlético Huracán vs Deportivo Riestra,Argentina Primera Division,2026-08-23,UNKNOWN,,NO_SCORELINE,,
2,Over 1.5 goals + Draw or away,"71%, 66%",0.4558,0.4633,0.984,2.19,2.16,SCORE_MATRIX_EXACT,OK,O15,Over 1.5 goals,0.7072,X2,Draw or away,0.6551,,,,Atlético Huracán vs Deportivo Riestra,Argentina Primera Division,2026-08-23,UNKNOWN,,NO_SCORELINE,,
2,Under 2.5 goals + Both teams to score - No,"57%, 50%",0.4237,0.2847,1.488,2.36,3.51,SCORE_MATRIX_EXACT,OK,U25,Under 2.5 goals,0.5743,BTTS_NO,Both teams to score - No,0.4958,,,,Atlético Huracán vs Deportivo Riestra,Argentina Primera Division,2026-08-23,UNKNOWN,,NO_SCORELINE,,
2,Home or draw + Home over 0.5 goals,"66%, 69%",0.5474,0.4558,1.201,1.83,2.19,SCORE_MATRIX_EXACT,OK,1X,Home or draw,0.6576,HOME_O05,Home over 0.5 goals,0.6932,,,,Aldosivi Mar del Plata vs Union Santa Fe,Argentina Primera Division,2026-08-21,UNKNOWN,,NO_SCORELINE,,
2,Draw or away + Away over 0.5 goals,"66%, 69%",0.5467,0.4551,1.201,1.83,2.2,SCORE_MATRIX_EXACT,OK,X2,Draw or away,0.6569,AWAY_O05,Away over 0.5 goals,0.6928,,,,Aldosivi Mar del Plata vs Union Santa Fe,Argentina Primera Division,2026-08-21,UNKNOWN,,NO_SCORELINE,,
2,Under 3.5 goals + Home or draw,"79%, 66%",0.5262,0.5197,1.013,1.9,1.92,SCORE_MATRIX_EXACT,OK,U35,Under 3.5 goals,0.7903,1X,Home or draw,0.6576,,,,Aldosivi Mar del Plata vs Union Santa Fe,Argentina Primera Division,2026-08-21,UNKNOWN,,NO_SCORELINE,,
2,Under 3.5 goals + Draw or away,"79%, 66%",0.5258,0.5191,1.013,1.9,1.93,SCORE_MATRIX_EXACT,OK,U35,Under 3.5 goals,0.7903,X2,Draw or away,0.6569,,,,Aldosivi Mar del Plata vs Union Santa Fe,Argentina Primera Division,2026-08-21,UNKNOWN,,NO_SCORELINE,,
2,Home over 0.5 goals + Away over 0.5 goals,"69%, 69%",0.4962,0.4802,1.033,2.02,2.08,SCORE_MATRIX_EXACT,OK,HOME_O05,Home over 0.5 goals,0.6932,AWAY_O05,Away over 0.5 goals,0.6928,,,,Aldosivi Mar del Plata vs Union Santa Fe,Argentina Primera Division,2026-08-21,UNKNOWN,,NO_SCORELINE,,
2,Under 3.5 goals + Home over 0.5 goals,"79%, 69%",0.4932,0.5478,0.9,2.03,1.83,SCORE_MATRIX_EXACT,OK,U35,Under 3.5 goals,0.7903,HOME_O05,Home over 0.5 goals,0.6932,,,,Aldosivi Mar del Plata vs Union Santa Fe,Argentina Primera Division,2026-08-21,UNKNOWN,,NO_SCORELINE,,
2,Under 3.5 goals + Away over 0.5 goals,"79%, 69%",0.4928,0.5475,0.9,2.03,1.83,SCORE_MATRIX_EXACT,OK,U35,Under 3.5 goals,0.7903,AWAY_O05,Away over 0.5 goals,0.6928,,,,Aldosivi Mar del Plata vs Union Santa Fe,Argentina Primera Division,2026-08-21,UNKNOWN,,NO_SCORELINE,,
2,Over 1.5 goals + Under 3.5 goals,"70%, 79%",0.4891,0.5522,0.886,2.04,1.81,SCORE_MATRIX_EXACT,OK,O15,Over 1.5 goals,0.6988,U35,Under 3.5 goals,0.7903,,,,Aldosivi Mar del Plata vs Union Santa Fe,Argentina Primera Division,2026-08-21,UNKNOWN,,NO_SCORELINE,,
2,Under 3.5 goals + Both teams to score - No,"79%, 50%",0.4844,0.3982,1.217,2.06,2.51,SCORE_MATRIX_EXACT,OK,U35,Under 3.5 goals,0.7903,BTTS_NO,Both teams to score - No,0.5038,,,,Aldosivi Mar del Plata vs Union Santa Fe,Argentina Primera Division,2026-08-21,UNKNOWN,,NO_SCORELINE,,
2,Over 1.5 goals + Home or draw,"70%, 66%",0.4518,0.4595,0.983,2.21,2.18,SCORE_MATRIX_EXACT,OK,O15,Over 1.5 goals,0.6988,1X,Home or draw,0.6576,,,,Aldosivi Mar del Plata vs Union Santa Fe,Argentina Primera Division,2026-08-21,UNKNOWN,,NO_SCORELINE,,
2,Over 1.5 goals + Draw or away,"70%, 66%",0.4513,0.459,0.983,2.22,2.18,SCORE_MATRIX_EXACT,OK,O15,Over 1.5 goals,0.6988,X2,Draw or away,0.6569,,,,Aldosivi Mar del Plata vs Union Santa Fe,Argentina Primera Division,2026-08-21,UNKNOWN,,NO_SCORELINE,,
2,Under 2.5 goals + Both teams to score - No,"58%, 50%",0.4329,0.2944,1.47,2.31,3.4,SCORE_MATRIX_EXACT,OK,U25,Under 2.5 goals,0.5844,BTTS_NO,Both teams to score - No,0.5038,,,,Aldosivi Mar del Plata vs Union Santa Fe,Argentina Primera Division,2026-08-21,UNKNOWN,,NO_SCORELINE,,
2,Under 3.5 goals + Home or draw,"70%, 79%",0.5433,0.5538,0.981,1.84,1.81,SCORE_MATRIX_EXACT,OK,U35,Under 3.5 goals,0.7023,1X,Home or draw,0.7885,,,,LA Galaxy vs San Jose Earthquakes,USA MLS,2026-08-20,UNKNOWN,,NO_SCORELINE,,
2,Under 3.5 goals + Home over 0.5 goals,"70%, 83%",0.5323,0.5806,0.917,1.88,1.72,SCORE_MATRIX_EXACT,OK,U35,Under 3.5 goals,0.7023,HOME_O05,Home over 0.5 goals,0.8266,,,,LA Galaxy vs San Jose Earthquakes,USA MLS,2026-08-20,UNKNOWN,,NO_SCORELINE,,
2,Home over 0.5 goals + Away over 0.5 goals,"83%, 63%",0.5284,0.5248,1.007,1.89,1.91,SCORE_MATRIX_EXACT,OK,HOME_O05,Home over 0.5 goals,0.8266,AWAY_O05,Away over 0.5 goals,0.6348,,,,LA Galaxy vs San Jose Earthquakes,USA MLS,2026-08-20,UNKNOWN,,NO_SCORELINE,,
2,Over 2.5 goals + Home over 0.5 goals,"52%, 83%",0.5053,0.4293,1.177,1.98,2.33,SCORE_MATRIX_EXACT,OK,O25,Over 2.5 goals,0.5193,HOME_O05,Home over 0.5 goals,0.8266,,,,LA Galaxy vs San Jose Earthquakes,USA MLS,2026-08-20,UNKNOWN,,NO_SCORELINE,,
2,Home or draw + Home over 1.5 goals,"79%, 52%",0.4982,0.4123,1.208,2.01,2.43,SCORE_MATRIX_EXACT,OK,1X,Home or draw,0.7885,HOME_O15,Home over 1.5 goals,0.5228,,,,LA Galaxy vs San Jose Earthquakes,USA MLS,2026-08-20,UNKNOWN,,NO_SCORELINE,,
2,Over 1.5 goals + Under 3.5 goals,"77%, 70%",0.4688,0.5383,0.871,2.13,1.86,SCORE_MATRIX_EXACT,OK,O15,Over 1.5 goals,0.7664,U35,Under 3.5 goals,0.7023,,,,LA Galaxy vs San Jose Earthquakes,USA MLS,2026-08-20,UNKNOWN,,NO_SCORELINE,,
2,Over 1.5 goals + Home win,"77%, 54%",0.4385,0.4174,1.051,2.28,2.4,SCORE_MATRIX_EXACT,OK,O15,Over 1.5 goals,0.7664,HOME,Home win,0.5446,,,,LA Galaxy vs San Jose Earthquakes,USA MLS,2026-08-20,UNKNOWN,,NO_SCORELINE,,
2,Home win + Home over 1.5 goals,"54%, 52%",0.4385,0.2847,1.54,2.28,3.51,SCORE_MATRIX_EXACT,OK,HOME,Home win,0.5446,HOME_O15,Home over 1.5 goals,0.5228,,,,LA Galaxy vs San Jose Earthquakes,USA MLS,2026-08-20,UNKNOWN,,NO_SCORELINE,,
2,Under 3.5 goals + Both teams to score - No,"70%, 47%",0.4312,0.3313,1.302,2.32,3.02,SCORE_MATRIX_EXACT,OK,U35,Under 3.5 goals,0.7023,BTTS_NO,Both teams to score - No,0.4716,,,,LA Galaxy vs San Jose Earthquakes,USA MLS,2026-08-20,UNKNOWN,,NO_SCORELINE,,
2,Over 2.5 goals + Away over 0.5 goals,"52%, 63%",0.425,0.3297,1.289,2.35,3.03,SCORE_MATRIX_EXACT,OK,O25,Over 2.5 goals,0.5193,AWAY_O05,Away over 0.5 goals,0.6348,,,,LA Galaxy vs San Jose Earthquakes,USA MLS,2026-08-20,UNKNOWN,,NO_SCORELINE,,
2,Over 2.5 goals + Home over 1.5 goals,"52%, 52%",0.425,0.2715,1.565,2.35,3.68,SCORE_MATRIX_EXACT,OK,O25,Over 2.5 goals,0.5193,HOME_O15,Home over 1.5 goals,0.5228,,,,LA Galaxy vs San Jose Earthquakes,USA MLS,2026-08-20,UNKNOWN,,NO_SCORELINE,,
2,Both teams to score + Home or draw,"53%, 79%",0.4234,0.4166,1.016,2.36,2.4,SCORE_MATRIX_EXACT,OK,BTTS,Both teams to score,0.5284,1X,Home or draw,0.7885,,,,LA Galaxy vs San Jose Earthquakes,USA MLS,2026-08-20,UNKNOWN,,NO_SCORELINE,,
2,Over 1.5 goals + Away over 0.5 goals,"71%, 64%",0.5528,0.4525,1.222,1.81,2.21,SCORE_MATRIX_EXACT,OK,O15,Over 1.5 goals,0.7108,AWAY_O05,Away over 0.5 goals,0.6367,,,,Rodez AF vs Pau FC,Ligue 2,2026-08-28,UNKNOWN,,NO_SCORELINE,,
2,Over 1.5 goals + Home or draw,"71%, 74%",0.5356,0.5267,1.017,1.87,1.9,SCORE_MATRIX_EXACT,OK,O15,Over 1.5 goals,0.7108,1X,Home or draw,0.741,,,,Rodez AF vs Pau FC,Ligue 2,2026-08-28,UNKNOWN,,NO_SCORELINE,,
2,Under 3.5 goals + Home over 0.5 goals,"76%, 77%",0.536,0.5863,0.914,1.87,1.71,SCORE_MATRIX_EXACT,OK,U35,Under 3.5 goals,0.7596,HOME_O05,Home over 0.5 goals,0.7719,,,,Rodez AF vs Pau FC,Ligue 2,2026-08-28,UNKNOWN,,NO_SCORELINE,,
2,Home over 0.5 goals + Away over 0.5 goals,"77%, 64%",0.4915,0.4915,1.0,2.03,2.03,SCORE_MATRIX_EXACT,OK,HOME_O05,Home over 0.5 goals,0.7719,AWAY_O05,Away over 0.5 goals,0.6367,,,,Rodez AF vs Pau FC,Ligue 2,2026-08-28,UNKNOWN,,NO_SCORELINE,,
2,Under 3.5 goals + Both teams to score - No,"76%, 51%",0.4811,0.3863,1.246,2.08,2.59,SCORE_MATRIX_EXACT,OK,U35,Under 3.5 goals,0.7596,BTTS_NO,Both teams to score - No,0.5085,,,,Rodez AF vs Pau FC,Ligue 2,2026-08-28,UNKNOWN,,NO_SCORELINE,,
2,Over 1.5 goals + Under 3.5 goals,"71%, 76%",0.4704,0.5399,0.871,2.13,1.85,SCORE_MATRIX_EXACT,OK,O15,Over 1.5 goals,0.7108,U35,Under 3.5 goals,0.7596,,,,Rodez AF vs Pau FC,Ligue 2,2026-08-28,UNKNOWN,,NO_SCORELINE,,
2,Draw or away + Away over 0.5 goals,"52%, 64%",0.4379,0.3316,1.321,2.28,3.02,SCORE_MATRIX_EXACT,OK,X2,Draw or away,0.5208,AWAY_O05,Away over 0.5 goals,0.6367,,,,Rodez AF vs Pau FC,Ligue 2,2026-08-28,UNKNOWN,,NO_SCORELINE,,
2,Over 2.5 goals + Home over 0.5 goals,"45%, 77%",0.4349,0.3503,1.242,2.3,2.85,SCORE_MATRIX_EXACT,OK,O25,Over 2.5 goals,0.4538,HOME_O05,Home over 0.5 goals,0.7719,,,,Rodez AF vs Pau FC,Ligue 2,2026-08-28,UNKNOWN,,NO_SCORELINE,,
2,Under 2.5 goals + Both teams to score - No,"55%, 51%",0.4222,0.2778,1.52,2.37,3.6,SCORE_MATRIX_EXACT,OK,U25,Under 2.5 goals,0.5462,BTTS_NO,Both teams to score - No,0.5085,,,,Rodez AF vs Pau FC,Ligue 2,2026-08-28,UNKNOWN,,NO_SCORELINE,,
2,Under 2.5 goals + Home or draw,"55%, 74%",0.4199,0.4047,1.037,2.38,2.47,SCORE_MATRIX_EXACT,OK,U25,Under 2.5 goals,0.5462,1X,Home or draw,0.741,,,,Rodez AF vs Pau FC,Ligue 2,2026-08-28,UNKNOWN,,NO_SCORELINE,,
2,Under 3.5 goals + Away over 0.5 goals,"76%, 64%",0.4191,0.4836,0.867,2.39,2.07,SCORE_MATRIX_EXACT,OK,U35,Under 3.5 goals,0.7596,AWAY_O05,Away over 0.5 goals,0.6367,,,,Rodez AF vs Pau FC,Ligue 2,2026-08-28,UNKNOWN,,NO_SCORELINE,,
2,Home or draw + Home over 1.5 goals,"74%, 43%",0.4116,0.3222,1.278,2.43,3.1,SCORE_MATRIX_EXACT,OK,1X,Home or draw,0.741,HOME_O15,Home over 1.5 goals,0.4348,,,,Rodez AF vs Pau FC,Ligue 2,2026-08-28,UNKNOWN,,NO_SCORELINE,,
2,Home or draw + Home over 0.5 goals,"66%, 69%",0.5458,0.4541,1.202,1.83,2.2,SCORE_MATRIX_EXACT,OK,1X,Home or draw,0.6593,HOME_O05,Home over 0.5 goals,0.6887,,,,Lanus vs Independiente,Argentina Primera Division,2026-08-17,LOST,1X=LOST | HOME_O05=WON,OK,1-3,1.0.0
2,Draw or away + Away over 0.5 goals,"66%, 69%",0.5443,0.4524,1.203,1.84,2.21,SCORE_MATRIX_EXACT,OK,X2,Draw or away,0.6578,AWAY_O05,Away over 0.5 goals,0.6878,,,,Lanus vs Independiente,Argentina Primera Division,2026-08-17,WON,X2=WON | AWAY_O05=WON,OK,1-3,1.0.0
2,Under 3.5 goals + Home or draw,"80%, 66%",0.5314,0.525,1.012,1.88,1.9,SCORE_MATRIX_EXACT,OK,U35,Under 3.5 goals,0.7962,1X,Home or draw,0.6593,,,,Lanus vs Independiente,Argentina Primera Division,2026-08-17,LOST,U35=LOST | 1X=LOST,OK,1-3,1.0.0
2,Under 3.5 goals + Draw or away,"80%, 66%",0.5304,0.5238,1.013,1.89,1.91,SCORE_MATRIX_EXACT,OK,U35,Under 3.5 goals,0.7962,X2,Draw or away,0.6578,,,,Lanus vs Independiente,Argentina Primera Division,2026-08-17,LOST,U35=LOST | X2=WON,OK,1-3,1.0.0
2,Under 3.5 goals + Home over 0.5 goals,"80%, 69%",0.4944,0.5484,0.902,2.02,1.82,SCORE_MATRIX_EXACT,OK,U35,Under 3.5 goals,0.7962,HOME_O05,Home over 0.5 goals,0.6887,,,,Lanus vs Independiente,Argentina Primera Division,2026-08-17,LOST,U35=LOST | HOME_O05=WON,OK,1-3,1.0.0
2,Under 3.5 goals + Away over 0.5 goals,"80%, 69%",0.4936,0.5477,0.901,2.03,1.83,SCORE_MATRIX_EXACT,OK,U35,Under 3.5 goals,0.7962,AWAY_O05,Away over 0.5 goals,0.6878,,,,Lanus vs Independiente,Argentina Primera Division,2026-08-17,LOST,U35=LOST | AWAY_O05=WON,OK,1-3,1.0.0
2,Under 3.5 goals + Both teams to score - No,"80%, 51%",0.491,0.4061,1.209,2.04,2.46,SCORE_MATRIX_EXACT,OK,U35,Under 3.5 goals,0.7962,BTTS_NO,Both teams to score - No,0.51,,,,Lanus vs Independiente,Argentina Primera Division,2026-08-17,LOST,U35=LOST | BTTS_NO=LOST,OK,1-3,1.0.0
2,Home over 0.5 goals + Away over 0.5 goals,"69%, 69%",0.49,0.4737,1.034,2.04,2.11,SCORE_MATRIX_EXACT,OK,HOME_O05,Home over 0.5 goals,0.6887,AWAY_O05,Away over 0.5 goals,0.6878,,,,Lanus vs Independiente,Argentina Primera Division,2026-08-17,WON,HOME_O05=WON | AWAY_O05=WON,OK,1-3,1.0.0
2,Over 1.5 goals + Under 3.5 goals,"69%, 80%",0.4886,0.5513,0.886,2.05,1.81,SCORE_MATRIX_EXACT,OK,O15,Over 1.5 goals,0.6923,U35,Under 3.5 goals,0.7962,,,,Lanus vs Independiente,Argentina Primera Division,2026-08-17,LOST,O15=WON | U35=LOST,OK,1-3,1.0.0
2,Over 1.5 goals + Home or draw,"69%, 66%",0.4486,0.4564,0.983,2.23,2.19,SCORE_MATRIX_EXACT,OK,O15,Over 1.5 goals,0.6923,1X,Home or draw,0.6593,,,,Lanus vs Independiente,Argentina Primera Division,2026-08-17,LOST,O15=WON | 1X=LOST,OK,1-3,1.0.0
2,Over 1.5 goals + Draw or away,"69%, 66%",0.4474,0.4554,0.982,2.24,2.2,SCORE_MATRIX_EXACT,OK,O15,Over 1.5 goals,0.6923,X2,Draw or away,0.6578,,,,Lanus vs Independiente,Argentina Primera Division,2026-08-17,WON,O15=WON | X2=WON,OK,1-3,1.0.0
2,Under 2.5 goals + Both teams to score - No,"59%, 51%",0.4399,0.3019,1.457,2.27,3.31,SCORE_MATRIX_EXACT,OK,U25,Under 2.5 goals,0.5921,BTTS_NO,Both teams to score - No,0.51,,,,Lanus vs Independiente,Argentina Primera Division,2026-08-17,LOST,U25=LOST | BTTS_NO=LOST,OK,1-3,1.0.0
2,Over 1.5 goals + Away over 0.5 goals,"71%, 63%",0.5504,0.4478,1.229,1.82,2.23,SCORE_MATRIX_EXACT,OK,O15,Over 1.5 goals,0.7089,AWAY_O05,Away over 0.5 goals,0.6318,,,,Empoli vs Cremonese,Serie B,2026-08-22,LOST,O15=LOST | AWAY_O05=LOST,OK,1-0,1.0.0
2,Under 3.5 goals + Home over 0.5 goals,"77%, 77%",0.5394,0.5891,0.916,1.85,1.7,SCORE_MATRIX_EXACT,OK,U35,Under 3.5 goals,0.7679,HOME_O05,Home over 0.5 goals,0.7672,,,,Empoli vs Cremonese,Serie B,2026-08-22,WON,U35=WON | HOME_O05=WON,OK,1-0,1.0.0
2,Over 1.5 goals + Home or draw,"71%, 75%",0.537,0.5294,1.014,1.86,1.89,SCORE_MATRIX_EXACT,OK,O15,Over 1.5 goals,0.7089,1X,Home or draw,0.7468,,,,Empoli vs Cremonese,Serie B,2026-08-22,LOST,O15=LOST | 1X=WON,OK,1-0,1.0.0
2,Home over 0.5 goals + Away over 0.5 goals,"77%, 63%",0.4895,0.4847,1.01,2.04,2.06,SCORE_MATRIX_EXACT,OK,HOME_O05,Home over 0.5 goals,0.7672,AWAY_O05,Away over 0.5 goals,0.6318,,,,Empoli vs Cremonese,Serie B,2026-08-22,LOST,HOME_O05=WON | AWAY_O05=LOST,OK,1-0,1.0.0
2,Under 3.5 goals + Both teams to score - No,"77%, 51%",0.4838,0.392,1.234,2.07,2.55,SCORE_MATRIX_EXACT,OK,U35,Under 3.5 goals,0.7679,BTTS_NO,Both teams to score - No,0.5105,,,,Empoli vs Cremonese,Serie B,2026-08-22,WON,U35=WON | BTTS_NO=WON,OK,1-0,1.0.0
2,Over 1.5 goals + Under 3.5 goals,"71%, 77%",0.4767,0.5443,0.876,2.1,1.84,SCORE_MATRIX_EXACT,OK,O15,Over 1.5 goals,0.7089,U35,Under 3.5 goals,0.7679,,,,Empoli vs Cremonese,Serie B,2026-08-22,LOST,O15=LOST | U35=WON,OK,1-0,1.0.0
2,Draw or away + Away over 0.5 goals,"53%, 63%",0.4374,0.3335,1.312,2.29,3.0,SCORE_MATRIX_EXACT,OK,X2,Draw or away,0.5279,AWAY_O05,Away over 0.5 goals,0.6318,,,,Empoli vs Cremonese,Serie B,2026-08-22,LOST,X2=LOST | AWAY_O05=LOST,OK,1-0,1.0.0
2,Under 2.5 goals + Home or draw,"56%, 75%",0.4324,0.4155,1.041,2.31,2.41,SCORE_MATRIX_EXACT,OK,U25,Under 2.5 goals,0.5563,1X,Home or draw,0.7468,,,,Empoli vs Cremonese,Serie B,2026-08-22,WON,U25=WON | 1X=WON,OK,1-0,1.0.0
2,Over 2.5 goals + Home over 0.5 goals,"44%, 77%",0.4253,0.3404,1.249,2.35,2.94,SCORE_MATRIX_EXACT,OK,O25,Over 2.5 goals,0.4437,HOME_O05,Home over 0.5 goals,0.7672,,,,Empoli vs Cremonese,Serie B,2026-08-22,LOST,O25=LOST | HOME_O05=WON,OK,1-0,1.0.0
2,Under 2.5 goals + Both teams to score - No,"56%, 51%",0.4252,0.284,1.497,2.35,3.52,SCORE_MATRIX_EXACT,OK,U25,Under 2.5 goals,0.5563,BTTS_NO,Both teams to score - No,0.5105,,,,Empoli vs Cremonese,Serie B,2026-08-22,WON,U25=WON | BTTS_NO=WON,OK,1-0,1.0.0
2,Under 3.5 goals + Draw or away,"77%, 53%",0.4215,0.4053,1.04,2.37,2.47,SCORE_MATRIX_EXACT,OK,U35,Under 3.5 goals,0.7679,X2,Draw or away,0.5279,,,,Empoli vs Cremonese,Serie B,2026-08-22,LOST,U35=WON | X2=LOST,OK,1-0,1.0.0
2,Under 3.5 goals + Away over 0.5 goals,"77%, 63%",0.422,0.4851,0.87,2.37,2.06,SCORE_MATRIX_EXACT,OK,U35,Under 3.5 goals,0.7679,AWAY_O05,Away over 0.5 goals,0.6318,,,,Empoli vs Cremonese,Serie B,2026-08-22,LOST,U35=WON | AWAY_O05=LOST,OK,1-0,1.0.0
2,Under 3.5 goals + Home over 0.5 goals,"75%, 80%",0.5456,0.5939,0.919,1.83,1.68,SCORE_MATRIX_EXACT,OK,U35,Under 3.5 goals,0.7453,HOME_O05,Home over 0.5 goals,0.7969,,,,Swansea City vs Sheffield United,Championship,2026-08-22,UNKNOWN,,NO_SCORELINE,,
2,Home over 0.5 goals + Away over 0.5 goals,"80%, 62%",0.5101,0.4973,1.026,1.96,2.01,SCORE_MATRIX_EXACT,OK,HOME_O05,Home over 0.5 goals,0.7969,AWAY_O05,Away over 0.5 goals,0.624,,,,Swansea City vs Sheffield United,Championship,2026-08-22,UNKNOWN,,NO_SCORELINE,,
2,Over 1.5 goals + Under 3.5 goals,"74%, 75%",0.4875,0.5532,0.881,2.05,1.81,SCORE_MATRIX_EXACT,OK,O15,Over 1.5 goals,0.7422,U35,Under 3.5 goals,0.7453,,,,Swansea City vs Sheffield United,Championship,2026-08-22,UNKNOWN,,NO_SCORELINE,,
2,Over 2.5 goals + Home over 0.5 goals,"47%, 80%",0.4559,0.3751,1.215,2.19,2.67,SCORE_MATRIX_EXACT,OK,O25,Over 2.5 goals,0.4708,HOME_O05,Home over 0.5 goals,0.7969,,,,Swansea City vs Sheffield United,Championship,2026-08-22,UNKNOWN,,NO_SCORELINE,,
2,Under 3.5 goals + Both teams to score - No,"75%, 49%",0.4565,0.3651,1.25,2.19,2.74,SCORE_MATRIX_EXACT,OK,U35,Under 3.5 goals,0.7453,BTTS_NO,Both teams to score - No,0.4899,,,,Swansea City vs Sheffield United,Championship,2026-08-22,UNKNOWN,,NO_SCORELINE,,
2,Home or draw + Home over 1.5 goals,"78%, 47%",0.4527,0.3717,1.218,2.21,2.69,SCORE_MATRIX_EXACT,OK,1X,Home or draw,0.784,HOME_O15,Home over 1.5 goals,0.4741,,,,Swansea City vs Sheffield United,Championship,2026-08-22,UNKNOWN,,NO_SCORELINE,,
2,Under 2.5 goals + Home or draw,"53%, 78%",0.4302,0.4149,1.037,2.32,2.41,SCORE_MATRIX_EXACT,OK,U25,Under 2.5 goals,0.5292,1X,Home or draw,0.784,,,,Swansea City vs Sheffield United,Championship,2026-08-22,UNKNOWN,,NO_SCORELINE,,
2,Both teams to score + Home or draw,"51%, 78%",0.408,0.3999,1.02,2.45,2.5,SCORE_MATRIX_EXACT,OK,BTTS,Both teams to score,0.5101,1X,Home or draw,0.784,,,,Swansea City vs Sheffield United,Championship,2026-08-22,UNKNOWN,,NO_SCORELINE,,
2,Home or draw + Away over 0.5 goals,"78%, 62%",0.408,0.4892,0.834,2.45,2.04,SCORE_MATRIX_EXACT,OK,1X,Home or draw,0.784,AWAY_O05,Away over 0.5 goals,0.624,,,,Swansea City vs Sheffield United,Championship,2026-08-22,UNKNOWN,,NO_SCORELINE,,
2,Draw or away + Away over 0.5 goals,"50%, 62%",0.4069,0.3096,1.314,2.46,3.23,SCORE_MATRIX_EXACT,OK,X2,Draw or away,0.4961,AWAY_O05,Away over 0.5 goals,0.624,,,,Swansea City vs Sheffield United,Championship,2026-08-22,UNKNOWN,,NO_SCORELINE,,
2,Under 3.5 goals + Away over 0.5 goals,"75%, 62%",0.3993,0.4651,0.859,2.5,2.15,SCORE_MATRIX_EXACT,OK,U35,Under 3.5 goals,0.7453,AWAY_O05,Away over 0.5 goals,0.624,,,,Swansea City vs Sheffield United,Championship,2026-08-22,UNKNOWN,,NO_SCORELINE,,
2,Over 1.5 goals + Home win,"74%, 50%",0.3986,0.374,1.066,2.51,2.67,SCORE_MATRIX_EXACT,OK,O15,Over 1.5 goals,0.7422,HOME,Home win,0.5039,,,,Swansea City vs Sheffield United,Championship,2026-08-22,UNKNOWN,,NO_SCORELINE,,
2,Under 3.5 goals + Home or draw,"70%, 79%",0.545,0.5532,0.985,1.83,1.81,SCORE_MATRIX_EXACT,OK,U35,Under 3.5 goals,0.7011,1X,Home or draw,0.789,,,,Malmo FF vs Djurgardens IF,Sweden Allsvenskan,2026-08-24,LOST,U35=WON | 1X=LOST,OK,0-3,1.0.0
2,Home over 0.5 goals + Away over 0.5 goals,"82%, 65%",0.5436,0.5328,1.02,1.84,1.88,SCORE_MATRIX_EXACT,OK,HOME_O05,Home over 0.5 goals,0.8247,AWAY_O05,Away over 0.5 goals,0.6461,,,,Malmo FF vs Djurgardens IF,Sweden Allsvenskan,2026-08-24,LOST,HOME_O05=LOST | AWAY_O05=WON,OK,0-3,1.0.0
2,Under 3.5 goals + Home over 0.5 goals,"70%, 82%",0.5293,0.5782,0.915,1.89,1.73,SCORE_MATRIX_EXACT,OK,U35,Under 3.5 goals,0.7011,HOME_O05,Home over 0.5 goals,0.8247,,,,Malmo FF vs Djurgardens IF,Sweden Allsvenskan,2026-08-24,LOST,U35=WON | HOME_O05=LOST,OK,0-3,1.0.0
2,Over 2.5 goals + Home over 0.5 goals,"52%, 82%",0.5059,0.4293,1.178,1.98,2.33,SCORE_MATRIX_EXACT,OK,O25,Over 2.5 goals,0.5206,HOME_O05,Home over 0.5 goals,0.8247,,,,Malmo FF vs Djurgardens IF,Sweden Allsvenskan,2026-08-24,LOST,O25=WON | HOME_O05=LOST,OK,0-3,1.0.0
2,Home or draw + Home over 1.5 goals,"79%, 52%",0.4933,0.4095,1.205,2.03,2.44,SCORE_MATRIX_EXACT,OK,1X,Home or draw,0.789,HOME_O15,Home over 1.5 goals,0.519,,,,Malmo FF vs Djurgardens IF,Sweden Allsvenskan,2026-08-24,LOST,1X=LOST | HOME_O15=LOST,OK,0-3,1.0.0
2,Over 1.5 goals + Under 3.5 goals,"78%, 70%",0.4797,0.5459,0.879,2.08,1.83,SCORE_MATRIX_EXACT,OK,O15,Over 1.5 goals,0.7786,U35,Under 3.5 goals,0.7011,,,,Malmo FF vs Djurgardens IF,Sweden Allsvenskan,2026-08-24,WON,O15=WON | U35=WON,OK,0-3,1.0.0
2,Both teams to score + Home or draw,"54%, 79%",0.4351,0.4289,1.014,2.3,2.33,SCORE_MATRIX_EXACT,OK,BTTS,Both teams to score,0.5436,1X,Home or draw,0.789,,,,Malmo FF vs Djurgardens IF,Sweden Allsvenskan,2026-08-24,LOST,BTTS=LOST | 1X=LOST,OK,0-3,1.0.0
2,Home or draw + Away over 0.5 goals,"79%, 65%",0.4351,0.5098,0.854,2.3,1.96,SCORE_MATRIX_EXACT,OK,1X,Home or draw,0.789,AWAY_O05,Away over 0.5 goals,0.6461,,,,Malmo FF vs Djurgardens IF,Sweden Allsvenskan,2026-08-24,LOST,1X=LOST | AWAY_O05=WON,OK,0-3,1.0.0
2,Over 1.5 goals + Home win,"78%, 53%",0.4325,0.4097,1.056,2.31,2.44,SCORE_MATRIX_EXACT,OK,O15,Over 1.5 goals,0.7786,HOME,Home win,0.5262,,,,Malmo FF vs Djurgardens IF,Sweden Allsvenskan,2026-08-24,LOST,O15=WON | HOME=LOST,OK,0-3,1.0.0
2,Home win + Home over 1.5 goals,"53%, 52%",0.4325,0.2731,1.584,2.31,3.66,SCORE_MATRIX_EXACT,OK,HOME,Home win,0.5262,HOME_O15,Home over 1.5 goals,0.519,,,,Malmo FF vs Djurgardens IF,Sweden Allsvenskan,2026-08-24,LOST,HOME=LOST | HOME_O15=LOST,OK,0-3,1.0.0
2,Over 2.5 goals + Away over 0.5 goals,"52%, 65%",0.4292,0.3364,1.276,2.33,2.97,SCORE_MATRIX_EXACT,OK,O25,Over 2.5 goals,0.5206,AWAY_O05,Away over 0.5 goals,0.6461,,,,Malmo FF vs Djurgardens IF,Sweden Allsvenskan,2026-08-24,WON,O25=WON | AWAY_O05=WON,OK,0-3,1.0.0
2,Over 2.5 goals + Home over 1.5 goals,"52%, 52%",0.4231,0.2702,1.566,2.36,3.7,SCORE_MATRIX_EXACT,OK,O25,Over 2.5 goals,0.5206,HOME_O15,Home over 1.5 goals,0.519,,,,Malmo FF vs Djurgardens IF,Sweden Allsvenskan,2026-08-24,LOST,O25=WON | HOME_O15=LOST,OK,0-3,1.0.0
2,Over 1.5 goals + Away over 0.5 goals,"74%, 62%",0.5547,0.4579,1.212,1.8,2.18,SCORE_MATRIX_EXACT,OK,O15,Over 1.5 goals,0.7425,AWAY_O05,Away over 0.5 goals,0.6166,,,,Eintracht Braunschweig vs Hertha Berlin,Bundesliga 2,2026-08-28,UNKNOWN,,NO_SCORELINE,,
2,Under 3.5 goals + Home over 0.5 goals,"74%, 80%",0.5489,0.5966,0.92,1.82,1.68,SCORE_MATRIX_EXACT,OK,U35,Under 3.5 goals,0.7449,HOME_O05,Home over 0.5 goals,0.8009,,,,Eintracht Braunschweig vs Hertha Berlin,Bundesliga 2,2026-08-28,UNKNOWN,,NO_SCORELINE,,
2,Home over 0.5 goals + Away over 0.5 goals,"80%, 62%",0.5066,0.4939,1.026,1.97,2.02,SCORE_MATRIX_EXACT,OK,HOME_O05,Home over 0.5 goals,0.8009,AWAY_O05,Away over 0.5 goals,0.6166,,,,Eintracht Braunschweig vs Hertha Berlin,Bundesliga 2,2026-08-28,UNKNOWN,,NO_SCORELINE,,
2,Over 1.5 goals + Under 3.5 goals,"74%, 74%",0.4874,0.5531,0.881,2.05,1.81,SCORE_MATRIX_EXACT,OK,O15,Over 1.5 goals,0.7425,U35,Under 3.5 goals,0.7449,,,,Eintracht Braunschweig vs Hertha Berlin,Bundesliga 2,2026-08-28,UNKNOWN,,NO_SCORELINE,,
2,Home or draw + Home over 1.5 goals,"79%, 48%",0.4606,0.3809,1.209,2.17,2.63,SCORE_MATRIX_EXACT,OK,1X,Home or draw,0.7917,HOME_O15,Home over 1.5 goals,0.4811,,,,Eintracht Braunschweig vs Hertha Berlin,Bundesliga 2,2026-08-28,UNKNOWN,,NO_SCORELINE,,
2,Under 3.5 goals + Both teams to score - No,"74%, 49%",0.4585,0.3675,1.248,2.18,2.72,SCORE_MATRIX_EXACT,OK,U35,Under 3.5 goals,0.7449,BTTS_NO,Both teams to score - No,0.4934,,,,Eintracht Braunschweig vs Hertha Berlin,Bundesliga 2,2026-08-28,UNKNOWN,,NO_SCORELINE,,
2,Over 2.5 goals + Home over 0.5 goals,"47%, 80%",0.4575,0.3775,1.212,2.19,2.65,SCORE_MATRIX_EXACT,OK,O25,Over 2.5 goals,0.4713,HOME_O05,Home over 0.5 goals,0.8009,,,,Eintracht Braunschweig vs Hertha Berlin,Bundesliga 2,2026-08-28,UNKNOWN,,NO_SCORELINE,,
2,Under 2.5 goals + Home or draw,"53%, 79%",0.4325,0.4186,1.033,2.31,2.39,SCORE_MATRIX_EXACT,OK,U25,Under 2.5 goals,0.5287,1X,Home or draw,0.7917,,,,Eintracht Braunschweig vs Hertha Berlin,Bundesliga 2,2026-08-28,UNKNOWN,,NO_SCORELINE,,
2,Over 1.5 goals + Home win,"74%, 51%",0.4074,0.3816,1.068,2.45,2.62,SCORE_MATRIX_EXACT,OK,O15,Over 1.5 goals,0.7425,HOME,Home win,0.5139,,,,Eintracht Braunschweig vs Hertha Berlin,Bundesliga 2,2026-08-28,UNKNOWN,,NO_SCORELINE,,
2,Both teams to score + Home or draw,"51%, 79%",0.4084,0.4011,1.018,2.45,2.49,SCORE_MATRIX_EXACT,OK,BTTS,Both teams to score,0.5066,1X,Home or draw,0.7917,,,,Eintracht Braunschweig vs Hertha Berlin,Bundesliga 2,2026-08-28,UNKNOWN,,NO_SCORELINE,,
2,Home win + Home over 1.5 goals,"51%, 48%",0.4074,0.2472,1.648,2.45,4.04,SCORE_MATRIX_EXACT,OK,HOME,Home win,0.5139,HOME_O15,Home over 1.5 goals,0.4811,,,,Eintracht Braunschweig vs Hertha Berlin,Bundesliga 2,2026-08-28,UNKNOWN,,NO_SCORELINE,,
2,Home or draw + Away over 0.5 goals,"79%, 62%",0.4084,0.4882,0.836,2.45,2.05,SCORE_MATRIX_EXACT,OK,1X,Home or draw,0.7917,AWAY_O05,Away over 0.5 goals,0.6166,,,,Eintracht Braunschweig vs Hertha Berlin,Bundesliga 2,2026-08-28,UNKNOWN,,NO_SCORELINE,,
2,Under 3.5 goals + Home or draw,"71%, 77%",0.5348,0.5471,0.978,1.87,1.83,SCORE_MATRIX_EXACT,OK,U35,Under 3.5 goals,0.7147,1X,Home or draw,0.7655,,,,Necaxa vs León,Mexico Liga MX,2026-08-18,UNKNOWN,,NO_SCORELINE,,
2,Under 3.5 goals + Home over 0.5 goals,"71%, 81%",0.5325,0.5818,0.915,1.88,1.72,SCORE_MATRIX_EXACT,OK,U35,Under 3.5 goals,0.7147,HOME_O05,Home over 0.5 goals,0.8141,,,,Necaxa vs León,Mexico Liga MX,2026-08-18,UNKNOWN,,NO_SCORELINE,,
2,Home over 0.5 goals + Away over 0.5 goals,"81%, 63%",0.5074,0.515,0.985,1.97,1.94,SCORE_MATRIX_EXACT,OK,HOME_O05,Home over 0.5 goals,0.8141,AWAY_O05,Away over 0.5 goals,0.6326,,,,Necaxa vs León,Mexico Liga MX,2026-08-18,UNKNOWN,,NO_SCORELINE,,
2,Over 2.5 goals + Home over 0.5 goals,"51%, 81%",0.4903,0.4117,1.191,2.04,2.43,SCORE_MATRIX_EXACT,OK,O25,Over 2.5 goals,0.5057,HOME_O05,Home over 0.5 goals,0.8141,,,,Necaxa vs León,Mexico Liga MX,2026-08-18,UNKNOWN,,NO_SCORELINE,,
2,Home or draw + Home over 1.5 goals,"77%, 50%",0.4765,0.3839,1.241,2.1,2.6,SCORE_MATRIX_EXACT,OK,1X,Home or draw,0.7655,HOME_O15,Home over 1.5 goals,0.5015,,,,Necaxa vs León,Mexico Liga MX,2026-08-18,UNKNOWN,,NO_SCORELINE,,
2,Under 3.5 goals + Both teams to score - No,"71%, 49%",0.456,0.3521,1.295,2.19,2.84,SCORE_MATRIX_EXACT,OK,U35,Under 3.5 goals,0.7147,BTTS_NO,Both teams to score - No,0.4926,,,,Necaxa vs León,Mexico Liga MX,2026-08-18,UNKNOWN,,NO_SCORELINE,,
2,Over 1.5 goals + Under 3.5 goals,"74%, 71%",0.4541,0.5284,0.859,2.2,1.89,SCORE_MATRIX_EXACT,OK,O15,Over 1.5 goals,0.7394,U35,Under 3.5 goals,0.7147,,,,Necaxa vs León,Mexico Liga MX,2026-08-18,UNKNOWN,,NO_SCORELINE,,
2,Over 2.5 goals + Away over 0.5 goals,"51%, 63%",0.4192,0.3199,1.31,2.39,3.13,SCORE_MATRIX_EXACT,OK,O25,Over 2.5 goals,0.5057,AWAY_O05,Away over 0.5 goals,0.6326,,,,Necaxa vs León,Mexico Liga MX,2026-08-18,UNKNOWN,,NO_SCORELINE,,
2,Over 1.5 goals + Home win,"74%, 54%",0.417,0.4006,1.041,2.4,2.5,SCORE_MATRIX_EXACT,OK,O15,Over 1.5 goals,0.7394,HOME,Home win,0.5418,,,,Necaxa vs León,Mexico Liga MX,2026-08-18,UNKNOWN,,NO_SCORELINE,,
2,Home win + Home over 1.5 goals,"54%, 50%",0.417,0.2717,1.535,2.4,3.68,SCORE_MATRIX_EXACT,OK,HOME,Home win,0.5418,HOME_O15,Home over 1.5 goals,0.5015,,,,Necaxa vs León,Mexico Liga MX,2026-08-18,UNKNOWN,,NO_SCORELINE,,
2,Over 2.5 goals + Home over 1.5 goals,"51%, 50%",0.406,0.2536,1.601,2.46,3.94,SCORE_MATRIX_EXACT,OK,O25,Over 2.5 goals,0.5057,HOME_O15,Home over 1.5 goals,0.5015,,,,Necaxa vs León,Mexico Liga MX,2026-08-18,UNKNOWN,,NO_SCORELINE,,
2,Over 2.5 goals + Both teams to score,"51%, 51%",0.4038,0.2566,1.574,2.48,3.9,SCORE_MATRIX_EXACT,OK,O25,Over 2.5 goals,0.5057,BTTS,Both teams to score,0.5074,,,,Necaxa vs León,Mexico Liga MX,2026-08-18,UNKNOWN,,NO_SCORELINE,,
2,Home over 0.5 goals + Away over 0.5 goals,"75%, 70%",0.5189,0.5275,0.984,1.93,1.9,SCORE_MATRIX_EXACT,OK,HOME_O05,Home over 0.5 goals,0.7499,AWAY_O05,Away over 0.5 goals,0.7034,,,,Santos vs Mirassol,Brazil Serie A,2026-08-23,WON,HOME_O05=WON | AWAY_O05=WON,OK,1-1,1.0.0
2,Draw or away + Away over 0.5 goals,"58%, 70%",0.5158,0.409,1.261,1.94,2.45,SCORE_MATRIX_EXACT,OK,X2,Draw or away,0.5814,AWAY_O05,Away over 0.5 goals,0.7034,,,,Santos vs Mirassol,Brazil Serie A,2026-08-23,WON,X2=WON | AWAY_O05=WON,OK,1-1,1.0.0
2,Under 3.5 goals + Home over 0.5 goals,"73%, 75%",0.4906,0.5487,0.894,2.04,1.82,SCORE_MATRIX_EXACT,OK,U35,Under 3.5 goals,0.7317,HOME_O05,Home over 0.5 goals,0.7499,,,,Santos vs Mirassol,Brazil Serie A,2026-08-23,WON,U35=WON | HOME_O05=WON,OK,1-1,1.0.0
2,Over 1.5 goals + Home or draw,"72%, 66%",0.4833,0.4785,1.01,2.07,2.09,SCORE_MATRIX_EXACT,OK,O15,Over 1.5 goals,0.7242,1X,Home or draw,0.6607,,,,Santos vs Mirassol,Brazil Serie A,2026-08-23,WON,O15=WON | 1X=WON,OK,1-1,1.0.0
2,Under 3.5 goals + Home or draw,"73%, 66%",0.4799,0.4835,0.993,2.08,2.07,SCORE_MATRIX_EXACT,OK,U35,Under 3.5 goals,0.7317,1X,Home or draw,0.6607,,,,Santos vs Mirassol,Brazil Serie A,2026-08-23,WON,U35=WON | 1X=WON,OK,1-1,1.0.0
2,Over 1.5 goals + Under 3.5 goals,"72%, 73%",0.456,0.53,0.86,2.19,1.89,SCORE_MATRIX_EXACT,OK,O15,Over 1.5 goals,0.7242,U35,Under 3.5 goals,0.7317,,,,Santos vs Mirassol,Brazil Serie A,2026-08-23,WON,O15=WON | U35=WON,OK,1-1,1.0.0
2,Under 3.5 goals + Both teams to score - No,"73%, 48%",0.4566,0.352,1.297,2.19,2.84,SCORE_MATRIX_EXACT,OK,U35,Under 3.5 goals,0.7317,BTTS_NO,Both teams to score - No,0.4811,,,,Santos vs Mirassol,Brazil Serie A,2026-08-23,LOST,U35=WON | BTTS_NO=LOST,OK,1-1,1.0.0
2,Over 2.5 goals + Home over 0.5 goals,"49%, 75%",0.4552,0.3649,1.248,2.2,2.74,SCORE_MATRIX_EXACT,OK,O25,Over 2.5 goals,0.4866,HOME_O05,Home over 0.5 goals,0.7499,,,,Santos vs Mirassol,Brazil Serie A,2026-08-23,LOST,O25=LOST | HOME_O05=WON,OK,1-1,1.0.0
2,Under 3.5 goals + Away over 0.5 goals,"73%, 70%",0.4507,0.5147,0.876,2.22,1.94,SCORE_MATRIX_EXACT,OK,U35,Under 3.5 goals,0.7317,AWAY_O05,Away over 0.5 goals,0.7034,,,,Santos vs Mirassol,Brazil Serie A,2026-08-23,WON,U35=WON | AWAY_O05=WON,OK,1-1,1.0.0
2,Over 2.5 goals + Away over 0.5 goals,"49%, 70%",0.4382,0.3423,1.28,2.28,2.92,SCORE_MATRIX_EXACT,OK,O25,Over 2.5 goals,0.4866,AWAY_O05,Away over 0.5 goals,0.7034,,,,Santos vs Mirassol,Brazil Serie A,2026-08-23,LOST,O25=LOST | AWAY_O05=WON,OK,1-1,1.0.0
2,Under 3.5 goals + Draw or away,"73%, 58%",0.4296,0.4255,1.01,2.33,2.35,SCORE_MATRIX_EXACT,OK,U35,Under 3.5 goals,0.7317,X2,Draw or away,0.5814,,,,Santos vs Mirassol,Brazil Serie A,2026-08-23,WON,U35=WON | X2=WON,OK,1-1,1.0.0
2,Over 1.5 goals + Draw or away,"72%, 58%",0.4174,0.4211,0.991,2.4,2.37,SCORE_MATRIX_EXACT,OK,O15,Over 1.5 goals,0.7242,X2,Draw or away,0.5814,,,,Santos vs Mirassol,Brazil Serie A,2026-08-23,WON,O15=WON | X2=WON,OK,1-1,1.0.0
2,Home over 0.5 goals + Away over 0.5 goals,"82%, 66%",0.5319,0.539,0.987,1.88,1.86,SCORE_MATRIX_EXACT,OK,HOME_O05,Home over 0.5 goals,0.8162,AWAY_O05,Away over 0.5 goals,0.6604,,,,Philadelphia Union vs Inter Miami CF,USA MLS,2026-08-19,UNKNOWN,,NO_SCORELINE,,
2,Under 3.5 goals + Home over 0.5 goals,"69%, 82%",0.5147,0.5664,0.909,1.94,1.77,SCORE_MATRIX_EXACT,OK,U35,Under 3.5 goals,0.6939,HOME_O05,Home over 0.5 goals,0.8162,,,,Philadelphia Union vs Inter Miami CF,USA MLS,2026-08-19,UNKNOWN,,NO_SCORELINE,,
2,Over 2.5 goals + Home over 0.5 goals,"53%, 82%",0.5105,0.4313,1.184,1.96,2.32,SCORE_MATRIX_EXACT,OK,O25,Over 2.5 goals,0.5285,HOME_O05,Home over 0.5 goals,0.8162,,,,Philadelphia Union vs Inter Miami CF,USA MLS,2026-08-19,UNKNOWN,,NO_SCORELINE,,
2,Under 3.5 goals + Home or draw,"69%, 75%",0.5077,0.5195,0.977,1.97,1.93,SCORE_MATRIX_EXACT,OK,U35,Under 3.5 goals,0.6939,1X,Home or draw,0.7486,,,,Philadelphia Union vs Inter Miami CF,USA MLS,2026-08-19,UNKNOWN,,NO_SCORELINE,,
2,Home or draw + Home over 1.5 goals,"75%, 51%",0.4761,0.3789,1.257,2.1,2.64,SCORE_MATRIX_EXACT,OK,1X,Home or draw,0.7486,HOME_O15,Home over 1.5 goals,0.5061,,,,Philadelphia Union vs Inter Miami CF,USA MLS,2026-08-19,UNKNOWN,,NO_SCORELINE,,
2,Over 1.5 goals + Under 3.5 goals,"76%, 69%",0.4501,0.5248,0.858,2.22,1.91,SCORE_MATRIX_EXACT,OK,O15,Over 1.5 goals,0.7562,U35,Under 3.5 goals,0.6939,,,,Philadelphia Union vs Inter Miami CF,USA MLS,2026-08-19,UNKNOWN,,NO_SCORELINE,,
2,Over 2.5 goals + Away over 0.5 goals,"53%, 66%",0.4473,0.349,1.282,2.24,2.87,SCORE_MATRIX_EXACT,OK,O25,Over 2.5 goals,0.5285,AWAY_O05,Away over 0.5 goals,0.6604,,,,Philadelphia Union vs Inter Miami CF,USA MLS,2026-08-19,UNKNOWN,,NO_SCORELINE,,
2,Under 3.5 goals + Both teams to score - No,"69%, 47%",0.4324,0.3249,1.331,2.31,3.08,SCORE_MATRIX_EXACT,OK,U35,Under 3.5 goals,0.6939,BTTS_NO,Both teams to score - No,0.4681,,,,Philadelphia Union vs Inter Miami CF,USA MLS,2026-08-19,UNKNOWN,,NO_SCORELINE,,
2,Over 2.5 goals + Both teams to score,"53%, 53%",0.4293,0.2811,1.527,2.33,3.56,SCORE_MATRIX_EXACT,OK,O25,Over 2.5 goals,0.5285,BTTS,Both teams to score,0.5319,,,,Philadelphia Union vs Inter Miami CF,USA MLS,2026-08-19,UNKNOWN,,NO_SCORELINE,,
2,Over 2.5 goals + Home over 1.5 goals,"53%, 51%",0.4176,0.2675,1.561,2.39,3.74,SCORE_MATRIX_EXACT,OK,O25,Over 2.5 goals,0.5285,HOME_O15,Home over 1.5 goals,0.5061,,,,Philadelphia Union vs Inter Miami CF,USA MLS,2026-08-19,UNKNOWN,,NO_SCORELINE,,
2,Draw or away + Away over 0.5 goals,"47%, 66%",0.4191,0.3133,1.338,2.39,3.19,SCORE_MATRIX_EXACT,OK,X2,Draw or away,0.4744,AWAY_O05,Away over 0.5 goals,0.6604,,,,Philadelphia Union vs Inter Miami CF,USA MLS,2026-08-19,UNKNOWN,,NO_SCORELINE,,
2,Over 1.5 goals + Home win,"76%, 53%",0.4109,0.3975,1.034,2.43,2.52,SCORE_MATRIX_EXACT,OK,O15,Over 1.5 goals,0.7562,HOME,Home win,0.5256,,,,Philadelphia Union vs Inter Miami CF,USA MLS,2026-08-19,UNKNOWN,,NO_SCORELINE,,
2,Over 1.5 goals + Home or draw,"73%, 75%",0.5519,0.5479,1.007,1.81,1.83,SCORE_MATRIX_EXACT,OK,O15,Over 1.5 goals,0.7342,1X,Home or draw,0.7463,,,,Kyoto Purple Sanga vs Mito HollyHock,Japan J-League,2026-08-22,UNKNOWN,,NO_SCORELINE,,
2,Under 3.5 goals + Home over 0.5 goals,"75%, 77%",0.5313,0.5824,0.912,1.88,1.72,SCORE_MATRIX_EXACT,OK,U35,Under 3.5 goals,0.7545,HOME_O05,Home over 0.5 goals,0.7719,,,,Kyoto Purple Sanga vs Mito HollyHock,Japan J-League,2026-08-22,UNKNOWN,,NO_SCORELINE,,
2,Home over 0.5 goals + Away over 0.5 goals,"77%, 65%",0.517,0.5033,1.027,1.93,1.99,SCORE_MATRIX_EXACT,OK,HOME_O05,Home over 0.5 goals,0.7719,AWAY_O05,Away over 0.5 goals,0.6521,,,,Kyoto Purple Sanga vs Mito HollyHock,Japan J-League,2026-08-22,UNKNOWN,,NO_SCORELINE,,
2,Over 1.5 goals + Under 3.5 goals,"73%, 75%",0.4886,0.5539,0.882,2.05,1.81,SCORE_MATRIX_EXACT,OK,O15,Over 1.5 goals,0.7342,U35,Under 3.5 goals,0.7545,,,,Kyoto Purple Sanga vs Mito HollyHock,Japan J-League,2026-08-22,UNKNOWN,,NO_SCORELINE,,
2,Under 3.5 goals + Both teams to score - No,"75%, 48%",0.456,0.3644,1.251,2.19,2.74,SCORE_MATRIX_EXACT,OK,U35,Under 3.5 goals,0.7545,BTTS_NO,Both teams to score - No,0.483,,,,Kyoto Purple Sanga vs Mito HollyHock,Japan J-League,2026-08-22,UNKNOWN,,NO_SCORELINE,,
2,Draw or away + Away over 0.5 goals,"55%, 65%",0.4527,0.3559,1.272,2.21,2.81,SCORE_MATRIX_EXACT,OK,X2,Draw or away,0.5457,AWAY_O05,Away over 0.5 goals,0.6521,,,,Kyoto Purple Sanga vs Mito HollyHock,Japan J-League,2026-08-22,UNKNOWN,,NO_SCORELINE,,
2,Over 2.5 goals + Home over 0.5 goals,"46%, 77%",0.4399,0.355,1.239,2.27,2.82,SCORE_MATRIX_EXACT,OK,O25,Over 2.5 goals,0.4599,HOME_O05,Home over 0.5 goals,0.7719,,,,Kyoto Purple Sanga vs Mito HollyHock,Japan J-League,2026-08-22,UNKNOWN,,NO_SCORELINE,,
2,Under 3.5 goals + Draw or away,"75%, 55%",0.4302,0.4117,1.045,2.32,2.43,SCORE_MATRIX_EXACT,OK,U35,Under 3.5 goals,0.7545,X2,Draw or away,0.5457,,,,Kyoto Purple Sanga vs Mito HollyHock,Japan J-League,2026-08-22,UNKNOWN,,NO_SCORELINE,,
2,Under 3.5 goals + Away over 0.5 goals,"75%, 65%",0.4287,0.492,0.871,2.33,2.03,SCORE_MATRIX_EXACT,OK,U35,Under 3.5 goals,0.7545,AWAY_O05,Away over 0.5 goals,0.6521,,,,Kyoto Purple Sanga vs Mito HollyHock,Japan J-League,2026-08-22,UNKNOWN,,NO_SCORELINE,,
2,Under 2.5 goals + Home or draw,"54%, 75%",0.4251,0.4031,1.054,2.35,2.48,SCORE_MATRIX_EXACT,OK,U25,Under 2.5 goals,0.5401,1X,Home or draw,0.7463,,,,Kyoto Purple Sanga vs Mito HollyHock,Japan J-League,2026-08-22,UNKNOWN,,NO_SCORELINE,,
2,Home or draw + Home over 1.5 goals,"75%, 43%",0.4093,0.3238,1.264,2.44,3.09,SCORE_MATRIX_EXACT,OK,1X,Home or draw,0.7463,HOME_O15,Home over 1.5 goals,0.4339,,,,Kyoto Purple Sanga vs Mito HollyHock,Japan J-League,2026-08-22,UNKNOWN,,NO_SCORELINE,,
2,Both teams to score + Home or draw,"52%, 75%",0.3984,0.3858,1.033,2.51,2.59,SCORE_MATRIX_EXACT,OK,BTTS,Both teams to score,0.517,1X,Home or draw,0.7463,,,,Kyoto Purple Sanga vs Mito HollyHock,Japan J-League,2026-08-22,UNKNOWN,,NO_SCORELINE,,
2,Under 3.5 goals + Home or draw,"81%, 66%",0.5406,0.5341,1.012,1.85,1.87,SCORE_MATRIX_EXACT,OK,U35,Under 3.5 goals,0.8081,1X,Home or draw,0.6609,,,,Lanus vs Argentinos Juniors,Argentina Primera Division,2026-08-25,UNKNOWN,,NO_SCORELINE,,
2,Under 3.5 goals + Draw or away,"81%, 66%",0.5411,0.5346,1.012,1.85,1.87,SCORE_MATRIX_EXACT,OK,U35,Under 3.5 goals,0.8081,X2,Draw or away,0.6616,,,,Lanus vs Argentinos Juniors,Argentina Primera Division,2026-08-25,UNKNOWN,,NO_SCORELINE,,
2,Home or draw + Home over 0.5 goals,"66%, 68%",0.5406,0.4483,1.206,1.85,2.23,SCORE_MATRIX_EXACT,OK,1X,Home or draw,0.6609,HOME_O05,Home over 0.5 goals,0.6783,,,,Lanus vs Argentinos Juniors,Argentina Primera Division,2026-08-25,UNKNOWN,,NO_SCORELINE,,
2,Draw or away + Away over 0.5 goals,"66%, 68%",0.5412,0.4491,1.205,1.85,2.23,SCORE_MATRIX_EXACT,OK,X2,Draw or away,0.6616,AWAY_O05,Away over 0.5 goals,0.6788,,,,Lanus vs Argentinos Juniors,Argentina Primera Division,2026-08-25,UNKNOWN,,NO_SCORELINE,,
2,Under 3.5 goals + Both teams to score - No,"81%, 52%",0.5045,0.4223,1.195,1.98,2.37,SCORE_MATRIX_EXACT,OK,U35,Under 3.5 goals,0.8081,BTTS_NO,Both teams to score - No,0.5225,,,,Lanus vs Argentinos Juniors,Argentina Primera Division,2026-08-25,UNKNOWN,,NO_SCORELINE,,
2,Under 3.5 goals + Home over 0.5 goals,"81%, 68%",0.4955,0.5482,0.904,2.02,1.82,SCORE_MATRIX_EXACT,OK,U35,Under 3.5 goals,0.8081,HOME_O05,Home over 0.5 goals,0.6783,,,,Lanus vs Argentinos Juniors,Argentina Primera Division,2026-08-25,UNKNOWN,,NO_SCORELINE,,
2,Under 3.5 goals + Away over 0.5 goals,"81%, 68%",0.4959,0.5485,0.904,2.02,1.82,SCORE_MATRIX_EXACT,OK,U35,Under 3.5 goals,0.8081,AWAY_O05,Away over 0.5 goals,0.6788,,,,Lanus vs Argentinos Juniors,Argentina Primera Division,2026-08-25,UNKNOWN,,NO_SCORELINE,,
2,Over 1.5 goals + Under 3.5 goals,"68%, 81%",0.487,0.5486,0.888,2.05,1.82,SCORE_MATRIX_EXACT,OK,O15,Over 1.5 goals,0.6789,U35,Under 3.5 goals,0.8081,,,,Lanus vs Argentinos Juniors,Argentina Primera Division,2026-08-25,UNKNOWN,,NO_SCORELINE,,
2,Home over 0.5 goals + Away over 0.5 goals,"68%, 68%",0.4775,0.4604,1.037,2.09,2.17,SCORE_MATRIX_EXACT,OK,HOME_O05,Home over 0.5 goals,0.6783,AWAY_O05,Away over 0.5 goals,0.6788,,,,Lanus vs Argentinos Juniors,Argentina Primera Division,2026-08-25,UNKNOWN,,NO_SCORELINE,,
2,Under 2.5 goals + Both teams to score - No,"61%, 52%",0.4544,0.3175,1.431,2.2,3.15,SCORE_MATRIX_EXACT,OK,U25,Under 2.5 goals,0.6076,BTTS_NO,Both teams to score - No,0.5225,,,,Lanus vs Argentinos Juniors,Argentina Primera Division,2026-08-25,UNKNOWN,,NO_SCORELINE,,
2,Over 1.5 goals + Home or draw,"68%, 66%",0.4403,0.4487,0.981,2.27,2.23,SCORE_MATRIX_EXACT,OK,O15,Over 1.5 goals,0.6789,1X,Home or draw,0.6609,,,,Lanus vs Argentinos Juniors,Argentina Primera Division,2026-08-25,UNKNOWN,,NO_SCORELINE,,
2,Over 1.5 goals + Draw or away,"68%, 66%",0.4408,0.4491,0.981,2.27,2.23,SCORE_MATRIX_EXACT,OK,O15,Over 1.5 goals,0.6789,X2,Draw or away,0.6616,,,,Lanus vs Argentinos Juniors,Argentina Primera Division,2026-08-25,UNKNOWN,,NO_SCORELINE,,
2,Home over 0.5 goals + Away over 0.5 goals,"80%, 68%",0.5395,0.5395,1.0,1.85,1.85,SCORE_MATRIX_EXACT,OK,HOME_O05,Home over 0.5 goals,0.7969,AWAY_O05,Away over 0.5 goals,0.6771,,,,New York Red Bulls vs Nashville SC,USA MLS,2026-08-19,LOST,HOME_O05=LOST | AWAY_O05=WON,OK,0-1,1.0.0
2,Under 3.5 goals + Home or draw,"71%, 73%",0.5101,0.5174,0.986,1.96,1.93,SCORE_MATRIX_EXACT,OK,U35,Under 3.5 goals,0.7087,1X,Home or draw,0.73,,,,New York Red Bulls vs Nashville SC,USA MLS,2026-08-19,LOST,U35=WON | 1X=LOST,OK,0-1,1.0.0
2,Under 3.5 goals + Home over 0.5 goals,"71%, 80%",0.5113,0.5648,0.905,1.96,1.77,SCORE_MATRIX_EXACT,OK,U35,Under 3.5 goals,0.7087,HOME_O05,Home over 0.5 goals,0.7969,,,,New York Red Bulls vs Nashville SC,USA MLS,2026-08-19,LOST,U35=WON | HOME_O05=LOST,OK,0-1,1.0.0
2,Over 2.5 goals + Home over 0.5 goals,"51%, 80%",0.4908,0.4082,1.202,2.04,2.45,SCORE_MATRIX_EXACT,OK,O25,Over 2.5 goals,0.5123,HOME_O05,Home over 0.5 goals,0.7969,,,,New York Red Bulls vs Nashville SC,USA MLS,2026-08-19,LOST,O25=LOST | HOME_O05=LOST,OK,0-1,1.0.0
2,Over 1.5 goals + Under 3.5 goals,"76%, 71%",0.4644,0.5356,0.867,2.15,1.87,SCORE_MATRIX_EXACT,OK,O15,Over 1.5 goals,0.7557,U35,Under 3.5 goals,0.7087,,,,New York Red Bulls vs Nashville SC,USA MLS,2026-08-19,LOST,O15=LOST | U35=WON,OK,0-1,1.0.0
2,Draw or away + Away over 0.5 goals,"52%, 68%",0.4534,0.3514,1.29,2.21,2.85,SCORE_MATRIX_EXACT,OK,X2,Draw or away,0.519,AWAY_O05,Away over 0.5 goals,0.6771,,,,New York Red Bulls vs Nashville SC,USA MLS,2026-08-19,WON,X2=WON | AWAY_O05=WON,OK,0-1,1.0.0
2,Over 2.5 goals + Away over 0.5 goals,"51%, 68%",0.4428,0.3468,1.277,2.26,2.88,SCORE_MATRIX_EXACT,OK,O25,Over 2.5 goals,0.5123,AWAY_O05,Away over 0.5 goals,0.6771,,,,New York Red Bulls vs Nashville SC,USA MLS,2026-08-19,LOST,O25=LOST | AWAY_O05=WON,OK,0-1,1.0.0
2,Home or draw + Home over 1.5 goals,"73%, 47%",0.4416,0.3454,1.279,2.26,2.9,SCORE_MATRIX_EXACT,OK,1X,Home or draw,0.73,HOME_O15,Home over 1.5 goals,0.4731,,,,New York Red Bulls vs Nashville SC,USA MLS,2026-08-19,LOST,1X=LOST | HOME_O15=LOST,OK,0-1,1.0.0
2,Under 3.5 goals + Both teams to score - No,"71%, 46%",0.4296,0.3264,1.316,2.33,3.06,SCORE_MATRIX_EXACT,OK,U35,Under 3.5 goals,0.7087,BTTS_NO,Both teams to score - No,0.4605,,,,New York Red Bulls vs Nashville SC,USA MLS,2026-08-19,WON,U35=WON | BTTS_NO=WON,OK,0-1,1.0.0
2,Over 2.5 goals + Both teams to score,"51%, 54%",0.4213,0.2764,1.524,2.37,3.62,SCORE_MATRIX_EXACT,OK,O25,Over 2.5 goals,0.5123,BTTS,Both teams to score,0.5395,,,,New York Red Bulls vs Nashville SC,USA MLS,2026-08-19,LOST,O25=LOST | BTTS=LOST,OK,0-1,1.0.0
2,Under 3.5 goals + Away over 0.5 goals,"71%, 68%",0.411,0.4799,0.856,2.43,2.08,SCORE_MATRIX_EXACT,OK,U35,Under 3.5 goals,0.7087,AWAY_O05,Away over 0.5 goals,0.6771,,,,New York Red Bulls vs Nashville SC,USA MLS,2026-08-19,WON,U35=WON | AWAY_O05=WON,OK,0-1,1.0.0
2,Both teams to score + Home or draw,"54%, 73%",0.407,0.3938,1.033,2.46,2.54,SCORE_MATRIX_EXACT,OK,BTTS,Both teams to score,0.5395,1X,Home or draw,0.73,,,,New York Red Bulls vs Nashville SC,USA MLS,2026-08-19,LOST,BTTS=LOST | 1X=LOST,OK,0-1,1.0.0
2,Over 1.5 goals + Away over 0.5 goals,"73%, 62%",0.5465,0.455,1.201,1.83,2.2,SCORE_MATRIX_EXACT,OK,O15,Over 1.5 goals,0.7291,AWAY_O05,Away over 0.5 goals,0.624,,,,Hellas Verona vs Ascoli,Serie B,2026-08-23,WON,O15=WON | AWAY_O05=WON,OK,1-2,1.0.0
2,Under 3.5 goals + Home or draw,"73%, 77%",0.545,0.557,0.978,1.83,1.8,SCORE_MATRIX_EXACT,OK,U35,Under 3.5 goals,0.7267,1X,Home or draw,0.7665,,,,Hellas Verona vs Ascoli,Serie B,2026-08-23,LOST,U35=WON | 1X=LOST,OK,1-2,1.0.0
2,Under 3.5 goals + Home over 0.5 goals,"73%, 81%",0.5387,0.5875,0.917,1.86,1.7,SCORE_MATRIX_EXACT,OK,U35,Under 3.5 goals,0.7267,HOME_O05,Home over 0.5 goals,0.8084,,,,Hellas Verona vs Ascoli,Serie B,2026-08-23,WON,U35=WON | HOME_O05=WON,OK,1-2,1.0.0
2,Home over 0.5 goals + Away over 0.5 goals,"81%, 62%",0.4965,0.5045,0.984,2.01,1.98,SCORE_MATRIX_EXACT,OK,HOME_O05,Home over 0.5 goals,0.8084,AWAY_O05,Away over 0.5 goals,0.624,,,,Hellas Verona vs Ascoli,Serie B,2026-08-23,WON,HOME_O05=WON | AWAY_O05=WON,OK,1-2,1.0.0
2,Over 2.5 goals + Home over 0.5 goals,"49%, 81%",0.4771,0.3979,1.199,2.1,2.51,SCORE_MATRIX_EXACT,OK,O25,Over 2.5 goals,0.4922,HOME_O05,Home over 0.5 goals,0.8084,,,,Hellas Verona vs Ascoli,Serie B,2026-08-23,WON,O25=WON | HOME_O05=WON,OK,1-2,1.0.0
2,Under 3.5 goals + Both teams to score - No,"73%, 50%",0.468,0.3659,1.279,2.14,2.73,SCORE_MATRIX_EXACT,OK,U35,Under 3.5 goals,0.7267,BTTS_NO,Both teams to score - No,0.5035,,,,Hellas Verona vs Ascoli,Serie B,2026-08-23,LOST,U35=WON | BTTS_NO=LOST,OK,1-2,1.0.0
2,Home or draw + Home over 1.5 goals,"77%, 49%",0.4682,0.3768,1.243,2.14,2.65,SCORE_MATRIX_EXACT,OK,1X,Home or draw,0.7665,HOME_O15,Home over 1.5 goals,0.4917,,,,Hellas Verona vs Ascoli,Serie B,2026-08-23,LOST,1X=LOST | HOME_O15=LOST,OK,1-2,1.0.0
2,Over 1.5 goals + Under 3.5 goals,"73%, 73%",0.4558,0.5298,0.86,2.19,1.89,SCORE_MATRIX_EXACT,OK,O15,Over 1.5 goals,0.7291,U35,Under 3.5 goals,0.7267,,,,Hellas Verona vs Ascoli,Serie B,2026-08-23,WON,O15=WON | U35=WON,OK,1-2,1.0.0
2,Over 1.5 goals + Home win,"73%, 54%",0.411,0.3939,1.043,2.43,2.54,SCORE_MATRIX_EXACT,OK,O15,Over 1.5 goals,0.7291,HOME,Home win,0.5403,,,,Hellas Verona vs Ascoli,Serie B,2026-08-23,LOST,O15=WON | HOME=LOST,OK,1-2,1.0.0
2,Home win + Home over 1.5 goals,"54%, 49%",0.411,0.2657,1.547,2.43,3.76,SCORE_MATRIX_EXACT,OK,HOME,Home win,0.5403,HOME_O15,Home over 1.5 goals,0.4917,,,,Hellas Verona vs Ascoli,Serie B,2026-08-23,LOST,HOME=LOST | HOME_O15=LOST,OK,1-2,1.0.0
2,Over 2.5 goals + Away over 0.5 goals,"49%, 62%",0.4067,0.3071,1.324,2.46,3.26,SCORE_MATRIX_EXACT,OK,O25,Over 2.5 goals,0.4922,AWAY_O05,Away over 0.5 goals,0.624,,,,Hellas Verona vs Ascoli,Serie B,2026-08-23,WON,O25=WON | AWAY_O05=WON,OK,1-2,1.0.0
2,Under 2.5 goals + Both teams to score - No,"51%, 50%",0.403,0.2557,1.576,2.48,3.91,SCORE_MATRIX_EXACT,OK,U25,Under 2.5 goals,0.5078,BTTS_NO,Both teams to score - No,0.5035,,,,Hellas Verona vs Ascoli,Serie B,2026-08-23,LOST,U25=LOST | BTTS_NO=LOST,OK,1-2,1.0.0
2,Over 1.5 goals + Away over 0.5 goals,"77%, 60%",0.5492,0.465,1.181,1.82,2.15,SCORE_MATRIX_EXACT,OK,O15,Over 1.5 goals,0.7706,AWAY_O05,Away over 0.5 goals,0.6034,,,,Ilves Tampere vs VPS Vaasa,Finland Veikkausliiga,2026-08-22,UNKNOWN,,NO_SCORELINE,,
2,Under 3.5 goals + Home over 0.5 goals,"70%, 84%",0.543,0.5881,0.923,1.84,1.7,SCORE_MATRIX_EXACT,OK,U35,Under 3.5 goals,0.6968,HOME_O05,Home over 0.5 goals,0.844,,,,Ilves Tampere vs VPS Vaasa,Finland Veikkausliiga,2026-08-22,UNKNOWN,,NO_SCORELINE,,
2,Home or draw + Home over 1.5 goals,"82%, 55%",0.5344,0.4555,1.173,1.87,2.2,SCORE_MATRIX_EXACT,OK,1X,Home or draw,0.821,HOME_O15,Home over 1.5 goals,0.5548,,,,Ilves Tampere vs VPS Vaasa,Finland Veikkausliiga,2026-08-22,UNKNOWN,,NO_SCORELINE,,
2,Over 2.5 goals + Home over 0.5 goals,"53%, 84%",0.5151,0.4434,1.162,1.94,2.26,SCORE_MATRIX_EXACT,OK,O25,Over 2.5 goals,0.5254,HOME_O05,Home over 0.5 goals,0.844,,,,Ilves Tampere vs VPS Vaasa,Finland Veikkausliiga,2026-08-22,UNKNOWN,,NO_SCORELINE,,
2,Home over 0.5 goals + Away over 0.5 goals,"84%, 60%",0.5127,0.5093,1.007,1.95,1.96,SCORE_MATRIX_EXACT,OK,HOME_O05,Home over 0.5 goals,0.844,AWAY_O05,Away over 0.5 goals,0.6034,,,,Ilves Tampere vs VPS Vaasa,Finland Veikkausliiga,2026-08-22,UNKNOWN,,NO_SCORELINE,,
2,Over 1.5 goals + Home win,"77%, 59%",0.4795,0.4541,1.056,2.09,2.2,SCORE_MATRIX_EXACT,OK,O15,Over 1.5 goals,0.7706,HOME,Home win,0.5893,,,,Ilves Tampere vs VPS Vaasa,Finland Veikkausliiga,2026-08-22,UNKNOWN,,NO_SCORELINE,,
2,Home win + Home over 1.5 goals,"59%, 55%",0.4795,0.3269,1.467,2.09,3.06,SCORE_MATRIX_EXACT,OK,HOME,Home win,0.5893,HOME_O15,Home over 1.5 goals,0.5548,,,,Ilves Tampere vs VPS Vaasa,Finland Veikkausliiga,2026-08-22,UNKNOWN,,NO_SCORELINE,,
2,Over 1.5 goals + Under 3.5 goals,"77%, 70%",0.4674,0.5369,0.87,2.14,1.86,SCORE_MATRIX_EXACT,OK,O15,Over 1.5 goals,0.7706,U35,Under 3.5 goals,0.6968,,,,Ilves Tampere vs VPS Vaasa,Finland Veikkausliiga,2026-08-22,UNKNOWN,,NO_SCORELINE,,
2,Over 2.5 goals + Home over 1.5 goals,"53%, 55%",0.4473,0.2915,1.535,2.24,3.43,SCORE_MATRIX_EXACT,OK,O25,Over 2.5 goals,0.5254,HOME_O15,Home over 1.5 goals,0.5548,,,,Ilves Tampere vs VPS Vaasa,Finland Veikkausliiga,2026-08-22,UNKNOWN,,NO_SCORELINE,,
2,Under 3.5 goals + Both teams to score - No,"70%, 49%",0.4378,0.3396,1.289,2.28,2.94,SCORE_MATRIX_EXACT,OK,U35,Under 3.5 goals,0.6968,BTTS_NO,Both teams to score - No,0.4873,,,,Ilves Tampere vs VPS Vaasa,Finland Veikkausliiga,2026-08-22,UNKNOWN,,NO_SCORELINE,,
2,Over 2.5 goals + Home or draw,"53%, 82%",0.4269,0.4314,0.99,2.34,2.32,SCORE_MATRIX_EXACT,OK,O25,Over 2.5 goals,0.5254,1X,Home or draw,0.821,,,,Ilves Tampere vs VPS Vaasa,Finland Veikkausliiga,2026-08-22,UNKNOWN,,NO_SCORELINE,,
2,Both teams to score + Home or draw,"51%, 82%",0.4245,0.4209,1.008,2.36,2.38,SCORE_MATRIX_EXACT,OK,BTTS,Both teams to score,0.5127,1X,Home or draw,0.821,,,,Ilves Tampere vs VPS Vaasa,Finland Veikkausliiga,2026-08-22,UNKNOWN,,NO_SCORELINE,,
2,Home over 0.5 goals + Away over 0.5 goals,"77%, 69%",0.5245,0.5327,0.985,1.91,1.88,SCORE_MATRIX_EXACT,OK,HOME_O05,Home over 0.5 goals,0.773,AWAY_O05,Away over 0.5 goals,0.689,,,,HJK Helsinki vs IF Gnistan,Finland Veikkausliiga,2026-08-23,UNKNOWN,,NO_SCORELINE,,
2,Over 1.5 goals + Home or draw,"73%, 69%",0.5151,0.5072,1.015,1.94,1.97,SCORE_MATRIX_EXACT,OK,O15,Over 1.5 goals,0.7339,1X,Home or draw,0.6912,,,,HJK Helsinki vs IF Gnistan,Finland Veikkausliiga,2026-08-23,UNKNOWN,,NO_SCORELINE,,
2,Under 3.5 goals + Home over 0.5 goals,"72%, 77%",0.5011,0.5572,0.899,2.0,1.79,SCORE_MATRIX_EXACT,OK,U35,Under 3.5 goals,0.7208,HOME_O05,Home over 0.5 goals,0.773,,,,HJK Helsinki vs IF Gnistan,Finland Veikkausliiga,2026-08-23,UNKNOWN,,NO_SCORELINE,,
2,Under 3.5 goals + Home or draw,"72%, 69%",0.4916,0.4982,0.987,2.03,2.01,SCORE_MATRIX_EXACT,OK,U35,Under 3.5 goals,0.7208,1X,Home or draw,0.6912,,,,HJK Helsinki vs IF Gnistan,Finland Veikkausliiga,2026-08-23,UNKNOWN,,NO_SCORELINE,,
2,Draw or away + Away over 0.5 goals,"55%, 69%",0.4837,0.3763,1.285,2.07,2.66,SCORE_MATRIX_EXACT,OK,X2,Draw or away,0.5462,AWAY_O05,Away over 0.5 goals,0.689,,,,HJK Helsinki vs IF Gnistan,Finland Veikkausliiga,2026-08-23,UNKNOWN,,NO_SCORELINE,,
2,Over 2.5 goals + Home over 0.5 goals,"50%, 77%",0.4728,0.3857,1.226,2.12,2.59,SCORE_MATRIX_EXACT,OK,O25,Over 2.5 goals,0.499,HOME_O05,Home over 0.5 goals,0.773,,,,HJK Helsinki vs IF Gnistan,Finland Veikkausliiga,2026-08-23,UNKNOWN,,NO_SCORELINE,,
2,Over 1.5 goals + Under 3.5 goals,"73%, 72%",0.4547,0.529,0.86,2.2,1.89,SCORE_MATRIX_EXACT,OK,O15,Over 1.5 goals,0.7339,U35,Under 3.5 goals,0.7208,,,,HJK Helsinki vs IF Gnistan,Finland Veikkausliiga,2026-08-23,UNKNOWN,,NO_SCORELINE,,
2,Under 3.5 goals + Both teams to score - No,"72%, 48%",0.4485,0.3427,1.309,2.23,2.92,SCORE_MATRIX_EXACT,OK,U35,Under 3.5 goals,0.7208,BTTS_NO,Both teams to score - No,0.4755,,,,HJK Helsinki vs IF Gnistan,Finland Veikkausliiga,2026-08-23,UNKNOWN,,NO_SCORELINE,,
2,Over 2.5 goals + Away over 0.5 goals,"50%, 69%",0.441,0.3438,1.283,2.27,2.91,SCORE_MATRIX_EXACT,OK,O25,Over 2.5 goals,0.499,AWAY_O05,Away over 0.5 goals,0.689,,,,HJK Helsinki vs IF Gnistan,Finland Veikkausliiga,2026-08-23,UNKNOWN,,NO_SCORELINE,,
2,Under 3.5 goals + Away over 0.5 goals,"72%, 69%",0.4296,0.4967,0.865,2.33,2.01,SCORE_MATRIX_EXACT,OK,U35,Under 3.5 goals,0.7208,AWAY_O05,Away over 0.5 goals,0.689,,,,HJK Helsinki vs IF Gnistan,Finland Veikkausliiga,2026-08-23,UNKNOWN,,NO_SCORELINE,,
2,Over 2.5 goals + Both teams to score,"50%, 52%",0.4148,0.2617,1.585,2.41,3.82,SCORE_MATRIX_EXACT,OK,O25,Over 2.5 goals,0.499,BTTS,Both teams to score,0.5245,,,,HJK Helsinki vs IF Gnistan,Finland Veikkausliiga,2026-08-23,UNKNOWN,,NO_SCORELINE,,
2,Home or draw + Home over 1.5 goals,"69%, 44%",0.4054,0.3033,1.337,2.47,3.3,SCORE_MATRIX_EXACT,OK,1X,Home or draw,0.6912,HOME_O15,Home over 1.5 goals,0.4388,,,,HJK Helsinki vs IF Gnistan,Finland Veikkausliiga,2026-08-23,UNKNOWN,,NO_SCORELINE,,
2,Over 1.5 goals + Away over 0.5 goals,"74%, 62%",0.555,0.4617,1.202,1.8,2.17,SCORE_MATRIX_EXACT,OK,O15,Over 1.5 goals,0.7425,AWAY_O05,Away over 0.5 goals,0.6218,,,,Hiroshima Sanfrecce FC vs Kawasaki Frontale,Japan J-League,2026-08-22,UNKNOWN,,NO_SCORELINE,,
2,Under 3.5 goals + Home over 0.5 goals,"73%, 81%",0.5434,0.5915,0.919,1.84,1.69,SCORE_MATRIX_EXACT,OK,U35,Under 3.5 goals,0.7314,HOME_O05,Home over 0.5 goals,0.8088,,,,Hiroshima Sanfrecce FC vs Kawasaki Frontale,Japan J-League,2026-08-22,UNKNOWN,,NO_SCORELINE,,
2,Home over 0.5 goals + Away over 0.5 goals,"81%, 62%",0.5069,0.5029,1.008,1.97,1.99,SCORE_MATRIX_EXACT,OK,HOME_O05,Home over 0.5 goals,0.8088,AWAY_O05,Away over 0.5 goals,0.6218,,,,Hiroshima Sanfrecce FC vs Kawasaki Frontale,Japan J-League,2026-08-22,UNKNOWN,,NO_SCORELINE,,
2,Over 1.5 goals + Under 3.5 goals,"74%, 73%",0.4739,0.5431,0.873,2.11,1.84,SCORE_MATRIX_EXACT,OK,O15,Over 1.5 goals,0.7425,U35,Under 3.5 goals,0.7314,,,,Hiroshima Sanfrecce FC vs Kawasaki Frontale,Japan J-League,2026-08-22,UNKNOWN,,NO_SCORELINE,,
2,Over 2.5 goals + Home over 0.5 goals,"49%, 81%",0.4727,0.3938,1.2,2.12,2.54,SCORE_MATRIX_EXACT,OK,O25,Over 2.5 goals,0.4869,HOME_O05,Home over 0.5 goals,0.8088,,,,Hiroshima Sanfrecce FC vs Kawasaki Frontale,Japan J-League,2026-08-22,UNKNOWN,,NO_SCORELINE,,
2,Home or draw + Home over 1.5 goals,"78%, 49%",0.4707,0.386,1.219,2.12,2.59,SCORE_MATRIX_EXACT,OK,1X,Home or draw,0.7835,HOME_O15,Home over 1.5 goals,0.4927,,,,Hiroshima Sanfrecce FC vs Kawasaki Frontale,Japan J-League,2026-08-22,UNKNOWN,,NO_SCORELINE,,
2,Under 3.5 goals + Both teams to score - No,"73%, 49%",0.4569,0.3606,1.267,2.19,2.77,SCORE_MATRIX_EXACT,OK,U35,Under 3.5 goals,0.7314,BTTS_NO,Both teams to score - No,0.4931,,,,Hiroshima Sanfrecce FC vs Kawasaki Frontale,Japan J-League,2026-08-22,UNKNOWN,,NO_SCORELINE,,
2,Over 1.5 goals + Home win,"74%, 53%",0.415,0.3931,1.056,2.41,2.54,SCORE_MATRIX_EXACT,OK,O15,Over 1.5 goals,0.7425,HOME,Home win,0.5294,,,,Hiroshima Sanfrecce FC vs Kawasaki Frontale,Japan J-League,2026-08-22,UNKNOWN,,NO_SCORELINE,,
2,Home win + Home over 1.5 goals,"53%, 49%",0.415,0.2608,1.591,2.41,3.83,SCORE_MATRIX_EXACT,OK,HOME,Home win,0.5294,HOME_O15,Home over 1.5 goals,0.4927,,,,Hiroshima Sanfrecce FC vs Kawasaki Frontale,Japan J-League,2026-08-22,UNKNOWN,,NO_SCORELINE,,
2,Under 2.5 goals + Home or draw,"51%, 78%",0.4124,0.402,1.026,2.42,2.49,SCORE_MATRIX_EXACT,OK,U25,Under 2.5 goals,0.5131,1X,Home or draw,0.7835,,,,Hiroshima Sanfrecce FC vs Kawasaki Frontale,Japan J-League,2026-08-22,UNKNOWN,,NO_SCORELINE,,
2,Both teams to score + Home or draw,"51%, 78%",0.4052,0.3971,1.02,2.47,2.52,SCORE_MATRIX_EXACT,OK,BTTS,Both teams to score,0.5069,1X,Home or draw,0.7835,,,,Hiroshima Sanfrecce FC vs Kawasaki Frontale,Japan J-League,2026-08-22,UNKNOWN,,NO_SCORELINE,,
2,Home or draw + Away over 0.5 goals,"78%, 62%",0.4052,0.4871,0.832,2.47,2.05,SCORE_MATRIX_EXACT,OK,1X,Home or draw,0.7835,AWAY_O05,Away over 0.5 goals,0.6218,,,,Hiroshima Sanfrecce FC vs Kawasaki Frontale,Japan J-League,2026-08-22,UNKNOWN,,NO_SCORELINE,,
2,Over 2.5 goals + Home over 0.5 goals,"54%, 84%",0.5281,0.4551,1.161,1.89,2.2,SCORE_MATRIX_EXACT,OK,O25,Over 2.5 goals,0.541,HOME_O05,Home over 0.5 goals,0.8412,,,,Shanghai Shenhua FC vs Shandong Luneng Taishan FC,China Super League,2026-08-28,UNKNOWN,,NO_SCORELINE,,
2,Under 3.5 goals + Home over 0.5 goals,"68%, 84%",0.5263,0.5738,0.917,1.9,1.74,SCORE_MATRIX_EXACT,OK,U35,Under 3.5 goals,0.6821,HOME_O05,Home over 0.5 goals,0.8412,,,,Shanghai Shenhua FC vs Shandong Luneng Taishan FC,China Super League,2026-08-28,UNKNOWN,,NO_SCORELINE,,
2,Under 3.5 goals + Home or draw,"68%, 79%",0.5247,0.5393,0.973,1.91,1.85,SCORE_MATRIX_EXACT,OK,U35,Under 3.5 goals,0.6821,1X,Home or draw,0.7906,,,,Shanghai Shenhua FC vs Shandong Luneng Taishan FC,China Super League,2026-08-28,UNKNOWN,,NO_SCORELINE,,
2,Home or draw + Home over 1.5 goals,"79%, 55%",0.5237,0.434,1.207,1.91,2.3,SCORE_MATRIX_EXACT,OK,1X,Home or draw,0.7906,HOME_O15,Home over 1.5 goals,0.549,,,,Shanghai Shenhua FC vs Shandong Luneng Taishan FC,China Super League,2026-08-28,UNKNOWN,,NO_SCORELINE,,
2,Home over 0.5 goals + Away over 0.5 goals,"84%, 63%",0.5223,0.5289,0.988,1.91,1.89,SCORE_MATRIX_EXACT,OK,HOME_O05,Home over 0.5 goals,0.8412,AWAY_O05,Away over 0.5 goals,0.6287,,,,Shanghai Shenhua FC vs Shandong Luneng Taishan FC,China Super League,2026-08-28,UNKNOWN,,NO_SCORELINE,,
2,Over 1.5 goals + Home win,"77%, 58%",0.4626,0.4443,1.041,2.16,2.25,SCORE_MATRIX_EXACT,OK,O15,Over 1.5 goals,0.7656,HOME,Home win,0.5804,,,,Shanghai Shenhua FC vs Shandong Luneng Taishan FC,China Super League,2026-08-28,UNKNOWN,,NO_SCORELINE,,
2,Home win + Home over 1.5 goals,"58%, 55%",0.4626,0.3186,1.452,2.16,3.14,SCORE_MATRIX_EXACT,OK,HOME,Home win,0.5804,HOME_O15,Home over 1.5 goals,0.549,,,,Shanghai Shenhua FC vs Shandong Luneng Taishan FC,China Super League,2026-08-28,UNKNOWN,,NO_SCORELINE,,
2,Over 2.5 goals + Home over 1.5 goals,"54%, 55%",0.4505,0.297,1.517,2.22,3.37,SCORE_MATRIX_EXACT,OK,O25,Over 2.5 goals,0.541,HOME_O15,Home over 1.5 goals,0.549,,,,Shanghai Shenhua FC vs Shandong Luneng Taishan FC,China Super League,2026-08-28,UNKNOWN,,NO_SCORELINE,,
2,Over 1.5 goals + Under 3.5 goals,"77%, 68%",0.4477,0.5222,0.857,2.23,1.91,SCORE_MATRIX_EXACT,OK,O15,Over 1.5 goals,0.7656,U35,Under 3.5 goals,0.6821,,,,Shanghai Shenhua FC vs Shandong Luneng Taishan FC,China Super League,2026-08-28,UNKNOWN,,NO_SCORELINE,,
2,Over 2.5 goals + Away over 0.5 goals,"54%, 63%",0.4384,0.3402,1.289,2.28,2.94,SCORE_MATRIX_EXACT,OK,O25,Over 2.5 goals,0.541,AWAY_O05,Away over 0.5 goals,0.6287,,,,Shanghai Shenhua FC vs Shandong Luneng Taishan FC,China Super League,2026-08-28,UNKNOWN,,NO_SCORELINE,,
2,Under 3.5 goals + Both teams to score - No,"68%, 48%",0.4325,0.3259,1.327,2.31,3.07,SCORE_MATRIX_EXACT,OK,U35,Under 3.5 goals,0.6821,BTTS_NO,Both teams to score - No,0.4777,,,,Shanghai Shenhua FC vs Shandong Luneng Taishan FC,China Super League,2026-08-28,UNKNOWN,,NO_SCORELINE,,
2,Over 2.5 goals + Both teams to score,"54%, 52%",0.4255,0.2825,1.506,2.35,3.54,SCORE_MATRIX_EXACT,OK,O25,Over 2.5 goals,0.541,BTTS,Both teams to score,0.5223,,,,Shanghai Shenhua FC vs Shandong Luneng Taishan FC,China Super League,2026-08-28,UNKNOWN,,NO_SCORELINE,,
2,Under 3.5 goals + Home over 0.5 goals,"74%, 78%",0.5323,0.5831,0.913,1.88,1.71,SCORE_MATRIX_EXACT,OK,U35,Under 3.5 goals,0.7449,HOME_O05,Home over 0.5 goals,0.7828,,,,Galway United vs Shelbourne Dublin,Ireland Premier Division,2026-08-28,UNKNOWN,,NO_SCORELINE,,
2,Home over 0.5 goals + Away over 0.5 goals,"78%, 65%",0.5225,0.5094,1.026,1.91,1.96,SCORE_MATRIX_EXACT,OK,HOME_O05,Home over 0.5 goals,0.7828,AWAY_O05,Away over 0.5 goals,0.6507,,,,Galway United vs Shelbourne Dublin,Ireland Premier Division,2026-08-28,UNKNOWN,,NO_SCORELINE,,
2,Over 1.5 goals + Under 3.5 goals,"74%, 74%",0.4877,0.5533,0.881,2.05,1.81,SCORE_MATRIX_EXACT,OK,O15,Over 1.5 goals,0.7428,U35,Under 3.5 goals,0.7449,,,,Galway United vs Shelbourne Dublin,Ireland Premier Division,2026-08-28,UNKNOWN,,NO_SCORELINE,,
2,Over 2.5 goals + Home over 0.5 goals,"47%, 78%",0.4524,0.3689,1.226,2.21,2.71,SCORE_MATRIX_EXACT,OK,O25,Over 2.5 goals,0.4712,HOME_O05,Home over 0.5 goals,0.7828,,,,Galway United vs Shelbourne Dublin,Ireland Premier Division,2026-08-28,UNKNOWN,,NO_SCORELINE,,
2,Under 3.5 goals + Both teams to score - No,"74%, 48%",0.4485,0.3557,1.261,2.23,2.81,SCORE_MATRIX_EXACT,OK,U35,Under 3.5 goals,0.7449,BTTS_NO,Both teams to score - No,0.4775,,,,Galway United vs Shelbourne Dublin,Ireland Premier Division,2026-08-28,UNKNOWN,,NO_SCORELINE,,
2,Draw or away + Away over 0.5 goals,"53%, 65%",0.4427,0.346,1.28,2.26,2.89,SCORE_MATRIX_EXACT,OK,X2,Draw or away,0.5316,AWAY_O05,Away over 0.5 goals,0.6507,,,,Galway United vs Shelbourne Dublin,Ireland Premier Division,2026-08-28,UNKNOWN,,NO_SCORELINE,,
2,Home or draw + Home over 1.5 goals,"76%, 45%",0.4255,0.3401,1.251,2.35,2.94,SCORE_MATRIX_EXACT,OK,1X,Home or draw,0.755,HOME_O15,Home over 1.5 goals,0.4504,,,,Galway United vs Shelbourne Dublin,Ireland Premier Division,2026-08-28,UNKNOWN,,NO_SCORELINE,,
2,Under 3.5 goals + Away over 0.5 goals,"74%, 65%",0.42,0.4847,0.867,2.38,2.06,SCORE_MATRIX_EXACT,OK,U35,Under 3.5 goals,0.7449,AWAY_O05,Away over 0.5 goals,0.6507,,,,Galway United vs Shelbourne Dublin,Ireland Premier Division,2026-08-28,UNKNOWN,,NO_SCORELINE,,
2,Under 2.5 goals + Home or draw,"53%, 76%",0.4194,0.3992,1.051,2.38,2.5,SCORE_MATRIX_EXACT,OK,U25,Under 2.5 goals,0.5288,1X,Home or draw,0.755,,,,Galway United vs Shelbourne Dublin,Ireland Premier Division,2026-08-28,UNKNOWN,,NO_SCORELINE,,
2,Under 3.5 goals + Draw or away,"74%, 53%",0.416,0.396,1.05,2.4,2.53,SCORE_MATRIX_EXACT,OK,U35,Under 3.5 goals,0.7449,X2,Draw or away,0.5316,,,,Galway United vs Shelbourne Dublin,Ireland Premier Division,2026-08-28,UNKNOWN,,NO_SCORELINE,,
2,Both teams to score + Home or draw,"52%, 76%",0.4057,0.3945,1.029,2.46,2.54,SCORE_MATRIX_EXACT,OK,BTTS,Both teams to score,0.5225,1X,Home or draw,0.755,,,,Galway United vs Shelbourne Dublin,Ireland Premier Division,2026-08-28,UNKNOWN,,NO_SCORELINE,,
2,Home or draw + Away over 0.5 goals,"76%, 65%",0.4057,0.4913,0.826,2.46,2.04,SCORE_MATRIX_EXACT,OK,1X,Home or draw,0.755,AWAY_O05,Away over 0.5 goals,0.6507,,,,Galway United vs Shelbourne Dublin,Ireland Premier Division,2026-08-28,UNKNOWN,,NO_SCORELINE,,
2,Under 3.5 goals + Home or draw,"82%, 66%",0.5473,0.5408,1.012,1.83,1.85,SCORE_MATRIX_EXACT,OK,U35,Under 3.5 goals,0.8159,1X,Home or draw,0.6629,,,,Sarmiento de Junin vs Estudiantes,Argentina Primera Division,2026-08-23,UNKNOWN,,NO_SCORELINE,,
2,Under 3.5 goals + Draw or away,"82%, 66%",0.5476,0.5412,1.012,1.83,1.85,SCORE_MATRIX_EXACT,OK,U35,Under 3.5 goals,0.8159,X2,Draw or away,0.6634,,,,Sarmiento de Junin vs Estudiantes,Argentina Primera Division,2026-08-23,UNKNOWN,,NO_SCORELINE,,
2,Home or draw + Home over 0.5 goals,"66%, 67%",0.5377,0.4453,1.208,1.86,2.25,SCORE_MATRIX_EXACT,OK,1X,Home or draw,0.6629,HOME_O05,Home over 0.5 goals,0.6718,,,,Sarmiento de Junin vs Estudiantes,Argentina Primera Division,2026-08-23,UNKNOWN,,NO_SCORELINE,,
2,Draw or away + Away over 0.5 goals,"66%, 67%",0.5382,0.4458,1.207,1.86,2.24,SCORE_MATRIX_EXACT,OK,X2,Draw or away,0.6634,AWAY_O05,Away over 0.5 goals,0.6721,,,,Sarmiento de Junin vs Estudiantes,Argentina Primera Division,2026-08-23,UNKNOWN,,NO_SCORELINE,,
2,Under 3.5 goals + Both teams to score - No,"82%, 53%",0.5136,0.4332,1.185,1.95,2.31,SCORE_MATRIX_EXACT,OK,U35,Under 3.5 goals,0.8159,BTTS_NO,Both teams to score - No,0.531,,,,Sarmiento de Junin vs Estudiantes,Argentina Primera Division,2026-08-23,UNKNOWN,,NO_SCORELINE,,
2,Under 3.5 goals + Home over 0.5 goals,"82%, 67%",0.4964,0.5481,0.906,2.01,1.82,SCORE_MATRIX_EXACT,OK,U35,Under 3.5 goals,0.8159,HOME_O05,Home over 0.5 goals,0.6718,,,,Sarmiento de Junin vs Estudiantes,Argentina Primera Division,2026-08-23,UNKNOWN,,NO_SCORELINE,,
2,Under 3.5 goals + Away over 0.5 goals,"82%, 67%",0.4966,0.5483,0.906,2.01,1.82,SCORE_MATRIX_EXACT,OK,U35,Under 3.5 goals,0.8159,AWAY_O05,Away over 0.5 goals,0.6721,,,,Sarmiento de Junin vs Estudiantes,Argentina Primera Division,2026-08-23,UNKNOWN,,NO_SCORELINE,,
2,Over 1.5 goals + Under 3.5 goals,"67%, 82%",0.4856,0.5464,0.889,2.06,1.83,SCORE_MATRIX_EXACT,OK,O15,Over 1.5 goals,0.6697,U35,Under 3.5 goals,0.8159,,,,Sarmiento de Junin vs Estudiantes,Argentina Primera Division,2026-08-23,UNKNOWN,,NO_SCORELINE,,
2,Home over 0.5 goals + Away over 0.5 goals,"67%, 67%",0.469,0.4515,1.039,2.13,2.21,SCORE_MATRIX_EXACT,OK,HOME_O05,Home over 0.5 goals,0.6718,AWAY_O05,Away over 0.5 goals,0.6721,,,,Sarmiento de Junin vs Estudiantes,Argentina Primera Division,2026-08-23,UNKNOWN,,NO_SCORELINE,,
2,Under 2.5 goals + Both teams to score - No,"62%, 53%",0.4641,0.3282,1.414,2.15,3.05,SCORE_MATRIX_EXACT,OK,U25,Under 2.5 goals,0.618,BTTS_NO,Both teams to score - No,0.531,,,,Sarmiento de Junin vs Estudiantes,Argentina Primera Division,2026-08-23,UNKNOWN,,NO_SCORELINE,,
2,Under 2.5 goals + Home or draw,"62%, 66%",0.4484,0.4097,1.095,2.23,2.44,SCORE_MATRIX_EXACT,OK,U25,Under 2.5 goals,0.618,1X,Home or draw,0.6629,,,,Sarmiento de Junin vs Estudiantes,Argentina Primera Division,2026-08-23,UNKNOWN,,NO_SCORELINE,,
2,Under 2.5 goals + Draw or away,"62%, 66%",0.4486,0.41,1.094,2.23,2.44,SCORE_MATRIX_EXACT,OK,U25,Under 2.5 goals,0.618,X2,Draw or away,0.6634,,,,Sarmiento de Junin vs Estudiantes,Argentina Primera Division,2026-08-23,UNKNOWN,,NO_SCORELINE,,
2,Home over 0.5 goals + Away over 0.5 goals,"80%, 68%",0.5357,0.5431,0.986,1.87,1.84,SCORE_MATRIX_EXACT,OK,HOME_O05,Home over 0.5 goals,0.802,AWAY_O05,Away over 0.5 goals,0.6771,,,,AC Horsens vs Viborg FF,Denmark Superliga,2026-08-28,UNKNOWN,,NO_SCORELINE,,
2,Under 3.5 goals + Home over 0.5 goals,"70%, 80%",0.5066,0.5605,0.904,1.97,1.78,SCORE_MATRIX_EXACT,OK,U35,Under 3.5 goals,0.6988,HOME_O05,Home over 0.5 goals,0.802,,,,AC Horsens vs Viborg FF,Denmark Superliga,2026-08-28,UNKNOWN,,NO_SCORELINE,,
2,Over 2.5 goals + Home over 0.5 goals,"52%, 80%",0.5018,0.4196,1.196,1.99,2.38,SCORE_MATRIX_EXACT,OK,O25,Over 2.5 goals,0.5232,HOME_O05,Home over 0.5 goals,0.802,,,,AC Horsens vs Viborg FF,Denmark Superliga,2026-08-28,UNKNOWN,,NO_SCORELINE,,
2,Under 3.5 goals + Home or draw,"70%, 72%",0.4964,0.5063,0.981,2.01,1.98,SCORE_MATRIX_EXACT,OK,U35,Under 3.5 goals,0.6988,1X,Home or draw,0.7244,,,,AC Horsens vs Viborg FF,Denmark Superliga,2026-08-28,UNKNOWN,,NO_SCORELINE,,
2,Over 2.5 goals + Away over 0.5 goals,"52%, 68%",0.4521,0.3543,1.276,2.21,2.82,SCORE_MATRIX_EXACT,OK,O25,Over 2.5 goals,0.5232,AWAY_O05,Away over 0.5 goals,0.6771,,,,AC Horsens vs Viborg FF,Denmark Superliga,2026-08-28,UNKNOWN,,NO_SCORELINE,,
2,Over 1.5 goals + Under 3.5 goals,"75%, 70%",0.451,0.5257,0.858,2.22,1.9,SCORE_MATRIX_EXACT,OK,O15,Over 1.5 goals,0.7522,U35,Under 3.5 goals,0.6988,,,,AC Horsens vs Viborg FF,Denmark Superliga,2026-08-28,UNKNOWN,,NO_SCORELINE,,
2,Home or draw + Home over 1.5 goals,"72%, 48%",0.4506,0.3501,1.287,2.22,2.86,SCORE_MATRIX_EXACT,OK,1X,Home or draw,0.7244,HOME_O15,Home over 1.5 goals,0.4833,,,,AC Horsens vs Viborg FF,Denmark Superliga,2026-08-28,UNKNOWN,,NO_SCORELINE,,
2,Draw or away + Away over 0.5 goals,"50%, 68%",0.4474,0.3412,1.311,2.24,2.93,SCORE_MATRIX_EXACT,OK,X2,Draw or away,0.5039,AWAY_O05,Away over 0.5 goals,0.6771,,,,AC Horsens vs Viborg FF,Denmark Superliga,2026-08-28,UNKNOWN,,NO_SCORELINE,,
2,Under 3.5 goals + Both teams to score - No,"70%, 46%",0.4323,0.3245,1.332,2.31,3.08,SCORE_MATRIX_EXACT,OK,U35,Under 3.5 goals,0.6988,BTTS_NO,Both teams to score - No,0.4643,,,,AC Horsens vs Viborg FF,Denmark Superliga,2026-08-28,UNKNOWN,,NO_SCORELINE,,
2,Over 2.5 goals + Both teams to score,"52%, 54%",0.4307,0.2803,1.537,2.32,3.57,SCORE_MATRIX_EXACT,OK,O25,Over 2.5 goals,0.5232,BTTS,Both teams to score,0.5357,,,,AC Horsens vs Viborg FF,Denmark Superliga,2026-08-28,UNKNOWN,,NO_SCORELINE,,
2,Under 3.5 goals + Away over 0.5 goals,"70%, 68%",0.4022,0.4732,0.85,2.49,2.11,SCORE_MATRIX_EXACT,OK,U35,Under 3.5 goals,0.6988,AWAY_O05,Away over 0.5 goals,0.6771,,,,AC Horsens vs Viborg FF,Denmark Superliga,2026-08-28,UNKNOWN,,NO_SCORELINE,,
2,Both teams to score + Home or draw,"54%, 72%",0.4016,0.3881,1.035,2.49,2.58,SCORE_MATRIX_EXACT,OK,BTTS,Both teams to score,0.5357,1X,Home or draw,0.7244,,,,AC Horsens vs Viborg FF,Denmark Superliga,2026-08-28,UNKNOWN,,NO_SCORELINE,,
2,Draw or away + Away over 0.5 goals,"64%, 71%",0.5523,0.4586,1.204,1.81,2.18,SCORE_MATRIX_EXACT,OK,X2,Draw or away,0.644,AWAY_O05,Away over 0.5 goals,0.712,,,,Coritiba vs Corinthians,Brazil Serie A,2026-08-23,LOST,X2=LOST | AWAY_O05=WON,OK,2-1,1.0.0
2,Home over 0.5 goals + Away over 0.5 goals,"71%, 71%",0.5183,0.5087,1.019,1.93,1.97,SCORE_MATRIX_EXACT,OK,HOME_O05,Home over 0.5 goals,0.7145,AWAY_O05,Away over 0.5 goals,0.712,,,,Coritiba vs Corinthians,Brazil Serie A,2026-08-23,WON,HOME_O05=WON | AWAY_O05=WON,OK,2-1,1.0.0
2,Under 3.5 goals + Home or draw,"76%, 65%",0.4986,0.4934,1.011,2.01,2.03,SCORE_MATRIX_EXACT,OK,U35,Under 3.5 goals,0.7612,1X,Home or draw,0.6482,,,,Coritiba vs Corinthians,Brazil Serie A,2026-08-23,WON,U35=WON | 1X=WON,OK,2-1,1.0.0
2,Under 3.5 goals + Draw or away,"76%, 64%",0.4959,0.4903,1.011,2.02,2.04,SCORE_MATRIX_EXACT,OK,U35,Under 3.5 goals,0.7612,X2,Draw or away,0.644,,,,Coritiba vs Corinthians,Brazil Serie A,2026-08-23,LOST,U35=WON | X2=LOST,OK,2-1,1.0.0
2,Under 3.5 goals + Home over 0.5 goals,"76%, 71%",0.4864,0.5439,0.894,2.06,1.84,SCORE_MATRIX_EXACT,OK,U35,Under 3.5 goals,0.7612,HOME_O05,Home over 0.5 goals,0.7145,,,,Coritiba vs Corinthians,Brazil Serie A,2026-08-23,WON,U35=WON | HOME_O05=WON,OK,2-1,1.0.0
2,Over 1.5 goals + Under 3.5 goals,"72%, 76%",0.483,0.5495,0.879,2.07,1.82,SCORE_MATRIX_EXACT,OK,O15,Over 1.5 goals,0.7218,U35,Under 3.5 goals,0.7612,,,,Coritiba vs Corinthians,Brazil Serie A,2026-08-23,WON,O15=WON | U35=WON,OK,2-1,1.0.0
2,Under 3.5 goals + Away over 0.5 goals,"76%, 71%",0.4843,0.542,0.893,2.07,1.84,SCORE_MATRIX_EXACT,OK,U35,Under 3.5 goals,0.7612,AWAY_O05,Away over 0.5 goals,0.712,,,,Coritiba vs Corinthians,Brazil Serie A,2026-08-23,WON,U35=WON | AWAY_O05=WON,OK,2-1,1.0.0
2,Over 1.5 goals + Home or draw,"72%, 65%",0.4628,0.4678,0.989,2.16,2.14,SCORE_MATRIX_EXACT,OK,O15,Over 1.5 goals,0.7218,1X,Home or draw,0.6482,,,,Coritiba vs Corinthians,Brazil Serie A,2026-08-23,WON,O15=WON | 1X=WON,OK,2-1,1.0.0
2,Under 3.5 goals + Both teams to score - No,"76%, 48%",0.4601,0.3667,1.255,2.17,2.73,SCORE_MATRIX_EXACT,OK,U35,Under 3.5 goals,0.7612,BTTS_NO,Both teams to score - No,0.4817,,,,Coritiba vs Corinthians,Brazil Serie A,2026-08-23,LOST,U35=WON | BTTS_NO=LOST,OK,2-1,1.0.0
2,Over 1.5 goals + Draw or away,"72%, 64%",0.4594,0.4649,0.988,2.18,2.15,SCORE_MATRIX_EXACT,OK,O15,Over 1.5 goals,0.7218,X2,Draw or away,0.644,,,,Coritiba vs Corinthians,Brazil Serie A,2026-08-23,LOST,O15=WON | X2=LOST,OK,2-1,1.0.0
2,Over 2.5 goals + Home over 0.5 goals,"45%, 71%",0.4147,0.3227,1.285,2.41,3.1,SCORE_MATRIX_EXACT,OK,O25,Over 2.5 goals,0.4517,HOME_O05,Home over 0.5 goals,0.7145,,,,Coritiba vs Corinthians,Brazil Serie A,2026-08-23,WON,O25=WON | HOME_O05=WON,OK,2-1,1.0.0
2,Over 2.5 goals + Away over 0.5 goals,"45%, 71%",0.4138,0.3216,1.287,2.42,3.11,SCORE_MATRIX_EXACT,OK,O25,Over 2.5 goals,0.4517,AWAY_O05,Away over 0.5 goals,0.712,,,,Coritiba vs Corinthians,Brazil Serie A,2026-08-23,WON,O25=WON | AWAY_O05=WON,OK,2-1,1.0.0
2,Home or draw + Home over 0.5 goals,"66%, 70%",0.549,0.4576,1.2,1.82,2.19,SCORE_MATRIX_EXACT,OK,1X,Home or draw,0.6577,HOME_O05,Home over 0.5 goals,0.6958,,,,Estudiantes de Río Cuarto vs San Lorenzo,Argentina Primera Division,2026-08-21,UNKNOWN,,NO_SCORELINE,,
2,Draw or away + Away over 0.5 goals,"66%, 69%",0.5469,0.4553,1.201,1.83,2.2,SCORE_MATRIX_EXACT,OK,X2,Draw or away,0.6556,AWAY_O05,Away over 0.5 goals,0.6945,,,,Estudiantes de Río Cuarto vs San Lorenzo,Argentina Primera Division,2026-08-21,UNKNOWN,,NO_SCORELINE,,
2,Under 3.5 goals + Home or draw,"79%, 66%",0.5244,0.5179,1.013,1.91,1.93,SCORE_MATRIX_EXACT,OK,U35,Under 3.5 goals,0.7875,1X,Home or draw,0.6577,,,,Estudiantes de Río Cuarto vs San Lorenzo,Argentina Primera Division,2026-08-21,UNKNOWN,,NO_SCORELINE,,
2,Under 3.5 goals + Draw or away,"79%, 66%",0.5229,0.5162,1.013,1.91,1.94,SCORE_MATRIX_EXACT,OK,U35,Under 3.5 goals,0.7875,X2,Draw or away,0.6556,,,,Estudiantes de Río Cuarto vs San Lorenzo,Argentina Primera Division,2026-08-21,UNKNOWN,,NO_SCORELINE,,
2,Home over 0.5 goals + Away over 0.5 goals,"70%, 69%",0.499,0.4832,1.033,2.0,2.07,SCORE_MATRIX_EXACT,OK,HOME_O05,Home over 0.5 goals,0.6958,AWAY_O05,Away over 0.5 goals,0.6945,,,,Estudiantes de Río Cuarto vs San Lorenzo,Argentina Primera Division,2026-08-21,UNKNOWN,,NO_SCORELINE,,
2,Under 3.5 goals + Home over 0.5 goals,"79%, 70%",0.493,0.5479,0.9,2.03,1.83,SCORE_MATRIX_EXACT,OK,U35,Under 3.5 goals,0.7875,HOME_O05,Home over 0.5 goals,0.6958,,,,Estudiantes de Río Cuarto vs San Lorenzo,Argentina Primera Division,2026-08-21,UNKNOWN,,NO_SCORELINE,,
2,Under 3.5 goals + Away over 0.5 goals,"79%, 69%",0.4919,0.5469,0.899,2.03,1.83,SCORE_MATRIX_EXACT,OK,U35,Under 3.5 goals,0.7875,AWAY_O05,Away over 0.5 goals,0.6945,,,,Estudiantes de Río Cuarto vs San Lorenzo,Argentina Primera Division,2026-08-21,UNKNOWN,,NO_SCORELINE,,
2,Over 1.5 goals + Under 3.5 goals,"70%, 79%",0.4893,0.5526,0.885,2.04,1.81,SCORE_MATRIX_EXACT,OK,O15,Over 1.5 goals,0.7018,U35,Under 3.5 goals,0.7875,,,,Estudiantes de Río Cuarto vs San Lorenzo,Argentina Primera Division,2026-08-21,UNKNOWN,,NO_SCORELINE,,
2,Under 3.5 goals + Both teams to score - No,"79%, 50%",0.4813,0.3945,1.22,2.08,2.53,SCORE_MATRIX_EXACT,OK,U35,Under 3.5 goals,0.7875,BTTS_NO,Both teams to score - No,0.501,,,,Estudiantes de Río Cuarto vs San Lorenzo,Argentina Primera Division,2026-08-21,UNKNOWN,,NO_SCORELINE,,
2,Over 1.5 goals + Home or draw,"70%, 66%",0.4541,0.4616,0.984,2.2,2.17,SCORE_MATRIX_EXACT,OK,O15,Over 1.5 goals,0.7018,1X,Home or draw,0.6577,,,,Estudiantes de Río Cuarto vs San Lorenzo,Argentina Primera Division,2026-08-21,UNKNOWN,,NO_SCORELINE,,
2,Over 1.5 goals + Draw or away,"70%, 66%",0.4523,0.4601,0.983,2.21,2.17,SCORE_MATRIX_EXACT,OK,O15,Over 1.5 goals,0.7018,X2,Draw or away,0.6556,,,,Estudiantes de Río Cuarto vs San Lorenzo,Argentina Primera Division,2026-08-21,UNKNOWN,,NO_SCORELINE,,
2,Under 2.5 goals + Both teams to score - No,"58%, 50%",0.4296,0.291,1.477,2.33,3.44,SCORE_MATRIX_EXACT,OK,U25,Under 2.5 goals,0.5808,BTTS_NO,Both teams to score - No,0.501,,,,Estudiantes de Río Cuarto vs San Lorenzo,Argentina Primera Division,2026-08-21,UNKNOWN,,NO_SCORELINE,,
2,Draw or away + Away over 0.5 goals,"63%, 69%",0.529,0.436,1.213,1.89,2.29,SCORE_MATRIX_EXACT,OK,X2,Draw or away,0.6297,AWAY_O05,Away over 0.5 goals,0.6924,,,,West Bromwich Albion vs Burnley,Championship,2026-08-23,UNKNOWN,,NO_SCORELINE,,
2,Under 3.5 goals + Home or draw,"77%, 68%",0.5263,0.5221,1.008,1.9,1.92,SCORE_MATRIX_EXACT,OK,U35,Under 3.5 goals,0.7717,1X,Home or draw,0.6766,,,,West Bromwich Albion vs Burnley,Championship,2026-08-23,UNKNOWN,,NO_SCORELINE,,
2,Home over 0.5 goals + Away over 0.5 goals,"72%, 69%",0.5139,0.499,1.03,1.95,2.0,SCORE_MATRIX_EXACT,OK,HOME_O05,Home over 0.5 goals,0.7207,AWAY_O05,Away over 0.5 goals,0.6924,,,,West Bromwich Albion vs Burnley,Championship,2026-08-23,UNKNOWN,,NO_SCORELINE,,
2,Under 3.5 goals + Home over 0.5 goals,"77%, 72%",0.5011,0.5562,0.901,2.0,1.8,SCORE_MATRIX_EXACT,OK,U35,Under 3.5 goals,0.7717,HOME_O05,Home over 0.5 goals,0.7207,,,,West Bromwich Albion vs Burnley,Championship,2026-08-23,UNKNOWN,,NO_SCORELINE,,
2,Under 3.5 goals + Draw or away,"77%, 63%",0.4952,0.486,1.019,2.02,2.06,SCORE_MATRIX_EXACT,OK,U35,Under 3.5 goals,0.7717,X2,Draw or away,0.6297,,,,West Bromwich Albion vs Burnley,Championship,2026-08-23,UNKNOWN,,NO_SCORELINE,,
2,Over 1.5 goals + Under 3.5 goals,"72%, 77%",0.4896,0.554,0.884,2.04,1.8,SCORE_MATRIX_EXACT,OK,O15,Over 1.5 goals,0.7179,U35,Under 3.5 goals,0.7717,,,,West Bromwich Albion vs Burnley,Championship,2026-08-23,UNKNOWN,,NO_SCORELINE,,
2,Over 1.5 goals + Home or draw,"72%, 68%",0.4814,0.4857,0.991,2.08,2.06,SCORE_MATRIX_EXACT,OK,O15,Over 1.5 goals,0.7179,1X,Home or draw,0.6766,,,,West Bromwich Albion vs Burnley,Championship,2026-08-23,UNKNOWN,,NO_SCORELINE,,
2,Under 3.5 goals + Away over 0.5 goals,"77%, 69%",0.4765,0.5343,0.892,2.1,1.87,SCORE_MATRIX_EXACT,OK,U35,Under 3.5 goals,0.7717,AWAY_O05,Away over 0.5 goals,0.6924,,,,West Bromwich Albion vs Burnley,Championship,2026-08-23,UNKNOWN,,NO_SCORELINE,,
2,Under 3.5 goals + Both teams to score - No,"77%, 49%",0.465,0.3752,1.239,2.15,2.67,SCORE_MATRIX_EXACT,OK,U35,Under 3.5 goals,0.7717,BTTS_NO,Both teams to score - No,0.4861,,,,West Bromwich Albion vs Burnley,Championship,2026-08-23,UNKNOWN,,NO_SCORELINE,,
2,Over 1.5 goals + Draw or away,"72%, 63%",0.442,0.4521,0.978,2.26,2.21,SCORE_MATRIX_EXACT,OK,O15,Over 1.5 goals,0.7179,X2,Draw or away,0.6297,,,,West Bromwich Albion vs Burnley,Championship,2026-08-23,UNKNOWN,,NO_SCORELINE,,
2,Under 2.5 goals + Home or draw,"56%, 68%",0.4145,0.3796,1.092,2.41,2.63,SCORE_MATRIX_EXACT,OK,U25,Under 2.5 goals,0.5611,1X,Home or draw,0.6766,,,,West Bromwich Albion vs Burnley,Championship,2026-08-23,UNKNOWN,,NO_SCORELINE,,
2,Under 2.5 goals + Both teams to score - No,"56%, 49%",0.4121,0.2728,1.511,2.43,3.67,SCORE_MATRIX_EXACT,OK,U25,Under 2.5 goals,0.5611,BTTS_NO,Both teams to score - No,0.4861,,,,West Bromwich Albion vs Burnley,Championship,2026-08-23,UNKNOWN,,NO_SCORELINE,,
2,Home or draw + Home over 0.5 goals,"63%, 70%",0.5465,0.4383,1.247,1.83,2.28,SCORE_MATRIX_EXACT,OK,1X,Home or draw,0.6272,HOME_O05,Home over 0.5 goals,0.6989,,,,Botafogo vs Atletico Paranaense,Brazil Serie A,2026-08-24,LOST,1X=LOST | HOME_O05=WON,OK,2-3,1.0.0
2,Draw or away + Away over 0.5 goals,"63%, 70%",0.546,0.4378,1.247,1.83,2.28,SCORE_MATRIX_EXACT,OK,X2,Draw or away,0.6267,AWAY_O05,Away over 0.5 goals,0.6986,,,,Botafogo vs Atletico Paranaense,Brazil Serie A,2026-08-24,WON,X2=WON | AWAY_O05=WON,OK,2-3,1.0.0
2,Under 3.5 goals + Both teams to score - No,"78%, 52%",0.5013,0.405,1.238,1.99,2.47,SCORE_MATRIX_EXACT,OK,U35,Under 3.5 goals,0.776,BTTS_NO,Both teams to score - No,0.5219,,,,Botafogo vs Atletico Paranaense,Brazil Serie A,2026-08-24,LOST,U35=LOST | BTTS_NO=LOST,OK,2-3,1.0.0
2,Under 3.5 goals + Home or draw,"78%, 63%",0.4872,0.4867,1.001,2.05,2.05,SCORE_MATRIX_EXACT,OK,U35,Under 3.5 goals,0.776,1X,Home or draw,0.6272,,,,Botafogo vs Atletico Paranaense,Brazil Serie A,2026-08-24,LOST,U35=LOST | 1X=LOST,OK,2-3,1.0.0
2,Under 3.5 goals + Draw or away,"78%, 63%",0.4868,0.4863,1.001,2.05,2.06,SCORE_MATRIX_EXACT,OK,U35,Under 3.5 goals,0.776,X2,Draw or away,0.6267,,,,Botafogo vs Atletico Paranaense,Brazil Serie A,2026-08-24,LOST,U35=LOST | X2=WON,OK,2-3,1.0.0
2,Under 3.5 goals + Home over 0.5 goals,"78%, 70%",0.4851,0.5423,0.895,2.06,1.84,SCORE_MATRIX_EXACT,OK,U35,Under 3.5 goals,0.776,HOME_O05,Home over 0.5 goals,0.6989,,,,Botafogo vs Atletico Paranaense,Brazil Serie A,2026-08-24,LOST,U35=LOST | HOME_O05=WON,OK,2-3,1.0.0
2,Under 3.5 goals + Away over 0.5 goals,"78%, 70%",0.4849,0.5421,0.894,2.06,1.84,SCORE_MATRIX_EXACT,OK,U35,Under 3.5 goals,0.776,AWAY_O05,Away over 0.5 goals,0.6986,,,,Botafogo vs Atletico Paranaense,Brazil Serie A,2026-08-24,LOST,U35=LOST | AWAY_O05=WON,OK,2-3,1.0.0
2,Home over 0.5 goals + Away over 0.5 goals,"70%, 70%",0.4781,0.4882,0.979,2.09,2.05,SCORE_MATRIX_EXACT,OK,HOME_O05,Home over 0.5 goals,0.6989,AWAY_O05,Away over 0.5 goals,0.6986,,,,Botafogo vs Atletico Paranaense,Brazil Serie A,2026-08-24,WON,HOME_O05=WON | AWAY_O05=WON,OK,2-3,1.0.0
2,Over 1.5 goals + Under 3.5 goals,"68%, 78%",0.4575,0.5289,0.865,2.19,1.89,SCORE_MATRIX_EXACT,OK,O15,Over 1.5 goals,0.6815,U35,Under 3.5 goals,0.776,,,,Botafogo vs Atletico Paranaense,Brazil Serie A,2026-08-24,LOST,O15=WON | U35=LOST,OK,2-3,1.0.0
2,Under 2.5 goals + Both teams to score - No,"57%, 52%",0.4489,0.2955,1.519,2.23,3.38,SCORE_MATRIX_EXACT,OK,U25,Under 2.5 goals,0.5662,BTTS_NO,Both teams to score - No,0.5219,,,,Botafogo vs Atletico Paranaense,Brazil Serie A,2026-08-24,LOST,U25=LOST | BTTS_NO=LOST,OK,2-3,1.0.0
2,Over 1.5 goals + Home or draw,"68%, 63%",0.4276,0.4274,1.0,2.34,2.34,SCORE_MATRIX_EXACT,OK,O15,Over 1.5 goals,0.6815,1X,Home or draw,0.6272,,,,Botafogo vs Atletico Paranaense,Brazil Serie A,2026-08-24,LOST,O15=WON | 1X=LOST,OK,2-3,1.0.0
2,Over 1.5 goals + Draw or away,"68%, 63%",0.4272,0.4271,1.0,2.34,2.34,SCORE_MATRIX_EXACT,OK,O15,Over 1.5 goals,0.6815,X2,Draw or away,0.6267,,,,Botafogo vs Atletico Paranaense,Brazil Serie A,2026-08-24,WON,O15=WON | X2=WON,OK,2-3,1.0.0
2,Draw or away + Away over 0.5 goals,"63%, 72%",0.5501,0.4508,1.22,1.82,2.22,SCORE_MATRIX_EXACT,OK,X2,Draw or away,0.6272,AWAY_O05,Away over 0.5 goals,0.7188,,,,Fluminense vs Remo,Brazil Serie A,2026-08-22,LOST,X2=LOST | AWAY_O05=WON,OK,2-1,1.0.0
2,Home over 0.5 goals + Away over 0.5 goals,"73%, 72%",0.5217,0.5217,1.0,1.92,1.92,SCORE_MATRIX_EXACT,OK,HOME_O05,Home over 0.5 goals,0.7258,AWAY_O05,Away over 0.5 goals,0.7188,,,,Fluminense vs Remo,Brazil Serie A,2026-08-22,WON,HOME_O05=WON | AWAY_O05=WON,OK,2-1,1.0.0
2,Under 3.5 goals + Home over 0.5 goals,"74%, 73%",0.4809,0.5401,0.89,2.08,1.85,SCORE_MATRIX_EXACT,OK,U35,Under 3.5 goals,0.7441,HOME_O05,Home over 0.5 goals,0.7258,,,,Fluminense vs Remo,Brazil Serie A,2026-08-22,WON,U35=WON | HOME_O05=WON,OK,2-1,1.0.0
2,Under 3.5 goals + Home or draw,"74%, 64%",0.4777,0.4755,1.005,2.09,2.1,SCORE_MATRIX_EXACT,OK,U35,Under 3.5 goals,0.7441,1X,Home or draw,0.639,,,,Fluminense vs Remo,Brazil Serie A,2026-08-22,WON,U35=WON | 1X=WON,OK,2-1,1.0.0
2,Under 3.5 goals + Away over 0.5 goals,"74%, 72%",0.4749,0.5349,0.888,2.11,1.87,SCORE_MATRIX_EXACT,OK,U35,Under 3.5 goals,0.7441,AWAY_O05,Away over 0.5 goals,0.7188,,,,Fluminense vs Remo,Brazil Serie A,2026-08-22,WON,U35=WON | AWAY_O05=WON,OK,2-1,1.0.0
2,Over 1.5 goals + Under 3.5 goals,"73%, 74%",0.4694,0.5397,0.87,2.13,1.85,SCORE_MATRIX_EXACT,OK,O15,Over 1.5 goals,0.7253,U35,Under 3.5 goals,0.7441,,,,Fluminense vs Remo,Brazil Serie A,2026-08-22,WON,O15=WON | U35=WON,OK,2-1,1.0.0
2,Under 3.5 goals + Draw or away,"74%, 63%",0.4701,0.4667,1.007,2.13,2.14,SCORE_MATRIX_EXACT,OK,U35,Under 3.5 goals,0.7441,X2,Draw or away,0.6272,,,,Fluminense vs Remo,Brazil Serie A,2026-08-22,LOST,U35=WON | X2=LOST,OK,2-1,1.0.0
2,Over 1.5 goals + Home or draw,"73%, 64%",0.4621,0.4634,0.997,2.16,2.16,SCORE_MATRIX_EXACT,OK,O15,Over 1.5 goals,0.7253,1X,Home or draw,0.639,,,,Fluminense vs Remo,Brazil Serie A,2026-08-22,WON,O15=WON | 1X=WON,OK,2-1,1.0.0
2,Under 3.5 goals + Both teams to score - No,"74%, 48%",0.4554,0.3559,1.279,2.2,2.81,SCORE_MATRIX_EXACT,OK,U35,Under 3.5 goals,0.7441,BTTS_NO,Both teams to score - No,0.4783,,,,Fluminense vs Remo,Brazil Serie A,2026-08-22,LOST,U35=WON | BTTS_NO=LOST,OK,2-1,1.0.0
2,Over 1.5 goals + Draw or away,"73%, 63%",0.4522,0.4549,0.994,2.21,2.2,SCORE_MATRIX_EXACT,OK,O15,Over 1.5 goals,0.7253,X2,Draw or away,0.6272,,,,Fluminense vs Remo,Brazil Serie A,2026-08-22,LOST,O15=WON | X2=LOST,OK,2-1,1.0.0
2,Over 2.5 goals + Home over 0.5 goals,"47%, 73%",0.4349,0.3426,1.269,2.3,2.92,SCORE_MATRIX_EXACT,OK,O25,Over 2.5 goals,0.4721,HOME_O05,Home over 0.5 goals,0.7258,,,,Fluminense vs Remo,Brazil Serie A,2026-08-22,WON,O25=WON | HOME_O05=WON,OK,2-1,1.0.0
2,Over 2.5 goals + Away over 0.5 goals,"47%, 72%",0.4323,0.3394,1.274,2.31,2.95,SCORE_MATRIX_EXACT,OK,O25,Over 2.5 goals,0.4721,AWAY_O05,Away over 0.5 goals,0.7188,,,,Fluminense vs Remo,Brazil Serie A,2026-08-22,WON,O25=WON | AWAY_O05=WON,OK,2-1,1.0.0
2,Over 1.5 goals + Home or draw,"72%, 72%",0.5271,0.517,1.019,1.9,1.93,SCORE_MATRIX_EXACT,OK,O15,Over 1.5 goals,0.723,1X,Home or draw,0.7151,,,,IFK Goteborg vs IF Elfsborg,Sweden Allsvenskan,2026-08-23,WON,O15=WON | 1X=WON,OK,1-1,1.0.0
2,Under 3.5 goals + Home over 0.5 goals,"73%, 78%",0.5174,0.5708,0.906,1.93,1.75,SCORE_MATRIX_EXACT,OK,U35,Under 3.5 goals,0.7333,HOME_O05,Home over 0.5 goals,0.7784,,,,IFK Goteborg vs IF Elfsborg,Sweden Allsvenskan,2026-08-23,WON,U35=WON | HOME_O05=WON,OK,1-1,1.0.0
2,Under 3.5 goals + Home or draw,"73%, 72%",0.5161,0.5244,0.984,1.94,1.91,SCORE_MATRIX_EXACT,OK,U35,Under 3.5 goals,0.7333,1X,Home or draw,0.7151,,,,IFK Goteborg vs IF Elfsborg,Sweden Allsvenskan,2026-08-23,WON,U35=WON | 1X=WON,OK,1-1,1.0.0
2,Home over 0.5 goals + Away over 0.5 goals,"78%, 66%",0.5082,0.5167,0.984,1.97,1.94,SCORE_MATRIX_EXACT,OK,HOME_O05,Home over 0.5 goals,0.7784,AWAY_O05,Away over 0.5 goals,0.6638,,,,IFK Goteborg vs IF Elfsborg,Sweden Allsvenskan,2026-08-23,WON,HOME_O05=WON | AWAY_O05=WON,OK,1-1,1.0.0
2,Over 2.5 goals + Home over 0.5 goals,"48%, 78%",0.4627,0.3774,1.226,2.16,2.65,SCORE_MATRIX_EXACT,OK,O25,Over 2.5 goals,0.4848,HOME_O05,Home over 0.5 goals,0.7784,,,,IFK Goteborg vs IF Elfsborg,Sweden Allsvenskan,2026-08-23,LOST,O25=LOST | HOME_O05=WON,OK,1-1,1.0.0
2,Under 3.5 goals + Both teams to score - No,"73%, 49%",0.4638,0.3606,1.286,2.16,2.77,SCORE_MATRIX_EXACT,OK,U35,Under 3.5 goals,0.7333,BTTS_NO,Both teams to score - No,0.4918,,,,IFK Goteborg vs IF Elfsborg,Sweden Allsvenskan,2026-08-23,LOST,U35=WON | BTTS_NO=LOST,OK,1-1,1.0.0
2,Over 1.5 goals + Under 3.5 goals,"72%, 73%",0.4563,0.5302,0.861,2.19,1.89,SCORE_MATRIX_EXACT,OK,O15,Over 1.5 goals,0.723,U35,Under 3.5 goals,0.7333,,,,IFK Goteborg vs IF Elfsborg,Sweden Allsvenskan,2026-08-23,WON,O15=WON | U35=WON,OK,1-1,1.0.0
2,Draw or away + Away over 0.5 goals,"52%, 66%",0.4561,0.3466,1.316,2.19,2.89,SCORE_MATRIX_EXACT,OK,X2,Draw or away,0.5221,AWAY_O05,Away over 0.5 goals,0.6638,,,,IFK Goteborg vs IF Elfsborg,Sweden Allsvenskan,2026-08-23,WON,X2=WON | AWAY_O05=WON,OK,1-1,1.0.0
2,Over 2.5 goals + Away over 0.5 goals,"48%, 66%",0.4204,0.3218,1.306,2.38,3.11,SCORE_MATRIX_EXACT,OK,O25,Over 2.5 goals,0.4848,AWAY_O05,Away over 0.5 goals,0.6638,,,,IFK Goteborg vs IF Elfsborg,Sweden Allsvenskan,2026-08-23,LOST,O25=LOST | AWAY_O05=WON,OK,1-1,1.0.0
2,Under 3.5 goals + Away over 0.5 goals,"73%, 66%",0.4193,0.4867,0.861,2.38,2.05,SCORE_MATRIX_EXACT,OK,U35,Under 3.5 goals,0.7333,AWAY_O05,Away over 0.5 goals,0.6638,,,,IFK Goteborg vs IF Elfsborg,Sweden Allsvenskan,2026-08-23,WON,U35=WON | AWAY_O05=WON,OK,1-1,1.0.0
2,Home or draw + Home over 1.5 goals,"72%, 45%",0.4171,0.3188,1.308,2.4,3.14,SCORE_MATRIX_EXACT,OK,1X,Home or draw,0.7151,HOME_O15,Home over 1.5 goals,0.4459,,,,IFK Goteborg vs IF Elfsborg,Sweden Allsvenskan,2026-08-23,LOST,1X=WON | HOME_O15=LOST,OK,1-1,1.0.0
2,Under 2.5 goals + Both teams to score - No,"52%, 49%",0.4053,0.2534,1.6,2.47,3.95,SCORE_MATRIX_EXACT,OK,U25,Under 2.5 goals,0.5152,BTTS_NO,Both teams to score - No,0.4918,,,,IFK Goteborg vs IF Elfsborg,Sweden Allsvenskan,2026-08-23,LOST,U25=WON | BTTS_NO=LOST,OK,1-1,1.0.0
2,Over 1.5 goals + Away over 0.5 goals,"74%, 59%",0.5295,0.4371,1.211,1.89,2.29,SCORE_MATRIX_EXACT,OK,O15,Over 1.5 goals,0.7371,AWAY_O05,Away over 0.5 goals,0.5929,,,,FC Machida Zelvia vs Urawa Red Diamonds,Japan J-League,2026-08-23,UNKNOWN,,NO_SCORELINE,,
2,Home or draw + Home over 1.5 goals,"81%, 51%",0.4886,0.4093,1.194,2.05,2.44,SCORE_MATRIX_EXACT,OK,1X,Home or draw,0.8073,HOME_O15,Home over 1.5 goals,0.507,,,,FC Machida Zelvia vs Urawa Red Diamonds,Japan J-League,2026-08-23,UNKNOWN,,NO_SCORELINE,,
2,Home over 0.5 goals + Away over 0.5 goals,"82%, 59%",0.4884,0.4844,1.008,2.05,2.06,SCORE_MATRIX_EXACT,OK,HOME_O05,Home over 0.5 goals,0.8169,AWAY_O05,Away over 0.5 goals,0.5929,,,,FC Machida Zelvia vs Urawa Red Diamonds,Japan J-League,2026-08-23,UNKNOWN,,NO_SCORELINE,,
2,Over 1.5 goals + Under 3.5 goals,"74%, 74%",0.4746,0.5436,0.873,2.11,1.84,SCORE_MATRIX_EXACT,OK,O15,Over 1.5 goals,0.7371,U35,Under 3.5 goals,0.7375,,,,FC Machida Zelvia vs Urawa Red Diamonds,Japan J-League,2026-08-23,UNKNOWN,,NO_SCORELINE,,
2,Under 3.5 goals + Both teams to score - No,"74%, 51%",0.471,0.3773,1.248,2.12,2.65,SCORE_MATRIX_EXACT,OK,U35,Under 3.5 goals,0.7375,BTTS_NO,Both teams to score - No,0.5116,,,,FC Machida Zelvia vs Urawa Red Diamonds,Japan J-League,2026-08-23,UNKNOWN,,NO_SCORELINE,,
2,Over 2.5 goals + Home over 0.5 goals,"48%, 82%",0.4687,0.3921,1.195,2.13,2.55,SCORE_MATRIX_EXACT,OK,O25,Over 2.5 goals,0.4799,HOME_O05,Home over 0.5 goals,0.8169,,,,FC Machida Zelvia vs Urawa Red Diamonds,Japan J-League,2026-08-23,UNKNOWN,,NO_SCORELINE,,
2,Over 1.5 goals + Home win,"74%, 56%",0.4375,0.4116,1.063,2.29,2.43,SCORE_MATRIX_EXACT,OK,O15,Over 1.5 goals,0.7371,HOME,Home win,0.5584,,,,FC Machida Zelvia vs Urawa Red Diamonds,Japan J-League,2026-08-23,UNKNOWN,,NO_SCORELINE,,
2,Home win + Home over 1.5 goals,"56%, 51%",0.4375,0.2831,1.545,2.29,3.53,SCORE_MATRIX_EXACT,OK,HOME,Home win,0.5584,HOME_O15,Home over 1.5 goals,0.507,,,,FC Machida Zelvia vs Urawa Red Diamonds,Japan J-League,2026-08-23,UNKNOWN,,NO_SCORELINE,,
2,Under 2.5 goals + Home or draw,"52%, 81%",0.4268,0.4198,1.017,2.34,2.38,SCORE_MATRIX_EXACT,OK,U25,Under 2.5 goals,0.5201,1X,Home or draw,0.8073,,,,FC Machida Zelvia vs Urawa Red Diamonds,Japan J-League,2026-08-23,UNKNOWN,,NO_SCORELINE,,
2,Both teams to score - No + Home or draw,"51%, 81%",0.4071,0.413,0.986,2.46,2.42,SCORE_MATRIX_EXACT,OK,BTTS_NO,Both teams to score - No,0.5116,1X,Home or draw,0.8073,,,,FC Machida Zelvia vs Urawa Red Diamonds,Japan J-League,2026-08-23,UNKNOWN,,NO_SCORELINE,,
2,Under 2.5 goals + Both teams to score - No,"52%, 51%",0.4008,0.2661,1.507,2.49,3.76,SCORE_MATRIX_EXACT,OK,U25,Under 2.5 goals,0.5201,BTTS_NO,Both teams to score - No,0.5116,,,,FC Machida Zelvia vs Urawa Red Diamonds,Japan J-League,2026-08-23,UNKNOWN,,NO_SCORELINE,,
2,Both teams to score + Home or draw,"49%, 81%",0.4002,0.3943,1.015,2.5,2.54,SCORE_MATRIX_EXACT,OK,BTTS,Both teams to score,0.4884,1X,Home or draw,0.8073,,,,FC Machida Zelvia vs Urawa Red Diamonds,Japan J-League,2026-08-23,UNKNOWN,,NO_SCORELINE,,
2,Over 1.5 goals + Home or draw,"73%, 73%",0.5445,0.5335,1.021,1.84,1.87,SCORE_MATRIX_EXACT,OK,O15,Over 1.5 goals,0.7345,1X,Home or draw,0.7264,,,,Rotherham United vs York City,League Two,2026-08-22,UNKNOWN,,NO_SCORELINE,,
2,Under 3.5 goals + Home over 0.5 goals,"72%, 79%",0.5172,0.5701,0.907,1.93,1.75,SCORE_MATRIX_EXACT,OK,U35,Under 3.5 goals,0.7202,HOME_O05,Home over 0.5 goals,0.7917,,,,Rotherham United vs York City,League Two,2026-08-22,UNKNOWN,,NO_SCORELINE,,
2,Home over 0.5 goals + Away over 0.5 goals,"79%, 66%",0.5168,0.5248,0.985,1.93,1.91,SCORE_MATRIX_EXACT,OK,HOME_O05,Home over 0.5 goals,0.7917,AWAY_O05,Away over 0.5 goals,0.6629,,,,Rotherham United vs York City,League Two,2026-08-22,UNKNOWN,,NO_SCORELINE,,
2,Under 3.5 goals + Home or draw,"72%, 73%",0.5137,0.5231,0.982,1.95,1.91,SCORE_MATRIX_EXACT,OK,U35,Under 3.5 goals,0.7202,1X,Home or draw,0.7264,,,,Rotherham United vs York City,League Two,2026-08-22,UNKNOWN,,NO_SCORELINE,,
2,Over 2.5 goals + Home over 0.5 goals,"50%, 79%",0.479,0.3956,1.211,2.09,2.53,SCORE_MATRIX_EXACT,OK,O25,Over 2.5 goals,0.4997,HOME_O05,Home over 0.5 goals,0.7917,,,,Rotherham United vs York City,League Two,2026-08-22,UNKNOWN,,NO_SCORELINE,,
2,Over 1.5 goals + Under 3.5 goals,"73%, 72%",0.4547,0.529,0.86,2.2,1.89,SCORE_MATRIX_EXACT,OK,O15,Over 1.5 goals,0.7345,U35,Under 3.5 goals,0.7202,,,,Rotherham United vs York City,League Two,2026-08-22,UNKNOWN,,NO_SCORELINE,,
2,Under 3.5 goals + Both teams to score - No,"72%, 48%",0.4529,0.348,1.301,2.21,2.87,SCORE_MATRIX_EXACT,OK,U35,Under 3.5 goals,0.7202,BTTS_NO,Both teams to score - No,0.4832,,,,Rotherham United vs York City,League Two,2026-08-22,UNKNOWN,,NO_SCORELINE,,
2,Draw or away + Away over 0.5 goals,"51%, 66%",0.444,0.3356,1.323,2.25,2.98,SCORE_MATRIX_EXACT,OK,X2,Draw or away,0.5062,AWAY_O05,Away over 0.5 goals,0.6629,,,,Rotherham United vs York City,League Two,2026-08-22,UNKNOWN,,NO_SCORELINE,,
2,Home or draw + Home over 1.5 goals,"73%, 47%",0.4369,0.3387,1.29,2.29,2.95,SCORE_MATRIX_EXACT,OK,1X,Home or draw,0.7264,HOME_O15,Home over 1.5 goals,0.4662,,,,Rotherham United vs York City,League Two,2026-08-22,UNKNOWN,,NO_SCORELINE,,
2,Over 2.5 goals + Away over 0.5 goals,"50%, 66%",0.4299,0.3312,1.298,2.33,3.02,SCORE_MATRIX_EXACT,OK,O25,Over 2.5 goals,0.4997,AWAY_O05,Away over 0.5 goals,0.6629,,,,Rotherham United vs York City,League Two,2026-08-22,UNKNOWN,,NO_SCORELINE,,
2,Over 2.5 goals + Both teams to score,"50%, 52%",0.4092,0.2582,1.585,2.44,3.87,SCORE_MATRIX_EXACT,OK,O25,Over 2.5 goals,0.4997,BTTS,Both teams to score,0.5168,,,,Rotherham United vs York City,League Two,2026-08-22,UNKNOWN,,NO_SCORELINE,,
2,Under 3.5 goals + Away over 0.5 goals,"72%, 66%",0.4081,0.4774,0.855,2.45,2.09,SCORE_MATRIX_EXACT,OK,U35,Under 3.5 goals,0.7202,AWAY_O05,Away over 0.5 goals,0.6629,,,,Rotherham United vs York City,League Two,2026-08-22,UNKNOWN,,NO_SCORELINE,,
2,Under 3.5 goals + Home over 0.5 goals,"73%, 80%",0.5404,0.5892,0.917,1.85,1.7,SCORE_MATRIX_EXACT,OK,U35,Under 3.5 goals,0.7321,HOME_O05,Home over 0.5 goals,0.8048,,,,León vs Monterrey,Mexico Liga MX,2026-08-22,UNKNOWN,,NO_SCORELINE,,
2,Home over 0.5 goals + Away over 0.5 goals,"80%, 63%",0.5214,0.5091,1.024,1.92,1.96,SCORE_MATRIX_EXACT,OK,HOME_O05,Home over 0.5 goals,0.8048,AWAY_O05,Away over 0.5 goals,0.6326,,,,León vs Monterrey,Mexico Liga MX,2026-08-22,UNKNOWN,,NO_SCORELINE,,
2,Over 1.5 goals + Under 3.5 goals,"75%, 73%",0.4858,0.5518,0.88,2.06,1.81,SCORE_MATRIX_EXACT,OK,O15,Over 1.5 goals,0.7537,U35,Under 3.5 goals,0.7321,,,,León vs Monterrey,Mexico Liga MX,2026-08-22,UNKNOWN,,NO_SCORELINE,,
2,Over 2.5 goals + Home over 0.5 goals,"49%, 80%",0.471,0.3912,1.204,2.12,2.56,SCORE_MATRIX_EXACT,OK,O25,Over 2.5 goals,0.486,HOME_O05,Home over 0.5 goals,0.8048,,,,León vs Monterrey,Mexico Liga MX,2026-08-22,UNKNOWN,,NO_SCORELINE,,
2,Home or draw + Home over 1.5 goals,"78%, 49%",0.4634,0.3811,1.216,2.16,2.62,SCORE_MATRIX_EXACT,OK,1X,Home or draw,0.7836,HOME_O15,Home over 1.5 goals,0.4863,,,,León vs Monterrey,Mexico Liga MX,2026-08-22,UNKNOWN,,NO_SCORELINE,,
2,Under 3.5 goals + Both teams to score - No,"73%, 48%",0.4438,0.3504,1.266,2.25,2.85,SCORE_MATRIX_EXACT,OK,U35,Under 3.5 goals,0.7321,BTTS_NO,Both teams to score - No,0.4786,,,,León vs Monterrey,Mexico Liga MX,2026-08-22,UNKNOWN,,NO_SCORELINE,,
2,Under 2.5 goals + Home or draw,"51%, 78%",0.4177,0.4028,1.037,2.39,2.48,SCORE_MATRIX_EXACT,OK,U25,Under 2.5 goals,0.514,1X,Home or draw,0.7836,,,,León vs Monterrey,Mexico Liga MX,2026-08-22,UNKNOWN,,NO_SCORELINE,,
2,Both teams to score + Home or draw,"52%, 78%",0.4163,0.4086,1.019,2.4,2.45,SCORE_MATRIX_EXACT,OK,BTTS,Both teams to score,0.5214,1X,Home or draw,0.7836,,,,León vs Monterrey,Mexico Liga MX,2026-08-22,UNKNOWN,,NO_SCORELINE,,
2,Home or draw + Away over 0.5 goals,"78%, 63%",0.4163,0.4958,0.84,2.4,2.02,SCORE_MATRIX_EXACT,OK,1X,Home or draw,0.7836,AWAY_O05,Away over 0.5 goals,0.6326,,,,León vs Monterrey,Mexico Liga MX,2026-08-22,UNKNOWN,,NO_SCORELINE,,
2,Draw or away + Away over 0.5 goals,"49%, 63%",0.4076,0.311,1.311,2.45,3.22,SCORE_MATRIX_EXACT,OK,X2,Draw or away,0.4916,AWAY_O05,Away over 0.5 goals,0.6326,,,,León vs Monterrey,Mexico Liga MX,2026-08-22,UNKNOWN,,NO_SCORELINE,,
2,Over 1.5 goals + Home win,"75%, 51%",0.407,0.3832,1.062,2.46,2.61,SCORE_MATRIX_EXACT,OK,O15,Over 1.5 goals,0.7537,HOME,Home win,0.5084,,,,León vs Monterrey,Mexico Liga MX,2026-08-22,UNKNOWN,,NO_SCORELINE,,
2,Home win + Home over 1.5 goals,"51%, 49%",0.407,0.2472,1.646,2.46,4.04,SCORE_MATRIX_EXACT,OK,HOME,Home win,0.5084,HOME_O15,Home over 1.5 goals,0.4863,,,,León vs Monterrey,Mexico Liga MX,2026-08-22,UNKNOWN,,NO_SCORELINE,,
2,Under 3.5 goals + Home over 0.5 goals,"76%, 78%",0.5428,0.5919,0.917,1.84,1.69,SCORE_MATRIX_EXACT,OK,U35,Under 3.5 goals,0.7569,HOME_O05,Home over 0.5 goals,0.782,,,,Sporting Gijón vs Burgos CF,La Liga 2,2026-08-23,UNKNOWN,,NO_SCORELINE,,
2,Home over 0.5 goals + Away over 0.5 goals,"78%, 63%",0.5006,0.4915,1.018,2.0,2.03,SCORE_MATRIX_EXACT,OK,HOME_O05,Home over 0.5 goals,0.782,AWAY_O05,Away over 0.5 goals,0.6285,,,,Sporting Gijón vs Burgos CF,La Liga 2,2026-08-23,UNKNOWN,,NO_SCORELINE,,
2,Over 1.5 goals + Under 3.5 goals,"73%, 76%",0.4825,0.5492,0.879,2.07,1.82,SCORE_MATRIX_EXACT,OK,O15,Over 1.5 goals,0.7256,U35,Under 3.5 goals,0.7569,,,,Sporting Gijón vs Burgos CF,La Liga 2,2026-08-23,UNKNOWN,,NO_SCORELINE,,
2,Under 3.5 goals + Both teams to score - No,"76%, 50%",0.4697,0.378,1.243,2.13,2.65,SCORE_MATRIX_EXACT,OK,U35,Under 3.5 goals,0.7569,BTTS_NO,Both teams to score - No,0.4994,,,,Sporting Gijón vs Burgos CF,La Liga 2,2026-08-23,UNKNOWN,,NO_SCORELINE,,
2,Over 2.5 goals + Home over 0.5 goals,"46%, 78%",0.4404,0.3574,1.232,2.27,2.8,SCORE_MATRIX_EXACT,OK,O25,Over 2.5 goals,0.457,HOME_O05,Home over 0.5 goals,0.782,,,,Sporting Gijón vs Burgos CF,La Liga 2,2026-08-23,UNKNOWN,,NO_SCORELINE,,
2,Under 2.5 goals + Home or draw,"54%, 77%",0.4317,0.4154,1.039,2.32,2.41,SCORE_MATRIX_EXACT,OK,U25,Under 2.5 goals,0.543,1X,Home or draw,0.7651,,,,Sporting Gijón vs Burgos CF,La Liga 2,2026-08-23,UNKNOWN,,NO_SCORELINE,,
2,Home or draw + Home over 1.5 goals,"77%, 45%",0.4285,0.3445,1.244,2.33,2.9,SCORE_MATRIX_EXACT,OK,1X,Home or draw,0.7651,HOME_O15,Home over 1.5 goals,0.4503,,,,Sporting Gijón vs Burgos CF,La Liga 2,2026-08-23,UNKNOWN,,NO_SCORELINE,,
2,Draw or away + Away over 0.5 goals,"51%, 63%",0.4231,0.3225,1.312,2.36,3.1,SCORE_MATRIX_EXACT,OK,X2,Draw or away,0.5131,AWAY_O05,Away over 0.5 goals,0.6285,,,,Sporting Gijón vs Burgos CF,La Liga 2,2026-08-23,UNKNOWN,,NO_SCORELINE,,
2,Under 3.5 goals + Away over 0.5 goals,"76%, 63%",0.4112,0.4757,0.864,2.43,2.1,SCORE_MATRIX_EXACT,OK,U35,Under 3.5 goals,0.7569,AWAY_O05,Away over 0.5 goals,0.6285,,,,Sporting Gijón vs Burgos CF,La Liga 2,2026-08-23,UNKNOWN,,NO_SCORELINE,,
2,Under 3.5 goals + Draw or away,"76%, 51%",0.4082,0.3884,1.051,2.45,2.57,SCORE_MATRIX_EXACT,OK,U35,Under 3.5 goals,0.7569,X2,Draw or away,0.5131,,,,Sporting Gijón vs Burgos CF,La Liga 2,2026-08-23,UNKNOWN,,NO_SCORELINE,,
2,Under 2.5 goals + Both teams to score - No,"54%, 50%",0.4087,0.2712,1.507,2.45,3.69,SCORE_MATRIX_EXACT,OK,U25,Under 2.5 goals,0.543,BTTS_NO,Both teams to score - No,0.4994,,,,Sporting Gijón vs Burgos CF,La Liga 2,2026-08-23,UNKNOWN,,NO_SCORELINE,,
2,Both teams to score + Home or draw,"50%, 77%",0.3936,0.383,1.028,2.54,2.61,SCORE_MATRIX_EXACT,OK,BTTS,Both teams to score,0.5006,1X,Home or draw,0.7651,,,,Sporting Gijón vs Burgos CF,La Liga 2,2026-08-23,UNKNOWN,,NO_SCORELINE,,
2,Under 3.5 goals + Home or draw,"77%, 69%",0.535,0.5329,1.004,1.87,1.88,SCORE_MATRIX_EXACT,OK,U35,Under 3.5 goals,0.7672,1X,Home or draw,0.6946,,,,Stade de Reims vs Annecy FC,Ligue 2,2026-08-24,UNKNOWN,,NO_SCORELINE,,
2,Home over 0.5 goals + Away over 0.5 goals,"73%, 68%",0.5164,0.5019,1.029,1.94,1.99,SCORE_MATRIX_EXACT,OK,HOME_O05,Home over 0.5 goals,0.7346,AWAY_O05,Away over 0.5 goals,0.6832,,,,Stade de Reims vs Annecy FC,Ligue 2,2026-08-24,UNKNOWN,,NO_SCORELINE,,
2,Under 3.5 goals + Home over 0.5 goals,"77%, 73%",0.5094,0.5636,0.904,1.96,1.77,SCORE_MATRIX_EXACT,OK,U35,Under 3.5 goals,0.7672,HOME_O05,Home over 0.5 goals,0.7346,,,,Stade de Reims vs Annecy FC,Ligue 2,2026-08-24,UNKNOWN,,NO_SCORELINE,,
2,Draw or away + Away over 0.5 goals,"61%, 68%",0.5103,0.416,1.227,1.96,2.4,SCORE_MATRIX_EXACT,OK,X2,Draw or away,0.6089,AWAY_O05,Away over 0.5 goals,0.6832,,,,Stade de Reims vs Annecy FC,Ligue 2,2026-08-24,UNKNOWN,,NO_SCORELINE,,
2,Over 1.5 goals + Home or draw,"72%, 69%",0.4997,0.5017,0.996,2.0,1.99,SCORE_MATRIX_EXACT,OK,O15,Over 1.5 goals,0.7223,1X,Home or draw,0.6946,,,,Stade de Reims vs Annecy FC,Ligue 2,2026-08-24,UNKNOWN,,NO_SCORELINE,,
2,Over 1.5 goals + Under 3.5 goals,"72%, 77%",0.4895,0.5542,0.883,2.04,1.8,SCORE_MATRIX_EXACT,OK,O15,Over 1.5 goals,0.7223,U35,Under 3.5 goals,0.7672,,,,Stade de Reims vs Annecy FC,Ligue 2,2026-08-24,UNKNOWN,,NO_SCORELINE,,
2,Under 3.5 goals + Draw or away,"77%, 61%",0.4786,0.4672,1.025,2.09,2.14,SCORE_MATRIX_EXACT,OK,U35,Under 3.5 goals,0.7672,X2,Draw or away,0.6089,,,,Stade de Reims vs Annecy FC,Ligue 2,2026-08-24,UNKNOWN,,NO_SCORELINE,,
2,Under 3.5 goals + Away over 0.5 goals,"77%, 68%",0.4648,0.5241,0.887,2.15,1.91,SCORE_MATRIX_EXACT,OK,U35,Under 3.5 goals,0.7672,AWAY_O05,Away over 0.5 goals,0.6832,,,,Stade de Reims vs Annecy FC,Ligue 2,2026-08-24,UNKNOWN,,NO_SCORELINE,,
2,Under 3.5 goals + Both teams to score - No,"77%, 48%",0.4615,0.371,1.244,2.17,2.7,SCORE_MATRIX_EXACT,OK,U35,Under 3.5 goals,0.7672,BTTS_NO,Both teams to score - No,0.4836,,,,Stade de Reims vs Annecy FC,Ligue 2,2026-08-24,UNKNOWN,,NO_SCORELINE,,
2,Over 1.5 goals + Draw or away,"72%, 61%",0.4275,0.4398,0.972,2.34,2.27,SCORE_MATRIX_EXACT,OK,O15,Over 1.5 goals,0.7223,X2,Draw or away,0.6089,,,,Stade de Reims vs Annecy FC,Ligue 2,2026-08-24,UNKNOWN,,NO_SCORELINE,,
2,Over 2.5 goals + Home over 0.5 goals,"44%, 73%",0.4159,0.3265,1.274,2.4,3.06,SCORE_MATRIX_EXACT,OK,O25,Over 2.5 goals,0.4445,HOME_O05,Home over 0.5 goals,0.7346,,,,Stade de Reims vs Annecy FC,Ligue 2,2026-08-24,UNKNOWN,,NO_SCORELINE,,
2,Under 2.5 goals + Home or draw,"56%, 69%",0.4174,0.3859,1.082,2.4,2.59,SCORE_MATRIX_EXACT,OK,U25,Under 2.5 goals,0.5555,1X,Home or draw,0.6946,,,,Stade de Reims vs Annecy FC,Ligue 2,2026-08-24,UNKNOWN,,NO_SCORELINE,,
2,Under 3.5 goals + Home over 0.5 goals,"73%, 81%",0.5405,0.5889,0.918,1.85,1.7,SCORE_MATRIX_EXACT,OK,U35,Under 3.5 goals,0.7253,HOME_O05,Home over 0.5 goals,0.812,,,,Millwall vs Norwich City,Championship,2026-08-22,UNKNOWN,,NO_SCORELINE,,
2,Home over 0.5 goals + Away over 0.5 goals,"81%, 63%",0.5237,0.5119,1.023,1.91,1.95,SCORE_MATRIX_EXACT,OK,HOME_O05,Home over 0.5 goals,0.812,AWAY_O05,Away over 0.5 goals,0.6304,,,,Millwall vs Norwich City,Championship,2026-08-22,UNKNOWN,,NO_SCORELINE,,
2,Over 1.5 goals + Under 3.5 goals,"76%, 73%",0.4846,0.5508,0.88,2.06,1.82,SCORE_MATRIX_EXACT,OK,O15,Over 1.5 goals,0.7594,U35,Under 3.5 goals,0.7253,,,,Millwall vs Norwich City,Championship,2026-08-22,UNKNOWN,,NO_SCORELINE,,
2,Over 2.5 goals + Home over 0.5 goals,"49%, 81%",0.4796,0.401,1.196,2.08,2.49,SCORE_MATRIX_EXACT,OK,O25,Over 2.5 goals,0.4939,HOME_O05,Home over 0.5 goals,0.812,,,,Millwall vs Norwich City,Championship,2026-08-22,UNKNOWN,,NO_SCORELINE,,
2,Home or draw + Home over 1.5 goals,"79%, 50%",0.4755,0.3938,1.208,2.1,2.54,SCORE_MATRIX_EXACT,OK,1X,Home or draw,0.7903,HOME_O15,Home over 1.5 goals,0.4983,,,,Millwall vs Norwich City,Championship,2026-08-22,UNKNOWN,,NO_SCORELINE,,
2,Under 3.5 goals + Both teams to score - No,"73%, 48%",0.4394,0.3454,1.272,2.28,2.89,SCORE_MATRIX_EXACT,OK,U35,Under 3.5 goals,0.7253,BTTS_NO,Both teams to score - No,0.4763,,,,Millwall vs Norwich City,Championship,2026-08-22,UNKNOWN,,NO_SCORELINE,,
2,Both teams to score + Home or draw,"52%, 79%",0.4207,0.4139,1.016,2.38,2.42,SCORE_MATRIX_EXACT,OK,BTTS,Both teams to score,0.5237,1X,Home or draw,0.7903,,,,Millwall vs Norwich City,Championship,2026-08-22,UNKNOWN,,NO_SCORELINE,,
2,Home or draw + Away over 0.5 goals,"79%, 63%",0.4207,0.4982,0.844,2.38,2.01,SCORE_MATRIX_EXACT,OK,1X,Home or draw,0.7903,AWAY_O05,Away over 0.5 goals,0.6304,,,,Millwall vs Norwich City,Championship,2026-08-22,UNKNOWN,,NO_SCORELINE,,
2,Over 1.5 goals + Home win,"76%, 52%",0.4189,0.3945,1.062,2.39,2.54,SCORE_MATRIX_EXACT,OK,O15,Over 1.5 goals,0.7594,HOME,Home win,0.5195,,,,Millwall vs Norwich City,Championship,2026-08-22,UNKNOWN,,NO_SCORELINE,,
2,Home win + Home over 1.5 goals,"52%, 50%",0.4189,0.2588,1.618,2.39,3.86,SCORE_MATRIX_EXACT,OK,HOME,Home win,0.5195,HOME_O15,Home over 1.5 goals,0.4983,,,,Millwall vs Norwich City,Championship,2026-08-22,UNKNOWN,,NO_SCORELINE,,
2,Under 2.5 goals + Home or draw,"51%, 79%",0.4137,0.4,1.034,2.42,2.5,SCORE_MATRIX_EXACT,OK,U25,Under 2.5 goals,0.5061,1X,Home or draw,0.7903,,,,Millwall vs Norwich City,Championship,2026-08-22,UNKNOWN,,NO_SCORELINE,,
2,Over 2.5 goals + Away over 0.5 goals,"49%, 63%",0.4051,0.3113,1.301,2.47,3.21,SCORE_MATRIX_EXACT,OK,O25,Over 2.5 goals,0.4939,AWAY_O05,Away over 0.5 goals,0.6304,,,,Millwall vs Norwich City,Championship,2026-08-22,UNKNOWN,,NO_SCORELINE,,
2,Under 3.5 goals + Home over 0.5 goals,"74%, 79%",0.5355,0.5855,0.915,1.87,1.71,SCORE_MATRIX_EXACT,OK,U35,Under 3.5 goals,0.7381,HOME_O05,Home over 0.5 goals,0.7933,,,,Sheffield Wednesday vs Bradford City,League One,2026-08-20,UNKNOWN,,NO_SCORELINE,,
2,Home over 0.5 goals + Away over 0.5 goals,"79%, 64%",0.5176,0.5092,1.017,1.93,1.96,SCORE_MATRIX_EXACT,OK,HOME_O05,Home over 0.5 goals,0.7933,AWAY_O05,Away over 0.5 goals,0.6419,,,,Sheffield Wednesday vs Bradford City,League One,2026-08-20,UNKNOWN,,NO_SCORELINE,,
2,Over 1.5 goals + Under 3.5 goals,"74%, 74%",0.4808,0.5482,0.877,2.08,1.82,SCORE_MATRIX_EXACT,OK,O15,Over 1.5 goals,0.7427,U35,Under 3.5 goals,0.7381,,,,Sheffield Wednesday vs Bradford City,League One,2026-08-20,UNKNOWN,,NO_SCORELINE,,
2,Over 2.5 goals + Home over 0.5 goals,"48%, 79%",0.462,0.3801,1.215,2.16,2.63,SCORE_MATRIX_EXACT,OK,O25,Over 2.5 goals,0.4792,HOME_O05,Home over 0.5 goals,0.7933,,,,Sheffield Wednesday vs Bradford City,League One,2026-08-20,UNKNOWN,,NO_SCORELINE,,
2,Under 3.5 goals + Both teams to score - No,"74%, 48%",0.4509,0.356,1.266,2.22,2.81,SCORE_MATRIX_EXACT,OK,U35,Under 3.5 goals,0.7381,BTTS_NO,Both teams to score - No,0.4824,,,,Sheffield Wednesday vs Bradford City,League One,2026-08-20,UNKNOWN,,NO_SCORELINE,,
2,Home or draw + Home over 1.5 goals,"76%, 47%",0.4429,0.3567,1.242,2.26,2.8,SCORE_MATRIX_EXACT,OK,1X,Home or draw,0.7636,HOME_O15,Home over 1.5 goals,0.4672,,,,Sheffield Wednesday vs Bradford City,League One,2026-08-20,UNKNOWN,,NO_SCORELINE,,
2,Draw or away + Away over 0.5 goals,"51%, 64%",0.4256,0.3261,1.305,2.35,3.07,SCORE_MATRIX_EXACT,OK,X2,Draw or away,0.5081,AWAY_O05,Away over 0.5 goals,0.6419,,,,Sheffield Wednesday vs Bradford City,League One,2026-08-20,UNKNOWN,,NO_SCORELINE,,
2,Under 2.5 goals + Home or draw,"52%, 76%",0.4137,0.3977,1.04,2.42,2.51,SCORE_MATRIX_EXACT,OK,U25,Under 2.5 goals,0.5208,1X,Home or draw,0.7636,,,,Sheffield Wednesday vs Bradford City,League One,2026-08-20,UNKNOWN,,NO_SCORELINE,,
2,Under 3.5 goals + Away over 0.5 goals,"74%, 64%",0.4073,0.4737,0.86,2.46,2.11,SCORE_MATRIX_EXACT,OK,U35,Under 3.5 goals,0.7381,AWAY_O05,Away over 0.5 goals,0.6419,,,,Sheffield Wednesday vs Bradford City,League One,2026-08-20,UNKNOWN,,NO_SCORELINE,,
2,Both teams to score + Home or draw,"52%, 76%",0.4055,0.3953,1.026,2.47,2.53,SCORE_MATRIX_EXACT,OK,BTTS,Both teams to score,0.5176,1X,Home or draw,0.7636,,,,Sheffield Wednesday vs Bradford City,League One,2026-08-20,UNKNOWN,,NO_SCORELINE,,
2,Home or draw + Away over 0.5 goals,"76%, 64%",0.4055,0.4901,0.827,2.47,2.04,SCORE_MATRIX_EXACT,OK,1X,Home or draw,0.7636,AWAY_O05,Away over 0.5 goals,0.6419,,,,Sheffield Wednesday vs Bradford City,League One,2026-08-20,UNKNOWN,,NO_SCORELINE,,
2,Over 2.5 goals + Away over 0.5 goals,"48%, 64%",0.4029,0.3076,1.31,2.48,3.25,SCORE_MATRIX_EXACT,OK,O25,Over 2.5 goals,0.4792,AWAY_O05,Away over 0.5 goals,0.6419,,,,Sheffield Wednesday vs Bradford City,League One,2026-08-20,UNKNOWN,,NO_SCORELINE,,
2,Under 3.5 goals + Home over 0.5 goals,"72%, 82%",0.543,0.5903,0.92,1.84,1.69,SCORE_MATRIX_EXACT,OK,U35,Under 3.5 goals,0.7182,HOME_O05,Home over 0.5 goals,0.8219,,,,Cruz Azul vs Atlas,Mexico Liga MX,2026-08-23,LOST,U35=WON | HOME_O05=LOST,OK,0-2,1.0.0
2,Home over 0.5 goals + Away over 0.5 goals,"82%, 62%",0.5222,0.5108,1.022,1.91,1.96,SCORE_MATRIX_EXACT,OK,HOME_O05,Home over 0.5 goals,0.8219,AWAY_O05,Away over 0.5 goals,0.6215,,,,Cruz Azul vs Atlas,Mexico Liga MX,2026-08-23,LOST,HOME_O05=LOST | AWAY_O05=WON,OK,0-2,1.0.0
2,Home or draw + Home over 1.5 goals,"80%, 52%",0.4941,0.4143,1.192,2.02,2.41,SCORE_MATRIX_EXACT,OK,1X,Home or draw,0.8033,HOME_O15,Home over 1.5 goals,0.5158,,,,Cruz Azul vs Atlas,Mexico Liga MX,2026-08-23,LOST,1X=LOST | HOME_O15=LOST,OK,0-2,1.0.0
2,Over 2.5 goals + Home over 0.5 goals,"50%, 82%",0.4892,0.4125,1.186,2.04,2.42,SCORE_MATRIX_EXACT,OK,O25,Over 2.5 goals,0.5019,HOME_O05,Home over 0.5 goals,0.8219,,,,Cruz Azul vs Atlas,Mexico Liga MX,2026-08-23,LOST,O25=LOST | HOME_O05=LOST,OK,0-2,1.0.0
2,Over 1.5 goals + Under 3.5 goals,"77%, 72%",0.4832,0.5494,0.879,2.07,1.82,SCORE_MATRIX_EXACT,OK,O15,Over 1.5 goals,0.7651,U35,Under 3.5 goals,0.7182,,,,Cruz Azul vs Atlas,Mexico Liga MX,2026-08-23,WON,O15=WON | U35=WON,OK,0-2,1.0.0
2,Over 1.5 goals + Home win,"77%, 54%",0.4382,0.4123,1.063,2.28,2.43,SCORE_MATRIX_EXACT,OK,O15,Over 1.5 goals,0.7651,HOME,Home win,0.5389,,,,Cruz Azul vs Atlas,Mexico Liga MX,2026-08-23,LOST,O15=WON | HOME=LOST,OK,0-2,1.0.0
2,Home win + Home over 1.5 goals,"54%, 52%",0.4382,0.278,1.577,2.28,3.6,SCORE_MATRIX_EXACT,OK,HOME,Home win,0.5389,HOME_O15,Home over 1.5 goals,0.5158,,,,Cruz Azul vs Atlas,Mexico Liga MX,2026-08-23,LOST,HOME=LOST | HOME_O15=LOST,OK,0-2,1.0.0
2,Under 3.5 goals + Both teams to score - No,"72%, 48%",0.4372,0.3431,1.274,2.29,2.91,SCORE_MATRIX_EXACT,OK,U35,Under 3.5 goals,0.7182,BTTS_NO,Both teams to score - No,0.4778,,,,Cruz Azul vs Atlas,Mexico Liga MX,2026-08-23,WON,U35=WON | BTTS_NO=WON,OK,0-2,1.0.0
2,Both teams to score + Home or draw,"52%, 80%",0.4248,0.4195,1.013,2.35,2.38,SCORE_MATRIX_EXACT,OK,BTTS,Both teams to score,0.5222,1X,Home or draw,0.8033,,,,Cruz Azul vs Atlas,Mexico Liga MX,2026-08-23,LOST,BTTS=LOST | 1X=LOST,OK,0-2,1.0.0
2,Home or draw + Away over 0.5 goals,"80%, 62%",0.4248,0.4992,0.851,2.35,2.0,SCORE_MATRIX_EXACT,OK,1X,Home or draw,0.8033,AWAY_O05,Away over 0.5 goals,0.6215,,,,Cruz Azul vs Atlas,Mexico Liga MX,2026-08-23,LOST,1X=LOST | AWAY_O05=WON,OK,0-2,1.0.0
2,Over 2.5 goals + Home over 1.5 goals,"50%, 52%",0.4134,0.2589,1.597,2.42,3.86,SCORE_MATRIX_EXACT,OK,O25,Over 2.5 goals,0.5019,HOME_O15,Home over 1.5 goals,0.5158,,,,Cruz Azul vs Atlas,Mexico Liga MX,2026-08-23,LOST,O25=LOST | HOME_O15=LOST,OK,0-2,1.0.0
2,Under 2.5 goals + Home or draw,"50%, 80%",0.4116,0.4001,1.029,2.43,2.5,SCORE_MATRIX_EXACT,OK,U25,Under 2.5 goals,0.4981,1X,Home or draw,0.8033,,,,Cruz Azul vs Atlas,Mexico Liga MX,2026-08-23,LOST,U25=WON | 1X=LOST,OK,0-2,1.0.0
2,Home over 0.5 goals + Away over 0.5 goals,"83%, 66%",0.5464,0.5528,0.988,1.83,1.81,SCORE_MATRIX_EXACT,OK,HOME_O05,Home over 0.5 goals,0.8339,AWAY_O05,Away over 0.5 goals,0.6629,,,,Dalian Yingbo vs Beijing FC,China Super League,2026-08-28,UNKNOWN,,NO_SCORELINE,,
2,Over 2.5 goals + Home over 0.5 goals,"55%, 83%",0.5378,0.4623,1.163,1.86,2.16,SCORE_MATRIX_EXACT,OK,O25,Over 2.5 goals,0.5543,HOME_O05,Home over 0.5 goals,0.8339,,,,Dalian Yingbo vs Beijing FC,China Super League,2026-08-28,UNKNOWN,,NO_SCORELINE,,
2,Under 3.5 goals + Home over 0.5 goals,"67%, 83%",0.5076,0.5583,0.909,1.97,1.79,SCORE_MATRIX_EXACT,OK,U35,Under 3.5 goals,0.6694,HOME_O05,Home over 0.5 goals,0.8339,,,,Dalian Yingbo vs Beijing FC,China Super League,2026-08-28,UNKNOWN,,NO_SCORELINE,,
2,Home or draw + Home over 1.5 goals,"76%, 54%",0.5059,0.4096,1.235,1.98,2.44,SCORE_MATRIX_EXACT,OK,1X,Home or draw,0.7625,HOME_O15,Home over 1.5 goals,0.5372,,,,Dalian Yingbo vs Beijing FC,China Super League,2026-08-28,UNKNOWN,,NO_SCORELINE,,
2,Under 3.5 goals + Home or draw,"67%, 76%",0.4972,0.5104,0.974,2.01,1.96,SCORE_MATRIX_EXACT,OK,U35,Under 3.5 goals,0.6694,1X,Home or draw,0.7625,,,,Dalian Yingbo vs Beijing FC,China Super League,2026-08-28,UNKNOWN,,NO_SCORELINE,,
2,Over 2.5 goals + Away over 0.5 goals,"55%, 66%",0.4648,0.3675,1.265,2.15,2.72,SCORE_MATRIX_EXACT,OK,O25,Over 2.5 goals,0.5543,AWAY_O05,Away over 0.5 goals,0.6629,,,,Dalian Yingbo vs Beijing FC,China Super League,2026-08-28,UNKNOWN,,NO_SCORELINE,,
2,Over 2.5 goals + Both teams to score,"55%, 55%",0.4483,0.3029,1.48,2.23,3.3,SCORE_MATRIX_EXACT,OK,O25,Over 2.5 goals,0.5543,BTTS,Both teams to score,0.5464,,,,Dalian Yingbo vs Beijing FC,China Super League,2026-08-28,UNKNOWN,,NO_SCORELINE,,
2,Over 2.5 goals + Home over 1.5 goals,"55%, 54%",0.4481,0.2978,1.505,2.23,3.36,SCORE_MATRIX_EXACT,OK,O25,Over 2.5 goals,0.5543,HOME_O15,Home over 1.5 goals,0.5372,,,,Dalian Yingbo vs Beijing FC,China Super League,2026-08-28,UNKNOWN,,NO_SCORELINE,,
2,Over 1.5 goals + Under 3.5 goals,"77%, 67%",0.4443,0.5187,0.857,2.25,1.93,SCORE_MATRIX_EXACT,OK,O15,Over 1.5 goals,0.7749,U35,Under 3.5 goals,0.6694,,,,Dalian Yingbo vs Beijing FC,China Super League,2026-08-28,UNKNOWN,,NO_SCORELINE,,
2,Over 1.5 goals + Home win,"77%, 55%",0.4384,0.4241,1.034,2.28,2.36,SCORE_MATRIX_EXACT,OK,O15,Over 1.5 goals,0.7749,HOME,Home win,0.5473,,,,Dalian Yingbo vs Beijing FC,China Super League,2026-08-28,UNKNOWN,,NO_SCORELINE,,
2,Home win + Home over 1.5 goals,"55%, 54%",0.4384,0.294,1.491,2.28,3.4,SCORE_MATRIX_EXACT,OK,HOME,Home win,0.5473,HOME_O15,Home over 1.5 goals,0.5372,,,,Dalian Yingbo vs Beijing FC,China Super League,2026-08-28,UNKNOWN,,NO_SCORELINE,,
2,Both teams to score + Home or draw,"55%, 76%",0.4254,0.4166,1.021,2.35,2.4,SCORE_MATRIX_EXACT,OK,BTTS,Both teams to score,0.5464,1X,Home or draw,0.7625,,,,Dalian Yingbo vs Beijing FC,China Super League,2026-08-28,UNKNOWN,,NO_SCORELINE,,
2,Under 3.5 goals + Home or draw,"75%, 73%",0.5459,0.5471,0.998,1.83,1.83,SCORE_MATRIX_EXACT,OK,U35,Under 3.5 goals,0.754,1X,Home or draw,0.7256,,,,Pau FC vs Nancy,Ligue 2,2026-08-21,UNKNOWN,,NO_SCORELINE,,
2,Over 1.5 goals + Home or draw,"73%, 73%",0.535,0.5331,1.003,1.87,1.88,SCORE_MATRIX_EXACT,OK,O15,Over 1.5 goals,0.7347,1X,Home or draw,0.7256,,,,Pau FC vs Nancy,Ligue 2,2026-08-21,UNKNOWN,,NO_SCORELINE,,
2,Home over 0.5 goals + Away over 0.5 goals,"76%, 67%",0.523,0.5092,1.027,1.91,1.96,SCORE_MATRIX_EXACT,OK,HOME_O05,Home over 0.5 goals,0.7614,AWAY_O05,Away over 0.5 goals,0.6688,,,,Pau FC vs Nancy,Ligue 2,2026-08-21,UNKNOWN,,NO_SCORELINE,,
2,Under 3.5 goals + Home over 0.5 goals,"75%, 76%",0.5214,0.5741,0.908,1.92,1.74,SCORE_MATRIX_EXACT,OK,U35,Under 3.5 goals,0.754,HOME_O05,Home over 0.5 goals,0.7614,,,,Pau FC vs Nancy,Ligue 2,2026-08-21,UNKNOWN,,NO_SCORELINE,,
2,Over 1.5 goals + Under 3.5 goals,"73%, 75%",0.4887,0.554,0.882,2.05,1.81,SCORE_MATRIX_EXACT,OK,O15,Over 1.5 goals,0.7347,U35,Under 3.5 goals,0.754,,,,Pau FC vs Nancy,Ligue 2,2026-08-21,UNKNOWN,,NO_SCORELINE,,
2,Draw or away + Away over 0.5 goals,"57%, 67%",0.4767,0.3809,1.252,2.1,2.63,SCORE_MATRIX_EXACT,OK,X2,Draw or away,0.5695,AWAY_O05,Away over 0.5 goals,0.6688,,,,Pau FC vs Nancy,Ligue 2,2026-08-21,UNKNOWN,,NO_SCORELINE,,
2,Under 3.5 goals + Both teams to score - No,"75%, 48%",0.4519,0.3597,1.256,2.21,2.78,SCORE_MATRIX_EXACT,OK,U35,Under 3.5 goals,0.754,BTTS_NO,Both teams to score - No,0.477,,,,Pau FC vs Nancy,Ligue 2,2026-08-21,UNKNOWN,,NO_SCORELINE,,
2,Under 3.5 goals + Draw or away,"75%, 57%",0.4451,0.4294,1.037,2.25,2.33,SCORE_MATRIX_EXACT,OK,U35,Under 3.5 goals,0.754,X2,Draw or away,0.5695,,,,Pau FC vs Nancy,Ligue 2,2026-08-21,UNKNOWN,,NO_SCORELINE,,
2,Under 3.5 goals + Away over 0.5 goals,"75%, 67%",0.442,0.5043,0.876,2.26,1.98,SCORE_MATRIX_EXACT,OK,U35,Under 3.5 goals,0.754,AWAY_O05,Away over 0.5 goals,0.6688,,,,Pau FC vs Nancy,Ligue 2,2026-08-21,UNKNOWN,,NO_SCORELINE,,
2,Over 2.5 goals + Home over 0.5 goals,"46%, 76%",0.437,0.3505,1.247,2.29,2.85,SCORE_MATRIX_EXACT,OK,O25,Over 2.5 goals,0.4604,HOME_O05,Home over 0.5 goals,0.7614,,,,Pau FC vs Nancy,Ligue 2,2026-08-21,UNKNOWN,,NO_SCORELINE,,
2,Under 2.5 goals + Home or draw,"54%, 73%",0.4171,0.3916,1.065,2.4,2.55,SCORE_MATRIX_EXACT,OK,U25,Under 2.5 goals,0.5396,1X,Home or draw,0.7256,,,,Pau FC vs Nancy,Ligue 2,2026-08-21,UNKNOWN,,NO_SCORELINE,,
2,Over 1.5 goals + Draw or away,"73%, 57%",0.4021,0.4184,0.961,2.49,2.39,SCORE_MATRIX_EXACT,OK,O15,Over 1.5 goals,0.7347,X2,Draw or away,0.5695,,,,Pau FC vs Nancy,Ligue 2,2026-08-21,UNKNOWN,,NO_SCORELINE,,
2,Under 3.5 goals + Home or draw,"75%, 72%",0.5368,0.5411,0.992,1.86,1.85,SCORE_MATRIX_EXACT,OK,U35,Under 3.5 goals,0.7475,1X,Home or draw,0.7238,,,,Leicester City vs Burton Albion,League One,2026-08-22,UNKNOWN,,NO_SCORELINE,,
2,Over 1.5 goals + Home or draw,"73%, 72%",0.5328,0.5272,1.011,1.88,1.9,SCORE_MATRIX_EXACT,OK,O15,Over 1.5 goals,0.7283,1X,Home or draw,0.7238,,,,Leicester City vs Burton Albion,League One,2026-08-22,UNKNOWN,,NO_SCORELINE,,
2,Under 3.5 goals + Home over 0.5 goals,"75%, 77%",0.522,0.5746,0.908,1.92,1.74,SCORE_MATRIX_EXACT,OK,U35,Under 3.5 goals,0.7475,HOME_O05,Home over 0.5 goals,0.7687,,,,Leicester City vs Burton Albion,League One,2026-08-22,UNKNOWN,,NO_SCORELINE,,
2,Home over 0.5 goals + Away over 0.5 goals,"77%, 66%",0.5147,0.5102,1.009,1.94,1.96,SCORE_MATRIX_EXACT,OK,HOME_O05,Home over 0.5 goals,0.7687,AWAY_O05,Away over 0.5 goals,0.6637,,,,Leicester City vs Burton Albion,League One,2026-08-22,UNKNOWN,,NO_SCORELINE,,
2,Over 1.5 goals + Under 3.5 goals,"73%, 75%",0.4758,0.5444,0.874,2.1,1.84,SCORE_MATRIX_EXACT,OK,O15,Over 1.5 goals,0.7283,U35,Under 3.5 goals,0.7475,,,,Leicester City vs Burton Albion,League One,2026-08-22,UNKNOWN,,NO_SCORELINE,,
2,Draw or away + Away over 0.5 goals,"55%, 66%",0.4654,0.3635,1.28,2.15,2.75,SCORE_MATRIX_EXACT,OK,X2,Draw or away,0.5477,AWAY_O05,Away over 0.5 goals,0.6637,,,,Leicester City vs Burton Albion,League One,2026-08-22,UNKNOWN,,NO_SCORELINE,,
2,Under 3.5 goals + Both teams to score - No,"75%, 49%",0.459,0.3628,1.265,2.18,2.76,SCORE_MATRIX_EXACT,OK,U35,Under 3.5 goals,0.7475,BTTS_NO,Both teams to score - No,0.4853,,,,Leicester City vs Burton Albion,League One,2026-08-22,UNKNOWN,,NO_SCORELINE,,
2,Over 2.5 goals + Home over 0.5 goals,"47%, 77%",0.4457,0.3598,1.239,2.24,2.78,SCORE_MATRIX_EXACT,OK,O25,Over 2.5 goals,0.4681,HOME_O05,Home over 0.5 goals,0.7687,,,,Leicester City vs Burton Albion,League One,2026-08-22,UNKNOWN,,NO_SCORELINE,,
2,Under 3.5 goals + Away over 0.5 goals,"75%, 66%",0.4319,0.4962,0.87,2.32,2.02,SCORE_MATRIX_EXACT,OK,U35,Under 3.5 goals,0.7475,AWAY_O05,Away over 0.5 goals,0.6637,,,,Leicester City vs Burton Albion,League One,2026-08-22,UNKNOWN,,NO_SCORELINE,,
2,Under 3.5 goals + Draw or away,"75%, 55%",0.4233,0.4094,1.034,2.36,2.44,SCORE_MATRIX_EXACT,OK,U35,Under 3.5 goals,0.7475,X2,Draw or away,0.5477,,,,Leicester City vs Burton Albion,League One,2026-08-22,UNKNOWN,,NO_SCORELINE,,
2,Over 2.5 goals + Away over 0.5 goals,"47%, 66%",0.4066,0.3107,1.309,2.46,3.22,SCORE_MATRIX_EXACT,OK,O25,Over 2.5 goals,0.4681,AWAY_O05,Away over 0.5 goals,0.6637,,,,Leicester City vs Burton Albion,League One,2026-08-22,UNKNOWN,,NO_SCORELINE,,
2,Under 2.5 goals + Home or draw,"53%, 72%",0.4052,0.385,1.052,2.47,2.6,SCORE_MATRIX_EXACT,OK,U25,Under 2.5 goals,0.5319,1X,Home or draw,0.7238,,,,Leicester City vs Burton Albion,League One,2026-08-22,UNKNOWN,,NO_SCORELINE,,
2,Draw or away + Away over 0.5 goals,"62%, 70%",0.5357,0.4339,1.235,1.87,2.3,SCORE_MATRIX_EXACT,OK,X2,Draw or away,0.6207,AWAY_O05,Away over 0.5 goals,0.699,,,,Colchester United vs Oldham Athletic,League Two,2026-08-22,UNKNOWN,,NO_SCORELINE,,
2,Home over 0.5 goals + Away over 0.5 goals,"72%, 70%",0.5017,0.5017,1.0,1.99,1.99,SCORE_MATRIX_EXACT,OK,HOME_O05,Home over 0.5 goals,0.7177,AWAY_O05,Away over 0.5 goals,0.699,,,,Colchester United vs Oldham Athletic,League Two,2026-08-22,UNKNOWN,,NO_SCORELINE,,
2,Under 3.5 goals + Home or draw,"76%, 65%",0.4997,0.4983,1.003,2.0,2.01,SCORE_MATRIX_EXACT,OK,U35,Under 3.5 goals,0.7649,1X,Home or draw,0.6514,,,,Colchester United vs Oldham Athletic,League Two,2026-08-22,UNKNOWN,,NO_SCORELINE,,
2,Under 3.5 goals + Home over 0.5 goals,"76%, 72%",0.4922,0.549,0.897,2.03,1.82,SCORE_MATRIX_EXACT,OK,U35,Under 3.5 goals,0.7649,HOME_O05,Home over 0.5 goals,0.7177,,,,Colchester United vs Oldham Athletic,League Two,2026-08-22,UNKNOWN,,NO_SCORELINE,,
2,Under 3.5 goals + Draw or away,"76%, 62%",0.4792,0.4748,1.009,2.09,2.11,SCORE_MATRIX_EXACT,OK,U35,Under 3.5 goals,0.7649,X2,Draw or away,0.6207,,,,Colchester United vs Oldham Athletic,League Two,2026-08-22,UNKNOWN,,NO_SCORELINE,,
2,Under 3.5 goals + Both teams to score - No,"76%, 50%",0.4768,0.3811,1.251,2.1,2.62,SCORE_MATRIX_EXACT,OK,U35,Under 3.5 goals,0.7649,BTTS_NO,Both teams to score - No,0.4983,,,,Colchester United vs Oldham Athletic,League Two,2026-08-22,UNKNOWN,,NO_SCORELINE,,
2,Under 3.5 goals + Away over 0.5 goals,"76%, 70%",0.4759,0.5347,0.89,2.1,1.87,SCORE_MATRIX_EXACT,OK,U35,Under 3.5 goals,0.7649,AWAY_O05,Away over 0.5 goals,0.699,,,,Colchester United vs Oldham Athletic,League Two,2026-08-22,UNKNOWN,,NO_SCORELINE,,
2,Over 1.5 goals + Under 3.5 goals,"71%, 76%",0.4705,0.5397,0.872,2.13,1.85,SCORE_MATRIX_EXACT,OK,O15,Over 1.5 goals,0.7056,U35,Under 3.5 goals,0.7649,,,,Colchester United vs Oldham Athletic,League Two,2026-08-22,UNKNOWN,,NO_SCORELINE,,
2,Over 1.5 goals + Home or draw,"71%, 65%",0.459,0.4596,0.999,2.18,2.18,SCORE_MATRIX_EXACT,OK,O15,Over 1.5 goals,0.7056,1X,Home or draw,0.6514,,,,Colchester United vs Oldham Athletic,League Two,2026-08-22,UNKNOWN,,NO_SCORELINE,,
2,Over 1.5 goals + Draw or away,"71%, 62%",0.4337,0.4379,0.99,2.31,2.28,SCORE_MATRIX_EXACT,OK,O15,Over 1.5 goals,0.7056,X2,Draw or away,0.6207,,,,Colchester United vs Oldham Athletic,League Two,2026-08-22,UNKNOWN,,NO_SCORELINE,,
2,Under 2.5 goals + Both teams to score - No,"55%, 50%",0.4236,0.2754,1.538,2.36,3.63,SCORE_MATRIX_EXACT,OK,U25,Under 2.5 goals,0.5527,BTTS_NO,Both teams to score - No,0.4983,,,,Colchester United vs Oldham Athletic,League Two,2026-08-22,UNKNOWN,,NO_SCORELINE,,
2,Over 2.5 goals + Home over 0.5 goals,"45%, 72%",0.4133,0.3211,1.287,2.42,3.11,SCORE_MATRIX_EXACT,OK,O25,Over 2.5 goals,0.4473,HOME_O05,Home over 0.5 goals,0.7177,,,,Colchester United vs Oldham Athletic,League Two,2026-08-22,UNKNOWN,,NO_SCORELINE,,
2,Home over 0.5 goals + Away over 0.5 goals,"78%, 70%",0.5382,0.5459,0.986,1.86,1.83,SCORE_MATRIX_EXACT,OK,HOME_O05,Home over 0.5 goals,0.7782,AWAY_O05,Away over 0.5 goals,0.7015,,,,Vancouver Whitecaps FC vs Houston Dynamo,USA MLS,2026-08-20,UNKNOWN,,NO_SCORELINE,,
2,Over 1.5 goals + Home or draw,"75%, 69%",0.5185,0.5112,1.014,1.93,1.96,SCORE_MATRIX_EXACT,OK,O15,Over 1.5 goals,0.7461,1X,Home or draw,0.6851,,,,Vancouver Whitecaps FC vs Houston Dynamo,USA MLS,2026-08-20,UNKNOWN,,NO_SCORELINE,,
2,Under 3.5 goals + Home over 0.5 goals,"71%, 78%",0.4923,0.5496,0.896,2.03,1.82,SCORE_MATRIX_EXACT,OK,U35,Under 3.5 goals,0.7063,HOME_O05,Home over 0.5 goals,0.7782,,,,Vancouver Whitecaps FC vs Houston Dynamo,USA MLS,2026-08-20,UNKNOWN,,NO_SCORELINE,,
2,Draw or away + Away over 0.5 goals,"55%, 70%",0.4912,0.3856,1.274,2.04,2.59,SCORE_MATRIX_EXACT,OK,X2,Draw or away,0.5497,AWAY_O05,Away over 0.5 goals,0.7015,,,,Vancouver Whitecaps FC vs Houston Dynamo,USA MLS,2026-08-20,UNKNOWN,,NO_SCORELINE,,
2,Over 2.5 goals + Home over 0.5 goals,"52%, 78%",0.4876,0.4009,1.216,2.05,2.49,SCORE_MATRIX_EXACT,OK,O25,Over 2.5 goals,0.5151,HOME_O05,Home over 0.5 goals,0.7782,,,,Vancouver Whitecaps FC vs Houston Dynamo,USA MLS,2026-08-20,UNKNOWN,,NO_SCORELINE,,
2,Under 3.5 goals + Home or draw,"71%, 69%",0.4775,0.4839,0.987,2.09,2.07,SCORE_MATRIX_EXACT,OK,U35,Under 3.5 goals,0.7063,1X,Home or draw,0.6851,,,,Vancouver Whitecaps FC vs Houston Dynamo,USA MLS,2026-08-20,UNKNOWN,,NO_SCORELINE,,
2,Over 2.5 goals + Away over 0.5 goals,"52%, 70%",0.4577,0.3614,1.267,2.18,2.77,SCORE_MATRIX_EXACT,OK,O25,Over 2.5 goals,0.5151,AWAY_O05,Away over 0.5 goals,0.7015,,,,Vancouver Whitecaps FC vs Houston Dynamo,USA MLS,2026-08-20,UNKNOWN,,NO_SCORELINE,,
2,Over 1.5 goals + Under 3.5 goals,"75%, 71%",0.4523,0.5269,0.858,2.21,1.9,SCORE_MATRIX_EXACT,OK,O15,Over 1.5 goals,0.7461,U35,Under 3.5 goals,0.7063,,,,Vancouver Whitecaps FC vs Houston Dynamo,USA MLS,2026-08-20,UNKNOWN,,NO_SCORELINE,,
2,Under 3.5 goals + Both teams to score - No,"71%, 46%",0.434,0.3261,1.331,2.3,3.07,SCORE_MATRIX_EXACT,OK,U35,Under 3.5 goals,0.7063,BTTS_NO,Both teams to score - No,0.4618,,,,Vancouver Whitecaps FC vs Houston Dynamo,USA MLS,2026-08-20,UNKNOWN,,NO_SCORELINE,,
2,Over 2.5 goals + Both teams to score,"52%, 54%",0.4302,0.2773,1.551,2.32,3.61,SCORE_MATRIX_EXACT,OK,O25,Over 2.5 goals,0.5151,BTTS,Both teams to score,0.5382,,,,Vancouver Whitecaps FC vs Houston Dynamo,USA MLS,2026-08-20,UNKNOWN,,NO_SCORELINE,,
2,Under 3.5 goals + Away over 0.5 goals,"71%, 70%",0.4277,0.4955,0.863,2.34,2.02,SCORE_MATRIX_EXACT,OK,U35,Under 3.5 goals,0.7063,AWAY_O05,Away over 0.5 goals,0.7015,,,,Vancouver Whitecaps FC vs Houston Dynamo,USA MLS,2026-08-20,UNKNOWN,,NO_SCORELINE,,
2,Home or draw + Home over 1.5 goals,"69%, 45%",0.4104,0.3062,1.34,2.44,3.27,SCORE_MATRIX_EXACT,OK,1X,Home or draw,0.6851,HOME_O15,Home over 1.5 goals,0.4469,,,,Vancouver Whitecaps FC vs Houston Dynamo,USA MLS,2026-08-20,UNKNOWN,,NO_SCORELINE,,
2,Over 1.5 goals + Home or draw,"73%, 74%",0.5513,0.5389,1.023,1.81,1.86,SCORE_MATRIX_EXACT,OK,O15,Over 1.5 goals,0.7255,1X,Home or draw,0.7428,,,,CD Castellón vs Sabadell FC,La Liga 2,2026-08-23,UNKNOWN,,NO_SCORELINE,,
2,Under 3.5 goals + Home or draw,"73%, 74%",0.5323,0.5427,0.981,1.88,1.84,SCORE_MATRIX_EXACT,OK,U35,Under 3.5 goals,0.7306,1X,Home or draw,0.7428,,,,CD Castellón vs Sabadell FC,La Liga 2,2026-08-23,UNKNOWN,,NO_SCORELINE,,
2,Under 3.5 goals + Home over 0.5 goals,"73%, 79%",0.5293,0.5803,0.912,1.89,1.72,SCORE_MATRIX_EXACT,OK,U35,Under 3.5 goals,0.7306,HOME_O05,Home over 0.5 goals,0.7943,,,,CD Castellón vs Sabadell FC,La Liga 2,2026-08-23,UNKNOWN,,NO_SCORELINE,,
2,Home over 0.5 goals + Away over 0.5 goals,"79%, 64%",0.5024,0.5106,0.984,1.99,1.96,SCORE_MATRIX_EXACT,OK,HOME_O05,Home over 0.5 goals,0.7943,AWAY_O05,Away over 0.5 goals,0.6428,,,,CD Castellón vs Sabadell FC,La Liga 2,2026-08-23,UNKNOWN,,NO_SCORELINE,,
2,Over 2.5 goals + Home over 0.5 goals,"49%, 79%",0.4697,0.3875,1.212,2.13,2.58,SCORE_MATRIX_EXACT,OK,O25,Over 2.5 goals,0.4878,HOME_O05,Home over 0.5 goals,0.7943,,,,CD Castellón vs Sabadell FC,La Liga 2,2026-08-23,UNKNOWN,,NO_SCORELINE,,
2,Under 3.5 goals + Both teams to score - No,"73%, 50%",0.4662,0.3636,1.282,2.15,2.75,SCORE_MATRIX_EXACT,OK,U35,Under 3.5 goals,0.7306,BTTS_NO,Both teams to score - No,0.4976,,,,CD Castellón vs Sabadell FC,La Liga 2,2026-08-23,UNKNOWN,,NO_SCORELINE,,
2,Over 1.5 goals + Under 3.5 goals,"73%, 73%",0.4561,0.5301,0.86,2.19,1.89,SCORE_MATRIX_EXACT,OK,O15,Over 1.5 goals,0.7255,U35,Under 3.5 goals,0.7306,,,,CD Castellón vs Sabadell FC,La Liga 2,2026-08-23,UNKNOWN,,NO_SCORELINE,,
2,Home or draw + Home over 1.5 goals,"74%, 47%",0.4438,0.3488,1.272,2.25,2.87,SCORE_MATRIX_EXACT,OK,1X,Home or draw,0.7428,HOME_O15,Home over 1.5 goals,0.4696,,,,CD Castellón vs Sabadell FC,La Liga 2,2026-08-23,UNKNOWN,,NO_SCORELINE,,
2,Draw or away + Away over 0.5 goals,"49%, 64%",0.4241,0.3145,1.348,2.36,3.18,SCORE_MATRIX_EXACT,OK,X2,Draw or away,0.4893,AWAY_O05,Away over 0.5 goals,0.6428,,,,CD Castellón vs Sabadell FC,La Liga 2,2026-08-23,UNKNOWN,,NO_SCORELINE,,
2,Over 2.5 goals + Away over 0.5 goals,"49%, 64%",0.4129,0.3136,1.317,2.42,3.19,SCORE_MATRIX_EXACT,OK,O25,Over 2.5 goals,0.4878,AWAY_O05,Away over 0.5 goals,0.6428,,,,CD Castellón vs Sabadell FC,La Liga 2,2026-08-23,UNKNOWN,,NO_SCORELINE,,
2,Under 2.5 goals + Both teams to score - No,"51%, 50%",0.4046,0.2549,1.587,2.47,3.92,SCORE_MATRIX_EXACT,OK,U25,Under 2.5 goals,0.5122,BTTS_NO,Both teams to score - No,0.4976,,,,CD Castellón vs Sabadell FC,La Liga 2,2026-08-23,UNKNOWN,,NO_SCORELINE,,
2,Under 3.5 goals + Away over 0.5 goals,"73%, 64%",0.4004,0.4696,0.853,2.5,2.13,SCORE_MATRIX_EXACT,OK,U35,Under 3.5 goals,0.7306,AWAY_O05,Away over 0.5 goals,0.6428,,,,CD Castellón vs Sabadell FC,La Liga 2,2026-08-23,UNKNOWN,,NO_SCORELINE,,
2,Draw or away + Away over 0.5 goals,"59%, 69%",0.5127,0.4035,1.271,1.95,2.48,SCORE_MATRIX_EXACT,OK,X2,Draw or away,0.586,AWAY_O05,Away over 0.5 goals,0.6887,,,,Avellino vs Arezzo,Serie B,2026-08-22,WON,X2=WON | AWAY_O05=WON,OK,1-2,1.0.0
2,Under 3.5 goals + Home or draw,"76%, 66%",0.4968,0.5,0.994,2.01,2.0,SCORE_MATRIX_EXACT,OK,U35,Under 3.5 goals,0.7555,1X,Home or draw,0.6617,,,,Avellino vs Arezzo,Serie B,2026-08-22,LOST,U35=WON | 1X=LOST,OK,1-2,1.0.0
2,Under 3.5 goals + Home over 0.5 goals,"76%, 73%",0.4986,0.5551,0.898,2.01,1.8,SCORE_MATRIX_EXACT,OK,U35,Under 3.5 goals,0.7555,HOME_O05,Home over 0.5 goals,0.7347,,,,Avellino vs Arezzo,Serie B,2026-08-22,WON,U35=WON | HOME_O05=WON,OK,1-2,1.0.0
2,Home over 0.5 goals + Away over 0.5 goals,"73%, 69%",0.4966,0.506,0.982,2.01,1.98,SCORE_MATRIX_EXACT,OK,HOME_O05,Home over 0.5 goals,0.7347,AWAY_O05,Away over 0.5 goals,0.6887,,,,Avellino vs Arezzo,Serie B,2026-08-22,WON,HOME_O05=WON | AWAY_O05=WON,OK,1-2,1.0.0
2,Under 3.5 goals + Both teams to score - No,"76%, 50%",0.4807,0.3803,1.264,2.08,2.63,SCORE_MATRIX_EXACT,OK,U35,Under 3.5 goals,0.7555,BTTS_NO,Both teams to score - No,0.5034,,,,Avellino vs Arezzo,Serie B,2026-08-22,LOST,U35=WON | BTTS_NO=LOST,OK,1-2,1.0.0
2,Over 1.5 goals + Home or draw,"70%, 66%",0.4692,0.4646,1.01,2.13,2.15,SCORE_MATRIX_EXACT,OK,O15,Over 1.5 goals,0.7021,1X,Home or draw,0.6617,,,,Avellino vs Arezzo,Serie B,2026-08-22,LOST,O15=WON | 1X=LOST,OK,1-2,1.0.0
2,Under 3.5 goals + Away over 0.5 goals,"76%, 69%",0.4586,0.5203,0.881,2.18,1.92,SCORE_MATRIX_EXACT,OK,U35,Under 3.5 goals,0.7555,AWAY_O05,Away over 0.5 goals,0.6887,,,,Avellino vs Arezzo,Serie B,2026-08-22,WON,U35=WON | AWAY_O05=WON,OK,1-2,1.0.0
2,Over 1.5 goals + Under 3.5 goals,"70%, 76%",0.4577,0.5305,0.863,2.19,1.89,SCORE_MATRIX_EXACT,OK,O15,Over 1.5 goals,0.7021,U35,Under 3.5 goals,0.7555,,,,Avellino vs Arezzo,Serie B,2026-08-22,WON,O15=WON | U35=WON,OK,1-2,1.0.0
2,Under 3.5 goals + Draw or away,"76%, 59%",0.4468,0.4427,1.009,2.24,2.26,SCORE_MATRIX_EXACT,OK,U35,Under 3.5 goals,0.7555,X2,Draw or away,0.586,,,,Avellino vs Arezzo,Serie B,2026-08-22,WON,U35=WON | X2=WON,OK,1-2,1.0.0
2,Over 2.5 goals + Home over 0.5 goals,"46%, 73%",0.4283,0.337,1.271,2.34,2.97,SCORE_MATRIX_EXACT,OK,O25,Over 2.5 goals,0.4587,HOME_O05,Home over 0.5 goals,0.7347,,,,Avellino vs Arezzo,Serie B,2026-08-22,WON,O25=WON | HOME_O05=WON,OK,1-2,1.0.0
2,Under 2.5 goals + Both teams to score - No,"54%, 50%",0.4265,0.2725,1.565,2.34,3.67,SCORE_MATRIX_EXACT,OK,U25,Under 2.5 goals,0.5413,BTTS_NO,Both teams to score - No,0.5034,,,,Avellino vs Arezzo,Serie B,2026-08-22,LOST,U25=LOST | BTTS_NO=LOST,OK,1-2,1.0.0
2,Over 2.5 goals + Away over 0.5 goals,"46%, 69%",0.4123,0.3159,1.305,2.43,3.17,SCORE_MATRIX_EXACT,OK,O25,Over 2.5 goals,0.4587,AWAY_O05,Away over 0.5 goals,0.6887,,,,Avellino vs Arezzo,Serie B,2026-08-22,WON,O25=WON | AWAY_O05=WON,OK,1-2,1.0.0
2,Over 2.5 goals + Home over 0.5 goals,"55%, 85%",0.5425,0.4711,1.151,1.84,2.12,SCORE_MATRIX_EXACT,OK,O25,Over 2.5 goals,0.555,HOME_O05,Home over 0.5 goals,0.8489,,,,Shanghai Shenhua FC vs Beijing FC,China Super League,2026-08-18,UNKNOWN,,NO_SCORELINE,,
2,Home or draw + Home over 1.5 goals,"80%, 56%",0.5374,0.4481,1.199,1.86,2.23,SCORE_MATRIX_EXACT,OK,1X,Home or draw,0.7953,HOME_O15,Home over 1.5 goals,0.5635,,,,Shanghai Shenhua FC vs Beijing FC,China Super League,2026-08-18,UNKNOWN,,NO_SCORELINE,,
2,Home over 0.5 goals + Away over 0.5 goals,"85%, 63%",0.5304,0.5367,0.988,1.89,1.86,SCORE_MATRIX_EXACT,OK,HOME_O05,Home over 0.5 goals,0.8489,AWAY_O05,Away over 0.5 goals,0.6322,,,,Shanghai Shenhua FC vs Beijing FC,China Super League,2026-08-18,UNKNOWN,,NO_SCORELINE,,
2,Under 3.5 goals + Home over 0.5 goals,"67%, 85%",0.5206,0.5677,0.917,1.92,1.76,SCORE_MATRIX_EXACT,OK,U35,Under 3.5 goals,0.6687,HOME_O05,Home over 0.5 goals,0.8489,,,,Shanghai Shenhua FC vs Beijing FC,China Super League,2026-08-18,UNKNOWN,,NO_SCORELINE,,
2,Under 3.5 goals + Home or draw,"67%, 80%",0.5167,0.5318,0.972,1.94,1.88,SCORE_MATRIX_EXACT,OK,U35,Under 3.5 goals,0.6687,1X,Home or draw,0.7953,,,,Shanghai Shenhua FC vs Beijing FC,China Super League,2026-08-18,UNKNOWN,,NO_SCORELINE,,
2,Over 1.5 goals + Home win,"78%, 59%",0.475,0.4568,1.04,2.11,2.19,SCORE_MATRIX_EXACT,OK,O15,Over 1.5 goals,0.7756,HOME,Home win,0.589,,,,Shanghai Shenhua FC vs Beijing FC,China Super League,2026-08-18,UNKNOWN,,NO_SCORELINE,,
2,Home win + Home over 1.5 goals,"59%, 56%",0.475,0.3319,1.431,2.11,3.01,SCORE_MATRIX_EXACT,OK,HOME,Home win,0.589,HOME_O15,Home over 1.5 goals,0.5635,,,,Shanghai Shenhua FC vs Beijing FC,China Super League,2026-08-18,UNKNOWN,,NO_SCORELINE,,
2,Over 2.5 goals + Home over 1.5 goals,"55%, 56%",0.4656,0.3127,1.489,2.15,3.2,SCORE_MATRIX_EXACT,OK,O25,Over 2.5 goals,0.555,HOME_O15,Home over 1.5 goals,0.5635,,,,Shanghai Shenhua FC vs Beijing FC,China Super League,2026-08-18,UNKNOWN,,NO_SCORELINE,,
2,Over 2.5 goals + Away over 0.5 goals,"55%, 63%",0.4484,0.3509,1.278,2.23,2.85,SCORE_MATRIX_EXACT,OK,O25,Over 2.5 goals,0.555,AWAY_O05,Away over 0.5 goals,0.6322,,,,Shanghai Shenhua FC vs Beijing FC,China Super League,2026-08-18,UNKNOWN,,NO_SCORELINE,,
2,Over 1.5 goals + Under 3.5 goals,"78%, 67%",0.4443,0.5187,0.857,2.25,1.93,SCORE_MATRIX_EXACT,OK,O15,Over 1.5 goals,0.7756,U35,Under 3.5 goals,0.6687,,,,Shanghai Shenhua FC vs Beijing FC,China Super League,2026-08-18,UNKNOWN,,NO_SCORELINE,,
2,Over 2.5 goals + Home or draw,"55%, 80%",0.4395,0.4414,0.996,2.28,2.27,SCORE_MATRIX_EXACT,OK,O25,Over 2.5 goals,0.555,1X,Home or draw,0.7953,,,,Shanghai Shenhua FC vs Beijing FC,China Super League,2026-08-18,UNKNOWN,,NO_SCORELINE,,
2,Over 2.5 goals + Both teams to score,"55%, 53%",0.4359,0.2944,1.481,2.29,3.4,SCORE_MATRIX_EXACT,OK,O25,Over 2.5 goals,0.555,BTTS,Both teams to score,0.5304,,,,Shanghai Shenhua FC vs Beijing FC,China Super League,2026-08-18,UNKNOWN,,NO_SCORELINE,,
2,Under 3.5 goals + Home over 0.5 goals,"72%, 83%",0.5472,0.5933,0.922,1.83,1.69,SCORE_MATRIX_EXACT,OK,U35,Under 3.5 goals,0.7162,HOME_O05,Home over 0.5 goals,0.8285,,,,Austria Lustenau vs WSG Tirol,Austrian Bundesliga,2026-08-28,UNKNOWN,,NO_SCORELINE,,
2,Over 1.5 goals + Away over 0.5 goals,"75%, 60%",0.5416,0.4532,1.195,1.85,2.21,SCORE_MATRIX_EXACT,OK,O15,Over 1.5 goals,0.7496,AWAY_O05,Away over 0.5 goals,0.6046,,,,Austria Lustenau vs WSG Tirol,Austrian Bundesliga,2026-08-28,UNKNOWN,,NO_SCORELINE,,
2,Home or draw + Home over 1.5 goals,"80%, 53%",0.5055,0.4229,1.195,1.98,2.36,SCORE_MATRIX_EXACT,OK,1X,Home or draw,0.8039,HOME_O15,Home over 1.5 goals,0.526,,,,Austria Lustenau vs WSG Tirol,Austrian Bundesliga,2026-08-28,UNKNOWN,,NO_SCORELINE,,
2,Home over 0.5 goals + Away over 0.5 goals,"83%, 60%",0.5008,0.5008,1.0,2.0,2.0,SCORE_MATRIX_EXACT,OK,HOME_O05,Home over 0.5 goals,0.8285,AWAY_O05,Away over 0.5 goals,0.6046,,,,Austria Lustenau vs WSG Tirol,Austrian Bundesliga,2026-08-28,UNKNOWN,,NO_SCORELINE,,
2,Over 2.5 goals + Home over 0.5 goals,"50%, 83%",0.4925,0.4176,1.179,2.03,2.39,SCORE_MATRIX_EXACT,OK,O25,Over 2.5 goals,0.5041,HOME_O05,Home over 0.5 goals,0.8285,,,,Austria Lustenau vs WSG Tirol,Austrian Bundesliga,2026-08-28,UNKNOWN,,NO_SCORELINE,,
2,Over 1.5 goals + Under 3.5 goals,"75%, 72%",0.4658,0.5369,0.868,2.15,1.86,SCORE_MATRIX_EXACT,OK,O15,Over 1.5 goals,0.7496,U35,Under 3.5 goals,0.7162,,,,Austria Lustenau vs WSG Tirol,Austrian Bundesliga,2026-08-28,UNKNOWN,,NO_SCORELINE,,
2,Under 3.5 goals + Both teams to score - No,"72%, 50%",0.4559,0.3575,1.275,2.19,2.8,SCORE_MATRIX_EXACT,OK,U35,Under 3.5 goals,0.7162,BTTS_NO,Both teams to score - No,0.4992,,,,Austria Lustenau vs WSG Tirol,Austrian Bundesliga,2026-08-28,UNKNOWN,,NO_SCORELINE,,
2,Over 1.5 goals + Home win,"75%, 57%",0.451,0.4277,1.054,2.22,2.34,SCORE_MATRIX_EXACT,OK,O15,Over 1.5 goals,0.7496,HOME,Home win,0.5706,,,,Austria Lustenau vs WSG Tirol,Austrian Bundesliga,2026-08-28,UNKNOWN,,NO_SCORELINE,,
2,Home win + Home over 1.5 goals,"57%, 53%",0.451,0.3002,1.503,2.22,3.33,SCORE_MATRIX_EXACT,OK,HOME,Home win,0.5706,HOME_O15,Home over 1.5 goals,0.526,,,,Austria Lustenau vs WSG Tirol,Austrian Bundesliga,2026-08-28,UNKNOWN,,NO_SCORELINE,,
2,Over 2.5 goals + Home over 1.5 goals,"50%, 53%",0.4206,0.2652,1.586,2.38,3.77,SCORE_MATRIX_EXACT,OK,O25,Over 2.5 goals,0.5041,HOME_O15,Home over 1.5 goals,0.526,,,,Austria Lustenau vs WSG Tirol,Austrian Bundesliga,2026-08-28,UNKNOWN,,NO_SCORELINE,,
2,Both teams to score + Home or draw,"50%, 80%",0.4084,0.4026,1.014,2.45,2.48,SCORE_MATRIX_EXACT,OK,BTTS,Both teams to score,0.5008,1X,Home or draw,0.8039,,,,Austria Lustenau vs WSG Tirol,Austrian Bundesliga,2026-08-28,UNKNOWN,,NO_SCORELINE,,
2,Home or draw + Away over 0.5 goals,"80%, 60%",0.4084,0.486,0.84,2.45,2.06,SCORE_MATRIX_EXACT,OK,1X,Home or draw,0.8039,AWAY_O05,Away over 0.5 goals,0.6046,,,,Austria Lustenau vs WSG Tirol,Austrian Bundesliga,2026-08-28,UNKNOWN,,NO_SCORELINE,,
2,Home or draw + Home over 0.5 goals,"66%, 69%",0.5447,0.4528,1.203,1.84,2.21,SCORE_MATRIX_EXACT,OK,1X,Home or draw,0.6591,HOME_O05,Home over 0.5 goals,0.687,,,,Talleres vs Rosario Central,Argentina Primera Division,2026-08-25,UNKNOWN,,NO_SCORELINE,,
2,Draw or away + Away over 0.5 goals,"66%, 69%",0.5443,0.4524,1.203,1.84,2.21,SCORE_MATRIX_EXACT,OK,X2,Draw or away,0.6587,AWAY_O05,Away over 0.5 goals,0.6868,,,,Talleres vs Rosario Central,Argentina Primera Division,2026-08-25,UNKNOWN,,NO_SCORELINE,,
2,Under 3.5 goals + Home or draw,"80%, 66%",0.5325,0.526,1.012,1.88,1.9,SCORE_MATRIX_EXACT,OK,U35,Under 3.5 goals,0.798,1X,Home or draw,0.6591,,,,Talleres vs Rosario Central,Argentina Primera Division,2026-08-25,UNKNOWN,,NO_SCORELINE,,
2,Under 3.5 goals + Draw or away,"80%, 66%",0.5322,0.5257,1.012,1.88,1.9,SCORE_MATRIX_EXACT,OK,U35,Under 3.5 goals,0.798,X2,Draw or away,0.6587,,,,Talleres vs Rosario Central,Argentina Primera Division,2026-08-25,UNKNOWN,,NO_SCORELINE,,
2,Under 3.5 goals + Home over 0.5 goals,"80%, 69%",0.4944,0.5482,0.902,2.02,1.82,SCORE_MATRIX_EXACT,OK,U35,Under 3.5 goals,0.798,HOME_O05,Home over 0.5 goals,0.687,,,,Talleres vs Rosario Central,Argentina Primera Division,2026-08-25,UNKNOWN,,NO_SCORELINE,,
2,Under 3.5 goals + Away over 0.5 goals,"80%, 69%",0.4942,0.548,0.902,2.02,1.82,SCORE_MATRIX_EXACT,OK,U35,Under 3.5 goals,0.798,AWAY_O05,Away over 0.5 goals,0.6868,,,,Talleres vs Rosario Central,Argentina Primera Division,2026-08-25,UNKNOWN,,NO_SCORELINE,,
2,Under 3.5 goals + Both teams to score - No,"80%, 51%",0.4929,0.4084,1.207,2.03,2.45,SCORE_MATRIX_EXACT,OK,U35,Under 3.5 goals,0.798,BTTS_NO,Both teams to score - No,0.5118,,,,Talleres vs Rosario Central,Argentina Primera Division,2026-08-25,UNKNOWN,,NO_SCORELINE,,
2,Over 1.5 goals + Under 3.5 goals,"69%, 80%",0.4884,0.5509,0.886,2.05,1.82,SCORE_MATRIX_EXACT,OK,O15,Over 1.5 goals,0.6904,U35,Under 3.5 goals,0.798,,,,Talleres vs Rosario Central,Argentina Primera Division,2026-08-25,UNKNOWN,,NO_SCORELINE,,
2,Home over 0.5 goals + Away over 0.5 goals,"69%, 69%",0.4882,0.4718,1.035,2.05,2.12,SCORE_MATRIX_EXACT,OK,HOME_O05,Home over 0.5 goals,0.687,AWAY_O05,Away over 0.5 goals,0.6868,,,,Talleres vs Rosario Central,Argentina Primera Division,2026-08-25,UNKNOWN,,NO_SCORELINE,,
2,Over 1.5 goals + Home or draw,"69%, 66%",0.4471,0.4551,0.982,2.24,2.2,SCORE_MATRIX_EXACT,OK,O15,Over 1.5 goals,0.6904,1X,Home or draw,0.6591,,,,Talleres vs Rosario Central,Argentina Primera Division,2026-08-25,UNKNOWN,,NO_SCORELINE,,
2,Over 1.5 goals + Draw or away,"69%, 66%",0.4468,0.4548,0.982,2.24,2.2,SCORE_MATRIX_EXACT,OK,O15,Over 1.5 goals,0.6904,X2,Draw or away,0.6587,,,,Talleres vs Rosario Central,Argentina Primera Division,2026-08-25,UNKNOWN,,NO_SCORELINE,,
2,Under 2.5 goals + Both teams to score - No,"59%, 51%",0.442,0.3042,1.453,2.26,3.29,SCORE_MATRIX_EXACT,OK,U25,Under 2.5 goals,0.5943,BTTS_NO,Both teams to score - No,0.5118,,,,Talleres vs Rosario Central,Argentina Primera Division,2026-08-25,UNKNOWN,,NO_SCORELINE,,
2,Home or draw + Home over 0.5 goals,"65%, 71%",0.5536,0.463,1.196,1.81,2.16,SCORE_MATRIX_EXACT,OK,1X,Home or draw,0.6545,HOME_O05,Home over 0.5 goals,0.7075,,,,CA Tigre BA vs Central Córdoba,Argentina Primera Division,2026-08-24,UNKNOWN,,NO_SCORELINE,,
2,Draw or away + Away over 0.5 goals,"65%, 71%",0.5515,0.4607,1.197,1.81,2.17,SCORE_MATRIX_EXACT,OK,X2,Draw or away,0.6524,AWAY_O05,Away over 0.5 goals,0.7062,,,,CA Tigre BA vs Central Córdoba,Argentina Primera Division,2026-08-24,UNKNOWN,,NO_SCORELINE,,
2,Home over 0.5 goals + Away over 0.5 goals,"71%, 71%",0.5145,0.4996,1.03,1.94,2.0,SCORE_MATRIX_EXACT,OK,HOME_O05,Home over 0.5 goals,0.7075,AWAY_O05,Away over 0.5 goals,0.7062,,,,CA Tigre BA vs Central Córdoba,Argentina Primera Division,2026-08-24,UNKNOWN,,NO_SCORELINE,,
2,Under 3.5 goals + Home or draw,"77%, 65%",0.5117,0.5052,1.013,1.95,1.98,SCORE_MATRIX_EXACT,OK,U35,Under 3.5 goals,0.7719,1X,Home or draw,0.6545,,,,CA Tigre BA vs Central Córdoba,Argentina Primera Division,2026-08-24,UNKNOWN,,NO_SCORELINE,,
2,Under 3.5 goals + Draw or away,"77%, 65%",0.5103,0.5035,1.013,1.96,1.99,SCORE_MATRIX_EXACT,OK,U35,Under 3.5 goals,0.7719,X2,Draw or away,0.6524,,,,CA Tigre BA vs Central Córdoba,Argentina Primera Division,2026-08-24,UNKNOWN,,NO_SCORELINE,,
2,Over 1.5 goals + Under 3.5 goals,"72%, 77%",0.4897,0.554,0.884,2.04,1.8,SCORE_MATRIX_EXACT,OK,O15,Over 1.5 goals,0.7178,U35,Under 3.5 goals,0.7719,,,,CA Tigre BA vs Central Córdoba,Argentina Primera Division,2026-08-24,UNKNOWN,,NO_SCORELINE,,
2,Under 3.5 goals + Home over 0.5 goals,"77%, 71%",0.4897,0.5461,0.897,2.04,1.83,SCORE_MATRIX_EXACT,OK,U35,Under 3.5 goals,0.7719,HOME_O05,Home over 0.5 goals,0.7075,,,,CA Tigre BA vs Central Córdoba,Argentina Primera Division,2026-08-24,UNKNOWN,,NO_SCORELINE,,
2,Under 3.5 goals + Away over 0.5 goals,"77%, 71%",0.4886,0.5451,0.896,2.05,1.83,SCORE_MATRIX_EXACT,OK,U35,Under 3.5 goals,0.7719,AWAY_O05,Away over 0.5 goals,0.7062,,,,CA Tigre BA vs Central Córdoba,Argentina Primera Division,2026-08-24,UNKNOWN,,NO_SCORELINE,,
2,Under 3.5 goals + Both teams to score - No,"77%, 49%",0.4646,0.3747,1.24,2.15,2.67,SCORE_MATRIX_EXACT,OK,U35,Under 3.5 goals,0.7719,BTTS_NO,Both teams to score - No,0.4855,,,,CA Tigre BA vs Central Córdoba,Argentina Primera Division,2026-08-24,UNKNOWN,,NO_SCORELINE,,
2,Over 1.5 goals + Home or draw,"72%, 65%",0.4628,0.4698,0.985,2.16,2.13,SCORE_MATRIX_EXACT,OK,O15,Over 1.5 goals,0.7178,1X,Home or draw,0.6545,,,,CA Tigre BA vs Central Córdoba,Argentina Primera Division,2026-08-24,UNKNOWN,,NO_SCORELINE,,
2,Over 1.5 goals + Draw or away,"72%, 65%",0.461,0.4683,0.985,2.17,2.14,SCORE_MATRIX_EXACT,OK,O15,Over 1.5 goals,0.7178,X2,Draw or away,0.6524,,,,CA Tigre BA vs Central Córdoba,Argentina Primera Division,2026-08-24,UNKNOWN,,NO_SCORELINE,,
2,Under 2.5 goals + Both teams to score - No,"56%, 49%",0.412,0.2725,1.512,2.43,3.67,SCORE_MATRIX_EXACT,OK,U25,Under 2.5 goals,0.5613,BTTS_NO,Both teams to score - No,0.4855,,,,CA Tigre BA vs Central Córdoba,Argentina Primera Division,2026-08-24,UNKNOWN,,NO_SCORELINE,,
2,Over 1.5 goals + Away over 0.5 goals,"74%, 63%",0.5545,0.4663,1.189,1.8,2.14,SCORE_MATRIX_EXACT,OK,O15,Over 1.5 goals,0.7442,AWAY_O05,Away over 0.5 goals,0.6266,,,,Västerås SK vs Kalmar FF,Sweden Allsvenskan,2026-08-23,UNKNOWN,,NO_SCORELINE,,
2,Under 3.5 goals + Home or draw,"71%, 78%",0.5369,0.5499,0.976,1.86,1.82,SCORE_MATRIX_EXACT,OK,U35,Under 3.5 goals,0.709,1X,Home or draw,0.7756,,,,Västerås SK vs Kalmar FF,Sweden Allsvenskan,2026-08-23,UNKNOWN,,NO_SCORELINE,,
2,Under 3.5 goals + Home over 0.5 goals,"71%, 82%",0.5342,0.5827,0.917,1.87,1.72,SCORE_MATRIX_EXACT,OK,U35,Under 3.5 goals,0.709,HOME_O05,Home over 0.5 goals,0.8218,,,,Västerås SK vs Kalmar FF,Sweden Allsvenskan,2026-08-23,UNKNOWN,,NO_SCORELINE,,
2,Home over 0.5 goals + Away over 0.5 goals,"82%, 63%",0.5076,0.515,0.986,1.97,1.94,SCORE_MATRIX_EXACT,OK,HOME_O05,Home over 0.5 goals,0.8218,AWAY_O05,Away over 0.5 goals,0.6266,,,,Västerås SK vs Kalmar FF,Sweden Allsvenskan,2026-08-23,UNKNOWN,,NO_SCORELINE,,
2,Over 2.5 goals + Home over 0.5 goals,"51%, 82%",0.4978,0.4208,1.183,2.01,2.38,SCORE_MATRIX_EXACT,OK,O25,Over 2.5 goals,0.512,HOME_O05,Home over 0.5 goals,0.8218,,,,Västerås SK vs Kalmar FF,Sweden Allsvenskan,2026-08-23,UNKNOWN,,NO_SCORELINE,,
2,Home or draw + Home over 1.5 goals,"78%, 51%",0.4902,0.399,1.228,2.04,2.51,SCORE_MATRIX_EXACT,OK,1X,Home or draw,0.7756,HOME_O15,Home over 1.5 goals,0.5145,,,,Västerås SK vs Kalmar FF,Sweden Allsvenskan,2026-08-23,UNKNOWN,,NO_SCORELINE,,
2,Over 1.5 goals + Under 3.5 goals,"74%, 71%",0.4532,0.5276,0.859,2.21,1.9,SCORE_MATRIX_EXACT,OK,O15,Over 1.5 goals,0.7442,U35,Under 3.5 goals,0.709,,,,Västerås SK vs Kalmar FF,Sweden Allsvenskan,2026-08-23,UNKNOWN,,NO_SCORELINE,,
2,Under 3.5 goals + Both teams to score - No,"71%, 49%",0.4533,0.3491,1.298,2.21,2.86,SCORE_MATRIX_EXACT,OK,U35,Under 3.5 goals,0.709,BTTS_NO,Both teams to score - No,0.4924,,,,Västerås SK vs Kalmar FF,Sweden Allsvenskan,2026-08-23,UNKNOWN,,NO_SCORELINE,,
2,Over 1.5 goals + Home win,"74%, 56%",0.4311,0.4136,1.042,2.32,2.42,SCORE_MATRIX_EXACT,OK,O15,Over 1.5 goals,0.7442,HOME,Home win,0.5557,,,,Västerås SK vs Kalmar FF,Sweden Allsvenskan,2026-08-23,UNKNOWN,,NO_SCORELINE,,
2,Home win + Home over 1.5 goals,"56%, 51%",0.4311,0.2859,1.508,2.32,3.5,SCORE_MATRIX_EXACT,OK,HOME,Home win,0.5557,HOME_O15,Home over 1.5 goals,0.5145,,,,Västerås SK vs Kalmar FF,Sweden Allsvenskan,2026-08-23,UNKNOWN,,NO_SCORELINE,,
2,Over 2.5 goals + Away over 0.5 goals,"51%, 63%",0.4201,0.3208,1.309,2.38,3.12,SCORE_MATRIX_EXACT,OK,O25,Over 2.5 goals,0.512,AWAY_O05,Away over 0.5 goals,0.6266,,,,Västerås SK vs Kalmar FF,Sweden Allsvenskan,2026-08-23,UNKNOWN,,NO_SCORELINE,,
2,Over 2.5 goals + Home over 1.5 goals,"51%, 51%",0.4168,0.2634,1.582,2.4,3.8,SCORE_MATRIX_EXACT,OK,O25,Over 2.5 goals,0.512,HOME_O15,Home over 1.5 goals,0.5145,,,,Västerås SK vs Kalmar FF,Sweden Allsvenskan,2026-08-23,UNKNOWN,,NO_SCORELINE,,
2,Under 3.5 goals + Home over 0.5 goals,"73%, 81%",0.5441,0.5919,0.919,1.84,1.69,SCORE_MATRIX_EXACT,OK,U35,Under 3.5 goals,0.7281,HOME_O05,Home over 0.5 goals,0.813,,,,Sochaux vs Guingamp,Ligue 2,2026-08-21,UNKNOWN,,NO_SCORELINE,,
2,Home over 0.5 goals + Away over 0.5 goals,"81%, 62%",0.5184,0.5064,1.024,1.93,1.97,SCORE_MATRIX_EXACT,OK,HOME_O05,Home over 0.5 goals,0.813,AWAY_O05,Away over 0.5 goals,0.6229,,,,Sochaux vs Guingamp,Ligue 2,2026-08-21,UNKNOWN,,NO_SCORELINE,,
2,Over 1.5 goals + Under 3.5 goals,"76%, 73%",0.4851,0.5511,0.88,2.06,1.81,SCORE_MATRIX_EXACT,OK,O15,Over 1.5 goals,0.757,U35,Under 3.5 goals,0.7281,,,,Sochaux vs Guingamp,Ligue 2,2026-08-21,UNKNOWN,,NO_SCORELINE,,
2,Home or draw + Home over 1.5 goals,"80%, 50%",0.4788,0.3984,1.202,2.09,2.51,SCORE_MATRIX_EXACT,OK,1X,Home or draw,0.796,HOME_O15,Home over 1.5 goals,0.5005,,,,Sochaux vs Guingamp,Ligue 2,2026-08-21,UNKNOWN,,NO_SCORELINE,,
2,Over 2.5 goals + Home over 0.5 goals,"49%, 81%",0.4772,0.3989,1.196,2.1,2.51,SCORE_MATRIX_EXACT,OK,O25,Over 2.5 goals,0.4907,HOME_O05,Home over 0.5 goals,0.813,,,,Sochaux vs Guingamp,Ligue 2,2026-08-21,UNKNOWN,,NO_SCORELINE,,
2,Under 3.5 goals + Both teams to score - No,"73%, 48%",0.4439,0.3507,1.266,2.25,2.85,SCORE_MATRIX_EXACT,OK,U35,Under 3.5 goals,0.7281,BTTS_NO,Both teams to score - No,0.4816,,,,Sochaux vs Guingamp,Ligue 2,2026-08-21,UNKNOWN,,NO_SCORELINE,,
2,Over 1.5 goals + Home win,"76%, 53%",0.4235,0.398,1.064,2.36,2.51,SCORE_MATRIX_EXACT,OK,O15,Over 1.5 goals,0.757,HOME,Home win,0.5258,,,,Sochaux vs Guingamp,Ligue 2,2026-08-21,UNKNOWN,,NO_SCORELINE,,
2,Home win + Home over 1.5 goals,"53%, 50%",0.4235,0.2632,1.609,2.36,3.8,SCORE_MATRIX_EXACT,OK,HOME,Home win,0.5258,HOME_O15,Home over 1.5 goals,0.5005,,,,Sochaux vs Guingamp,Ligue 2,2026-08-21,UNKNOWN,,NO_SCORELINE,,
2,Under 2.5 goals + Home or draw,"51%, 80%",0.4182,0.4054,1.032,2.39,2.47,SCORE_MATRIX_EXACT,OK,U25,Under 2.5 goals,0.5093,1X,Home or draw,0.796,,,,Sochaux vs Guingamp,Ligue 2,2026-08-21,UNKNOWN,,NO_SCORELINE,,
2,Both teams to score + Home or draw,"52%, 80%",0.4189,0.4126,1.015,2.39,2.42,SCORE_MATRIX_EXACT,OK,BTTS,Both teams to score,0.5184,1X,Home or draw,0.796,,,,Sochaux vs Guingamp,Ligue 2,2026-08-21,UNKNOWN,,NO_SCORELINE,,
2,Home or draw + Away over 0.5 goals,"80%, 62%",0.4189,0.4958,0.845,2.39,2.02,SCORE_MATRIX_EXACT,OK,1X,Home or draw,0.796,AWAY_O05,Away over 0.5 goals,0.6229,,,,Sochaux vs Guingamp,Ligue 2,2026-08-21,UNKNOWN,,NO_SCORELINE,,
2,Over 2.5 goals + Away over 0.5 goals,"49%, 62%",0.3995,0.3057,1.307,2.5,3.27,SCORE_MATRIX_EXACT,OK,O25,Over 2.5 goals,0.4907,AWAY_O05,Away over 0.5 goals,0.6229,,,,Sochaux vs Guingamp,Ligue 2,2026-08-21,UNKNOWN,,NO_SCORELINE,,
2,Under 3.5 goals + Home over 0.5 goals,"71%, 82%",0.54,0.5875,0.919,1.85,1.7,SCORE_MATRIX_EXACT,OK,U35,Under 3.5 goals,0.7123,HOME_O05,Home over 0.5 goals,0.8247,,,,Chengdu Rongcheng FC vs Shanghai Shenhua FC,China Super League,2026-08-22,UNKNOWN,,NO_SCORELINE,,
2,Home over 0.5 goals + Away over 0.5 goals,"82%, 62%",0.5165,0.5128,1.007,1.94,1.95,SCORE_MATRIX_EXACT,OK,HOME_O05,Home over 0.5 goals,0.8247,AWAY_O05,Away over 0.5 goals,0.6218,,,,Chengdu Rongcheng FC vs Shanghai Shenhua FC,China Super League,2026-08-22,UNKNOWN,,NO_SCORELINE,,
2,Home or draw + Home over 1.5 goals,"80%, 52%",0.4972,0.4134,1.203,2.01,2.42,SCORE_MATRIX_EXACT,OK,1X,Home or draw,0.7954,HOME_O15,Home over 1.5 goals,0.5197,,,,Chengdu Rongcheng FC vs Shanghai Shenhua FC,China Super League,2026-08-22,UNKNOWN,,NO_SCORELINE,,
2,Over 2.5 goals + Home over 0.5 goals,"51%, 82%",0.4953,0.4192,1.182,2.02,2.39,SCORE_MATRIX_EXACT,OK,O25,Over 2.5 goals,0.5083,HOME_O05,Home over 0.5 goals,0.8247,,,,Chengdu Rongcheng FC vs Shanghai Shenhua FC,China Super League,2026-08-22,UNKNOWN,,NO_SCORELINE,,
2,Over 1.5 goals + Under 3.5 goals,"76%, 71%",0.4708,0.5403,0.871,2.12,1.85,SCORE_MATRIX_EXACT,OK,O15,Over 1.5 goals,0.7584,U35,Under 3.5 goals,0.7123,,,,Chengdu Rongcheng FC vs Shanghai Shenhua FC,China Super League,2026-08-22,UNKNOWN,,NO_SCORELINE,,
2,Under 3.5 goals + Both teams to score - No,"71%, 48%",0.4426,0.3444,1.285,2.26,2.9,SCORE_MATRIX_EXACT,OK,U35,Under 3.5 goals,0.7123,BTTS_NO,Both teams to score - No,0.4835,,,,Chengdu Rongcheng FC vs Shanghai Shenhua FC,China Super League,2026-08-22,UNKNOWN,,NO_SCORELINE,,
2,Over 1.5 goals + Home win,"76%, 55%",0.4402,0.4175,1.054,2.27,2.39,SCORE_MATRIX_EXACT,OK,O15,Over 1.5 goals,0.7584,HOME,Home win,0.5505,,,,Chengdu Rongcheng FC vs Shanghai Shenhua FC,China Super League,2026-08-22,UNKNOWN,,NO_SCORELINE,,
2,Home win + Home over 1.5 goals,"55%, 52%",0.4402,0.2861,1.538,2.27,3.49,SCORE_MATRIX_EXACT,OK,HOME,Home win,0.5505,HOME_O15,Home over 1.5 goals,0.5197,,,,Chengdu Rongcheng FC vs Shanghai Shenhua FC,China Super League,2026-08-22,UNKNOWN,,NO_SCORELINE,,
2,Over 2.5 goals + Home over 1.5 goals,"51%, 52%",0.4185,0.2642,1.584,2.39,3.79,SCORE_MATRIX_EXACT,OK,O25,Over 2.5 goals,0.5083,HOME_O15,Home over 1.5 goals,0.5197,,,,Chengdu Rongcheng FC vs Shanghai Shenhua FC,China Super League,2026-08-22,UNKNOWN,,NO_SCORELINE,,
2,Both teams to score + Home or draw,"52%, 80%",0.4171,0.4108,1.015,2.4,2.43,SCORE_MATRIX_EXACT,OK,BTTS,Both teams to score,0.5165,1X,Home or draw,0.7954,,,,Chengdu Rongcheng FC vs Shanghai Shenhua FC,China Super League,2026-08-22,UNKNOWN,,NO_SCORELINE,,
2,Home or draw + Away over 0.5 goals,"80%, 62%",0.4171,0.4945,0.844,2.4,2.02,SCORE_MATRIX_EXACT,OK,1X,Home or draw,0.7954,AWAY_O05,Away over 0.5 goals,0.6218,,,,Chengdu Rongcheng FC vs Shanghai Shenhua FC,China Super League,2026-08-22,UNKNOWN,,NO_SCORELINE,,
2,Over 2.5 goals + Away over 0.5 goals,"51%, 62%",0.4117,0.3161,1.302,2.43,3.16,SCORE_MATRIX_EXACT,OK,O25,Over 2.5 goals,0.5083,AWAY_O05,Away over 0.5 goals,0.6218,,,,Chengdu Rongcheng FC vs Shanghai Shenhua FC,China Super League,2026-08-22,UNKNOWN,,NO_SCORELINE,,
2,Draw or away + Away over 0.5 goals,"63%, 72%",0.5506,0.4543,1.212,1.82,2.2,SCORE_MATRIX_EXACT,OK,X2,Draw or away,0.6325,AWAY_O05,Away over 0.5 goals,0.7183,,,,Swindon Town vs Cheltenham Town,League Two,2026-08-22,UNKNOWN,,NO_SCORELINE,,
2,Home over 0.5 goals + Away over 0.5 goals,"73%, 72%",0.5255,0.521,1.009,1.9,1.92,SCORE_MATRIX_EXACT,OK,HOME_O05,Home over 0.5 goals,0.7254,AWAY_O05,Away over 0.5 goals,0.7183,,,,Swindon Town vs Cheltenham Town,League Two,2026-08-22,UNKNOWN,,NO_SCORELINE,,
2,Under 3.5 goals + Home or draw,"75%, 64%",0.4848,0.4813,1.007,2.06,2.08,SCORE_MATRIX_EXACT,OK,U35,Under 3.5 goals,0.7467,1X,Home or draw,0.6445,,,,Swindon Town vs Cheltenham Town,League Two,2026-08-22,UNKNOWN,,NO_SCORELINE,,
2,Under 3.5 goals + Home over 0.5 goals,"75%, 73%",0.483,0.5417,0.892,2.07,1.85,SCORE_MATRIX_EXACT,OK,U35,Under 3.5 goals,0.7467,HOME_O05,Home over 0.5 goals,0.7254,,,,Swindon Town vs Cheltenham Town,League Two,2026-08-22,UNKNOWN,,NO_SCORELINE,,
2,Over 1.5 goals + Under 3.5 goals,"73%, 75%",0.4758,0.5444,0.874,2.1,1.84,SCORE_MATRIX_EXACT,OK,O15,Over 1.5 goals,0.7291,U35,Under 3.5 goals,0.7467,,,,Swindon Town vs Cheltenham Town,League Two,2026-08-22,UNKNOWN,,NO_SCORELINE,,
2,Under 3.5 goals + Draw or away,"75%, 63%",0.477,0.4723,1.01,2.1,2.12,SCORE_MATRIX_EXACT,OK,U35,Under 3.5 goals,0.7467,X2,Draw or away,0.6325,,,,Swindon Town vs Cheltenham Town,League Two,2026-08-22,UNKNOWN,,NO_SCORELINE,,
2,Under 3.5 goals + Away over 0.5 goals,"75%, 72%",0.4769,0.5364,0.889,2.1,1.86,SCORE_MATRIX_EXACT,OK,U35,Under 3.5 goals,0.7467,AWAY_O05,Away over 0.5 goals,0.7183,,,,Swindon Town vs Cheltenham Town,League Two,2026-08-22,UNKNOWN,,NO_SCORELINE,,
2,Over 1.5 goals + Home or draw,"73%, 64%",0.4672,0.4699,0.994,2.14,2.13,SCORE_MATRIX_EXACT,OK,O15,Over 1.5 goals,0.7291,1X,Home or draw,0.6445,,,,Swindon Town vs Cheltenham Town,League Two,2026-08-22,UNKNOWN,,NO_SCORELINE,,
2,Over 1.5 goals + Draw or away,"73%, 63%",0.457,0.4611,0.991,2.19,2.17,SCORE_MATRIX_EXACT,OK,O15,Over 1.5 goals,0.7291,X2,Draw or away,0.6325,,,,Swindon Town vs Cheltenham Town,League Two,2026-08-22,UNKNOWN,,NO_SCORELINE,,
2,Under 3.5 goals + Both teams to score - No,"75%, 47%",0.4517,0.3543,1.275,2.21,2.82,SCORE_MATRIX_EXACT,OK,U35,Under 3.5 goals,0.7467,BTTS_NO,Both teams to score - No,0.4745,,,,Swindon Town vs Cheltenham Town,League Two,2026-08-22,UNKNOWN,,NO_SCORELINE,,
2,Over 2.5 goals + Home over 0.5 goals,"47%, 73%",0.432,0.3402,1.27,2.31,2.94,SCORE_MATRIX_EXACT,OK,O25,Over 2.5 goals,0.469,HOME_O05,Home over 0.5 goals,0.7254,,,,Swindon Town vs Cheltenham Town,League Two,2026-08-22,UNKNOWN,,NO_SCORELINE,,
2,Over 2.5 goals + Away over 0.5 goals,"47%, 72%",0.4294,0.3369,1.275,2.33,2.97,SCORE_MATRIX_EXACT,OK,O25,Over 2.5 goals,0.469,AWAY_O05,Away over 0.5 goals,0.7183,,,,Swindon Town vs Cheltenham Town,League Two,2026-08-22,UNKNOWN,,NO_SCORELINE,,
2,Home over 0.5 goals + Away over 0.5 goals,"81%, 67%",0.5298,0.5372,0.986,1.89,1.86,SCORE_MATRIX_EXACT,OK,HOME_O05,Home over 0.5 goals,0.8066,AWAY_O05,Away over 0.5 goals,0.666,,,,BK Hacken vs Halmstads BK,Sweden Allsvenskan,2026-08-17,UNKNOWN,,NO_SCORELINE,,
2,Under 3.5 goals + Home over 0.5 goals,"70%, 81%",0.5131,0.5658,0.907,1.95,1.77,SCORE_MATRIX_EXACT,OK,U35,Under 3.5 goals,0.7014,HOME_O05,Home over 0.5 goals,0.8066,,,,BK Hacken vs Halmstads BK,Sweden Allsvenskan,2026-08-17,UNKNOWN,,NO_SCORELINE,,
2,Under 3.5 goals + Home or draw,"70%, 74%",0.5059,0.5166,0.979,1.98,1.94,SCORE_MATRIX_EXACT,OK,U35,Under 3.5 goals,0.7014,1X,Home or draw,0.7365,,,,BK Hacken vs Halmstads BK,Sweden Allsvenskan,2026-08-17,UNKNOWN,,NO_SCORELINE,,
2,Over 2.5 goals + Home over 0.5 goals,"52%, 81%",0.5008,0.4197,1.193,2.0,2.38,SCORE_MATRIX_EXACT,OK,O25,Over 2.5 goals,0.5204,HOME_O05,Home over 0.5 goals,0.8066,,,,BK Hacken vs Halmstads BK,Sweden Allsvenskan,2026-08-17,UNKNOWN,,NO_SCORELINE,,
2,Home or draw + Home over 1.5 goals,"74%, 49%",0.4597,0.3611,1.273,2.18,2.77,SCORE_MATRIX_EXACT,OK,1X,Home or draw,0.7365,HOME_O15,Home over 1.5 goals,0.4904,,,,BK Hacken vs Halmstads BK,Sweden Allsvenskan,2026-08-17,UNKNOWN,,NO_SCORELINE,,
2,Over 1.5 goals + Under 3.5 goals,"75%, 70%",0.4516,0.5262,0.858,2.21,1.9,SCORE_MATRIX_EXACT,OK,O15,Over 1.5 goals,0.7502,U35,Under 3.5 goals,0.7014,,,,BK Hacken vs Halmstads BK,Sweden Allsvenskan,2026-08-17,UNKNOWN,,NO_SCORELINE,,
2,Over 2.5 goals + Away over 0.5 goals,"52%, 67%",0.4449,0.3466,1.284,2.25,2.89,SCORE_MATRIX_EXACT,OK,O25,Over 2.5 goals,0.5204,AWAY_O05,Away over 0.5 goals,0.666,,,,BK Hacken vs Halmstads BK,Sweden Allsvenskan,2026-08-17,UNKNOWN,,NO_SCORELINE,,
2,Under 3.5 goals + Both teams to score - No,"70%, 47%",0.4369,0.3298,1.325,2.29,3.03,SCORE_MATRIX_EXACT,OK,U35,Under 3.5 goals,0.7014,BTTS_NO,Both teams to score - No,0.4702,,,,BK Hacken vs Halmstads BK,Sweden Allsvenskan,2026-08-17,UNKNOWN,,NO_SCORELINE,,
2,Draw or away + Away over 0.5 goals,"49%, 67%",0.4332,0.3266,1.326,2.31,3.06,SCORE_MATRIX_EXACT,OK,X2,Draw or away,0.4904,AWAY_O05,Away over 0.5 goals,0.666,,,,BK Hacken vs Halmstads BK,Sweden Allsvenskan,2026-08-17,UNKNOWN,,NO_SCORELINE,,
2,Over 2.5 goals + Both teams to score,"52%, 53%",0.4253,0.2757,1.543,2.35,3.63,SCORE_MATRIX_EXACT,OK,O25,Over 2.5 goals,0.5204,BTTS,Both teams to score,0.5298,,,,BK Hacken vs Halmstads BK,Sweden Allsvenskan,2026-08-17,UNKNOWN,,NO_SCORELINE,,
2,Over 2.5 goals + Home over 1.5 goals,"52%, 49%",0.4042,0.2552,1.584,2.47,3.92,SCORE_MATRIX_EXACT,OK,O25,Over 2.5 goals,0.5204,HOME_O15,Home over 1.5 goals,0.4904,,,,BK Hacken vs Halmstads BK,Sweden Allsvenskan,2026-08-17,UNKNOWN,,NO_SCORELINE,,
2,Both teams to score + Home or draw,"53%, 74%",0.4025,0.3902,1.032,2.48,2.56,SCORE_MATRIX_EXACT,OK,BTTS,Both teams to score,0.5298,1X,Home or draw,0.7365,,,,BK Hacken vs Halmstads BK,Sweden Allsvenskan,2026-08-17,UNKNOWN,,NO_SCORELINE,,
2,Under 3.5 goals + Home over 0.5 goals,"71%, 84%",0.5499,0.5949,0.924,1.82,1.68,SCORE_MATRIX_EXACT,OK,U35,Under 3.5 goals,0.7114,HOME_O05,Home over 0.5 goals,0.8363,,,,Shanghai SIPG FC vs Qingdao Hainiu FC,China Super League,2026-08-23,UNKNOWN,,NO_SCORELINE,,
2,Over 1.5 goals + Away over 0.5 goals,"75%, 59%",0.5299,0.4435,1.195,1.89,2.25,SCORE_MATRIX_EXACT,OK,O15,Over 1.5 goals,0.748,AWAY_O05,Away over 0.5 goals,0.5929,,,,Shanghai SIPG FC vs Qingdao Hainiu FC,China Super League,2026-08-23,UNKNOWN,,NO_SCORELINE,,
2,Home or draw + Home over 1.5 goals,"81%, 54%",0.5198,0.4378,1.187,1.92,2.28,SCORE_MATRIX_EXACT,OK,1X,Home or draw,0.8119,HOME_O15,Home over 1.5 goals,0.5393,,,,Shanghai SIPG FC vs Qingdao Hainiu FC,China Super League,2026-08-23,UNKNOWN,,NO_SCORELINE,,
2,Over 2.5 goals + Home over 0.5 goals,"51%, 84%",0.4989,0.426,1.171,2.0,2.35,SCORE_MATRIX_EXACT,OK,O25,Over 2.5 goals,0.5093,HOME_O05,Home over 0.5 goals,0.8363,,,,Shanghai SIPG FC vs Qingdao Hainiu FC,China Super League,2026-08-23,UNKNOWN,,NO_SCORELINE,,
2,Home over 0.5 goals + Away over 0.5 goals,"84%, 59%",0.4922,0.4959,0.993,2.03,2.02,SCORE_MATRIX_EXACT,OK,HOME_O05,Home over 0.5 goals,0.8363,AWAY_O05,Away over 0.5 goals,0.5929,,,,Shanghai SIPG FC vs Qingdao Hainiu FC,China Super League,2026-08-23,UNKNOWN,,NO_SCORELINE,,
2,Over 1.5 goals + Home win,"75%, 59%",0.4665,0.4431,1.053,2.14,2.26,SCORE_MATRIX_EXACT,OK,O15,Over 1.5 goals,0.748,HOME,Home win,0.5924,,,,Shanghai SIPG FC vs Qingdao Hainiu FC,China Super League,2026-08-23,UNKNOWN,,NO_SCORELINE,,
2,Home win + Home over 1.5 goals,"59%, 54%",0.4665,0.3195,1.46,2.14,3.13,SCORE_MATRIX_EXACT,OK,HOME,Home win,0.5924,HOME_O15,Home over 1.5 goals,0.5393,,,,Shanghai SIPG FC vs Qingdao Hainiu FC,China Super League,2026-08-23,UNKNOWN,,NO_SCORELINE,,
2,Under 3.5 goals + Both teams to score - No,"71%, 51%",0.461,0.3612,1.276,2.17,2.77,SCORE_MATRIX_EXACT,OK,U35,Under 3.5 goals,0.7114,BTTS_NO,Both teams to score - No,0.5078,,,,Shanghai SIPG FC vs Qingdao Hainiu FC,China Super League,2026-08-23,UNKNOWN,,NO_SCORELINE,,
2,Over 1.5 goals + Under 3.5 goals,"75%, 71%",0.4594,0.5321,0.863,2.18,1.88,SCORE_MATRIX_EXACT,OK,O15,Over 1.5 goals,0.748,U35,Under 3.5 goals,0.7114,,,,Shanghai SIPG FC vs Qingdao Hainiu FC,China Super League,2026-08-23,UNKNOWN,,NO_SCORELINE,,
2,Over 2.5 goals + Home over 1.5 goals,"51%, 54%",0.4309,0.2747,1.569,2.32,3.64,SCORE_MATRIX_EXACT,OK,O25,Over 2.5 goals,0.5093,HOME_O15,Home over 1.5 goals,0.5393,,,,Shanghai SIPG FC vs Qingdao Hainiu FC,China Super League,2026-08-23,UNKNOWN,,NO_SCORELINE,,
2,Over 2.5 goals + Home or draw,"51%, 81%",0.4114,0.4135,0.995,2.43,2.42,SCORE_MATRIX_EXACT,OK,O25,Over 2.5 goals,0.5093,1X,Home or draw,0.8119,,,,Shanghai SIPG FC vs Qingdao Hainiu FC,China Super League,2026-08-23,UNKNOWN,,NO_SCORELINE,,
2,Both teams to score - No + Home or draw,"51%, 81%",0.4071,0.4122,0.988,2.46,2.43,SCORE_MATRIX_EXACT,OK,BTTS_NO,Both teams to score - No,0.5078,1X,Home or draw,0.8119,,,,Shanghai SIPG FC vs Qingdao Hainiu FC,China Super League,2026-08-23,UNKNOWN,,NO_SCORELINE,,
2,Draw or away + Away over 0.5 goals,"60%, 69%",0.522,0.4132,1.263,1.92,2.42,SCORE_MATRIX_EXACT,OK,X2,Draw or away,0.5961,AWAY_O05,Away over 0.5 goals,0.6932,,,,Sporting Gijón vs Sabadell FC,La Liga 2,2026-08-17,UNKNOWN,,NO_SCORELINE,,
2,Under 3.5 goals + Home over 0.5 goals,"76%, 73%",0.4946,0.5516,0.897,2.02,1.81,SCORE_MATRIX_EXACT,OK,U35,Under 3.5 goals,0.7581,HOME_O05,Home over 0.5 goals,0.7276,,,,Sporting Gijón vs Sabadell FC,La Liga 2,2026-08-17,UNKNOWN,,NO_SCORELINE,,
2,Home over 0.5 goals + Away over 0.5 goals,"73%, 69%",0.4949,0.5043,0.981,2.02,1.98,SCORE_MATRIX_EXACT,OK,HOME_O05,Home over 0.5 goals,0.7276,AWAY_O05,Away over 0.5 goals,0.6932,,,,Sporting Gijón vs Sabadell FC,La Liga 2,2026-08-17,UNKNOWN,,NO_SCORELINE,,
2,Under 3.5 goals + Home or draw,"76%, 65%",0.4925,0.4948,0.995,2.03,2.02,SCORE_MATRIX_EXACT,OK,U35,Under 3.5 goals,0.7581,1X,Home or draw,0.6526,,,,Sporting Gijón vs Sabadell FC,La Liga 2,2026-08-17,UNKNOWN,,NO_SCORELINE,,
2,Under 3.5 goals + Both teams to score - No,"76%, 51%",0.4829,0.3829,1.261,2.07,2.61,SCORE_MATRIX_EXACT,OK,U35,Under 3.5 goals,0.7581,BTTS_NO,Both teams to score - No,0.5051,,,,Sporting Gijón vs Sabadell FC,La Liga 2,2026-08-17,UNKNOWN,,NO_SCORELINE,,
2,Under 3.5 goals + Away over 0.5 goals,"76%, 69%",0.4646,0.5255,0.884,2.15,1.9,SCORE_MATRIX_EXACT,OK,U35,Under 3.5 goals,0.7581,AWAY_O05,Away over 0.5 goals,0.6932,,,,Sporting Gijón vs Sabadell FC,La Liga 2,2026-08-17,UNKNOWN,,NO_SCORELINE,,
2,Over 1.5 goals + Home or draw,"70%, 65%",0.4601,0.4566,1.008,2.17,2.19,SCORE_MATRIX_EXACT,OK,O15,Over 1.5 goals,0.6996,1X,Home or draw,0.6526,,,,Sporting Gijón vs Sabadell FC,La Liga 2,2026-08-17,UNKNOWN,,NO_SCORELINE,,
2,Over 1.5 goals + Under 3.5 goals,"70%, 76%",0.4577,0.5304,0.863,2.18,1.89,SCORE_MATRIX_EXACT,OK,O15,Over 1.5 goals,0.6996,U35,Under 3.5 goals,0.7581,,,,Sporting Gijón vs Sabadell FC,La Liga 2,2026-08-17,UNKNOWN,,NO_SCORELINE,,
2,Under 3.5 goals + Draw or away,"76%, 60%",0.4551,0.452,1.007,2.2,2.21,SCORE_MATRIX_EXACT,OK,U35,Under 3.5 goals,0.7581,X2,Draw or away,0.5961,,,,Sporting Gijón vs Sabadell FC,La Liga 2,2026-08-17,UNKNOWN,,NO_SCORELINE,,
2,Under 2.5 goals + Both teams to score - No,"54%, 51%",0.4291,0.275,1.56,2.33,3.64,SCORE_MATRIX_EXACT,OK,U25,Under 2.5 goals,0.5444,BTTS_NO,Both teams to score - No,0.5051,,,,Sporting Gijón vs Sabadell FC,La Liga 2,2026-08-17,UNKNOWN,,NO_SCORELINE,,
2,Over 2.5 goals + Home over 0.5 goals,"46%, 73%",0.4235,0.3315,1.278,2.36,3.02,SCORE_MATRIX_EXACT,OK,O25,Over 2.5 goals,0.4556,HOME_O05,Home over 0.5 goals,0.7276,,,,Sporting Gijón vs Sabadell FC,La Liga 2,2026-08-17,UNKNOWN,,NO_SCORELINE,,
2,Over 1.5 goals + Draw or away,"70%, 60%",0.4141,0.4171,0.993,2.41,2.4,SCORE_MATRIX_EXACT,OK,O15,Over 1.5 goals,0.6996,X2,Draw or away,0.5961,,,,Sporting Gijón vs Sabadell FC,La Liga 2,2026-08-17,UNKNOWN,,NO_SCORELINE,,
2,Under 3.5 goals + Home or draw,"80%, 68%",0.5442,0.5397,1.008,1.84,1.85,SCORE_MATRIX_EXACT,OK,U35,Under 3.5 goals,0.7958,1X,Home or draw,0.6781,,,,Atlético Tucuman vs Instituto de Córdoba,Argentina Primera Division,2026-08-22,UNKNOWN,,NO_SCORELINE,,
2,Draw or away + Away over 0.5 goals,"64%, 68%",0.5252,0.4315,1.217,1.9,2.32,SCORE_MATRIX_EXACT,OK,X2,Draw or away,0.6384,AWAY_O05,Away over 0.5 goals,0.6759,,,,Atlético Tucuman vs Instituto de Córdoba,Argentina Primera Division,2026-08-22,UNKNOWN,,NO_SCORELINE,,
2,Under 3.5 goals + Draw or away,"80%, 64%",0.5168,0.5081,1.017,1.94,1.97,SCORE_MATRIX_EXACT,OK,U35,Under 3.5 goals,0.7958,X2,Draw or away,0.6384,,,,Atlético Tucuman vs Instituto de Córdoba,Argentina Primera Division,2026-08-22,UNKNOWN,,NO_SCORELINE,,
2,Under 3.5 goals + Home over 0.5 goals,"80%, 70%",0.5047,0.5577,0.905,1.98,1.79,SCORE_MATRIX_EXACT,OK,U35,Under 3.5 goals,0.7958,HOME_O05,Home over 0.5 goals,0.7008,,,,Atlético Tucuman vs Instituto de Córdoba,Argentina Primera Division,2026-08-22,UNKNOWN,,NO_SCORELINE,,
2,Under 3.5 goals + Both teams to score - No,"80%, 51%",0.4909,0.406,1.209,2.04,2.46,SCORE_MATRIX_EXACT,OK,U35,Under 3.5 goals,0.7958,BTTS_NO,Both teams to score - No,0.5101,,,,Atlético Tucuman vs Instituto de Córdoba,Argentina Primera Division,2026-08-22,UNKNOWN,,NO_SCORELINE,,
2,Home over 0.5 goals + Away over 0.5 goals,"70%, 68%",0.4899,0.4736,1.034,2.04,2.11,SCORE_MATRIX_EXACT,OK,HOME_O05,Home over 0.5 goals,0.7008,AWAY_O05,Away over 0.5 goals,0.6759,,,,Atlético Tucuman vs Instituto de Córdoba,Argentina Primera Division,2026-08-22,UNKNOWN,,NO_SCORELINE,,
2,Over 1.5 goals + Under 3.5 goals,"69%, 80%",0.4886,0.5513,0.886,2.05,1.81,SCORE_MATRIX_EXACT,OK,O15,Over 1.5 goals,0.6928,U35,Under 3.5 goals,0.7958,,,,Atlético Tucuman vs Instituto de Córdoba,Argentina Primera Division,2026-08-22,UNKNOWN,,NO_SCORELINE,,
2,Under 3.5 goals + Away over 0.5 goals,"80%, 68%",0.4828,0.5379,0.898,2.07,1.86,SCORE_MATRIX_EXACT,OK,U35,Under 3.5 goals,0.7958,AWAY_O05,Away over 0.5 goals,0.6759,,,,Atlético Tucuman vs Instituto de Córdoba,Argentina Primera Division,2026-08-22,UNKNOWN,,NO_SCORELINE,,
2,Over 1.5 goals + Home or draw,"69%, 68%",0.4644,0.4698,0.989,2.15,2.13,SCORE_MATRIX_EXACT,OK,O15,Over 1.5 goals,0.6928,1X,Home or draw,0.6781,,,,Atlético Tucuman vs Instituto de Córdoba,Argentina Primera Division,2026-08-22,UNKNOWN,,NO_SCORELINE,,
2,Under 2.5 goals + Both teams to score - No,"59%, 51%",0.4397,0.3017,1.457,2.27,3.31,SCORE_MATRIX_EXACT,OK,U25,Under 2.5 goals,0.5915,BTTS_NO,Both teams to score - No,0.5101,,,,Atlético Tucuman vs Instituto de Córdoba,Argentina Primera Division,2026-08-22,UNKNOWN,,NO_SCORELINE,,
2,Under 2.5 goals + Home or draw,"59%, 68%",0.4366,0.4011,1.088,2.29,2.49,SCORE_MATRIX_EXACT,OK,U25,Under 2.5 goals,0.5915,1X,Home or draw,0.6781,,,,Atlético Tucuman vs Instituto de Córdoba,Argentina Primera Division,2026-08-22,UNKNOWN,,NO_SCORELINE,,
2,Over 1.5 goals + Draw or away,"69%, 64%",0.4317,0.4423,0.976,2.32,2.26,SCORE_MATRIX_EXACT,OK,O15,Over 1.5 goals,0.6928,X2,Draw or away,0.6384,,,,Atlético Tucuman vs Instituto de Córdoba,Argentina Primera Division,2026-08-22,UNKNOWN,,NO_SCORELINE,,
2,Over 1.5 goals + Away over 0.5 goals,"75%, 58%",0.5239,0.4323,1.212,1.91,2.31,SCORE_MATRIX_EXACT,OK,O15,Over 1.5 goals,0.7482,AWAY_O05,Away over 0.5 goals,0.5778,,,,Wrexham AFC vs Watford,Championship,2026-08-22,UNKNOWN,,NO_SCORELINE,,
2,Home or draw + Home over 1.5 goals,"83%, 52%",0.5054,0.4332,1.167,1.98,2.31,SCORE_MATRIX_EXACT,OK,1X,Home or draw,0.8306,HOME_O15,Home over 1.5 goals,0.5216,,,,Wrexham AFC vs Watford,Championship,2026-08-22,UNKNOWN,,NO_SCORELINE,,
2,Home over 0.5 goals + Away over 0.5 goals,"82%, 58%",0.4878,0.4759,1.025,2.05,2.1,SCORE_MATRIX_EXACT,OK,HOME_O05,Home over 0.5 goals,0.8235,AWAY_O05,Away over 0.5 goals,0.5778,,,,Wrexham AFC vs Watford,Championship,2026-08-22,UNKNOWN,,NO_SCORELINE,,
2,Over 1.5 goals + Under 3.5 goals,"75%, 74%",0.4861,0.5521,0.88,2.06,1.81,SCORE_MATRIX_EXACT,OK,O15,Over 1.5 goals,0.7482,U35,Under 3.5 goals,0.7379,,,,Wrexham AFC vs Watford,Championship,2026-08-22,UNKNOWN,,NO_SCORELINE,,
2,Over 2.5 goals + Home over 0.5 goals,"48%, 82%",0.4702,0.395,1.19,2.13,2.53,SCORE_MATRIX_EXACT,OK,O25,Over 2.5 goals,0.4796,HOME_O05,Home over 0.5 goals,0.8235,,,,Wrexham AFC vs Watford,Championship,2026-08-22,UNKNOWN,,NO_SCORELINE,,
2,Under 3.5 goals + Both teams to score - No,"74%, 51%",0.4672,0.378,1.236,2.14,2.65,SCORE_MATRIX_EXACT,OK,U35,Under 3.5 goals,0.7379,BTTS_NO,Both teams to score - No,0.5122,,,,Wrexham AFC vs Watford,Championship,2026-08-22,UNKNOWN,,NO_SCORELINE,,
2,Over 1.5 goals + Home win,"75%, 57%",0.4573,0.4256,1.075,2.19,2.35,SCORE_MATRIX_EXACT,OK,O15,Over 1.5 goals,0.7482,HOME,Home win,0.5688,,,,Wrexham AFC vs Watford,Championship,2026-08-22,UNKNOWN,,NO_SCORELINE,,
2,Home win + Home over 1.5 goals,"57%, 52%",0.4573,0.2966,1.541,2.19,3.37,SCORE_MATRIX_EXACT,OK,HOME,Home win,0.5688,HOME_O15,Home over 1.5 goals,0.5216,,,,Wrexham AFC vs Watford,Championship,2026-08-22,UNKNOWN,,NO_SCORELINE,,
2,Under 2.5 goals + Home or draw,"52%, 83%",0.4397,0.4322,1.017,2.27,2.31,SCORE_MATRIX_EXACT,OK,U25,Under 2.5 goals,0.5204,1X,Home or draw,0.8306,,,,Wrexham AFC vs Watford,Championship,2026-08-22,UNKNOWN,,NO_SCORELINE,,
2,Both teams to score - No + Home or draw,"51%, 83%",0.4222,0.4255,0.992,2.37,2.35,SCORE_MATRIX_EXACT,OK,BTTS_NO,Both teams to score - No,0.5122,1X,Home or draw,0.8306,,,,Wrexham AFC vs Watford,Championship,2026-08-22,UNKNOWN,,NO_SCORELINE,,
2,Both teams to score + Home or draw,"49%, 83%",0.4084,0.4051,1.008,2.45,2.47,SCORE_MATRIX_EXACT,OK,BTTS,Both teams to score,0.4878,1X,Home or draw,0.8306,,,,Wrexham AFC vs Watford,Championship,2026-08-22,UNKNOWN,,NO_SCORELINE,,
2,Home or draw + Away over 0.5 goals,"83%, 58%",0.4084,0.4799,0.851,2.45,2.08,SCORE_MATRIX_EXACT,OK,1X,Home or draw,0.8306,AWAY_O05,Away over 0.5 goals,0.5778,,,,Wrexham AFC vs Watford,Championship,2026-08-22,UNKNOWN,,NO_SCORELINE,,
2,Home or draw + Home over 0.5 goals,"64%, 71%",0.5532,0.4528,1.222,1.81,2.21,SCORE_MATRIX_EXACT,OK,1X,Home or draw,0.6388,HOME_O05,Home over 0.5 goals,0.7088,,,,Bragantino-SP vs Grêmio,Brazil Serie A,2026-08-23,UNKNOWN,,NO_SCORELINE,,
2,Draw or away + Away over 0.5 goals,"63%, 71%",0.5483,0.4474,1.225,1.82,2.23,SCORE_MATRIX_EXACT,OK,X2,Draw or away,0.634,AWAY_O05,Away over 0.5 goals,0.7058,,,,Bragantino-SP vs Grêmio,Brazil Serie A,2026-08-23,UNKNOWN,,NO_SCORELINE,,
2,Home over 0.5 goals + Away over 0.5 goals,"71%, 71%",0.5002,0.5002,1.0,2.0,2.0,SCORE_MATRIX_EXACT,OK,HOME_O05,Home over 0.5 goals,0.7088,AWAY_O05,Away over 0.5 goals,0.7058,,,,Bragantino-SP vs Grêmio,Brazil Serie A,2026-08-23,UNKNOWN,,NO_SCORELINE,,
2,Under 3.5 goals + Home or draw,"77%, 64%",0.4925,0.4898,1.005,2.03,2.04,SCORE_MATRIX_EXACT,OK,U35,Under 3.5 goals,0.7667,1X,Home or draw,0.6388,,,,Bragantino-SP vs Grêmio,Brazil Serie A,2026-08-23,UNKNOWN,,NO_SCORELINE,,
2,Under 3.5 goals + Draw or away,"77%, 63%",0.4892,0.4861,1.007,2.04,2.06,SCORE_MATRIX_EXACT,OK,U35,Under 3.5 goals,0.7667,X2,Draw or away,0.634,,,,Bragantino-SP vs Grêmio,Brazil Serie A,2026-08-23,UNKNOWN,,NO_SCORELINE,,
2,Under 3.5 goals + Home over 0.5 goals,"77%, 71%",0.4859,0.5434,0.894,2.06,1.84,SCORE_MATRIX_EXACT,OK,U35,Under 3.5 goals,0.7667,HOME_O05,Home over 0.5 goals,0.7088,,,,Bragantino-SP vs Grêmio,Brazil Serie A,2026-08-23,UNKNOWN,,NO_SCORELINE,,
2,Under 3.5 goals + Away over 0.5 goals,"77%, 71%",0.4833,0.5411,0.893,2.07,1.85,SCORE_MATRIX_EXACT,OK,U35,Under 3.5 goals,0.7667,AWAY_O05,Away over 0.5 goals,0.7058,,,,Bragantino-SP vs Grêmio,Brazil Serie A,2026-08-23,UNKNOWN,,NO_SCORELINE,,
2,Under 3.5 goals + Both teams to score - No,"77%, 50%",0.4785,0.3832,1.249,2.09,2.61,SCORE_MATRIX_EXACT,OK,U35,Under 3.5 goals,0.7667,BTTS_NO,Both teams to score - No,0.4998,,,,Bragantino-SP vs Grêmio,Brazil Serie A,2026-08-23,UNKNOWN,,NO_SCORELINE,,
2,Over 1.5 goals + Under 3.5 goals,"70%, 77%",0.4705,0.5396,0.872,2.13,1.85,SCORE_MATRIX_EXACT,OK,O15,Over 1.5 goals,0.7038,U35,Under 3.5 goals,0.7667,,,,Bragantino-SP vs Grêmio,Brazil Serie A,2026-08-23,UNKNOWN,,NO_SCORELINE,,
2,Over 1.5 goals + Home or draw,"70%, 64%",0.4474,0.4496,0.995,2.23,2.22,SCORE_MATRIX_EXACT,OK,O15,Over 1.5 goals,0.7038,1X,Home or draw,0.6388,,,,Bragantino-SP vs Grêmio,Brazil Serie A,2026-08-23,UNKNOWN,,NO_SCORELINE,,
2,Over 1.5 goals + Draw or away,"70%, 63%",0.4434,0.4462,0.994,2.26,2.24,SCORE_MATRIX_EXACT,OK,O15,Over 1.5 goals,0.7038,X2,Draw or away,0.634,,,,Bragantino-SP vs Grêmio,Brazil Serie A,2026-08-23,UNKNOWN,,NO_SCORELINE,,
2,Under 2.5 goals + Both teams to score - No,"55%, 50%",0.4256,0.2773,1.535,2.35,3.61,SCORE_MATRIX_EXACT,OK,U25,Under 2.5 goals,0.5549,BTTS_NO,Both teams to score - No,0.4998,,,,Bragantino-SP vs Grêmio,Brazil Serie A,2026-08-23,UNKNOWN,,NO_SCORELINE,,
2,Under 3.5 goals + Home or draw,"72%, 77%",0.5527,0.5589,0.989,1.81,1.79,SCORE_MATRIX_EXACT,OK,U35,Under 3.5 goals,0.7243,1X,Home or draw,0.7717,,,,Blackburn Rovers vs Middlesbrough,Championship,2026-08-22,UNKNOWN,,NO_SCORELINE,,
2,Under 3.5 goals + Home over 0.5 goals,"72%, 80%",0.5321,0.5822,0.914,1.88,1.72,SCORE_MATRIX_EXACT,OK,U35,Under 3.5 goals,0.7243,HOME_O05,Home over 0.5 goals,0.8038,,,,Blackburn Rovers vs Middlesbrough,Championship,2026-08-22,UNKNOWN,,NO_SCORELINE,,
2,Home over 0.5 goals + Away over 0.5 goals,"80%, 65%",0.5333,0.5213,1.023,1.88,1.92,SCORE_MATRIX_EXACT,OK,HOME_O05,Home over 0.5 goals,0.8038,AWAY_O05,Away over 0.5 goals,0.6486,,,,Blackburn Rovers vs Middlesbrough,Championship,2026-08-22,UNKNOWN,,NO_SCORELINE,,
2,Over 1.5 goals + Under 3.5 goals,"76%, 72%",0.4846,0.5507,0.88,2.06,1.82,SCORE_MATRIX_EXACT,OK,O15,Over 1.5 goals,0.7603,U35,Under 3.5 goals,0.7243,,,,Blackburn Rovers vs Middlesbrough,Championship,2026-08-22,UNKNOWN,,NO_SCORELINE,,
2,Over 2.5 goals + Home over 0.5 goals,"49%, 80%",0.4781,0.3978,1.202,2.09,2.51,SCORE_MATRIX_EXACT,OK,O25,Over 2.5 goals,0.4949,HOME_O05,Home over 0.5 goals,0.8038,,,,Blackburn Rovers vs Middlesbrough,Championship,2026-08-22,UNKNOWN,,NO_SCORELINE,,
2,Home or draw + Home over 1.5 goals,"77%, 48%",0.4582,0.3732,1.228,2.18,2.68,SCORE_MATRIX_EXACT,OK,1X,Home or draw,0.7717,HOME_O15,Home over 1.5 goals,0.4836,,,,Blackburn Rovers vs Middlesbrough,Championship,2026-08-22,UNKNOWN,,NO_SCORELINE,,
2,Under 3.5 goals + Both teams to score - No,"72%, 47%",0.4331,0.3381,1.281,2.31,2.96,SCORE_MATRIX_EXACT,OK,U35,Under 3.5 goals,0.7243,BTTS_NO,Both teams to score - No,0.4667,,,,Blackburn Rovers vs Middlesbrough,Championship,2026-08-22,UNKNOWN,,NO_SCORELINE,,
2,Draw or away + Away over 0.5 goals,"50%, 65%",0.4228,0.3267,1.294,2.37,3.06,SCORE_MATRIX_EXACT,OK,X2,Draw or away,0.5037,AWAY_O05,Away over 0.5 goals,0.6486,,,,Blackburn Rovers vs Middlesbrough,Championship,2026-08-22,UNKNOWN,,NO_SCORELINE,,
2,Both teams to score + Home or draw,"53%, 77%",0.4203,0.4115,1.021,2.38,2.43,SCORE_MATRIX_EXACT,OK,BTTS,Both teams to score,0.5333,1X,Home or draw,0.7717,,,,Blackburn Rovers vs Middlesbrough,Championship,2026-08-22,UNKNOWN,,NO_SCORELINE,,
2,Home or draw + Away over 0.5 goals,"77%, 65%",0.4203,0.5005,0.84,2.38,2.0,SCORE_MATRIX_EXACT,OK,1X,Home or draw,0.7717,AWAY_O05,Away over 0.5 goals,0.6486,,,,Blackburn Rovers vs Middlesbrough,Championship,2026-08-22,UNKNOWN,,NO_SCORELINE,,
2,Over 2.5 goals + Away over 0.5 goals,"49%, 65%",0.4148,0.321,1.292,2.41,3.12,SCORE_MATRIX_EXACT,OK,O25,Over 2.5 goals,0.4949,AWAY_O05,Away over 0.5 goals,0.6486,,,,Blackburn Rovers vs Middlesbrough,Championship,2026-08-22,UNKNOWN,,NO_SCORELINE,,
2,Under 2.5 goals + Home or draw,"51%, 77%",0.4066,0.3898,1.043,2.46,2.57,SCORE_MATRIX_EXACT,OK,U25,Under 2.5 goals,0.5051,1X,Home or draw,0.7717,,,,Blackburn Rovers vs Middlesbrough,Championship,2026-08-22,UNKNOWN,,NO_SCORELINE,,
2,Under 3.5 goals + Home or draw,"75%, 73%",0.5427,0.5456,0.995,1.84,1.83,SCORE_MATRIX_EXACT,OK,U35,Under 3.5 goals,0.7509,1X,Home or draw,0.7265,,,,Port Vale vs Tranmere Rovers,League Two,2026-08-22,UNKNOWN,,NO_SCORELINE,,
2,Over 1.5 goals + Home or draw,"73%, 73%",0.5353,0.5313,1.007,1.87,1.88,SCORE_MATRIX_EXACT,OK,O15,Over 1.5 goals,0.7313,1X,Home or draw,0.7265,,,,Port Vale vs Tranmere Rovers,League Two,2026-08-22,UNKNOWN,,NO_SCORELINE,,
2,Under 3.5 goals + Home over 0.5 goals,"75%, 77%",0.5227,0.5752,0.909,1.91,1.74,SCORE_MATRIX_EXACT,OK,U35,Under 3.5 goals,0.7509,HOME_O05,Home over 0.5 goals,0.766,,,,Port Vale vs Tranmere Rovers,League Two,2026-08-22,UNKNOWN,,NO_SCORELINE,,
2,Home over 0.5 goals + Away over 0.5 goals,"77%, 66%",0.5182,0.5092,1.018,1.93,1.96,SCORE_MATRIX_EXACT,OK,HOME_O05,Home over 0.5 goals,0.766,AWAY_O05,Away over 0.5 goals,0.6648,,,,Port Vale vs Tranmere Rovers,League Two,2026-08-22,UNKNOWN,,NO_SCORELINE,,
2,Over 1.5 goals + Under 3.5 goals,"73%, 75%",0.4823,0.5492,0.878,2.07,1.82,SCORE_MATRIX_EXACT,OK,O15,Over 1.5 goals,0.7313,U35,Under 3.5 goals,0.7509,,,,Port Vale vs Tranmere Rovers,League Two,2026-08-22,UNKNOWN,,NO_SCORELINE,,
2,Draw or away + Away over 0.5 goals,"56%, 66%",0.469,0.3699,1.268,2.13,2.7,SCORE_MATRIX_EXACT,OK,X2,Draw or away,0.5564,AWAY_O05,Away over 0.5 goals,0.6648,,,,Port Vale vs Tranmere Rovers,League Two,2026-08-22,UNKNOWN,,NO_SCORELINE,,
2,Under 3.5 goals + Both teams to score - No,"75%, 48%",0.4559,0.3618,1.26,2.19,2.76,SCORE_MATRIX_EXACT,OK,U35,Under 3.5 goals,0.7509,BTTS_NO,Both teams to score - No,0.4818,,,,Port Vale vs Tranmere Rovers,League Two,2026-08-22,UNKNOWN,,NO_SCORELINE,,
2,Over 2.5 goals + Home over 0.5 goals,"46%, 77%",0.4415,0.3554,1.242,2.26,2.81,SCORE_MATRIX_EXACT,OK,O25,Over 2.5 goals,0.464,HOME_O05,Home over 0.5 goals,0.766,,,,Port Vale vs Tranmere Rovers,League Two,2026-08-22,UNKNOWN,,NO_SCORELINE,,
2,Under 3.5 goals + Away over 0.5 goals,"75%, 66%",0.4359,0.4992,0.873,2.29,2.0,SCORE_MATRIX_EXACT,OK,U35,Under 3.5 goals,0.7509,AWAY_O05,Away over 0.5 goals,0.6648,,,,Port Vale vs Tranmere Rovers,League Two,2026-08-22,UNKNOWN,,NO_SCORELINE,,
2,Under 3.5 goals + Draw or away,"75%, 56%",0.433,0.4179,1.036,2.31,2.39,SCORE_MATRIX_EXACT,OK,U35,Under 3.5 goals,0.7509,X2,Draw or away,0.5564,,,,Port Vale vs Tranmere Rovers,League Two,2026-08-22,UNKNOWN,,NO_SCORELINE,,
2,Under 2.5 goals + Home or draw,"54%, 73%",0.4119,0.3894,1.058,2.43,2.57,SCORE_MATRIX_EXACT,OK,U25,Under 2.5 goals,0.536,1X,Home or draw,0.7265,,,,Port Vale vs Tranmere Rovers,League Two,2026-08-22,UNKNOWN,,NO_SCORELINE,,
2,Over 2.5 goals + Away over 0.5 goals,"46%, 66%",0.4036,0.3085,1.308,2.48,3.24,SCORE_MATRIX_EXACT,OK,O25,Over 2.5 goals,0.464,AWAY_O05,Away over 0.5 goals,0.6648,,,,Port Vale vs Tranmere Rovers,League Two,2026-08-22,UNKNOWN,,NO_SCORELINE,,
2,Home or draw + Home over 0.5 goals,"62%, 72%",0.5555,0.4507,1.233,1.8,2.22,SCORE_MATRIX_EXACT,OK,1X,Home or draw,0.6248,HOME_O05,Home over 0.5 goals,0.7213,,,,Minnesota United FC vs Atlanta United FC,USA MLS,2026-08-20,LOST,1X=LOST | HOME_O05=WON,OK,1-2,1.0.0
2,Draw or away + Away over 0.5 goals,"62%, 72%",0.5517,0.4466,1.235,1.81,2.24,SCORE_MATRIX_EXACT,OK,X2,Draw or away,0.6211,AWAY_O05,Away over 0.5 goals,0.7191,,,,Minnesota United FC vs Atlanta United FC,USA MLS,2026-08-20,WON,X2=WON | AWAY_O05=WON,OK,1-2,1.0.0
2,Home over 0.5 goals + Away over 0.5 goals,"72%, 72%",0.5097,0.5187,0.983,1.96,1.93,SCORE_MATRIX_EXACT,OK,HOME_O05,Home over 0.5 goals,0.7213,AWAY_O05,Away over 0.5 goals,0.7191,,,,Minnesota United FC vs Atlanta United FC,USA MLS,2026-08-20,WON,HOME_O05=WON | AWAY_O05=WON,OK,1-2,1.0.0
2,Under 3.5 goals + Home over 0.5 goals,"74%, 72%",0.4763,0.5364,0.888,2.1,1.86,SCORE_MATRIX_EXACT,OK,U35,Under 3.5 goals,0.7436,HOME_O05,Home over 0.5 goals,0.7213,,,,Minnesota United FC vs Atlanta United FC,USA MLS,2026-08-20,WON,U35=WON | HOME_O05=WON,OK,1-2,1.0.0
2,Under 3.5 goals + Away over 0.5 goals,"74%, 72%",0.4743,0.5347,0.887,2.11,1.87,SCORE_MATRIX_EXACT,OK,U35,Under 3.5 goals,0.7436,AWAY_O05,Away over 0.5 goals,0.7191,,,,Minnesota United FC vs Atlanta United FC,USA MLS,2026-08-20,WON,U35=WON | AWAY_O05=WON,OK,1-2,1.0.0
2,Under 3.5 goals + Both teams to score - No,"74%, 49%",0.4674,0.3646,1.282,2.14,2.74,SCORE_MATRIX_EXACT,OK,U35,Under 3.5 goals,0.7436,BTTS_NO,Both teams to score - No,0.4903,,,,Minnesota United FC vs Atlanta United FC,USA MLS,2026-08-20,LOST,U35=WON | BTTS_NO=LOST,OK,1-2,1.0.0
2,Under 3.5 goals + Home or draw,"74%, 62%",0.4647,0.4646,1.0,2.15,2.15,SCORE_MATRIX_EXACT,OK,U35,Under 3.5 goals,0.7436,1X,Home or draw,0.6248,,,,Minnesota United FC vs Atlanta United FC,USA MLS,2026-08-20,LOST,U35=WON | 1X=LOST,OK,1-2,1.0.0
2,Under 3.5 goals + Draw or away,"74%, 62%",0.4623,0.4618,1.001,2.16,2.17,SCORE_MATRIX_EXACT,OK,U35,Under 3.5 goals,0.7436,X2,Draw or away,0.6211,,,,Minnesota United FC vs Atlanta United FC,USA MLS,2026-08-20,WON,U35=WON | X2=WON,OK,1-2,1.0.0
2,Over 1.5 goals + Under 3.5 goals,"71%, 74%",0.457,0.5305,0.861,2.19,1.89,SCORE_MATRIX_EXACT,OK,O15,Over 1.5 goals,0.7134,U35,Under 3.5 goals,0.7436,,,,Minnesota United FC vs Atlanta United FC,USA MLS,2026-08-20,WON,O15=WON | U35=WON,OK,1-2,1.0.0
2,Over 1.5 goals + Home or draw,"71%, 62%",0.4465,0.4457,1.002,2.24,2.24,SCORE_MATRIX_EXACT,OK,O15,Over 1.5 goals,0.7134,1X,Home or draw,0.6248,,,,Minnesota United FC vs Atlanta United FC,USA MLS,2026-08-20,LOST,O15=WON | 1X=LOST,OK,1-2,1.0.0
2,Over 1.5 goals + Draw or away,"71%, 62%",0.4434,0.4431,1.001,2.26,2.26,SCORE_MATRIX_EXACT,OK,O15,Over 1.5 goals,0.7134,X2,Draw or away,0.6211,,,,Minnesota United FC vs Atlanta United FC,USA MLS,2026-08-20,WON,O15=WON | X2=WON,OK,1-2,1.0.0
2,Over 2.5 goals + Home over 0.5 goals,"47%, 72%",0.4347,0.341,1.275,2.3,2.93,SCORE_MATRIX_EXACT,OK,O25,Over 2.5 goals,0.4728,HOME_O05,Home over 0.5 goals,0.7213,,,,Minnesota United FC vs Atlanta United FC,USA MLS,2026-08-20,WON,O25=WON | HOME_O05=WON,OK,1-2,1.0.0
2,Home or draw + Home over 0.5 goals,"63%, 71%",0.5499,0.443,1.241,1.82,2.26,SCORE_MATRIX_EXACT,OK,1X,Home or draw,0.6258,HOME_O05,Home over 0.5 goals,0.7079,,,,Fleetwood Town vs Gillingham,League Two,2026-08-22,LOST,1X=WON | HOME_O05=LOST,OK,0-0,1.0.0
2,Draw or away + Away over 0.5 goals,"62%, 71%",0.5489,0.4418,1.242,1.82,2.26,SCORE_MATRIX_EXACT,OK,X2,Draw or away,0.6247,AWAY_O05,Away over 0.5 goals,0.7072,,,,Fleetwood Town vs Gillingham,League Two,2026-08-22,LOST,X2=WON | AWAY_O05=LOST,OK,0-0,1.0.0
2,Home over 0.5 goals + Away over 0.5 goals,"71%, 71%",0.491,0.5006,0.981,2.04,2.0,SCORE_MATRIX_EXACT,OK,HOME_O05,Home over 0.5 goals,0.7079,AWAY_O05,Away over 0.5 goals,0.7072,,,,Fleetwood Town vs Gillingham,League Two,2026-08-22,LOST,HOME_O05=LOST | AWAY_O05=LOST,OK,0-0,1.0.0
2,Under 3.5 goals + Both teams to score - No,"76%, 51%",0.4875,0.3884,1.255,2.05,2.57,SCORE_MATRIX_EXACT,OK,U35,Under 3.5 goals,0.7631,BTTS_NO,Both teams to score - No,0.509,,,,Fleetwood Town vs Gillingham,League Two,2026-08-22,WON,U35=WON | BTTS_NO=WON,OK,0-0,1.0.0
2,Under 3.5 goals + Home over 0.5 goals,"76%, 71%",0.4817,0.5402,0.892,2.08,1.85,SCORE_MATRIX_EXACT,OK,U35,Under 3.5 goals,0.7631,HOME_O05,Home over 0.5 goals,0.7079,,,,Fleetwood Town vs Gillingham,League Two,2026-08-22,LOST,U35=WON | HOME_O05=LOST,OK,0-0,1.0.0
2,Under 3.5 goals + Away over 0.5 goals,"76%, 71%",0.4811,0.5397,0.891,2.08,1.85,SCORE_MATRIX_EXACT,OK,U35,Under 3.5 goals,0.7631,AWAY_O05,Away over 0.5 goals,0.7072,,,,Fleetwood Town vs Gillingham,League Two,2026-08-22,LOST,U35=WON | AWAY_O05=LOST,OK,0-0,1.0.0
2,Under 3.5 goals + Home or draw,"76%, 63%",0.4779,0.4775,1.001,2.09,2.09,SCORE_MATRIX_EXACT,OK,U35,Under 3.5 goals,0.7631,1X,Home or draw,0.6258,,,,Fleetwood Town vs Gillingham,League Two,2026-08-22,WON,U35=WON | 1X=WON,OK,0-0,1.0.0
2,Under 3.5 goals + Draw or away,"76%, 62%",0.4772,0.4767,1.001,2.1,2.1,SCORE_MATRIX_EXACT,OK,U35,Under 3.5 goals,0.7631,X2,Draw or away,0.6247,,,,Fleetwood Town vs Gillingham,League Two,2026-08-22,WON,U35=WON | X2=WON,OK,0-0,1.0.0
2,Over 1.5 goals + Under 3.5 goals,"69%, 76%",0.4578,0.5301,0.864,2.18,1.89,SCORE_MATRIX_EXACT,OK,O15,Over 1.5 goals,0.6947,U35,Under 3.5 goals,0.7631,,,,Fleetwood Town vs Gillingham,League Two,2026-08-22,LOST,O15=LOST | U35=WON,OK,0-0,1.0.0
2,Over 1.5 goals + Home or draw,"69%, 63%",0.4351,0.4347,1.001,2.3,2.3,SCORE_MATRIX_EXACT,OK,O15,Over 1.5 goals,0.6947,1X,Home or draw,0.6258,,,,Fleetwood Town vs Gillingham,League Two,2026-08-22,LOST,O15=LOST | 1X=WON,OK,0-0,1.0.0
2,Over 1.5 goals + Draw or away,"69%, 62%",0.4342,0.434,1.001,2.3,2.3,SCORE_MATRIX_EXACT,OK,O15,Over 1.5 goals,0.6947,X2,Draw or away,0.6247,,,,Fleetwood Town vs Gillingham,League Two,2026-08-22,LOST,O15=LOST | X2=WON,OK,0-0,1.0.0
2,Under 2.5 goals + Both teams to score - No,"55%, 51%",0.4343,0.2801,1.55,2.3,3.57,SCORE_MATRIX_EXACT,OK,U25,Under 2.5 goals,0.5504,BTTS_NO,Both teams to score - No,0.509,,,,Fleetwood Town vs Gillingham,League Two,2026-08-22,WON,U25=WON | BTTS_NO=WON,OK,0-0,1.0.0
2,Home or draw + Home over 1.5 goals,"80%, 57%",0.5433,0.456,1.191,1.84,2.19,SCORE_MATRIX_EXACT,OK,1X,Home or draw,0.803,HOME_O15,Home over 1.5 goals,0.5679,,,,IF Brommapojkarna vs Degerfors IF,Sweden Allsvenskan,2026-08-23,WON,1X=WON | HOME_O15=WON,OK,2-0,1.0.0
2,Over 2.5 goals + Home over 0.5 goals,"55%, 85%",0.541,0.4705,1.15,1.85,2.13,SCORE_MATRIX_EXACT,OK,O25,Over 2.5 goals,0.5526,HOME_O05,Home over 0.5 goals,0.8514,,,,IF Brommapojkarna vs Degerfors IF,Sweden Allsvenskan,2026-08-23,LOST,O25=LOST | HOME_O05=WON,OK,2-0,1.0.0
2,Under 3.5 goals + Home over 0.5 goals,"67%, 85%",0.5251,0.5713,0.919,1.9,1.75,SCORE_MATRIX_EXACT,OK,U35,Under 3.5 goals,0.671,HOME_O05,Home over 0.5 goals,0.8514,,,,IF Brommapojkarna vs Degerfors IF,Sweden Allsvenskan,2026-08-23,WON,U35=WON | HOME_O05=WON,OK,2-0,1.0.0
2,Under 3.5 goals + Home or draw,"67%, 80%",0.5234,0.5388,0.971,1.91,1.86,SCORE_MATRIX_EXACT,OK,U35,Under 3.5 goals,0.671,1X,Home or draw,0.803,,,,IF Brommapojkarna vs Degerfors IF,Sweden Allsvenskan,2026-08-23,WON,U35=WON | 1X=WON,OK,2-0,1.0.0
2,Home over 0.5 goals + Away over 0.5 goals,"85%, 62%",0.5239,0.5302,0.988,1.91,1.89,SCORE_MATRIX_EXACT,OK,HOME_O05,Home over 0.5 goals,0.8514,AWAY_O05,Away over 0.5 goals,0.6227,,,,IF Brommapojkarna vs Degerfors IF,Sweden Allsvenskan,2026-08-23,LOST,HOME_O05=WON | AWAY_O05=LOST,OK,2-0,1.0.0
2,Over 1.5 goals + Home win,"77%, 60%",0.4827,0.4634,1.042,2.07,2.16,SCORE_MATRIX_EXACT,OK,O15,Over 1.5 goals,0.774,HOME,Home win,0.5987,,,,IF Brommapojkarna vs Degerfors IF,Sweden Allsvenskan,2026-08-23,WON,O15=WON | HOME=WON,OK,2-0,1.0.0
2,Home win + Home over 1.5 goals,"60%, 57%",0.4827,0.34,1.42,2.07,2.94,SCORE_MATRIX_EXACT,OK,HOME,Home win,0.5987,HOME_O15,Home over 1.5 goals,0.5679,,,,IF Brommapojkarna vs Degerfors IF,Sweden Allsvenskan,2026-08-23,WON,HOME=WON | HOME_O15=WON,OK,2-0,1.0.0
2,Over 2.5 goals + Home over 1.5 goals,"55%, 57%",0.4673,0.3138,1.489,2.14,3.19,SCORE_MATRIX_EXACT,OK,O25,Over 2.5 goals,0.5526,HOME_O15,Home over 1.5 goals,0.5679,,,,IF Brommapojkarna vs Degerfors IF,Sweden Allsvenskan,2026-08-23,LOST,O25=LOST | HOME_O15=WON,OK,2-0,1.0.0
2,Over 1.5 goals + Under 3.5 goals,"77%, 67%",0.445,0.5193,0.857,2.25,1.93,SCORE_MATRIX_EXACT,OK,O15,Over 1.5 goals,0.774,U35,Under 3.5 goals,0.671,,,,IF Brommapojkarna vs Degerfors IF,Sweden Allsvenskan,2026-08-23,WON,O15=WON | U35=WON,OK,2-0,1.0.0
2,Over 2.5 goals + Home or draw,"55%, 80%",0.4428,0.4438,0.998,2.26,2.25,SCORE_MATRIX_EXACT,OK,O25,Over 2.5 goals,0.5526,1X,Home or draw,0.803,,,,IF Brommapojkarna vs Degerfors IF,Sweden Allsvenskan,2026-08-23,LOST,O25=LOST | 1X=WON,OK,2-0,1.0.0
2,Over 2.5 goals + Away over 0.5 goals,"55%, 62%",0.4417,0.3441,1.284,2.26,2.91,SCORE_MATRIX_EXACT,OK,O25,Over 2.5 goals,0.5526,AWAY_O05,Away over 0.5 goals,0.6227,,,,IF Brommapojkarna vs Degerfors IF,Sweden Allsvenskan,2026-08-23,LOST,O25=LOST | AWAY_O05=LOST,OK,2-0,1.0.0
2,Over 2.5 goals + Both teams to score,"55%, 52%",0.4301,0.2895,1.486,2.33,3.45,SCORE_MATRIX_EXACT,OK,O25,Over 2.5 goals,0.5526,BTTS,Both teams to score,0.5239,,,,IF Brommapojkarna vs Degerfors IF,Sweden Allsvenskan,2026-08-23,LOST,O25=LOST | BTTS=LOST,OK,2-0,1.0.0
2,Under 3.5 goals + Home over 0.5 goals,"73%, 82%",0.5535,0.5994,0.923,1.81,1.67,SCORE_MATRIX_EXACT,OK,U35,Under 3.5 goals,0.7298,HOME_O05,Home over 0.5 goals,0.8214,,,,Preston North End vs Wolverhampton Wanderers,Championship,2026-08-22,UNKNOWN,,NO_SCORELINE,,
2,Over 1.5 goals + Away over 0.5 goals,"75%, 60%",0.5403,0.4489,1.204,1.85,2.23,SCORE_MATRIX_EXACT,OK,O15,Over 1.5 goals,0.7496,AWAY_O05,Away over 0.5 goals,0.5989,,,,Preston North End vs Wolverhampton Wanderers,Championship,2026-08-22,UNKNOWN,,NO_SCORELINE,,
2,Home over 0.5 goals + Away over 0.5 goals,"82%, 60%",0.4997,0.4919,1.016,2.0,2.03,SCORE_MATRIX_EXACT,OK,HOME_O05,Home over 0.5 goals,0.8214,AWAY_O05,Away over 0.5 goals,0.5989,,,,Preston North End vs Wolverhampton Wanderers,Championship,2026-08-22,UNKNOWN,,NO_SCORELINE,,
2,Home or draw + Home over 1.5 goals,"81%, 52%",0.4964,0.4184,1.186,2.01,2.39,SCORE_MATRIX_EXACT,OK,1X,Home or draw,0.8119,HOME_O15,Home over 1.5 goals,0.5153,,,,Preston North End vs Wolverhampton Wanderers,Championship,2026-08-22,UNKNOWN,,NO_SCORELINE,,
2,Over 1.5 goals + Under 3.5 goals,"75%, 73%",0.4794,0.547,0.876,2.09,1.83,SCORE_MATRIX_EXACT,OK,O15,Over 1.5 goals,0.7496,U35,Under 3.5 goals,0.7298,,,,Preston North End vs Wolverhampton Wanderers,Championship,2026-08-22,UNKNOWN,,NO_SCORELINE,,
2,Over 2.5 goals + Home over 0.5 goals,"49%, 82%",0.4776,0.4015,1.19,2.09,2.49,SCORE_MATRIX_EXACT,OK,O25,Over 2.5 goals,0.4888,HOME_O05,Home over 0.5 goals,0.8214,,,,Preston North End vs Wolverhampton Wanderers,Championship,2026-08-22,UNKNOWN,,NO_SCORELINE,,
2,Under 3.5 goals + Both teams to score - No,"73%, 50%",0.4583,0.3651,1.255,2.18,2.74,SCORE_MATRIX_EXACT,OK,U35,Under 3.5 goals,0.7298,BTTS_NO,Both teams to score - No,0.5003,,,,Preston North End vs Wolverhampton Wanderers,Championship,2026-08-22,UNKNOWN,,NO_SCORELINE,,
2,Over 1.5 goals + Home win,"75%, 56%",0.4443,0.4172,1.065,2.25,2.4,SCORE_MATRIX_EXACT,OK,O15,Over 1.5 goals,0.7496,HOME,Home win,0.5566,,,,Preston North End vs Wolverhampton Wanderers,Championship,2026-08-22,UNKNOWN,,NO_SCORELINE,,
2,Home win + Home over 1.5 goals,"56%, 52%",0.4443,0.2869,1.549,2.25,3.49,SCORE_MATRIX_EXACT,OK,HOME,Home win,0.5566,HOME_O15,Home over 1.5 goals,0.5153,,,,Preston North End vs Wolverhampton Wanderers,Championship,2026-08-22,UNKNOWN,,NO_SCORELINE,,
2,Under 2.5 goals + Home or draw,"51%, 81%",0.4233,0.415,1.02,2.36,2.41,SCORE_MATRIX_EXACT,OK,U25,Under 2.5 goals,0.5112,1X,Home or draw,0.8119,,,,Preston North End vs Wolverhampton Wanderers,Championship,2026-08-22,UNKNOWN,,NO_SCORELINE,,
2,Both teams to score + Home or draw,"50%, 81%",0.4108,0.4057,1.012,2.43,2.46,SCORE_MATRIX_EXACT,OK,BTTS,Both teams to score,0.4997,1X,Home or draw,0.8119,,,,Preston North End vs Wolverhampton Wanderers,Championship,2026-08-22,UNKNOWN,,NO_SCORELINE,,
2,Home or draw + Away over 0.5 goals,"81%, 60%",0.4108,0.4862,0.845,2.43,2.06,SCORE_MATRIX_EXACT,OK,1X,Home or draw,0.8119,AWAY_O05,Away over 0.5 goals,0.5989,,,,Preston North End vs Wolverhampton Wanderers,Championship,2026-08-22,UNKNOWN,,NO_SCORELINE,,
2,Under 3.5 goals + Home over 0.5 goals,"72%, 81%",0.5384,0.5869,0.917,1.86,1.7,SCORE_MATRIX_EXACT,OK,U35,Under 3.5 goals,0.7209,HOME_O05,Home over 0.5 goals,0.8141,,,,SJK Seinäjoki vs FC Lahti,Finland Veikkausliiga,2026-08-21,UNKNOWN,,NO_SCORELINE,,
2,Home over 0.5 goals + Away over 0.5 goals,"81%, 63%",0.5276,0.516,1.023,1.9,1.94,SCORE_MATRIX_EXACT,OK,HOME_O05,Home over 0.5 goals,0.8141,AWAY_O05,Away over 0.5 goals,0.6338,,,,SJK Seinäjoki vs FC Lahti,Finland Veikkausliiga,2026-08-21,UNKNOWN,,NO_SCORELINE,,
2,Over 2.5 goals + Home over 0.5 goals,"50%, 81%",0.4843,0.406,1.193,2.06,2.46,SCORE_MATRIX_EXACT,OK,O25,Over 2.5 goals,0.4987,HOME_O05,Home over 0.5 goals,0.8141,,,,SJK Seinäjoki vs FC Lahti,Finland Veikkausliiga,2026-08-21,UNKNOWN,,NO_SCORELINE,,
2,Over 1.5 goals + Under 3.5 goals,"76%, 72%",0.4839,0.55,0.88,2.07,1.82,SCORE_MATRIX_EXACT,OK,O15,Over 1.5 goals,0.7629,U35,Under 3.5 goals,0.7209,,,,SJK Seinäjoki vs FC Lahti,Finland Veikkausliiga,2026-08-21,UNKNOWN,,NO_SCORELINE,,
2,Home or draw + Home over 1.5 goals,"79%, 50%",0.4782,0.396,1.208,2.09,2.53,SCORE_MATRIX_EXACT,OK,1X,Home or draw,0.7895,HOME_O15,Home over 1.5 goals,0.5016,,,,SJK Seinäjoki vs FC Lahti,Finland Veikkausliiga,2026-08-21,UNKNOWN,,NO_SCORELINE,,
2,Under 3.5 goals + Both teams to score - No,"72%, 47%",0.4351,0.3405,1.278,2.3,2.94,SCORE_MATRIX_EXACT,OK,U35,Under 3.5 goals,0.7209,BTTS_NO,Both teams to score - No,0.4724,,,,SJK Seinäjoki vs FC Lahti,Finland Veikkausliiga,2026-08-21,UNKNOWN,,NO_SCORELINE,,
2,Both teams to score + Home or draw,"53%, 79%",0.4233,0.4166,1.016,2.36,2.4,SCORE_MATRIX_EXACT,OK,BTTS,Both teams to score,0.5276,1X,Home or draw,0.7895,,,,SJK Seinäjoki vs FC Lahti,Finland Veikkausliiga,2026-08-21,UNKNOWN,,NO_SCORELINE,,
2,Home or draw + Away over 0.5 goals,"79%, 63%",0.4233,0.5004,0.846,2.36,2.0,SCORE_MATRIX_EXACT,OK,1X,Home or draw,0.7895,AWAY_O05,Away over 0.5 goals,0.6338,,,,SJK Seinäjoki vs FC Lahti,Finland Veikkausliiga,2026-08-21,UNKNOWN,,NO_SCORELINE,,
2,Over 1.5 goals + Home win,"76%, 52%",0.4208,0.3967,1.061,2.38,2.52,SCORE_MATRIX_EXACT,OK,O15,Over 1.5 goals,0.7629,HOME,Home win,0.52,,,,SJK Seinäjoki vs FC Lahti,Finland Veikkausliiga,2026-08-21,UNKNOWN,,NO_SCORELINE,,
2,Home win + Home over 1.5 goals,"52%, 50%",0.4208,0.2608,1.613,2.38,3.83,SCORE_MATRIX_EXACT,OK,HOME,Home win,0.52,HOME_O15,Home over 1.5 goals,0.5016,,,,SJK Seinäjoki vs FC Lahti,Finland Veikkausliiga,2026-08-21,UNKNOWN,,NO_SCORELINE,,
2,Over 2.5 goals + Away over 0.5 goals,"50%, 63%",0.4098,0.3161,1.296,2.44,3.16,SCORE_MATRIX_EXACT,OK,O25,Over 2.5 goals,0.4987,AWAY_O05,Away over 0.5 goals,0.6338,,,,SJK Seinäjoki vs FC Lahti,Finland Veikkausliiga,2026-08-21,UNKNOWN,,NO_SCORELINE,,
2,Under 2.5 goals + Home or draw,"50%, 79%",0.4095,0.3957,1.035,2.44,2.53,SCORE_MATRIX_EXACT,OK,U25,Under 2.5 goals,0.5013,1X,Home or draw,0.7895,,,,SJK Seinäjoki vs FC Lahti,Finland Veikkausliiga,2026-08-21,UNKNOWN,,NO_SCORELINE,,
2,Under 3.5 goals + Home or draw,"74%, 77%",0.5545,0.5663,0.979,1.8,1.77,SCORE_MATRIX_EXACT,OK,U35,Under 3.5 goals,0.7365,1X,Home or draw,0.7689,,,,Shenzhen Peng City FC vs Shanghai SIPG FC,China Super League,2026-08-28,UNKNOWN,,NO_SCORELINE,,
2,Under 3.5 goals + Home over 0.5 goals,"74%, 80%",0.5443,0.5925,0.919,1.84,1.69,SCORE_MATRIX_EXACT,OK,U35,Under 3.5 goals,0.7365,HOME_O05,Home over 0.5 goals,0.8044,,,,Shenzhen Peng City FC vs Shanghai SIPG FC,China Super League,2026-08-28,UNKNOWN,,NO_SCORELINE,,
2,Over 1.5 goals + Away over 0.5 goals,"72%, 62%",0.5361,0.4432,1.21,1.87,2.26,SCORE_MATRIX_EXACT,OK,O15,Over 1.5 goals,0.7203,AWAY_O05,Away over 0.5 goals,0.6153,,,,Shenzhen Peng City FC vs Shanghai SIPG FC,China Super League,2026-08-28,UNKNOWN,,NO_SCORELINE,,
2,Home over 0.5 goals + Away over 0.5 goals,"80%, 62%",0.4867,0.495,0.983,2.05,2.02,SCORE_MATRIX_EXACT,OK,HOME_O05,Home over 0.5 goals,0.8044,AWAY_O05,Away over 0.5 goals,0.6153,,,,Shenzhen Peng City FC vs Shanghai SIPG FC,China Super League,2026-08-28,UNKNOWN,,NO_SCORELINE,,
2,Under 3.5 goals + Both teams to score - No,"74%, 51%",0.4784,0.378,1.265,2.09,2.65,SCORE_MATRIX_EXACT,OK,U35,Under 3.5 goals,0.7365,BTTS_NO,Both teams to score - No,0.5133,,,,Shenzhen Peng City FC vs Shanghai SIPG FC,China Super League,2026-08-28,UNKNOWN,,NO_SCORELINE,,
2,Over 2.5 goals + Home over 0.5 goals,"48%, 80%",0.4664,0.3869,1.205,2.14,2.58,SCORE_MATRIX_EXACT,OK,O25,Over 2.5 goals,0.481,HOME_O05,Home over 0.5 goals,0.8044,,,,Shenzhen Peng City FC vs Shanghai SIPG FC,China Super League,2026-08-28,UNKNOWN,,NO_SCORELINE,,
2,Home or draw + Home over 1.5 goals,"77%, 48%",0.4628,0.3728,1.242,2.16,2.68,SCORE_MATRIX_EXACT,OK,1X,Home or draw,0.7689,HOME_O15,Home over 1.5 goals,0.4848,,,,Shenzhen Peng City FC vs Shanghai SIPG FC,China Super League,2026-08-28,UNKNOWN,,NO_SCORELINE,,
2,Over 1.5 goals + Under 3.5 goals,"72%, 74%",0.4569,0.5305,0.861,2.19,1.88,SCORE_MATRIX_EXACT,OK,O15,Over 1.5 goals,0.7203,U35,Under 3.5 goals,0.7365,,,,Shenzhen Peng City FC vs Shanghai SIPG FC,China Super League,2026-08-28,UNKNOWN,,NO_SCORELINE,,
2,Under 2.5 goals + Both teams to score - No,"52%, 51%",0.4134,0.2664,1.552,2.42,3.75,SCORE_MATRIX_EXACT,OK,U25,Under 2.5 goals,0.519,BTTS_NO,Both teams to score - No,0.5133,,,,Shenzhen Peng City FC vs Shanghai SIPG FC,China Super League,2026-08-28,UNKNOWN,,NO_SCORELINE,,
2,Over 1.5 goals + Home win,"72%, 54%",0.4076,0.3897,1.046,2.45,2.57,SCORE_MATRIX_EXACT,OK,O15,Over 1.5 goals,0.7203,HOME,Home win,0.541,,,,Shenzhen Peng City FC vs Shanghai SIPG FC,China Super League,2026-08-28,UNKNOWN,,NO_SCORELINE,,
2,Home win + Home over 1.5 goals,"54%, 48%",0.4076,0.2623,1.554,2.45,3.81,SCORE_MATRIX_EXACT,OK,HOME,Home win,0.541,HOME_O15,Home over 1.5 goals,0.4848,,,,Shenzhen Peng City FC vs Shanghai SIPG FC,China Super League,2026-08-28,UNKNOWN,,NO_SCORELINE,,
2,Under 2.5 goals + Home or draw,"52%, 77%",0.405,0.3991,1.015,2.47,2.51,SCORE_MATRIX_EXACT,OK,U25,Under 2.5 goals,0.519,1X,Home or draw,0.7689,,,,Shenzhen Peng City FC vs Shanghai SIPG FC,China Super League,2026-08-28,UNKNOWN,,NO_SCORELINE,,
2,Over 1.5 goals + Away over 0.5 goals,"77%, 60%",0.5464,0.4669,1.17,1.83,2.14,SCORE_MATRIX_EXACT,OK,O15,Over 1.5 goals,0.7733,AWAY_O05,Away over 0.5 goals,0.6038,,,,KuPS Kuopio vs IFK Mariehamn,Finland Veikkausliiga,2026-08-23,UNKNOWN,,NO_SCORELINE,,
2,Over 2.5 goals + Home over 0.5 goals,"55%, 86%",0.5415,0.4732,1.144,1.85,2.11,SCORE_MATRIX_EXACT,OK,O25,Over 2.5 goals,0.5514,HOME_O05,Home over 0.5 goals,0.8582,,,,KuPS Kuopio vs IFK Mariehamn,Finland Veikkausliiga,2026-08-23,UNKNOWN,,NO_SCORELINE,,
2,Under 3.5 goals + Home or draw,"67%, 82%",0.5347,0.5508,0.971,1.87,1.82,SCORE_MATRIX_EXACT,OK,U35,Under 3.5 goals,0.6721,1X,Home or draw,0.8194,,,,KuPS Kuopio vs IFK Mariehamn,Finland Veikkausliiga,2026-08-23,UNKNOWN,,NO_SCORELINE,,
2,Under 3.5 goals + Home over 0.5 goals,"67%, 86%",0.5325,0.5768,0.923,1.88,1.73,SCORE_MATRIX_EXACT,OK,U35,Under 3.5 goals,0.6721,HOME_O05,Home over 0.5 goals,0.8582,,,,KuPS Kuopio vs IFK Mariehamn,Finland Veikkausliiga,2026-08-23,UNKNOWN,,NO_SCORELINE,,
2,Home over 0.5 goals + Away over 0.5 goals,"86%, 60%",0.512,0.5181,0.988,1.95,1.93,SCORE_MATRIX_EXACT,OK,HOME_O05,Home over 0.5 goals,0.8582,AWAY_O05,Away over 0.5 goals,0.6038,,,,KuPS Kuopio vs IFK Mariehamn,Finland Veikkausliiga,2026-08-23,UNKNOWN,,NO_SCORELINE,,
2,Over 1.5 goals + Home win,"77%, 62%",0.5012,0.4798,1.045,2.0,2.08,SCORE_MATRIX_EXACT,OK,O15,Over 1.5 goals,0.7733,HOME,Home win,0.6205,,,,KuPS Kuopio vs IFK Mariehamn,Finland Veikkausliiga,2026-08-23,UNKNOWN,,NO_SCORELINE,,
2,Home win + Home over 1.5 goals,"62%, 58%",0.5012,0.36,1.392,2.0,2.78,SCORE_MATRIX_EXACT,OK,HOME,Home win,0.6205,HOME_O15,Home over 1.5 goals,0.5802,,,,KuPS Kuopio vs IFK Mariehamn,Finland Veikkausliiga,2026-08-23,UNKNOWN,,NO_SCORELINE,,
2,Over 2.5 goals + Home over 1.5 goals,"55%, 58%",0.4745,0.3199,1.483,2.11,3.13,SCORE_MATRIX_EXACT,OK,O25,Over 2.5 goals,0.5514,HOME_O15,Home over 1.5 goals,0.5802,,,,KuPS Kuopio vs IFK Mariehamn,Finland Veikkausliiga,2026-08-23,UNKNOWN,,NO_SCORELINE,,
2,Over 2.5 goals + Home or draw,"55%, 82%",0.4527,0.4518,1.002,2.21,2.21,SCORE_MATRIX_EXACT,OK,O25,Over 2.5 goals,0.5514,1X,Home or draw,0.8194,,,,KuPS Kuopio vs IFK Mariehamn,Finland Veikkausliiga,2026-08-23,UNKNOWN,,NO_SCORELINE,,
2,Over 1.5 goals + Under 3.5 goals,"77%, 67%",0.4454,0.5197,0.857,2.25,1.92,SCORE_MATRIX_EXACT,OK,O15,Over 1.5 goals,0.7733,U35,Under 3.5 goals,0.6721,,,,KuPS Kuopio vs IFK Mariehamn,Finland Veikkausliiga,2026-08-23,UNKNOWN,,NO_SCORELINE,,
2,Under 3.5 goals + Both teams to score - No,"67%, 49%",0.4334,0.328,1.321,2.31,3.05,SCORE_MATRIX_EXACT,OK,U35,Under 3.5 goals,0.6721,BTTS_NO,Both teams to score - No,0.488,,,,KuPS Kuopio vs IFK Mariehamn,Finland Veikkausliiga,2026-08-23,UNKNOWN,,NO_SCORELINE,,
2,Over 2.5 goals + Away over 0.5 goals,"55%, 60%",0.4302,0.3329,1.292,2.32,3.0,SCORE_MATRIX_EXACT,OK,O25,Over 2.5 goals,0.5514,AWAY_O05,Away over 0.5 goals,0.6038,,,,KuPS Kuopio vs IFK Mariehamn,Finland Veikkausliiga,2026-08-23,UNKNOWN,,NO_SCORELINE,,
2,Home or draw + Home over 0.5 goals,"64%, 71%",0.5518,0.4544,1.214,1.81,2.2,SCORE_MATRIX_EXACT,OK,1X,Home or draw,0.6437,HOME_O05,Home over 0.5 goals,0.7058,,,,Cremonese vs Modena,Serie B,2026-08-28,UNKNOWN,,NO_SCORELINE,,
2,Draw or away + Away over 0.5 goals,"64%, 70%",0.5494,0.4517,1.216,1.82,2.21,SCORE_MATRIX_EXACT,OK,X2,Draw or away,0.6413,AWAY_O05,Away over 0.5 goals,0.7043,,,,Cremonese vs Modena,Serie B,2026-08-28,UNKNOWN,,NO_SCORELINE,,
2,Home over 0.5 goals + Away over 0.5 goals,"71%, 70%",0.5021,0.4971,1.01,1.99,2.01,SCORE_MATRIX_EXACT,OK,HOME_O05,Home over 0.5 goals,0.7058,AWAY_O05,Away over 0.5 goals,0.7043,,,,Cremonese vs Modena,Serie B,2026-08-28,UNKNOWN,,NO_SCORELINE,,
2,Under 3.5 goals + Home or draw,"77%, 64%",0.5006,0.4966,1.008,2.0,2.01,SCORE_MATRIX_EXACT,OK,U35,Under 3.5 goals,0.7714,1X,Home or draw,0.6437,,,,Cremonese vs Modena,Serie B,2026-08-28,UNKNOWN,,NO_SCORELINE,,
2,Under 3.5 goals + Draw or away,"77%, 64%",0.499,0.4947,1.009,2.0,2.02,SCORE_MATRIX_EXACT,OK,U35,Under 3.5 goals,0.7714,X2,Draw or away,0.6413,,,,Cremonese vs Modena,Serie B,2026-08-28,UNKNOWN,,NO_SCORELINE,,
2,Under 3.5 goals + Home over 0.5 goals,"77%, 71%",0.4876,0.5445,0.895,2.05,1.84,SCORE_MATRIX_EXACT,OK,U35,Under 3.5 goals,0.7714,HOME_O05,Home over 0.5 goals,0.7058,,,,Cremonese vs Modena,Serie B,2026-08-28,UNKNOWN,,NO_SCORELINE,,
2,Under 3.5 goals + Away over 0.5 goals,"77%, 70%",0.4863,0.5433,0.895,2.06,1.84,SCORE_MATRIX_EXACT,OK,U35,Under 3.5 goals,0.7714,AWAY_O05,Away over 0.5 goals,0.7043,,,,Cremonese vs Modena,Serie B,2026-08-28,UNKNOWN,,NO_SCORELINE,,
2,Over 1.5 goals + Under 3.5 goals,"71%, 77%",0.4769,0.5442,0.876,2.1,1.84,SCORE_MATRIX_EXACT,OK,O15,Over 1.5 goals,0.7055,U35,Under 3.5 goals,0.7714,,,,Cremonese vs Modena,Serie B,2026-08-28,UNKNOWN,,NO_SCORELINE,,
2,Under 3.5 goals + Both teams to score - No,"77%, 50%",0.477,0.3841,1.242,2.1,2.6,SCORE_MATRIX_EXACT,OK,U35,Under 3.5 goals,0.7714,BTTS_NO,Both teams to score - No,0.4979,,,,Cremonese vs Modena,Serie B,2026-08-28,UNKNOWN,,NO_SCORELINE,,
2,Over 1.5 goals + Home or draw,"71%, 64%",0.4503,0.4542,0.992,2.22,2.2,SCORE_MATRIX_EXACT,OK,O15,Over 1.5 goals,0.7055,1X,Home or draw,0.6437,,,,Cremonese vs Modena,Serie B,2026-08-28,UNKNOWN,,NO_SCORELINE,,
2,Over 1.5 goals + Draw or away,"71%, 64%",0.4483,0.4524,0.991,2.23,2.21,SCORE_MATRIX_EXACT,OK,O15,Over 1.5 goals,0.7055,X2,Draw or away,0.6413,,,,Cremonese vs Modena,Serie B,2026-08-28,UNKNOWN,,NO_SCORELINE,,
2,Under 2.5 goals + Both teams to score - No,"56%, 50%",0.4243,0.2792,1.52,2.36,3.58,SCORE_MATRIX_EXACT,OK,U25,Under 2.5 goals,0.5606,BTTS_NO,Both teams to score - No,0.4979,,,,Cremonese vs Modena,Serie B,2026-08-28,UNKNOWN,,NO_SCORELINE,,
2,Draw or away + Away over 0.5 goals,"60%, 69%",0.5237,0.4139,1.265,1.91,2.42,SCORE_MATRIX_EXACT,OK,X2,Draw or away,0.6029,AWAY_O05,Away over 0.5 goals,0.6864,,,,Montpellier vs Boulogne,Ligue 2,2026-08-28,UNKNOWN,,NO_SCORELINE,,
2,Under 3.5 goals + Home or draw,"77%, 65%",0.5001,0.5017,0.997,2.0,1.99,SCORE_MATRIX_EXACT,OK,U35,Under 3.5 goals,0.7723,1X,Home or draw,0.6496,,,,Montpellier vs Boulogne,Ligue 2,2026-08-28,UNKNOWN,,NO_SCORELINE,,
2,Under 3.5 goals + Both teams to score - No,"77%, 52%",0.4978,0.4007,1.242,2.01,2.5,SCORE_MATRIX_EXACT,OK,U35,Under 3.5 goals,0.7723,BTTS_NO,Both teams to score - No,0.5188,,,,Montpellier vs Boulogne,Ligue 2,2026-08-28,UNKNOWN,,NO_SCORELINE,,
2,Under 3.5 goals + Home over 0.5 goals,"77%, 72%",0.4966,0.5526,0.899,2.01,1.81,SCORE_MATRIX_EXACT,OK,U35,Under 3.5 goals,0.7723,HOME_O05,Home over 0.5 goals,0.7155,,,,Montpellier vs Boulogne,Ligue 2,2026-08-28,UNKNOWN,,NO_SCORELINE,,
2,Home over 0.5 goals + Away over 0.5 goals,"72%, 69%",0.4812,0.4911,0.98,2.08,2.04,SCORE_MATRIX_EXACT,OK,HOME_O05,Home over 0.5 goals,0.7155,AWAY_O05,Away over 0.5 goals,0.6864,,,,Montpellier vs Boulogne,Ligue 2,2026-08-28,UNKNOWN,,NO_SCORELINE,,
2,Under 3.5 goals + Away over 0.5 goals,"77%, 69%",0.4711,0.5302,0.889,2.12,1.89,SCORE_MATRIX_EXACT,OK,U35,Under 3.5 goals,0.7723,AWAY_O05,Away over 0.5 goals,0.6864,,,,Montpellier vs Boulogne,Ligue 2,2026-08-28,UNKNOWN,,NO_SCORELINE,,
2,Under 3.5 goals + Draw or away,"77%, 60%",0.4684,0.4657,1.006,2.14,2.15,SCORE_MATRIX_EXACT,OK,U35,Under 3.5 goals,0.7723,X2,Draw or away,0.6029,,,,Montpellier vs Boulogne,Ligue 2,2026-08-28,UNKNOWN,,NO_SCORELINE,,
2,Over 1.5 goals + Under 3.5 goals,"69%, 77%",0.4577,0.5293,0.865,2.19,1.89,SCORE_MATRIX_EXACT,OK,O15,Over 1.5 goals,0.6853,U35,Under 3.5 goals,0.7723,,,,Montpellier vs Boulogne,Ligue 2,2026-08-28,UNKNOWN,,NO_SCORELINE,,
2,Over 1.5 goals + Home or draw,"69%, 65%",0.448,0.4452,1.006,2.23,2.25,SCORE_MATRIX_EXACT,OK,O15,Over 1.5 goals,0.6853,1X,Home or draw,0.6496,,,,Montpellier vs Boulogne,Ligue 2,2026-08-28,UNKNOWN,,NO_SCORELINE,,
2,Under 2.5 goals + Both teams to score - No,"56%, 52%",0.4449,0.2914,1.527,2.25,3.43,SCORE_MATRIX_EXACT,OK,U25,Under 2.5 goals,0.5617,BTTS_NO,Both teams to score - No,0.5188,,,,Montpellier vs Boulogne,Ligue 2,2026-08-28,UNKNOWN,,NO_SCORELINE,,
2,Over 1.5 goals + Draw or away,"69%, 60%",0.4106,0.4132,0.994,2.44,2.42,SCORE_MATRIX_EXACT,OK,O15,Over 1.5 goals,0.6853,X2,Draw or away,0.6029,,,,Montpellier vs Boulogne,Ligue 2,2026-08-28,UNKNOWN,,NO_SCORELINE,,
2,Over 2.5 goals + Home over 0.5 goals,"44%, 72%",0.4062,0.3136,1.295,2.46,3.19,SCORE_MATRIX_EXACT,OK,O25,Over 2.5 goals,0.4383,HOME_O05,Home over 0.5 goals,0.7155,,,,Montpellier vs Boulogne,Ligue 2,2026-08-28,UNKNOWN,,NO_SCORELINE,,
2,Home over 0.5 goals + Away over 0.5 goals,"72%, 72%",0.5345,0.5207,1.026,1.87,1.92,SCORE_MATRIX_EXACT,OK,HOME_O05,Home over 0.5 goals,0.7221,AWAY_O05,Away over 0.5 goals,0.7211,,,,Rochdale vs Crawley Town,League Two,2026-08-22,WON,HOME_O05=WON | AWAY_O05=WON,OK,1-2,1.0.0
2,Under 3.5 goals + Home or draw,"75%, 65%",0.4947,0.4881,1.014,2.02,2.05,SCORE_MATRIX_EXACT,OK,U35,Under 3.5 goals,0.7507,1X,Home or draw,0.6502,,,,Rochdale vs Crawley Town,League Two,2026-08-22,LOST,U35=WON | 1X=LOST,OK,1-2,1.0.0
2,Under 3.5 goals + Draw or away,"75%, 65%",0.4936,0.4868,1.014,2.03,2.05,SCORE_MATRIX_EXACT,OK,U35,Under 3.5 goals,0.7507,X2,Draw or away,0.6486,,,,Rochdale vs Crawley Town,League Two,2026-08-22,WON,U35=WON | X2=WON,OK,1-2,1.0.0
2,Over 1.5 goals + Under 3.5 goals,"74%, 75%",0.4886,0.5539,0.882,2.05,1.81,SCORE_MATRIX_EXACT,OK,O15,Over 1.5 goals,0.7379,U35,Under 3.5 goals,0.7507,,,,Rochdale vs Crawley Town,League Two,2026-08-22,WON,O15=WON | U35=WON,OK,1-2,1.0.0
2,Under 3.5 goals + Home over 0.5 goals,"75%, 72%",0.4839,0.5421,0.893,2.07,1.84,SCORE_MATRIX_EXACT,OK,U35,Under 3.5 goals,0.7507,HOME_O05,Home over 0.5 goals,0.7221,,,,Rochdale vs Crawley Town,League Two,2026-08-22,WON,U35=WON | HOME_O05=WON,OK,1-2,1.0.0
2,Under 3.5 goals + Away over 0.5 goals,"75%, 72%",0.4831,0.5413,0.892,2.07,1.85,SCORE_MATRIX_EXACT,OK,U35,Under 3.5 goals,0.7507,AWAY_O05,Away over 0.5 goals,0.7211,,,,Rochdale vs Crawley Town,League Two,2026-08-22,WON,U35=WON | AWAY_O05=WON,OK,1-2,1.0.0
2,Over 1.5 goals + Home or draw,"74%, 65%",0.4734,0.4798,0.987,2.11,2.08,SCORE_MATRIX_EXACT,OK,O15,Over 1.5 goals,0.7379,1X,Home or draw,0.6502,,,,Rochdale vs Crawley Town,League Two,2026-08-22,LOST,O15=WON | 1X=LOST,OK,1-2,1.0.0
2,Over 1.5 goals + Draw or away,"74%, 65%",0.472,0.4786,0.986,2.12,2.09,SCORE_MATRIX_EXACT,OK,O15,Over 1.5 goals,0.7379,X2,Draw or away,0.6486,,,,Rochdale vs Crawley Town,League Two,2026-08-22,WON,O15=WON | X2=WON,OK,1-2,1.0.0
2,Under 3.5 goals + Both teams to score - No,"75%, 47%",0.4431,0.3494,1.268,2.26,2.86,SCORE_MATRIX_EXACT,OK,U35,Under 3.5 goals,0.7507,BTTS_NO,Both teams to score - No,0.4655,,,,Rochdale vs Crawley Town,League Two,2026-08-22,LOST,U35=WON | BTTS_NO=LOST,OK,1-2,1.0.0
2,Over 2.5 goals + Home over 0.5 goals,"46%, 72%",0.4264,0.3353,1.272,2.35,2.98,SCORE_MATRIX_EXACT,OK,O25,Over 2.5 goals,0.4643,HOME_O05,Home over 0.5 goals,0.7221,,,,Rochdale vs Crawley Town,League Two,2026-08-22,WON,O25=WON | HOME_O05=WON,OK,1-2,1.0.0
2,Over 2.5 goals + Away over 0.5 goals,"46%, 72%",0.426,0.3348,1.272,2.35,2.99,SCORE_MATRIX_EXACT,OK,O25,Over 2.5 goals,0.4643,AWAY_O05,Away over 0.5 goals,0.7211,,,,Rochdale vs Crawley Town,League Two,2026-08-22,WON,O25=WON | AWAY_O05=WON,OK,1-2,1.0.0
2,Under 2.5 goals + Both teams to score - No,"54%, 47%",0.3893,0.2494,1.561,2.57,4.01,SCORE_MATRIX_EXACT,OK,U25,Under 2.5 goals,0.5357,BTTS_NO,Both teams to score - No,0.4655,,,,Rochdale vs Crawley Town,League Two,2026-08-22,LOST,U25=LOST | BTTS_NO=LOST,OK,1-2,1.0.0
2,Under 3.5 goals + Home over 0.5 goals,"77%, 78%",0.5517,0.5994,0.92,1.81,1.67,SCORE_MATRIX_EXACT,OK,U35,Under 3.5 goals,0.7688,HOME_O05,Home over 0.5 goals,0.7797,,,,USL Dunkerque vs Montpellier,Ligue 2,2026-08-21,UNKNOWN,,NO_SCORELINE,,
2,Over 1.5 goals + Away over 0.5 goals,"72%, 61%",0.5434,0.4407,1.233,1.84,2.27,SCORE_MATRIX_EXACT,OK,O15,Over 1.5 goals,0.7203,AWAY_O05,Away over 0.5 goals,0.6119,,,,USL Dunkerque vs Montpellier,Ligue 2,2026-08-21,UNKNOWN,,NO_SCORELINE,,
2,Over 1.5 goals + Under 3.5 goals,"72%, 77%",0.489,0.5537,0.883,2.04,1.81,SCORE_MATRIX_EXACT,OK,O15,Over 1.5 goals,0.7203,U35,Under 3.5 goals,0.7688,,,,USL Dunkerque vs Montpellier,Ligue 2,2026-08-21,UNKNOWN,,NO_SCORELINE,,
2,Home over 0.5 goals + Away over 0.5 goals,"78%, 61%",0.4911,0.477,1.029,2.04,2.1,SCORE_MATRIX_EXACT,OK,HOME_O05,Home over 0.5 goals,0.7797,AWAY_O05,Away over 0.5 goals,0.6119,,,,USL Dunkerque vs Montpellier,Ligue 2,2026-08-21,UNKNOWN,,NO_SCORELINE,,
2,Under 3.5 goals + Both teams to score - No,"77%, 51%",0.4788,0.3912,1.224,2.09,2.56,SCORE_MATRIX_EXACT,OK,U35,Under 3.5 goals,0.7688,BTTS_NO,Both teams to score - No,0.5089,,,,USL Dunkerque vs Montpellier,Ligue 2,2026-08-21,UNKNOWN,,NO_SCORELINE,,
2,Under 2.5 goals + Home or draw,"56%, 78%",0.4514,0.4351,1.038,2.22,2.3,SCORE_MATRIX_EXACT,OK,U25,Under 2.5 goals,0.5573,1X,Home or draw,0.7807,,,,USL Dunkerque vs Montpellier,Ligue 2,2026-08-21,UNKNOWN,,NO_SCORELINE,,
2,Home or draw + Home over 1.5 goals,"78%, 45%",0.4289,0.3499,1.226,2.33,2.86,SCORE_MATRIX_EXACT,OK,1X,Home or draw,0.7807,HOME_O15,Home over 1.5 goals,0.4481,,,,USL Dunkerque vs Montpellier,Ligue 2,2026-08-21,UNKNOWN,,NO_SCORELINE,,
2,Over 2.5 goals + Home over 0.5 goals,"44%, 78%",0.4278,0.3452,1.239,2.34,2.9,SCORE_MATRIX_EXACT,OK,O25,Over 2.5 goals,0.4427,HOME_O05,Home over 0.5 goals,0.7797,,,,USL Dunkerque vs Montpellier,Ligue 2,2026-08-21,UNKNOWN,,NO_SCORELINE,,
2,Under 2.5 goals + Both teams to score - No,"56%, 51%",0.4168,0.2836,1.47,2.4,3.53,SCORE_MATRIX_EXACT,OK,U25,Under 2.5 goals,0.5573,BTTS_NO,Both teams to score - No,0.5089,,,,USL Dunkerque vs Montpellier,Ligue 2,2026-08-21,UNKNOWN,,NO_SCORELINE,,
2,Under 3.5 goals + Draw or away,"77%, 51%",0.4143,0.3919,1.057,2.41,2.55,SCORE_MATRIX_EXACT,OK,U35,Under 3.5 goals,0.7688,X2,Draw or away,0.5098,,,,USL Dunkerque vs Montpellier,Ligue 2,2026-08-21,UNKNOWN,,NO_SCORELINE,,
2,Draw or away + Away over 0.5 goals,"51%, 61%",0.4102,0.3119,1.315,2.44,3.21,SCORE_MATRIX_EXACT,OK,X2,Draw or away,0.5098,AWAY_O05,Away over 0.5 goals,0.6119,,,,USL Dunkerque vs Montpellier,Ligue 2,2026-08-21,UNKNOWN,,NO_SCORELINE,,
2,Under 3.5 goals + Away over 0.5 goals,"77%, 61%",0.4074,0.4704,0.866,2.45,2.13,SCORE_MATRIX_EXACT,OK,U35,Under 3.5 goals,0.7688,AWAY_O05,Away over 0.5 goals,0.6119,,,,USL Dunkerque vs Montpellier,Ligue 2,2026-08-21,UNKNOWN,,NO_SCORELINE,,
2,Under 3.5 goals + Home or draw,"75%, 74%",0.5525,0.555,0.996,1.81,1.8,SCORE_MATRIX_EXACT,OK,U35,Under 3.5 goals,0.7521,1X,Home or draw,0.7379,,,,Crewe Alexandra vs Northampton Town,League Two,2026-08-22,UNKNOWN,,NO_SCORELINE,,
2,Over 1.5 goals + Home or draw,"74%, 74%",0.5465,0.5434,1.006,1.83,1.84,SCORE_MATRIX_EXACT,OK,O15,Over 1.5 goals,0.7364,1X,Home or draw,0.7379,,,,Crewe Alexandra vs Northampton Town,League Two,2026-08-22,UNKNOWN,,NO_SCORELINE,,
2,Under 3.5 goals + Home over 0.5 goals,"75%, 77%",0.5267,0.5785,0.91,1.9,1.73,SCORE_MATRIX_EXACT,OK,U35,Under 3.5 goals,0.7521,HOME_O05,Home over 0.5 goals,0.7692,,,,Crewe Alexandra vs Northampton Town,League Two,2026-08-22,UNKNOWN,,NO_SCORELINE,,
2,Home over 0.5 goals + Away over 0.5 goals,"77%, 66%",0.5215,0.5079,1.027,1.92,1.97,SCORE_MATRIX_EXACT,OK,HOME_O05,Home over 0.5 goals,0.7692,AWAY_O05,Away over 0.5 goals,0.6603,,,,Crewe Alexandra vs Northampton Town,League Two,2026-08-22,UNKNOWN,,NO_SCORELINE,,
2,Over 1.5 goals + Under 3.5 goals,"74%, 75%",0.4885,0.5538,0.882,2.05,1.81,SCORE_MATRIX_EXACT,OK,O15,Over 1.5 goals,0.7364,U35,Under 3.5 goals,0.7521,,,,Crewe Alexandra vs Northampton Town,League Two,2026-08-22,UNKNOWN,,NO_SCORELINE,,
2,Draw or away + Away over 0.5 goals,"55%, 66%",0.4627,0.3662,1.263,2.16,2.73,SCORE_MATRIX_EXACT,OK,X2,Draw or away,0.5546,AWAY_O05,Away over 0.5 goals,0.6603,,,,Crewe Alexandra vs Northampton Town,League Two,2026-08-22,UNKNOWN,,NO_SCORELINE,,
2,Under 3.5 goals + Both teams to score - No,"75%, 48%",0.4521,0.3599,1.256,2.21,2.78,SCORE_MATRIX_EXACT,OK,U35,Under 3.5 goals,0.7521,BTTS_NO,Both teams to score - No,0.4785,,,,Crewe Alexandra vs Northampton Town,League Two,2026-08-22,UNKNOWN,,NO_SCORELINE,,
2,Over 2.5 goals + Home over 0.5 goals,"46%, 77%",0.4412,0.3558,1.24,2.27,2.81,SCORE_MATRIX_EXACT,OK,O25,Over 2.5 goals,0.4626,HOME_O05,Home over 0.5 goals,0.7692,,,,Crewe Alexandra vs Northampton Town,League Two,2026-08-22,UNKNOWN,,NO_SCORELINE,,
2,Under 3.5 goals + Draw or away,"75%, 55%",0.4346,0.4172,1.042,2.3,2.4,SCORE_MATRIX_EXACT,OK,U35,Under 3.5 goals,0.7521,X2,Draw or away,0.5546,,,,Crewe Alexandra vs Northampton Town,League Two,2026-08-22,UNKNOWN,,NO_SCORELINE,,
2,Under 3.5 goals + Away over 0.5 goals,"75%, 66%",0.4336,0.4967,0.873,2.31,2.01,SCORE_MATRIX_EXACT,OK,U35,Under 3.5 goals,0.7521,AWAY_O05,Away over 0.5 goals,0.6603,,,,Crewe Alexandra vs Northampton Town,League Two,2026-08-22,UNKNOWN,,NO_SCORELINE,,
2,Under 2.5 goals + Home or draw,"54%, 74%",0.4199,0.3965,1.059,2.38,2.52,SCORE_MATRIX_EXACT,OK,U25,Under 2.5 goals,0.5374,1X,Home or draw,0.7379,,,,Crewe Alexandra vs Northampton Town,League Two,2026-08-22,UNKNOWN,,NO_SCORELINE,,
2,Home or draw + Home over 1.5 goals,"74%, 43%",0.4035,0.3169,1.274,2.48,3.16,SCORE_MATRIX_EXACT,OK,1X,Home or draw,0.7379,HOME_O15,Home over 1.5 goals,0.4294,,,,Crewe Alexandra vs Northampton Town,League Two,2026-08-22,UNKNOWN,,NO_SCORELINE,,
2,Over 1.5 goals + Away over 0.5 goals,"76%, 58%",0.5292,0.441,1.2,1.89,2.27,SCORE_MATRIX_EXACT,OK,O15,Over 1.5 goals,0.7561,AWAY_O05,Away over 0.5 goals,0.5833,,,,Córdoba vs Girona FC,La Liga 2,2026-08-21,UNKNOWN,,NO_SCORELINE,,
2,Home or draw + Home over 1.5 goals,"83%, 54%",0.5205,0.4461,1.167,1.92,2.24,SCORE_MATRIX_EXACT,OK,1X,Home or draw,0.8295,HOME_O15,Home over 1.5 goals,0.5378,,,,Córdoba vs Girona FC,La Liga 2,2026-08-21,UNKNOWN,,NO_SCORELINE,,
2,Home over 0.5 goals + Away over 0.5 goals,"83%, 58%",0.4938,0.4863,1.015,2.03,2.06,SCORE_MATRIX_EXACT,OK,HOME_O05,Home over 0.5 goals,0.8337,AWAY_O05,Away over 0.5 goals,0.5833,,,,Córdoba vs Girona FC,La Liga 2,2026-08-21,UNKNOWN,,NO_SCORELINE,,
2,Over 2.5 goals + Home over 0.5 goals,"50%, 83%",0.4884,0.4151,1.177,2.05,2.41,SCORE_MATRIX_EXACT,OK,O25,Over 2.5 goals,0.4978,HOME_O05,Home over 0.5 goals,0.8337,,,,Córdoba vs Girona FC,La Liga 2,2026-08-21,UNKNOWN,,NO_SCORELINE,,
2,Over 1.5 goals + Under 3.5 goals,"76%, 72%",0.478,0.5458,0.876,2.09,1.83,SCORE_MATRIX_EXACT,OK,O15,Over 1.5 goals,0.7561,U35,Under 3.5 goals,0.7219,,,,Córdoba vs Girona FC,La Liga 2,2026-08-21,UNKNOWN,,NO_SCORELINE,,
2,Over 1.5 goals + Home win,"76%, 58%",0.4704,0.4411,1.066,2.13,2.27,SCORE_MATRIX_EXACT,OK,O15,Over 1.5 goals,0.7561,HOME,Home win,0.5834,,,,Córdoba vs Girona FC,La Liga 2,2026-08-21,UNKNOWN,,NO_SCORELINE,,
2,Home win + Home over 1.5 goals,"58%, 54%",0.4704,0.3138,1.499,2.13,3.19,SCORE_MATRIX_EXACT,OK,HOME,Home win,0.5834,HOME_O15,Home over 1.5 goals,0.5378,,,,Córdoba vs Girona FC,La Liga 2,2026-08-21,UNKNOWN,,NO_SCORELINE,,
2,Under 3.5 goals + Both teams to score - No,"72%, 51%",0.4583,0.3654,1.254,2.18,2.74,SCORE_MATRIX_EXACT,OK,U35,Under 3.5 goals,0.7219,BTTS_NO,Both teams to score - No,0.5062,,,,Córdoba vs Girona FC,La Liga 2,2026-08-21,UNKNOWN,,NO_SCORELINE,,
2,Over 2.5 goals + Home over 1.5 goals,"50%, 54%",0.4247,0.2677,1.586,2.35,3.74,SCORE_MATRIX_EXACT,OK,O25,Over 2.5 goals,0.4978,HOME_O15,Home over 1.5 goals,0.5378,,,,Córdoba vs Girona FC,La Liga 2,2026-08-21,UNKNOWN,,NO_SCORELINE,,
2,Under 2.5 goals + Home or draw,"50%, 83%",0.4221,0.4166,1.013,2.37,2.4,SCORE_MATRIX_EXACT,OK,U25,Under 2.5 goals,0.5022,1X,Home or draw,0.8295,,,,Córdoba vs Girona FC,La Liga 2,2026-08-21,UNKNOWN,,NO_SCORELINE,,
2,Both teams to score - No + Home or draw,"51%, 83%",0.4167,0.4199,0.992,2.4,2.38,SCORE_MATRIX_EXACT,OK,BTTS_NO,Both teams to score - No,0.5062,1X,Home or draw,0.8295,,,,Córdoba vs Girona FC,La Liga 2,2026-08-21,UNKNOWN,,NO_SCORELINE,,
2,Both teams to score + Home or draw,"49%, 83%",0.4128,0.4096,1.008,2.42,2.44,SCORE_MATRIX_EXACT,OK,BTTS,Both teams to score,0.4938,1X,Home or draw,0.8295,,,,Córdoba vs Girona FC,La Liga 2,2026-08-21,UNKNOWN,,NO_SCORELINE,,
2,Home or draw + Home over 0.5 goals,"66%, 70%",0.5499,0.4587,1.199,1.82,2.18,SCORE_MATRIX_EXACT,OK,1X,Home or draw,0.6559,HOME_O05,Home over 0.5 goals,0.6992,,,,Belgrano de Cordoba vs Defensa y Justicia,Argentina Primera Division,2026-08-23,UNKNOWN,,NO_SCORELINE,,
2,Draw or away + Away over 0.5 goals,"66%, 70%",0.5491,0.4578,1.199,1.82,2.18,SCORE_MATRIX_EXACT,OK,X2,Draw or away,0.6552,AWAY_O05,Away over 0.5 goals,0.6988,,,,Belgrano de Cordoba vs Defensa y Justicia,Argentina Primera Division,2026-08-23,UNKNOWN,,NO_SCORELINE,,
2,Under 3.5 goals + Home or draw,"78%, 66%",0.5198,0.5132,1.013,1.92,1.95,SCORE_MATRIX_EXACT,OK,U35,Under 3.5 goals,0.7824,1X,Home or draw,0.6559,,,,Belgrano de Cordoba vs Defensa y Justicia,Argentina Primera Division,2026-08-23,UNKNOWN,,NO_SCORELINE,,
2,Under 3.5 goals + Draw or away,"78%, 66%",0.5193,0.5126,1.013,1.93,1.95,SCORE_MATRIX_EXACT,OK,U35,Under 3.5 goals,0.7824,X2,Draw or away,0.6552,,,,Belgrano de Cordoba vs Defensa y Justicia,Argentina Primera Division,2026-08-23,UNKNOWN,,NO_SCORELINE,,
2,Home over 0.5 goals + Away over 0.5 goals,"70%, 70%",0.5041,0.4886,1.032,1.98,2.05,SCORE_MATRIX_EXACT,OK,HOME_O05,Home over 0.5 goals,0.6992,AWAY_O05,Away over 0.5 goals,0.6988,,,,Belgrano de Cordoba vs Defensa y Justicia,Argentina Primera Division,2026-08-23,UNKNOWN,,NO_SCORELINE,,
2,Under 3.5 goals + Home over 0.5 goals,"78%, 70%",0.4917,0.5471,0.899,2.03,1.83,SCORE_MATRIX_EXACT,OK,U35,Under 3.5 goals,0.7824,HOME_O05,Home over 0.5 goals,0.6992,,,,Belgrano de Cordoba vs Defensa y Justicia,Argentina Primera Division,2026-08-23,UNKNOWN,,NO_SCORELINE,,
2,Over 1.5 goals + Under 3.5 goals,"71%, 78%",0.4895,0.5532,0.885,2.04,1.81,SCORE_MATRIX_EXACT,OK,O15,Over 1.5 goals,0.7071,U35,Under 3.5 goals,0.7824,,,,Belgrano de Cordoba vs Defensa y Justicia,Argentina Primera Division,2026-08-23,UNKNOWN,,NO_SCORELINE,,
2,Under 3.5 goals + Away over 0.5 goals,"78%, 70%",0.4913,0.5467,0.899,2.04,1.83,SCORE_MATRIX_EXACT,OK,U35,Under 3.5 goals,0.7824,AWAY_O05,Away over 0.5 goals,0.6988,,,,Belgrano de Cordoba vs Defensa y Justicia,Argentina Primera Division,2026-08-23,UNKNOWN,,NO_SCORELINE,,
2,Under 3.5 goals + Both teams to score - No,"78%, 50%",0.4758,0.388,1.226,2.1,2.58,SCORE_MATRIX_EXACT,OK,U35,Under 3.5 goals,0.7824,BTTS_NO,Both teams to score - No,0.4959,,,,Belgrano de Cordoba vs Defensa y Justicia,Argentina Primera Division,2026-08-23,UNKNOWN,,NO_SCORELINE,,
2,Over 1.5 goals + Home or draw,"71%, 66%",0.4564,0.4638,0.984,2.19,2.16,SCORE_MATRIX_EXACT,OK,O15,Over 1.5 goals,0.7071,1X,Home or draw,0.6559,,,,Belgrano de Cordoba vs Defensa y Justicia,Argentina Primera Division,2026-08-23,UNKNOWN,,NO_SCORELINE,,
2,Over 1.5 goals + Draw or away,"71%, 66%",0.4558,0.4633,0.984,2.19,2.16,SCORE_MATRIX_EXACT,OK,O15,Over 1.5 goals,0.7071,X2,Draw or away,0.6552,,,,Belgrano de Cordoba vs Defensa y Justicia,Argentina Primera Division,2026-08-23,UNKNOWN,,NO_SCORELINE,,
2,Under 2.5 goals + Both teams to score - No,"57%, 50%",0.4238,0.2849,1.488,2.36,3.51,SCORE_MATRIX_EXACT,OK,U25,Under 2.5 goals,0.5744,BTTS_NO,Both teams to score - No,0.4959,,,,Belgrano de Cordoba vs Defensa y Justicia,Argentina Primera Division,2026-08-23,UNKNOWN,,NO_SCORELINE,,
2,Under 3.5 goals + Home or draw,"75%, 71%",0.5235,0.5277,0.992,1.91,1.9,SCORE_MATRIX_EXACT,OK,U35,Under 3.5 goals,0.7468,1X,Home or draw,0.7066,,,,Palmeiras vs Vasco da Gama,Brazil Serie A,2026-08-23,UNKNOWN,,NO_SCORELINE,,
2,Over 1.5 goals + Home or draw,"72%, 71%",0.5165,0.5107,1.011,1.94,1.96,SCORE_MATRIX_EXACT,OK,O15,Over 1.5 goals,0.7228,1X,Home or draw,0.7066,,,,Palmeiras vs Vasco da Gama,Brazil Serie A,2026-08-23,UNKNOWN,,NO_SCORELINE,,
2,Under 3.5 goals + Home over 0.5 goals,"75%, 76%",0.5151,0.569,0.905,1.94,1.76,SCORE_MATRIX_EXACT,OK,U35,Under 3.5 goals,0.7468,HOME_O05,Home over 0.5 goals,0.7618,,,,Palmeiras vs Vasco da Gama,Brazil Serie A,2026-08-23,UNKNOWN,,NO_SCORELINE,,
2,Home over 0.5 goals + Away over 0.5 goals,"76%, 67%",0.5121,0.5121,1.0,1.95,1.95,SCORE_MATRIX_EXACT,OK,HOME_O05,Home over 0.5 goals,0.7618,AWAY_O05,Away over 0.5 goals,0.6722,,,,Palmeiras vs Vasco da Gama,Brazil Serie A,2026-08-23,UNKNOWN,,NO_SCORELINE,,
2,Draw or away + Away over 0.5 goals,"56%, 67%",0.4782,0.3739,1.279,2.09,2.67,SCORE_MATRIX_EXACT,OK,X2,Draw or away,0.5563,AWAY_O05,Away over 0.5 goals,0.6722,,,,Palmeiras vs Vasco da Gama,Brazil Serie A,2026-08-23,UNKNOWN,,NO_SCORELINE,,
2,Over 1.5 goals + Under 3.5 goals,"72%, 75%",0.4696,0.5398,0.87,2.13,1.85,SCORE_MATRIX_EXACT,OK,O15,Over 1.5 goals,0.7228,U35,Under 3.5 goals,0.7468,,,,Palmeiras vs Vasco da Gama,Brazil Serie A,2026-08-23,UNKNOWN,,NO_SCORELINE,,
2,Under 3.5 goals + Both teams to score - No,"75%, 49%",0.4626,0.3644,1.269,2.16,2.74,SCORE_MATRIX_EXACT,OK,U35,Under 3.5 goals,0.7468,BTTS_NO,Both teams to score - No,0.4879,,,,Palmeiras vs Vasco da Gama,Brazil Serie A,2026-08-23,UNKNOWN,,NO_SCORELINE,,
2,Over 2.5 goals + Home over 0.5 goals,"47%, 76%",0.4445,0.3573,1.244,2.25,2.8,SCORE_MATRIX_EXACT,OK,O25,Over 2.5 goals,0.4689,HOME_O05,Home over 0.5 goals,0.7618,,,,Palmeiras vs Vasco da Gama,Brazil Serie A,2026-08-23,UNKNOWN,,NO_SCORELINE,,
2,Under 3.5 goals + Away over 0.5 goals,"75%, 67%",0.4379,0.502,0.872,2.28,1.99,SCORE_MATRIX_EXACT,OK,U35,Under 3.5 goals,0.7468,AWAY_O05,Away over 0.5 goals,0.6722,,,,Palmeiras vs Vasco da Gama,Brazil Serie A,2026-08-23,UNKNOWN,,NO_SCORELINE,,
2,Under 3.5 goals + Draw or away,"75%, 56%",0.4264,0.4154,1.026,2.35,2.41,SCORE_MATRIX_EXACT,OK,U35,Under 3.5 goals,0.7468,X2,Draw or away,0.5563,,,,Palmeiras vs Vasco da Gama,Brazil Serie A,2026-08-23,UNKNOWN,,NO_SCORELINE,,
2,Over 2.5 goals + Away over 0.5 goals,"47%, 67%",0.4116,0.3152,1.306,2.43,3.17,SCORE_MATRIX_EXACT,OK,O25,Over 2.5 goals,0.4689,AWAY_O05,Away over 0.5 goals,0.6722,,,,Palmeiras vs Vasco da Gama,Brazil Serie A,2026-08-23,UNKNOWN,,NO_SCORELINE,,
2,Under 2.5 goals + Both teams to score - No,"53%, 49%",0.4061,0.2591,1.567,2.46,3.86,SCORE_MATRIX_EXACT,OK,U25,Under 2.5 goals,0.5311,BTTS_NO,Both teams to score - No,0.4879,,,,Palmeiras vs Vasco da Gama,Brazil Serie A,2026-08-23,UNKNOWN,,NO_SCORELINE,,
2,Home or draw + Home over 0.5 goals,"63%, 70%",0.5452,0.4366,1.249,1.83,2.29,SCORE_MATRIX_EXACT,OK,1X,Home or draw,0.6276,HOME_O05,Home over 0.5 goals,0.6956,,,,Benevento vs Modena,Serie B,2026-08-22,LOST,1X=LOST | HOME_O05=WON,OK,1-2,1.0.0
2,Draw or away + Away over 0.5 goals,"63%, 70%",0.545,0.4364,1.249,1.83,2.29,SCORE_MATRIX_EXACT,OK,X2,Draw or away,0.6274,AWAY_O05,Away over 0.5 goals,0.6955,,,,Benevento vs Modena,Serie B,2026-08-22,WON,X2=WON | AWAY_O05=WON,OK,1-2,1.0.0
2,Under 3.5 goals + Both teams to score - No,"78%, 53%",0.5063,0.4109,1.232,1.98,2.43,SCORE_MATRIX_EXACT,OK,U35,Under 3.5 goals,0.7805,BTTS_NO,Both teams to score - No,0.5265,,,,Benevento vs Modena,Serie B,2026-08-22,LOST,U35=WON | BTTS_NO=LOST,OK,1-2,1.0.0
2,Under 3.5 goals + Home or draw,"78%, 63%",0.4904,0.4899,1.001,2.04,2.04,SCORE_MATRIX_EXACT,OK,U35,Under 3.5 goals,0.7805,1X,Home or draw,0.6276,,,,Benevento vs Modena,Serie B,2026-08-22,LOST,U35=WON | 1X=LOST,OK,1-2,1.0.0
2,Under 3.5 goals + Draw or away,"78%, 63%",0.4903,0.4897,1.001,2.04,2.04,SCORE_MATRIX_EXACT,OK,U35,Under 3.5 goals,0.7805,X2,Draw or away,0.6274,,,,Benevento vs Modena,Serie B,2026-08-22,WON,U35=WON | X2=WON,OK,1-2,1.0.0
2,Under 3.5 goals + Home over 0.5 goals,"78%, 70%",0.4862,0.5429,0.896,2.06,1.84,SCORE_MATRIX_EXACT,OK,U35,Under 3.5 goals,0.7805,HOME_O05,Home over 0.5 goals,0.6956,,,,Benevento vs Modena,Serie B,2026-08-22,WON,U35=WON | HOME_O05=WON,OK,1-2,1.0.0
2,Under 3.5 goals + Away over 0.5 goals,"78%, 70%",0.4861,0.5428,0.896,2.06,1.84,SCORE_MATRIX_EXACT,OK,U35,Under 3.5 goals,0.7805,AWAY_O05,Away over 0.5 goals,0.6955,,,,Benevento vs Modena,Serie B,2026-08-22,WON,U35=WON | AWAY_O05=WON,OK,1-2,1.0.0
2,Home over 0.5 goals + Away over 0.5 goals,"70%, 70%",0.4735,0.4838,0.979,2.11,2.07,SCORE_MATRIX_EXACT,OK,HOME_O05,Home over 0.5 goals,0.6956,AWAY_O05,Away over 0.5 goals,0.6955,,,,Benevento vs Modena,Serie B,2026-08-22,WON,HOME_O05=WON | AWAY_O05=WON,OK,1-2,1.0.0
2,Over 1.5 goals + Under 3.5 goals,"68%, 78%",0.4573,0.5282,0.866,2.19,1.89,SCORE_MATRIX_EXACT,OK,O15,Over 1.5 goals,0.6768,U35,Under 3.5 goals,0.7805,,,,Benevento vs Modena,Serie B,2026-08-22,WON,O15=WON | U35=WON,OK,1-2,1.0.0
2,Under 2.5 goals + Both teams to score - No,"57%, 53%",0.4541,0.3011,1.508,2.2,3.32,SCORE_MATRIX_EXACT,OK,U25,Under 2.5 goals,0.5719,BTTS_NO,Both teams to score - No,0.5265,,,,Benevento vs Modena,Serie B,2026-08-22,LOST,U25=LOST | BTTS_NO=LOST,OK,1-2,1.0.0
2,Over 1.5 goals + Home or draw,"68%, 63%",0.4248,0.4248,1.0,2.35,2.35,SCORE_MATRIX_EXACT,OK,O15,Over 1.5 goals,0.6768,1X,Home or draw,0.6276,,,,Benevento vs Modena,Serie B,2026-08-22,LOST,O15=WON | 1X=LOST,OK,1-2,1.0.0
2,Over 1.5 goals + Draw or away,"68%, 63%",0.4246,0.4246,1.0,2.35,2.36,SCORE_MATRIX_EXACT,OK,O15,Over 1.5 goals,0.6768,X2,Draw or away,0.6274,,,,Benevento vs Modena,Serie B,2026-08-22,WON,O15=WON | X2=WON,OK,1-2,1.0.0
2,Under 3.5 goals + Home over 0.5 goals,"76%, 78%",0.5396,0.5893,0.916,1.85,1.7,SCORE_MATRIX_EXACT,OK,U35,Under 3.5 goals,0.7576,HOME_O05,Home over 0.5 goals,0.7778,,,,Fagiano Okayama vs Tokyo Verdy,Japan J-League,2026-08-22,UNKNOWN,,NO_SCORELINE,,
2,Home over 0.5 goals + Away over 0.5 goals,"78%, 64%",0.5088,0.4952,1.028,1.97,2.02,SCORE_MATRIX_EXACT,OK,HOME_O05,Home over 0.5 goals,0.7778,AWAY_O05,Away over 0.5 goals,0.6366,,,,Fagiano Okayama vs Tokyo Verdy,Japan J-League,2026-08-22,UNKNOWN,,NO_SCORELINE,,
2,Over 1.5 goals + Under 3.5 goals,"73%, 76%",0.4887,0.5539,0.882,2.05,1.81,SCORE_MATRIX_EXACT,OK,O15,Over 1.5 goals,0.7312,U35,Under 3.5 goals,0.7576,,,,Fagiano Okayama vs Tokyo Verdy,Japan J-League,2026-08-22,UNKNOWN,,NO_SCORELINE,,
2,Under 3.5 goals + Both teams to score - No,"76%, 49%",0.4625,0.3721,1.243,2.16,2.69,SCORE_MATRIX_EXACT,OK,U35,Under 3.5 goals,0.7576,BTTS_NO,Both teams to score - No,0.4912,,,,Fagiano Okayama vs Tokyo Verdy,Japan J-League,2026-08-22,UNKNOWN,,NO_SCORELINE,,
2,Over 2.5 goals + Home over 0.5 goals,"46%, 78%",0.4386,0.3549,1.236,2.28,2.82,SCORE_MATRIX_EXACT,OK,O25,Over 2.5 goals,0.4562,HOME_O05,Home over 0.5 goals,0.7778,,,,Fagiano Okayama vs Tokyo Verdy,Japan J-League,2026-08-22,UNKNOWN,,NO_SCORELINE,,
2,Under 2.5 goals + Home or draw,"54%, 76%",0.4337,0.4144,1.047,2.31,2.41,SCORE_MATRIX_EXACT,OK,U25,Under 2.5 goals,0.5438,1X,Home or draw,0.762,,,,Fagiano Okayama vs Tokyo Verdy,Japan J-League,2026-08-22,UNKNOWN,,NO_SCORELINE,,
2,Draw or away + Away over 0.5 goals,"53%, 64%",0.4338,0.3363,1.29,2.31,2.97,SCORE_MATRIX_EXACT,OK,X2,Draw or away,0.5282,AWAY_O05,Away over 0.5 goals,0.6366,,,,Fagiano Okayama vs Tokyo Verdy,Japan J-League,2026-08-22,UNKNOWN,,NO_SCORELINE,,
2,Home or draw + Home over 1.5 goals,"76%, 44%",0.4212,0.3381,1.246,2.37,2.96,SCORE_MATRIX_EXACT,OK,1X,Home or draw,0.762,HOME_O15,Home over 1.5 goals,0.4438,,,,Fagiano Okayama vs Tokyo Verdy,Japan J-League,2026-08-22,UNKNOWN,,NO_SCORELINE,,
2,Under 3.5 goals + Draw or away,"76%, 53%",0.4206,0.4002,1.051,2.38,2.5,SCORE_MATRIX_EXACT,OK,U35,Under 3.5 goals,0.7576,X2,Draw or away,0.5282,,,,Fagiano Okayama vs Tokyo Verdy,Japan J-League,2026-08-22,UNKNOWN,,NO_SCORELINE,,
2,Under 3.5 goals + Away over 0.5 goals,"76%, 64%",0.4186,0.4823,0.868,2.39,2.07,SCORE_MATRIX_EXACT,OK,U35,Under 3.5 goals,0.7576,AWAY_O05,Away over 0.5 goals,0.6366,,,,Fagiano Okayama vs Tokyo Verdy,Japan J-League,2026-08-22,UNKNOWN,,NO_SCORELINE,,
2,Under 2.5 goals + Both teams to score - No,"54%, 49%",0.4024,0.2671,1.507,2.48,3.74,SCORE_MATRIX_EXACT,OK,U25,Under 2.5 goals,0.5438,BTTS_NO,Both teams to score - No,0.4912,,,,Fagiano Okayama vs Tokyo Verdy,Japan J-League,2026-08-22,UNKNOWN,,NO_SCORELINE,,
2,Both teams to score + Home or draw,"51%, 76%",0.3986,0.3877,1.028,2.51,2.58,SCORE_MATRIX_EXACT,OK,BTTS,Both teams to score,0.5088,1X,Home or draw,0.762,,,,Fagiano Okayama vs Tokyo Verdy,Japan J-League,2026-08-22,UNKNOWN,,NO_SCORELINE,,
2,Home over 0.5 goals + Away over 0.5 goals,"82%, 67%",0.5368,0.5439,0.987,1.86,1.84,SCORE_MATRIX_EXACT,OK,HOME_O05,Home over 0.5 goals,0.8155,AWAY_O05,Away over 0.5 goals,0.6669,,,,Brondby IF vs Silkeborg IF,Denmark Superliga,2026-08-24,UNKNOWN,,NO_SCORELINE,,
2,Over 2.5 goals + Home over 0.5 goals,"53%, 82%",0.5137,0.4342,1.183,1.95,2.3,SCORE_MATRIX_EXACT,OK,O25,Over 2.5 goals,0.5324,HOME_O05,Home over 0.5 goals,0.8155,,,,Brondby IF vs Silkeborg IF,Denmark Superliga,2026-08-24,UNKNOWN,,NO_SCORELINE,,
2,Under 3.5 goals + Home over 0.5 goals,"69%, 82%",0.5107,0.5629,0.907,1.96,1.78,SCORE_MATRIX_EXACT,OK,U35,Under 3.5 goals,0.6903,HOME_O05,Home over 0.5 goals,0.8155,,,,Brondby IF vs Silkeborg IF,Denmark Superliga,2026-08-24,UNKNOWN,,NO_SCORELINE,,
2,Under 3.5 goals + Home or draw,"69%, 74%",0.5017,0.5132,0.978,1.99,1.95,SCORE_MATRIX_EXACT,OK,U35,Under 3.5 goals,0.6903,1X,Home or draw,0.7434,,,,Brondby IF vs Silkeborg IF,Denmark Superliga,2026-08-24,UNKNOWN,,NO_SCORELINE,,
2,Home or draw + Home over 1.5 goals,"74%, 51%",0.4739,0.3756,1.262,2.11,2.66,SCORE_MATRIX_EXACT,OK,1X,Home or draw,0.7434,HOME_O15,Home over 1.5 goals,0.5052,,,,Brondby IF vs Silkeborg IF,Denmark Superliga,2026-08-24,UNKNOWN,,NO_SCORELINE,,
2,Over 2.5 goals + Away over 0.5 goals,"53%, 67%",0.4531,0.3551,1.276,2.21,2.82,SCORE_MATRIX_EXACT,OK,O25,Over 2.5 goals,0.5324,AWAY_O05,Away over 0.5 goals,0.6669,,,,Brondby IF vs Silkeborg IF,Denmark Superliga,2026-08-24,UNKNOWN,,NO_SCORELINE,,
2,Over 1.5 goals + Under 3.5 goals,"76%, 69%",0.4493,0.524,0.858,2.23,1.91,SCORE_MATRIX_EXACT,OK,O15,Over 1.5 goals,0.7591,U35,Under 3.5 goals,0.6903,,,,Brondby IF vs Silkeborg IF,Denmark Superliga,2026-08-24,UNKNOWN,,NO_SCORELINE,,
2,Over 2.5 goals + Both teams to score,"53%, 54%",0.4343,0.2858,1.52,2.3,3.5,SCORE_MATRIX_EXACT,OK,O25,Over 2.5 goals,0.5324,BTTS,Both teams to score,0.5368,,,,Brondby IF vs Silkeborg IF,Denmark Superliga,2026-08-24,UNKNOWN,,NO_SCORELINE,,
2,Under 3.5 goals + Both teams to score - No,"69%, 46%",0.4279,0.3197,1.338,2.34,3.13,SCORE_MATRIX_EXACT,OK,U35,Under 3.5 goals,0.6903,BTTS_NO,Both teams to score - No,0.4632,,,,Brondby IF vs Silkeborg IF,Denmark Superliga,2026-08-24,UNKNOWN,,NO_SCORELINE,,
2,Draw or away + Away over 0.5 goals,"48%, 67%",0.4254,0.32,1.329,2.35,3.13,SCORE_MATRIX_EXACT,OK,X2,Draw or away,0.4798,AWAY_O05,Away over 0.5 goals,0.6669,,,,Brondby IF vs Silkeborg IF,Denmark Superliga,2026-08-24,UNKNOWN,,NO_SCORELINE,,
2,Over 2.5 goals + Home over 1.5 goals,"53%, 51%",0.4185,0.269,1.556,2.39,3.72,SCORE_MATRIX_EXACT,OK,O25,Over 2.5 goals,0.5324,HOME_O15,Home over 1.5 goals,0.5052,,,,Brondby IF vs Silkeborg IF,Denmark Superliga,2026-08-24,UNKNOWN,,NO_SCORELINE,,
2,Both teams to score + Home or draw,"54%, 74%",0.4104,0.3991,1.028,2.44,2.51,SCORE_MATRIX_EXACT,OK,BTTS,Both teams to score,0.5368,1X,Home or draw,0.7434,,,,Brondby IF vs Silkeborg IF,Denmark Superliga,2026-08-24,UNKNOWN,,NO_SCORELINE,,
2,Over 1.5 goals + Away over 0.5 goals,"73%, 59%",0.5285,0.4318,1.224,1.89,2.32,SCORE_MATRIX_EXACT,OK,O15,Over 1.5 goals,0.734,AWAY_O05,Away over 0.5 goals,0.5883,,,,CD Eldense vs Cádiz CF,La Liga 2,2026-08-22,UNKNOWN,,NO_SCORELINE,,
2,Over 1.5 goals + Under 3.5 goals,"73%, 75%",0.488,0.5534,0.882,2.05,1.81,SCORE_MATRIX_EXACT,OK,O15,Over 1.5 goals,0.734,U35,Under 3.5 goals,0.7539,,,,CD Eldense vs Cádiz CF,La Liga 2,2026-08-22,UNKNOWN,,NO_SCORELINE,,
2,Home over 0.5 goals + Away over 0.5 goals,"81%, 59%",0.4867,0.4738,1.027,2.05,2.11,SCORE_MATRIX_EXACT,OK,HOME_O05,Home over 0.5 goals,0.8055,AWAY_O05,Away over 0.5 goals,0.5883,,,,CD Eldense vs Cádiz CF,La Liga 2,2026-08-22,UNKNOWN,,NO_SCORELINE,,
2,Under 3.5 goals + Both teams to score - No,"75%, 51%",0.4752,0.387,1.228,2.1,2.58,SCORE_MATRIX_EXACT,OK,U35,Under 3.5 goals,0.7539,BTTS_NO,Both teams to score - No,0.5133,,,,CD Eldense vs Cádiz CF,La Liga 2,2026-08-22,UNKNOWN,,NO_SCORELINE,,
2,Home or draw + Home over 1.5 goals,"81%, 49%",0.4734,0.3986,1.188,2.11,2.51,SCORE_MATRIX_EXACT,OK,1X,Home or draw,0.8127,HOME_O15,Home over 1.5 goals,0.4904,,,,CD Eldense vs Cádiz CF,La Liga 2,2026-08-22,UNKNOWN,,NO_SCORELINE,,
2,Over 2.5 goals + Home over 0.5 goals,"46%, 81%",0.4495,0.3711,1.211,2.22,2.69,SCORE_MATRIX_EXACT,OK,O25,Over 2.5 goals,0.4607,HOME_O05,Home over 0.5 goals,0.8055,,,,CD Eldense vs Cádiz CF,La Liga 2,2026-08-22,UNKNOWN,,NO_SCORELINE,,
2,Under 2.5 goals + Home or draw,"54%, 81%",0.4489,0.4383,1.024,2.23,2.28,SCORE_MATRIX_EXACT,OK,U25,Under 2.5 goals,0.5393,1X,Home or draw,0.8127,,,,CD Eldense vs Cádiz CF,La Liga 2,2026-08-22,UNKNOWN,,NO_SCORELINE,,
2,Over 1.5 goals + Home win,"73%, 54%",0.4247,0.3949,1.076,2.35,2.53,SCORE_MATRIX_EXACT,OK,O15,Over 1.5 goals,0.734,HOME,Home win,0.5379,,,,CD Eldense vs Cádiz CF,La Liga 2,2026-08-22,UNKNOWN,,NO_SCORELINE,,
2,Home win + Home over 1.5 goals,"54%, 49%",0.4247,0.2638,1.61,2.35,3.79,SCORE_MATRIX_EXACT,OK,HOME,Home win,0.5379,HOME_O15,Home over 1.5 goals,0.4904,,,,CD Eldense vs Cádiz CF,La Liga 2,2026-08-22,UNKNOWN,,NO_SCORELINE,,
2,Both teams to score - No + Home or draw,"51%, 81%",0.4117,0.4171,0.987,2.43,2.4,SCORE_MATRIX_EXACT,OK,BTTS_NO,Both teams to score - No,0.5133,1X,Home or draw,0.8127,,,,CD Eldense vs Cádiz CF,La Liga 2,2026-08-22,UNKNOWN,,NO_SCORELINE,,
2,Under 2.5 goals + Both teams to score - No,"54%, 51%",0.4061,0.2768,1.467,2.46,3.61,SCORE_MATRIX_EXACT,OK,U25,Under 2.5 goals,0.5393,BTTS_NO,Both teams to score - No,0.5133,,,,CD Eldense vs Cádiz CF,La Liga 2,2026-08-22,UNKNOWN,,NO_SCORELINE,,
2,Both teams to score + Home or draw,"49%, 81%",0.401,0.3956,1.014,2.49,2.53,SCORE_MATRIX_EXACT,OK,BTTS,Both teams to score,0.4867,1X,Home or draw,0.8127,,,,CD Eldense vs Cádiz CF,La Liga 2,2026-08-22,UNKNOWN,,NO_SCORELINE,,
2,Home over 0.5 goals + Away over 0.5 goals,"75%, 70%",0.5347,0.5211,1.026,1.87,1.92,SCORE_MATRIX_EXACT,OK,HOME_O05,Home over 0.5 goals,0.7474,AWAY_O05,Away over 0.5 goals,0.6973,,,,Walsall vs Grimsby Town,League Two,2026-08-22,UNKNOWN,,NO_SCORELINE,,
2,Under 3.5 goals + Home or draw,"75%, 69%",0.5188,0.5167,1.004,1.93,1.94,SCORE_MATRIX_EXACT,OK,U35,Under 3.5 goals,0.7477,1X,Home or draw,0.691,,,,Walsall vs Grimsby Town,League Two,2026-08-22,UNKNOWN,,NO_SCORELINE,,
2,Draw or away + Away over 0.5 goals,"61%, 70%",0.5151,0.422,1.221,1.94,2.37,SCORE_MATRIX_EXACT,OK,X2,Draw or away,0.6051,AWAY_O05,Away over 0.5 goals,0.6973,,,,Walsall vs Grimsby Town,League Two,2026-08-22,UNKNOWN,,NO_SCORELINE,,
2,Over 1.5 goals + Home or draw,"74%, 69%",0.5101,0.5118,0.997,1.96,1.95,SCORE_MATRIX_EXACT,OK,O15,Over 1.5 goals,0.7406,1X,Home or draw,0.691,,,,Walsall vs Grimsby Town,League Two,2026-08-22,UNKNOWN,,NO_SCORELINE,,
2,Under 3.5 goals + Home over 0.5 goals,"75%, 75%",0.5033,0.5588,0.901,1.99,1.79,SCORE_MATRIX_EXACT,OK,U35,Under 3.5 goals,0.7477,HOME_O05,Home over 0.5 goals,0.7474,,,,Walsall vs Grimsby Town,League Two,2026-08-22,UNKNOWN,,NO_SCORELINE,,
2,Over 1.5 goals + Under 3.5 goals,"74%, 75%",0.4883,0.5537,0.882,2.05,1.81,SCORE_MATRIX_EXACT,OK,O15,Over 1.5 goals,0.7406,U35,Under 3.5 goals,0.7477,,,,Walsall vs Grimsby Town,League Two,2026-08-22,UNKNOWN,,NO_SCORELINE,,
2,Under 3.5 goals + Draw or away,"75%, 61%",0.4641,0.4525,1.026,2.15,2.21,SCORE_MATRIX_EXACT,OK,U35,Under 3.5 goals,0.7477,X2,Draw or away,0.6051,,,,Walsall vs Grimsby Town,League Two,2026-08-22,UNKNOWN,,NO_SCORELINE,,
2,Under 3.5 goals + Away over 0.5 goals,"75%, 70%",0.4604,0.5214,0.883,2.17,1.92,SCORE_MATRIX_EXACT,OK,U35,Under 3.5 goals,0.7477,AWAY_O05,Away over 0.5 goals,0.6973,,,,Walsall vs Grimsby Town,League Two,2026-08-22,UNKNOWN,,NO_SCORELINE,,
2,Under 3.5 goals + Both teams to score - No,"75%, 47%",0.4418,0.3479,1.27,2.26,2.87,SCORE_MATRIX_EXACT,OK,U35,Under 3.5 goals,0.7477,BTTS_NO,Both teams to score - No,0.4653,,,,Walsall vs Grimsby Town,League Two,2026-08-22,UNKNOWN,,NO_SCORELINE,,
2,Over 2.5 goals + Home over 0.5 goals,"47%, 75%",0.4382,0.3496,1.253,2.28,2.86,SCORE_MATRIX_EXACT,OK,O25,Over 2.5 goals,0.4678,HOME_O05,Home over 0.5 goals,0.7474,,,,Walsall vs Grimsby Town,League Two,2026-08-22,UNKNOWN,,NO_SCORELINE,,
2,Over 1.5 goals + Draw or away,"74%, 61%",0.4366,0.4481,0.974,2.29,2.23,SCORE_MATRIX_EXACT,OK,O15,Over 1.5 goals,0.7406,X2,Draw or away,0.6051,,,,Walsall vs Grimsby Town,League Two,2026-08-22,UNKNOWN,,NO_SCORELINE,,
2,Over 2.5 goals + Away over 0.5 goals,"47%, 70%",0.4191,0.3262,1.285,2.39,3.07,SCORE_MATRIX_EXACT,OK,O25,Over 2.5 goals,0.4678,AWAY_O05,Away over 0.5 goals,0.6973,,,,Walsall vs Grimsby Town,League Two,2026-08-22,UNKNOWN,,NO_SCORELINE,,
2,Home over 0.5 goals + Away over 0.5 goals,"83%, 65%",0.5327,0.5395,0.988,1.88,1.85,SCORE_MATRIX_EXACT,OK,HOME_O05,Home over 0.5 goals,0.8317,AWAY_O05,Away over 0.5 goals,0.6486,,,,Columbus Crew SC vs CF Montreal,USA MLS,2026-08-19,UNKNOWN,,NO_SCORELINE,,
2,Over 2.5 goals + Home over 0.5 goals,"54%, 83%",0.5257,0.45,1.168,1.9,2.22,SCORE_MATRIX_EXACT,OK,O25,Over 2.5 goals,0.5411,HOME_O05,Home over 0.5 goals,0.8317,,,,Columbus Crew SC vs CF Montreal,USA MLS,2026-08-19,UNKNOWN,,NO_SCORELINE,,
2,Under 3.5 goals + Home over 0.5 goals,"68%, 83%",0.5177,0.5673,0.912,1.93,1.76,SCORE_MATRIX_EXACT,OK,U35,Under 3.5 goals,0.6821,HOME_O05,Home over 0.5 goals,0.8317,,,,Columbus Crew SC vs CF Montreal,USA MLS,2026-08-19,UNKNOWN,,NO_SCORELINE,,
2,Under 3.5 goals + Home or draw,"68%, 77%",0.5118,0.5252,0.974,1.95,1.9,SCORE_MATRIX_EXACT,OK,U35,Under 3.5 goals,0.6821,1X,Home or draw,0.77,,,,Columbus Crew SC vs CF Montreal,USA MLS,2026-08-19,UNKNOWN,,NO_SCORELINE,,
2,Home or draw + Home over 1.5 goals,"77%, 53%",0.5043,0.4102,1.229,1.98,2.44,SCORE_MATRIX_EXACT,OK,1X,Home or draw,0.77,HOME_O15,Home over 1.5 goals,0.5327,,,,Columbus Crew SC vs CF Montreal,USA MLS,2026-08-19,UNKNOWN,,NO_SCORELINE,,
2,Over 1.5 goals + Under 3.5 goals,"77%, 68%",0.4476,0.5221,0.857,2.23,1.92,SCORE_MATRIX_EXACT,OK,O15,Over 1.5 goals,0.7655,U35,Under 3.5 goals,0.6821,,,,Columbus Crew SC vs CF Montreal,USA MLS,2026-08-19,UNKNOWN,,NO_SCORELINE,,
2,Over 2.5 goals + Away over 0.5 goals,"54%, 65%",0.4491,0.3509,1.28,2.23,2.85,SCORE_MATRIX_EXACT,OK,O25,Over 2.5 goals,0.5411,AWAY_O05,Away over 0.5 goals,0.6486,,,,Columbus Crew SC vs CF Montreal,USA MLS,2026-08-19,UNKNOWN,,NO_SCORELINE,,
2,Over 1.5 goals + Home win,"77%, 55%",0.4399,0.4242,1.037,2.27,2.36,SCORE_MATRIX_EXACT,OK,O15,Over 1.5 goals,0.7655,HOME,Home win,0.5542,,,,Columbus Crew SC vs CF Montreal,USA MLS,2026-08-19,UNKNOWN,,NO_SCORELINE,,
2,Over 2.5 goals + Home over 1.5 goals,"54%, 53%",0.44,0.2882,1.527,2.27,3.47,SCORE_MATRIX_EXACT,OK,O25,Over 2.5 goals,0.5411,HOME_O15,Home over 1.5 goals,0.5327,,,,Columbus Crew SC vs CF Montreal,USA MLS,2026-08-19,UNKNOWN,,NO_SCORELINE,,
2,Home win + Home over 1.5 goals,"55%, 53%",0.4399,0.2952,1.49,2.27,3.39,SCORE_MATRIX_EXACT,OK,HOME,Home win,0.5542,HOME_O15,Home over 1.5 goals,0.5327,,,,Columbus Crew SC vs CF Montreal,USA MLS,2026-08-19,UNKNOWN,,NO_SCORELINE,,
2,Over 2.5 goals + Both teams to score,"54%, 53%",0.4337,0.2882,1.505,2.31,3.47,SCORE_MATRIX_EXACT,OK,O25,Over 2.5 goals,0.5411,BTTS,Both teams to score,0.5327,,,,Columbus Crew SC vs CF Montreal,USA MLS,2026-08-19,UNKNOWN,,NO_SCORELINE,,
2,Under 3.5 goals + Both teams to score - No,"68%, 47%",0.4266,0.3187,1.338,2.34,3.14,SCORE_MATRIX_EXACT,OK,U35,Under 3.5 goals,0.6821,BTTS_NO,Both teams to score - No,0.4673,,,,Columbus Crew SC vs CF Montreal,USA MLS,2026-08-19,UNKNOWN,,NO_SCORELINE,,
2,Over 1.5 goals + Home or draw,"74%, 72%",0.5381,0.5308,1.014,1.86,1.88,SCORE_MATRIX_EXACT,OK,O15,Over 1.5 goals,0.736,1X,Home or draw,0.7212,,,,St. Louis City SC vs Houston Dynamo,USA MLS,2026-08-23,UNKNOWN,,NO_SCORELINE,,
2,Under 3.5 goals + Home or draw,"73%, 72%",0.5222,0.5281,0.989,1.92,1.89,SCORE_MATRIX_EXACT,OK,U35,Under 3.5 goals,0.7322,1X,Home or draw,0.7212,,,,St. Louis City SC vs Houston Dynamo,USA MLS,2026-08-23,UNKNOWN,,NO_SCORELINE,,
2,Home over 0.5 goals + Away over 0.5 goals,"78%, 67%",0.5218,0.5218,1.0,1.92,1.92,SCORE_MATRIX_EXACT,OK,HOME_O05,Home over 0.5 goals,0.7789,AWAY_O05,Away over 0.5 goals,0.67,,,,St. Louis City SC vs Houston Dynamo,USA MLS,2026-08-23,UNKNOWN,,NO_SCORELINE,,
2,Under 3.5 goals + Home over 0.5 goals,"73%, 78%",0.5169,0.5703,0.906,1.93,1.75,SCORE_MATRIX_EXACT,OK,U35,Under 3.5 goals,0.7322,HOME_O05,Home over 0.5 goals,0.7789,,,,St. Louis City SC vs Houston Dynamo,USA MLS,2026-08-23,UNKNOWN,,NO_SCORELINE,,
2,Over 1.5 goals + Under 3.5 goals,"74%, 73%",0.4682,0.5389,0.869,2.14,1.86,SCORE_MATRIX_EXACT,OK,O15,Over 1.5 goals,0.736,U35,Under 3.5 goals,0.7322,,,,St. Louis City SC vs Houston Dynamo,USA MLS,2026-08-23,UNKNOWN,,NO_SCORELINE,,
2,Over 2.5 goals + Home over 0.5 goals,"49%, 78%",0.4636,0.3785,1.225,2.16,2.64,SCORE_MATRIX_EXACT,OK,O25,Over 2.5 goals,0.486,HOME_O05,Home over 0.5 goals,0.7789,,,,St. Louis City SC vs Houston Dynamo,USA MLS,2026-08-23,UNKNOWN,,NO_SCORELINE,,
2,Draw or away + Away over 0.5 goals,"54%, 67%",0.4625,0.3587,1.289,2.16,2.79,SCORE_MATRIX_EXACT,OK,X2,Draw or away,0.5354,AWAY_O05,Away over 0.5 goals,0.67,,,,St. Louis City SC vs Houston Dynamo,USA MLS,2026-08-23,UNKNOWN,,NO_SCORELINE,,
2,Under 3.5 goals + Both teams to score - No,"73%, 48%",0.4503,0.3501,1.286,2.22,2.86,SCORE_MATRIX_EXACT,OK,U35,Under 3.5 goals,0.7322,BTTS_NO,Both teams to score - No,0.4782,,,,St. Louis City SC vs Houston Dynamo,USA MLS,2026-08-23,UNKNOWN,,NO_SCORELINE,,
2,Under 3.5 goals + Away over 0.5 goals,"73%, 67%",0.4242,0.4905,0.865,2.36,2.04,SCORE_MATRIX_EXACT,OK,U35,Under 3.5 goals,0.7322,AWAY_O05,Away over 0.5 goals,0.67,,,,St. Louis City SC vs Houston Dynamo,USA MLS,2026-08-23,UNKNOWN,,NO_SCORELINE,,
2,Over 2.5 goals + Away over 0.5 goals,"49%, 67%",0.4221,0.3256,1.297,2.37,3.07,SCORE_MATRIX_EXACT,OK,O25,Over 2.5 goals,0.486,AWAY_O05,Away over 0.5 goals,0.67,,,,St. Louis City SC vs Houston Dynamo,USA MLS,2026-08-23,UNKNOWN,,NO_SCORELINE,,
2,Home or draw + Home over 1.5 goals,"72%, 45%",0.416,0.3211,1.296,2.4,3.11,SCORE_MATRIX_EXACT,OK,1X,Home or draw,0.7212,HOME_O15,Home over 1.5 goals,0.4452,,,,St. Louis City SC vs Houston Dynamo,USA MLS,2026-08-23,UNKNOWN,,NO_SCORELINE,,
2,Under 3.5 goals + Draw or away,"73%, 54%",0.4051,0.392,1.033,2.47,2.55,SCORE_MATRIX_EXACT,OK,U35,Under 3.5 goals,0.7322,X2,Draw or away,0.5354,,,,St. Louis City SC vs Houston Dynamo,USA MLS,2026-08-23,UNKNOWN,,NO_SCORELINE,,
2,Under 3.5 goals + Home or draw,"77%, 70%",0.5389,0.5367,1.004,1.86,1.86,SCORE_MATRIX_EXACT,OK,U35,Under 3.5 goals,0.7716,1X,Home or draw,0.6956,,,,Stade Lavallois vs Grenoble,Ligue 2,2026-08-28,UNKNOWN,,NO_SCORELINE,,
2,Home over 0.5 goals + Away over 0.5 goals,"73%, 68%",0.5121,0.4973,1.03,1.95,2.01,SCORE_MATRIX_EXACT,OK,HOME_O05,Home over 0.5 goals,0.7317,AWAY_O05,Away over 0.5 goals,0.6797,,,,Stade Lavallois vs Grenoble,Ligue 2,2026-08-28,UNKNOWN,,NO_SCORELINE,,
2,Under 3.5 goals + Home over 0.5 goals,"77%, 73%",0.5108,0.5646,0.905,1.96,1.77,SCORE_MATRIX_EXACT,OK,U35,Under 3.5 goals,0.7716,HOME_O05,Home over 0.5 goals,0.7317,,,,Stade Lavallois vs Grenoble,Ligue 2,2026-08-28,UNKNOWN,,NO_SCORELINE,,
2,Draw or away + Away over 0.5 goals,"61%, 68%",0.5089,0.4144,1.228,1.97,2.41,SCORE_MATRIX_EXACT,OK,X2,Draw or away,0.6097,AWAY_O05,Away over 0.5 goals,0.6797,,,,Stade Lavallois vs Grenoble,Ligue 2,2026-08-28,UNKNOWN,,NO_SCORELINE,,
2,Over 1.5 goals + Home or draw,"72%, 70%",0.4974,0.4994,0.996,2.01,2.0,SCORE_MATRIX_EXACT,OK,O15,Over 1.5 goals,0.718,1X,Home or draw,0.6956,,,,Stade Lavallois vs Grenoble,Ligue 2,2026-08-28,UNKNOWN,,NO_SCORELINE,,
2,Over 1.5 goals + Under 3.5 goals,"72%, 77%",0.4896,0.554,0.884,2.04,1.81,SCORE_MATRIX_EXACT,OK,O15,Over 1.5 goals,0.718,U35,Under 3.5 goals,0.7716,,,,Stade Lavallois vs Grenoble,Ligue 2,2026-08-28,UNKNOWN,,NO_SCORELINE,,
2,Under 3.5 goals + Draw or away,"77%, 61%",0.4819,0.4704,1.024,2.08,2.13,SCORE_MATRIX_EXACT,OK,U35,Under 3.5 goals,0.7716,X2,Draw or away,0.6097,,,,Stade Lavallois vs Grenoble,Ligue 2,2026-08-28,UNKNOWN,,NO_SCORELINE,,
2,Under 3.5 goals + Both teams to score - No,"77%, 49%",0.4661,0.3764,1.238,2.15,2.66,SCORE_MATRIX_EXACT,OK,U35,Under 3.5 goals,0.7716,BTTS_NO,Both teams to score - No,0.4879,,,,Stade Lavallois vs Grenoble,Ligue 2,2026-08-28,UNKNOWN,,NO_SCORELINE,,
2,Under 3.5 goals + Away over 0.5 goals,"77%, 68%",0.4656,0.5245,0.888,2.15,1.91,SCORE_MATRIX_EXACT,OK,U35,Under 3.5 goals,0.7716,AWAY_O05,Away over 0.5 goals,0.6797,,,,Stade Lavallois vs Grenoble,Ligue 2,2026-08-28,UNKNOWN,,NO_SCORELINE,,
2,Over 1.5 goals + Draw or away,"72%, 61%",0.4251,0.4377,0.971,2.35,2.28,SCORE_MATRIX_EXACT,OK,O15,Over 1.5 goals,0.718,X2,Draw or away,0.6097,,,,Stade Lavallois vs Grenoble,Ligue 2,2026-08-28,UNKNOWN,,NO_SCORELINE,,
2,Under 2.5 goals + Home or draw,"56%, 70%",0.4217,0.3902,1.081,2.37,2.56,SCORE_MATRIX_EXACT,OK,U25,Under 2.5 goals,0.561,1X,Home or draw,0.6956,,,,Stade Lavallois vs Grenoble,Ligue 2,2026-08-28,UNKNOWN,,NO_SCORELINE,,
2,Under 2.5 goals + Both teams to score - No,"56%, 49%",0.4126,0.2737,1.507,2.42,3.65,SCORE_MATRIX_EXACT,OK,U25,Under 2.5 goals,0.561,BTTS_NO,Both teams to score - No,0.4879,,,,Stade Lavallois vs Grenoble,Ligue 2,2026-08-28,UNKNOWN,,NO_SCORELINE,,
2,Over 1.5 goals + Away over 0.5 goals,"74%, 60%",0.5407,0.4454,1.214,1.85,2.25,SCORE_MATRIX_EXACT,OK,O15,Over 1.5 goals,0.7427,AWAY_O05,Away over 0.5 goals,0.5997,,,,Metz vs Stade Lavallois,Ligue 2,2026-08-22,UNKNOWN,,NO_SCORELINE,,
2,Home over 0.5 goals + Away over 0.5 goals,"81%, 60%",0.4977,0.4852,1.026,2.01,2.06,SCORE_MATRIX_EXACT,OK,HOME_O05,Home over 0.5 goals,0.8091,AWAY_O05,Away over 0.5 goals,0.5997,,,,Metz vs Stade Lavallois,Ligue 2,2026-08-22,UNKNOWN,,NO_SCORELINE,,
2,Over 1.5 goals + Under 3.5 goals,"74%, 74%",0.4872,0.5529,0.881,2.05,1.81,SCORE_MATRIX_EXACT,OK,O15,Over 1.5 goals,0.7427,U35,Under 3.5 goals,0.7444,,,,Metz vs Stade Lavallois,Ligue 2,2026-08-22,UNKNOWN,,NO_SCORELINE,,
2,Home or draw + Home over 1.5 goals,"81%, 50%",0.4771,0.4004,1.191,2.1,2.5,SCORE_MATRIX_EXACT,OK,1X,Home or draw,0.8081,HOME_O15,Home over 1.5 goals,0.4955,,,,Metz vs Stade Lavallois,Ligue 2,2026-08-22,UNKNOWN,,NO_SCORELINE,,
2,Under 3.5 goals + Both teams to score - No,"74%, 50%",0.464,0.3739,1.241,2.16,2.67,SCORE_MATRIX_EXACT,OK,U35,Under 3.5 goals,0.7444,BTTS_NO,Both teams to score - No,0.5023,,,,Metz vs Stade Lavallois,Ligue 2,2026-08-22,UNKNOWN,,NO_SCORELINE,,
2,Over 2.5 goals + Home over 0.5 goals,"47%, 81%",0.4601,0.3818,1.205,2.17,2.62,SCORE_MATRIX_EXACT,OK,O25,Over 2.5 goals,0.4719,HOME_O05,Home over 0.5 goals,0.8091,,,,Metz vs Stade Lavallois,Ligue 2,2026-08-22,UNKNOWN,,NO_SCORELINE,,
2,Under 2.5 goals + Home or draw,"53%, 81%",0.438,0.4268,1.026,2.28,2.34,SCORE_MATRIX_EXACT,OK,U25,Under 2.5 goals,0.5281,1X,Home or draw,0.8081,,,,Metz vs Stade Lavallois,Ligue 2,2026-08-22,UNKNOWN,,NO_SCORELINE,,
2,Over 1.5 goals + Home win,"74%, 54%",0.4262,0.3977,1.072,2.35,2.51,SCORE_MATRIX_EXACT,OK,O15,Over 1.5 goals,0.7427,HOME,Home win,0.5355,,,,Metz vs Stade Lavallois,Ligue 2,2026-08-22,UNKNOWN,,NO_SCORELINE,,
2,Home win + Home over 1.5 goals,"54%, 50%",0.4262,0.2654,1.606,2.35,3.77,SCORE_MATRIX_EXACT,OK,HOME,Home win,0.5355,HOME_O15,Home over 1.5 goals,0.4955,,,,Metz vs Stade Lavallois,Ligue 2,2026-08-22,UNKNOWN,,NO_SCORELINE,,
2,Both teams to score + Home or draw,"50%, 81%",0.4078,0.4022,1.014,2.45,2.49,SCORE_MATRIX_EXACT,OK,BTTS,Both teams to score,0.4977,1X,Home or draw,0.8081,,,,Metz vs Stade Lavallois,Ligue 2,2026-08-22,UNKNOWN,,NO_SCORELINE,,
2,Home or draw + Away over 0.5 goals,"81%, 60%",0.4078,0.4846,0.841,2.45,2.06,SCORE_MATRIX_EXACT,OK,1X,Home or draw,0.8081,AWAY_O05,Away over 0.5 goals,0.5997,,,,Metz vs Stade Lavallois,Ligue 2,2026-08-22,UNKNOWN,,NO_SCORELINE,,
2,Both teams to score - No + Home or draw,"50%, 81%",0.4003,0.4059,0.986,2.5,2.46,SCORE_MATRIX_EXACT,OK,BTTS_NO,Both teams to score - No,0.5023,1X,Home or draw,0.8081,,,,Metz vs Stade Lavallois,Ligue 2,2026-08-22,UNKNOWN,,NO_SCORELINE,,
2,Over 1.5 goals + Away over 0.5 goals,"77%, 60%",0.5431,0.4635,1.172,1.84,2.16,SCORE_MATRIX_EXACT,OK,O15,Over 1.5 goals,0.7718,AWAY_O05,Away over 0.5 goals,0.6005,,,,Nashville SC vs Columbus Crew SC,USA MLS,2026-08-23,UNKNOWN,,NO_SCORELINE,,
2,Over 2.5 goals + Home over 0.5 goals,"55%, 86%",0.5396,0.4714,1.145,1.85,2.12,SCORE_MATRIX_EXACT,OK,O25,Over 2.5 goals,0.5493,HOME_O05,Home over 0.5 goals,0.8581,,,,Nashville SC vs Columbus Crew SC,USA MLS,2026-08-23,UNKNOWN,,NO_SCORELINE,,
2,Under 3.5 goals + Home or draw,"67%, 82%",0.5375,0.5535,0.971,1.86,1.81,SCORE_MATRIX_EXACT,OK,U35,Under 3.5 goals,0.6741,1X,Home or draw,0.8211,,,,Nashville SC vs Columbus Crew SC,USA MLS,2026-08-23,UNKNOWN,,NO_SCORELINE,,
2,Under 3.5 goals + Home over 0.5 goals,"67%, 86%",0.5344,0.5785,0.924,1.87,1.73,SCORE_MATRIX_EXACT,OK,U35,Under 3.5 goals,0.6741,HOME_O05,Home over 0.5 goals,0.8581,,,,Nashville SC vs Columbus Crew SC,USA MLS,2026-08-23,UNKNOWN,,NO_SCORELINE,,
2,Home over 0.5 goals + Away over 0.5 goals,"86%, 60%",0.5091,0.5153,0.988,1.96,1.94,SCORE_MATRIX_EXACT,OK,HOME_O05,Home over 0.5 goals,0.8581,AWAY_O05,Away over 0.5 goals,0.6005,,,,Nashville SC vs Columbus Crew SC,USA MLS,2026-08-23,UNKNOWN,,NO_SCORELINE,,
2,Over 1.5 goals + Home win,"77%, 62%",0.5021,0.4804,1.045,1.99,2.08,SCORE_MATRIX_EXACT,OK,O15,Over 1.5 goals,0.7718,HOME,Home win,0.6224,,,,Nashville SC vs Columbus Crew SC,USA MLS,2026-08-23,UNKNOWN,,NO_SCORELINE,,
2,Home win + Home over 1.5 goals,"62%, 58%",0.5021,0.361,1.391,1.99,2.77,SCORE_MATRIX_EXACT,OK,HOME,Home win,0.6224,HOME_O15,Home over 1.5 goals,0.58,,,,Nashville SC vs Columbus Crew SC,USA MLS,2026-08-23,UNKNOWN,,NO_SCORELINE,,
2,Over 2.5 goals + Home over 1.5 goals,"55%, 58%",0.4734,0.3186,1.486,2.11,3.14,SCORE_MATRIX_EXACT,OK,O25,Over 2.5 goals,0.5493,HOME_O15,Home over 1.5 goals,0.58,,,,Nashville SC vs Columbus Crew SC,USA MLS,2026-08-23,UNKNOWN,,NO_SCORELINE,,
2,Over 2.5 goals + Home or draw,"55%, 82%",0.4521,0.451,1.002,2.21,2.22,SCORE_MATRIX_EXACT,OK,O25,Over 2.5 goals,0.5493,1X,Home or draw,0.8211,,,,Nashville SC vs Columbus Crew SC,USA MLS,2026-08-23,UNKNOWN,,NO_SCORELINE,,
2,Over 1.5 goals + Under 3.5 goals,"77%, 67%",0.4459,0.5203,0.857,2.24,1.92,SCORE_MATRIX_EXACT,OK,O15,Over 1.5 goals,0.7718,U35,Under 3.5 goals,0.6741,,,,Nashville SC vs Columbus Crew SC,USA MLS,2026-08-23,UNKNOWN,,NO_SCORELINE,,
2,Under 3.5 goals + Both teams to score - No,"67%, 49%",0.4359,0.3309,1.317,2.29,3.02,SCORE_MATRIX_EXACT,OK,U35,Under 3.5 goals,0.6741,BTTS_NO,Both teams to score - No,0.4909,,,,Nashville SC vs Columbus Crew SC,USA MLS,2026-08-23,UNKNOWN,,NO_SCORELINE,,
2,Over 2.5 goals + Away over 0.5 goals,"55%, 60%",0.4272,0.3299,1.295,2.34,3.03,SCORE_MATRIX_EXACT,OK,O25,Over 2.5 goals,0.5493,AWAY_O05,Away over 0.5 goals,0.6005,,,,Nashville SC vs Columbus Crew SC,USA MLS,2026-08-23,UNKNOWN,,NO_SCORELINE,,
2,Under 3.5 goals + Home over 0.5 goals,"75%, 79%",0.5406,0.59,0.916,1.85,1.69,SCORE_MATRIX_EXACT,OK,U35,Under 3.5 goals,0.7499,HOME_O05,Home over 0.5 goals,0.7868,,,,Stockport County FC vs Blackpool,League One,2026-08-22,UNKNOWN,,NO_SCORELINE,,
2,Home over 0.5 goals + Away over 0.5 goals,"79%, 63%",0.5127,0.4995,1.026,1.95,2.0,SCORE_MATRIX_EXACT,OK,HOME_O05,Home over 0.5 goals,0.7868,AWAY_O05,Away over 0.5 goals,0.6348,,,,Stockport County FC vs Blackpool,League One,2026-08-22,UNKNOWN,,NO_SCORELINE,,
2,Over 1.5 goals + Under 3.5 goals,"74%, 75%",0.4881,0.5536,0.882,2.05,1.81,SCORE_MATRIX_EXACT,OK,O15,Over 1.5 goals,0.7382,U35,Under 3.5 goals,0.7499,,,,Stockport County FC vs Blackpool,League One,2026-08-22,UNKNOWN,,NO_SCORELINE,,
2,Under 3.5 goals + Both teams to score - No,"75%, 49%",0.4568,0.3654,1.25,2.19,2.74,SCORE_MATRIX_EXACT,OK,U35,Under 3.5 goals,0.7499,BTTS_NO,Both teams to score - No,0.4873,,,,Stockport County FC vs Blackpool,League One,2026-08-22,UNKNOWN,,NO_SCORELINE,,
2,Over 2.5 goals + Home over 0.5 goals,"47%, 79%",0.4487,0.3662,1.225,2.23,2.73,SCORE_MATRIX_EXACT,OK,O25,Over 2.5 goals,0.4654,HOME_O05,Home over 0.5 goals,0.7868,,,,Stockport County FC vs Blackpool,League One,2026-08-22,UNKNOWN,,NO_SCORELINE,,
2,Home or draw + Home over 1.5 goals,"77%, 46%",0.4349,0.352,1.235,2.3,2.84,SCORE_MATRIX_EXACT,OK,1X,Home or draw,0.7695,HOME_O15,Home over 1.5 goals,0.4575,,,,Stockport County FC vs Blackpool,League One,2026-08-22,UNKNOWN,,NO_SCORELINE,,
2,Under 2.5 goals + Home or draw,"53%, 77%",0.4292,0.4113,1.043,2.33,2.43,SCORE_MATRIX_EXACT,OK,U25,Under 2.5 goals,0.5346,1X,Home or draw,0.7695,,,,Stockport County FC vs Blackpool,League One,2026-08-22,UNKNOWN,,NO_SCORELINE,,
2,Draw or away + Away over 0.5 goals,"52%, 63%",0.425,0.3276,1.297,2.35,3.05,SCORE_MATRIX_EXACT,OK,X2,Draw or away,0.516,AWAY_O05,Away over 0.5 goals,0.6348,,,,Stockport County FC vs Blackpool,League One,2026-08-22,UNKNOWN,,NO_SCORELINE,,
2,Under 3.5 goals + Away over 0.5 goals,"75%, 63%",0.4113,0.476,0.864,2.43,2.1,SCORE_MATRIX_EXACT,OK,U35,Under 3.5 goals,0.7499,AWAY_O05,Away over 0.5 goals,0.6348,,,,Stockport County FC vs Blackpool,League One,2026-08-22,UNKNOWN,,NO_SCORELINE,,
2,Under 3.5 goals + Draw or away,"75%, 52%",0.4087,0.387,1.056,2.45,2.58,SCORE_MATRIX_EXACT,OK,U35,Under 3.5 goals,0.7499,X2,Draw or away,0.516,,,,Stockport County FC vs Blackpool,League One,2026-08-22,UNKNOWN,,NO_SCORELINE,,
2,Both teams to score + Home or draw,"51%, 77%",0.4043,0.3945,1.025,2.47,2.53,SCORE_MATRIX_EXACT,OK,BTTS,Both teams to score,0.5127,1X,Home or draw,0.7695,,,,Stockport County FC vs Blackpool,League One,2026-08-22,UNKNOWN,,NO_SCORELINE,,
2,Home or draw + Away over 0.5 goals,"77%, 63%",0.4043,0.4885,0.828,2.47,2.05,SCORE_MATRIX_EXACT,OK,1X,Home or draw,0.7695,AWAY_O05,Away over 0.5 goals,0.6348,,,,Stockport County FC vs Blackpool,League One,2026-08-22,UNKNOWN,,NO_SCORELINE,,
2,Under 3.5 goals + Home or draw,"69%, 82%",0.553,0.5684,0.973,1.81,1.76,SCORE_MATRIX_EXACT,OK,U35,Under 3.5 goals,0.6932,1X,Home or draw,0.82,,,,Liaoning Tieren FC vs Henan FC,China Super League,2026-08-23,UNKNOWN,,NO_SCORELINE,,
2,Under 3.5 goals + Home over 0.5 goals,"69%, 85%",0.5451,0.5891,0.925,1.83,1.7,SCORE_MATRIX_EXACT,OK,U35,Under 3.5 goals,0.6932,HOME_O05,Home over 0.5 goals,0.8498,,,,Liaoning Tieren FC vs Henan FC,China Super League,2026-08-23,UNKNOWN,,NO_SCORELINE,,
2,Home or draw + Home over 1.5 goals,"82%, 56%",0.5439,0.4621,1.177,1.84,2.16,SCORE_MATRIX_EXACT,OK,1X,Home or draw,0.82,HOME_O15,Home over 1.5 goals,0.5636,,,,Liaoning Tieren FC vs Henan FC,China Super League,2026-08-23,UNKNOWN,,NO_SCORELINE,,
2,Over 1.5 goals + Away over 0.5 goals,"76%, 59%",0.5288,0.4464,1.185,1.89,2.24,SCORE_MATRIX_EXACT,OK,O15,Over 1.5 goals,0.7572,AWAY_O05,Away over 0.5 goals,0.5895,,,,Liaoning Tieren FC vs Henan FC,China Super League,2026-08-23,UNKNOWN,,NO_SCORELINE,,
2,Over 2.5 goals + Home over 0.5 goals,"53%, 85%",0.5195,0.4496,1.155,1.92,2.22,SCORE_MATRIX_EXACT,OK,O25,Over 2.5 goals,0.5291,HOME_O05,Home over 0.5 goals,0.8498,,,,Liaoning Tieren FC vs Henan FC,China Super League,2026-08-23,UNKNOWN,,NO_SCORELINE,,
2,Home over 0.5 goals + Away over 0.5 goals,"85%, 59%",0.4944,0.501,0.987,2.02,2.0,SCORE_MATRIX_EXACT,OK,HOME_O05,Home over 0.5 goals,0.8498,AWAY_O05,Away over 0.5 goals,0.5895,,,,Liaoning Tieren FC vs Henan FC,China Super League,2026-08-23,UNKNOWN,,NO_SCORELINE,,
2,Over 1.5 goals + Home win,"76%, 62%",0.4899,0.4672,1.049,2.04,2.14,SCORE_MATRIX_EXACT,OK,O15,Over 1.5 goals,0.7572,HOME,Home win,0.617,,,,Liaoning Tieren FC vs Henan FC,China Super League,2026-08-23,UNKNOWN,,NO_SCORELINE,,
2,Home win + Home over 1.5 goals,"62%, 56%",0.4899,0.3477,1.409,2.04,2.88,SCORE_MATRIX_EXACT,OK,HOME,Home win,0.617,HOME_O15,Home over 1.5 goals,0.5636,,,,Liaoning Tieren FC vs Henan FC,China Super League,2026-08-23,UNKNOWN,,NO_SCORELINE,,
2,Over 2.5 goals + Home over 1.5 goals,"53%, 56%",0.4543,0.2982,1.524,2.2,3.35,SCORE_MATRIX_EXACT,OK,O25,Over 2.5 goals,0.5291,HOME_O15,Home over 1.5 goals,0.5636,,,,Liaoning Tieren FC vs Henan FC,China Super League,2026-08-23,UNKNOWN,,NO_SCORELINE,,
2,Under 3.5 goals + Both teams to score - No,"69%, 51%",0.4534,0.3505,1.294,2.21,2.85,SCORE_MATRIX_EXACT,OK,U35,Under 3.5 goals,0.6932,BTTS_NO,Both teams to score - No,0.5056,,,,Liaoning Tieren FC vs Henan FC,China Super League,2026-08-23,UNKNOWN,,NO_SCORELINE,,
2,Over 1.5 goals + Under 3.5 goals,"76%, 69%",0.4504,0.5249,0.858,2.22,1.91,SCORE_MATRIX_EXACT,OK,O15,Over 1.5 goals,0.7572,U35,Under 3.5 goals,0.6932,,,,Liaoning Tieren FC vs Henan FC,China Super League,2026-08-23,UNKNOWN,,NO_SCORELINE,,
2,Over 2.5 goals + Home or draw,"53%, 82%",0.4346,0.4338,1.002,2.3,2.31,SCORE_MATRIX_EXACT,OK,O25,Over 2.5 goals,0.5291,1X,Home or draw,0.82,,,,Liaoning Tieren FC vs Henan FC,China Super League,2026-08-23,UNKNOWN,,NO_SCORELINE,,
2,Under 3.5 goals + Home or draw,"75%, 70%",0.518,0.5249,0.987,1.93,1.91,SCORE_MATRIX_EXACT,OK,U35,Under 3.5 goals,0.7471,1X,Home or draw,0.7025,,,,Cesena FC vs Sampdoria,Serie B,2026-08-23,UNKNOWN,,NO_SCORELINE,,
2,Under 3.5 goals + Home over 0.5 goals,"75%, 76%",0.5165,0.5702,0.906,1.94,1.75,SCORE_MATRIX_EXACT,OK,U35,Under 3.5 goals,0.7471,HOME_O05,Home over 0.5 goals,0.7632,,,,Cesena FC vs Sampdoria,Serie B,2026-08-23,UNKNOWN,,NO_SCORELINE,,
2,Over 1.5 goals + Home or draw,"71%, 70%",0.5078,0.499,1.018,1.97,2.0,SCORE_MATRIX_EXACT,OK,O15,Over 1.5 goals,0.7103,1X,Home or draw,0.7025,,,,Cesena FC vs Sampdoria,Serie B,2026-08-23,UNKNOWN,,NO_SCORELINE,,
2,Home over 0.5 goals + Away over 0.5 goals,"76%, 66%",0.4985,0.5074,0.982,2.01,1.97,SCORE_MATRIX_EXACT,OK,HOME_O05,Home over 0.5 goals,0.7632,AWAY_O05,Away over 0.5 goals,0.6648,,,,Cesena FC vs Sampdoria,Serie B,2026-08-23,UNKNOWN,,NO_SCORELINE,,
2,Under 3.5 goals + Both teams to score - No,"75%, 50%",0.4758,0.3747,1.27,2.1,2.67,SCORE_MATRIX_EXACT,OK,U35,Under 3.5 goals,0.7471,BTTS_NO,Both teams to score - No,0.5015,,,,Cesena FC vs Sampdoria,Serie B,2026-08-23,UNKNOWN,,NO_SCORELINE,,
2,Draw or away + Away over 0.5 goals,"54%, 66%",0.4692,0.3588,1.308,2.13,2.79,SCORE_MATRIX_EXACT,OK,X2,Draw or away,0.5396,AWAY_O05,Away over 0.5 goals,0.6648,,,,Cesena FC vs Sampdoria,Serie B,2026-08-23,UNKNOWN,,NO_SCORELINE,,
2,Over 1.5 goals + Under 3.5 goals,"71%, 75%",0.4574,0.5306,0.862,2.19,1.88,SCORE_MATRIX_EXACT,OK,O15,Over 1.5 goals,0.7103,U35,Under 3.5 goals,0.7471,,,,Cesena FC vs Sampdoria,Serie B,2026-08-23,UNKNOWN,,NO_SCORELINE,,
2,Over 2.5 goals + Home over 0.5 goals,"47%, 76%",0.445,0.3577,1.244,2.25,2.8,SCORE_MATRIX_EXACT,OK,O25,Over 2.5 goals,0.4687,HOME_O05,Home over 0.5 goals,0.7632,,,,Cesena FC vs Sampdoria,Serie B,2026-08-23,UNKNOWN,,NO_SCORELINE,,
2,Under 3.5 goals + Away over 0.5 goals,"75%, 66%",0.4314,0.4967,0.869,2.32,2.01,SCORE_MATRIX_EXACT,OK,U35,Under 3.5 goals,0.7471,AWAY_O05,Away over 0.5 goals,0.6648,,,,Cesena FC vs Sampdoria,Serie B,2026-08-23,UNKNOWN,,NO_SCORELINE,,
2,Under 2.5 goals + Both teams to score - No,"53%, 50%",0.419,0.2664,1.573,2.39,3.75,SCORE_MATRIX_EXACT,OK,U25,Under 2.5 goals,0.5313,BTTS_NO,Both teams to score - No,0.5015,,,,Cesena FC vs Sampdoria,Serie B,2026-08-23,UNKNOWN,,NO_SCORELINE,,
2,Under 3.5 goals + Draw or away,"75%, 54%",0.4117,0.4031,1.021,2.43,2.48,SCORE_MATRIX_EXACT,OK,U35,Under 3.5 goals,0.7471,X2,Draw or away,0.5396,,,,Cesena FC vs Sampdoria,Serie B,2026-08-23,UNKNOWN,,NO_SCORELINE,,
2,Over 2.5 goals + Away over 0.5 goals,"47%, 66%",0.4099,0.3116,1.315,2.44,3.21,SCORE_MATRIX_EXACT,OK,O25,Over 2.5 goals,0.4687,AWAY_O05,Away over 0.5 goals,0.6648,,,,Cesena FC vs Sampdoria,Serie B,2026-08-23,UNKNOWN,,NO_SCORELINE,,
2,Over 2.5 goals + Home over 0.5 goals,"56%, 84%",0.5451,0.4711,1.157,1.83,2.12,SCORE_MATRIX_EXACT,OK,O25,Over 2.5 goals,0.5606,HOME_O05,Home over 0.5 goals,0.8403,,,,Austin FC vs Philadelphia Union,USA MLS,2026-08-23,UNKNOWN,,NO_SCORELINE,,
2,Home over 0.5 goals + Away over 0.5 goals,"84%, 66%",0.5476,0.5538,0.989,1.83,1.81,SCORE_MATRIX_EXACT,OK,HOME_O05,Home over 0.5 goals,0.8403,AWAY_O05,Away over 0.5 goals,0.6591,,,,Austin FC vs Philadelphia Union,USA MLS,2026-08-23,UNKNOWN,,NO_SCORELINE,,
2,Home or draw + Home over 1.5 goals,"77%, 55%",0.5177,0.4227,1.225,1.93,2.37,SCORE_MATRIX_EXACT,OK,1X,Home or draw,0.7707,HOME_O15,Home over 1.5 goals,0.5485,,,,Austin FC vs Philadelphia Union,USA MLS,2026-08-23,UNKNOWN,,NO_SCORELINE,,
2,Under 3.5 goals + Home over 0.5 goals,"66%, 84%",0.5076,0.5574,0.911,1.97,1.79,SCORE_MATRIX_EXACT,OK,U35,Under 3.5 goals,0.6633,HOME_O05,Home over 0.5 goals,0.8403,,,,Austin FC vs Philadelphia Union,USA MLS,2026-08-23,UNKNOWN,,NO_SCORELINE,,
2,Under 3.5 goals + Home or draw,"66%, 77%",0.4973,0.5112,0.973,2.01,1.96,SCORE_MATRIX_EXACT,OK,U35,Under 3.5 goals,0.6633,1X,Home or draw,0.7707,,,,Austin FC vs Philadelphia Union,USA MLS,2026-08-23,UNKNOWN,,NO_SCORELINE,,
2,Over 2.5 goals + Away over 0.5 goals,"56%, 66%",0.4666,0.3695,1.263,2.14,2.71,SCORE_MATRIX_EXACT,OK,O25,Over 2.5 goals,0.5606,AWAY_O05,Away over 0.5 goals,0.6591,,,,Austin FC vs Philadelphia Union,USA MLS,2026-08-23,UNKNOWN,,NO_SCORELINE,,
2,Over 2.5 goals + Home over 1.5 goals,"56%, 55%",0.4581,0.3075,1.49,2.18,3.25,SCORE_MATRIX_EXACT,OK,O25,Over 2.5 goals,0.5606,HOME_O15,Home over 1.5 goals,0.5485,,,,Austin FC vs Philadelphia Union,USA MLS,2026-08-23,UNKNOWN,,NO_SCORELINE,,
2,Over 1.5 goals + Home win,"78%, 56%",0.4505,0.4354,1.035,2.22,2.3,SCORE_MATRIX_EXACT,OK,O15,Over 1.5 goals,0.7794,HOME,Home win,0.5587,,,,Austin FC vs Philadelphia Union,USA MLS,2026-08-23,UNKNOWN,,NO_SCORELINE,,
2,Over 2.5 goals + Both teams to score,"56%, 55%",0.451,0.307,1.469,2.22,3.26,SCORE_MATRIX_EXACT,OK,O25,Over 2.5 goals,0.5606,BTTS,Both teams to score,0.5476,,,,Austin FC vs Philadelphia Union,USA MLS,2026-08-23,UNKNOWN,,NO_SCORELINE,,
2,Home win + Home over 1.5 goals,"56%, 55%",0.4505,0.3065,1.47,2.22,3.26,SCORE_MATRIX_EXACT,OK,HOME,Home win,0.5587,HOME_O15,Home over 1.5 goals,0.5485,,,,Austin FC vs Philadelphia Union,USA MLS,2026-08-23,UNKNOWN,,NO_SCORELINE,,
2,Over 1.5 goals + Under 3.5 goals,"78%, 66%",0.4427,0.517,0.856,2.26,1.93,SCORE_MATRIX_EXACT,OK,O15,Over 1.5 goals,0.7794,U35,Under 3.5 goals,0.6633,,,,Austin FC vs Philadelphia Union,USA MLS,2026-08-23,UNKNOWN,,NO_SCORELINE,,
2,Both teams to score + Home or draw,"55%, 77%",0.4298,0.422,1.018,2.33,2.37,SCORE_MATRIX_EXACT,OK,BTTS,Both teams to score,0.5476,1X,Home or draw,0.7707,,,,Austin FC vs Philadelphia Union,USA MLS,2026-08-23,UNKNOWN,,NO_SCORELINE,,
2,Under 3.5 goals + Home or draw,"74%, 75%",0.552,0.5572,0.991,1.81,1.79,SCORE_MATRIX_EXACT,OK,U35,Under 3.5 goals,0.7435,1X,Home or draw,0.7494,,,,Charlotte FC vs D.C. United,USA MLS,2026-08-22,UNKNOWN,,NO_SCORELINE,,
2,Under 3.5 goals + Home over 0.5 goals,"74%, 78%",0.5309,0.582,0.912,1.88,1.72,SCORE_MATRIX_EXACT,OK,U35,Under 3.5 goals,0.7435,HOME_O05,Home over 0.5 goals,0.7827,,,,Charlotte FC vs D.C. United,USA MLS,2026-08-22,UNKNOWN,,NO_SCORELINE,,
2,Home over 0.5 goals + Away over 0.5 goals,"78%, 65%",0.5181,0.5094,1.017,1.93,1.96,SCORE_MATRIX_EXACT,OK,HOME_O05,Home over 0.5 goals,0.7827,AWAY_O05,Away over 0.5 goals,0.6509,,,,Charlotte FC vs D.C. United,USA MLS,2026-08-22,UNKNOWN,,NO_SCORELINE,,
2,Over 1.5 goals + Under 3.5 goals,"74%, 74%",0.4815,0.5487,0.878,2.08,1.82,SCORE_MATRIX_EXACT,OK,O15,Over 1.5 goals,0.738,U35,Under 3.5 goals,0.7435,,,,Charlotte FC vs D.C. United,USA MLS,2026-08-22,UNKNOWN,,NO_SCORELINE,,
2,Over 2.5 goals + Home over 0.5 goals,"47%, 78%",0.4537,0.3701,1.226,2.2,2.7,SCORE_MATRIX_EXACT,OK,O25,Over 2.5 goals,0.4728,HOME_O05,Home over 0.5 goals,0.7827,,,,Charlotte FC vs D.C. United,USA MLS,2026-08-22,UNKNOWN,,NO_SCORELINE,,
2,Under 3.5 goals + Both teams to score - No,"74%, 48%",0.4529,0.3583,1.264,2.21,2.79,SCORE_MATRIX_EXACT,OK,U35,Under 3.5 goals,0.7435,BTTS_NO,Both teams to score - No,0.4819,,,,Charlotte FC vs D.C. United,USA MLS,2026-08-22,UNKNOWN,,NO_SCORELINE,,
2,Draw or away + Away over 0.5 goals,"53%, 65%",0.4426,0.3431,1.29,2.26,2.91,SCORE_MATRIX_EXACT,OK,X2,Draw or away,0.5271,AWAY_O05,Away over 0.5 goals,0.6509,,,,Charlotte FC vs D.C. United,USA MLS,2026-08-22,UNKNOWN,,NO_SCORELINE,,
2,Home or draw + Home over 1.5 goals,"75%, 45%",0.4252,0.3375,1.26,2.35,2.96,SCORE_MATRIX_EXACT,OK,1X,Home or draw,0.7494,HOME_O15,Home over 1.5 goals,0.4504,,,,Charlotte FC vs D.C. United,USA MLS,2026-08-22,UNKNOWN,,NO_SCORELINE,,
2,Under 3.5 goals + Away over 0.5 goals,"74%, 65%",0.4187,0.4839,0.865,2.39,2.07,SCORE_MATRIX_EXACT,OK,U35,Under 3.5 goals,0.7435,AWAY_O05,Away over 0.5 goals,0.6509,,,,Charlotte FC vs D.C. United,USA MLS,2026-08-22,UNKNOWN,,NO_SCORELINE,,
2,Under 2.5 goals + Home or draw,"53%, 75%",0.4136,0.3951,1.047,2.42,2.53,SCORE_MATRIX_EXACT,OK,U25,Under 2.5 goals,0.5272,1X,Home or draw,0.7494,,,,Charlotte FC vs D.C. United,USA MLS,2026-08-22,UNKNOWN,,NO_SCORELINE,,
2,Under 3.5 goals + Draw or away,"74%, 53%",0.4102,0.3919,1.047,2.44,2.55,SCORE_MATRIX_EXACT,OK,U35,Under 3.5 goals,0.7435,X2,Draw or away,0.5271,,,,Charlotte FC vs D.C. United,USA MLS,2026-08-22,UNKNOWN,,NO_SCORELINE,,
2,Over 2.5 goals + Away over 0.5 goals,"47%, 65%",0.4031,0.3077,1.31,2.48,3.25,SCORE_MATRIX_EXACT,OK,O25,Over 2.5 goals,0.4728,AWAY_O05,Away over 0.5 goals,0.6509,,,,Charlotte FC vs D.C. United,USA MLS,2026-08-22,UNKNOWN,,NO_SCORELINE,,
2,Over 1.5 goals + Home or draw,"74%, 73%",0.5426,0.5364,1.012,1.84,1.86,SCORE_MATRIX_EXACT,OK,O15,Over 1.5 goals,0.7364,1X,Home or draw,0.7284,,,,Sporting Kansas City vs St. Louis City SC,USA MLS,2026-08-20,UNKNOWN,,NO_SCORELINE,,
2,Under 3.5 goals + Home or draw,"74%, 73%",0.5331,0.538,0.991,1.88,1.86,SCORE_MATRIX_EXACT,OK,U35,Under 3.5 goals,0.7386,1X,Home or draw,0.7284,,,,Sporting Kansas City vs St. Louis City SC,USA MLS,2026-08-20,UNKNOWN,,NO_SCORELINE,,
2,Under 3.5 goals + Home over 0.5 goals,"74%, 78%",0.5211,0.5738,0.908,1.92,1.74,SCORE_MATRIX_EXACT,OK,U35,Under 3.5 goals,0.7386,HOME_O05,Home over 0.5 goals,0.7769,,,,Sporting Kansas City vs St. Louis City SC,USA MLS,2026-08-20,UNKNOWN,,NO_SCORELINE,,
2,Home over 0.5 goals + Away over 0.5 goals,"78%, 67%",0.5214,0.5171,1.008,1.92,1.93,SCORE_MATRIX_EXACT,OK,HOME_O05,Home over 0.5 goals,0.7769,AWAY_O05,Away over 0.5 goals,0.6657,,,,Sporting Kansas City vs St. Louis City SC,USA MLS,2026-08-20,UNKNOWN,,NO_SCORELINE,,
2,Over 1.5 goals + Under 3.5 goals,"74%, 74%",0.4749,0.5439,0.873,2.11,1.84,SCORE_MATRIX_EXACT,OK,O15,Over 1.5 goals,0.7364,U35,Under 3.5 goals,0.7386,,,,Sporting Kansas City vs St. Louis City SC,USA MLS,2026-08-20,UNKNOWN,,NO_SCORELINE,,
2,Draw or away + Away over 0.5 goals,"54%, 67%",0.4606,0.3591,1.283,2.17,2.78,SCORE_MATRIX_EXACT,OK,X2,Draw or away,0.5395,AWAY_O05,Away over 0.5 goals,0.6657,,,,Sporting Kansas City vs St. Louis City SC,USA MLS,2026-08-20,UNKNOWN,,NO_SCORELINE,,
2,Over 2.5 goals + Home over 0.5 goals,"48%, 78%",0.4567,0.3718,1.229,2.19,2.69,SCORE_MATRIX_EXACT,OK,O25,Over 2.5 goals,0.4785,HOME_O05,Home over 0.5 goals,0.7769,,,,Sporting Kansas City vs St. Louis City SC,USA MLS,2026-08-20,UNKNOWN,,NO_SCORELINE,,
2,Under 3.5 goals + Both teams to score - No,"74%, 48%",0.451,0.3535,1.276,2.22,2.83,SCORE_MATRIX_EXACT,OK,U35,Under 3.5 goals,0.7386,BTTS_NO,Both teams to score - No,0.4786,,,,Sporting Kansas City vs St. Louis City SC,USA MLS,2026-08-20,UNKNOWN,,NO_SCORELINE,,
2,Under 3.5 goals + Away over 0.5 goals,"74%, 67%",0.4263,0.4917,0.867,2.35,2.03,SCORE_MATRIX_EXACT,OK,U35,Under 3.5 goals,0.7386,AWAY_O05,Away over 0.5 goals,0.6657,,,,Sporting Kansas City vs St. Louis City SC,USA MLS,2026-08-20,UNKNOWN,,NO_SCORELINE,,
2,Over 2.5 goals + Away over 0.5 goals,"48%, 67%",0.4144,0.3185,1.301,2.41,3.14,SCORE_MATRIX_EXACT,OK,O25,Over 2.5 goals,0.4785,AWAY_O05,Away over 0.5 goals,0.6657,,,,Sporting Kansas City vs St. Louis City SC,USA MLS,2026-08-20,UNKNOWN,,NO_SCORELINE,,
2,Under 3.5 goals + Draw or away,"74%, 54%",0.4132,0.3985,1.037,2.42,2.51,SCORE_MATRIX_EXACT,OK,U35,Under 3.5 goals,0.7386,X2,Draw or away,0.5395,,,,Sporting Kansas City vs St. Louis City SC,USA MLS,2026-08-20,UNKNOWN,,NO_SCORELINE,,
2,Home or draw + Home over 1.5 goals,"73%, 44%",0.4137,0.3216,1.286,2.42,3.11,SCORE_MATRIX_EXACT,OK,1X,Home or draw,0.7284,HOME_O15,Home over 1.5 goals,0.4416,,,,Sporting Kansas City vs St. Louis City SC,USA MLS,2026-08-20,UNKNOWN,,NO_SCORELINE,,
2,Under 3.5 goals + Home or draw,"75%, 71%",0.5316,0.5345,0.995,1.88,1.87,SCORE_MATRIX_EXACT,OK,U35,Under 3.5 goals,0.7523,1X,Home or draw,0.7106,,,,Queens Park Rangers vs Bolton Wanderers,Championship,2026-08-22,UNKNOWN,,NO_SCORELINE,,
2,Over 1.5 goals + Home or draw,"72%, 71%",0.5186,0.5144,1.008,1.93,1.94,SCORE_MATRIX_EXACT,OK,O15,Over 1.5 goals,0.7239,1X,Home or draw,0.7106,,,,Queens Park Rangers vs Bolton Wanderers,Championship,2026-08-22,UNKNOWN,,NO_SCORELINE,,
2,Under 3.5 goals + Home over 0.5 goals,"75%, 76%",0.5171,0.5706,0.906,1.93,1.75,SCORE_MATRIX_EXACT,OK,U35,Under 3.5 goals,0.7523,HOME_O05,Home over 0.5 goals,0.7585,,,,Queens Park Rangers vs Bolton Wanderers,Championship,2026-08-22,UNKNOWN,,NO_SCORELINE,,
2,Home over 0.5 goals + Away over 0.5 goals,"76%, 67%",0.5134,0.5089,1.009,1.95,1.97,SCORE_MATRIX_EXACT,OK,HOME_O05,Home over 0.5 goals,0.7585,AWAY_O05,Away over 0.5 goals,0.6709,,,,Queens Park Rangers vs Bolton Wanderers,Championship,2026-08-22,UNKNOWN,,NO_SCORELINE,,
2,Draw or away + Away over 0.5 goals,"56%, 67%",0.4801,0.3785,1.268,2.08,2.64,SCORE_MATRIX_EXACT,OK,X2,Draw or away,0.5642,AWAY_O05,Away over 0.5 goals,0.6709,,,,Queens Park Rangers vs Bolton Wanderers,Championship,2026-08-22,UNKNOWN,,NO_SCORELINE,,
2,Over 1.5 goals + Under 3.5 goals,"72%, 75%",0.4762,0.5446,0.874,2.1,1.84,SCORE_MATRIX_EXACT,OK,O15,Over 1.5 goals,0.7239,U35,Under 3.5 goals,0.7523,,,,Queens Park Rangers vs Bolton Wanderers,Championship,2026-08-22,UNKNOWN,,NO_SCORELINE,,
2,Under 3.5 goals + Both teams to score - No,"75%, 49%",0.4617,0.366,1.262,2.17,2.73,SCORE_MATRIX_EXACT,OK,U35,Under 3.5 goals,0.7523,BTTS_NO,Both teams to score - No,0.4866,,,,Queens Park Rangers vs Bolton Wanderers,Championship,2026-08-22,UNKNOWN,,NO_SCORELINE,,
2,Under 3.5 goals + Away over 0.5 goals,"75%, 67%",0.4417,0.5047,0.875,2.26,1.98,SCORE_MATRIX_EXACT,OK,U35,Under 3.5 goals,0.7523,AWAY_O05,Away over 0.5 goals,0.6709,,,,Queens Park Rangers vs Bolton Wanderers,Championship,2026-08-22,UNKNOWN,,NO_SCORELINE,,
2,Over 2.5 goals + Home over 0.5 goals,"46%, 76%",0.4381,0.3508,1.249,2.28,2.85,SCORE_MATRIX_EXACT,OK,O25,Over 2.5 goals,0.4625,HOME_O05,Home over 0.5 goals,0.7585,,,,Queens Park Rangers vs Bolton Wanderers,Championship,2026-08-22,UNKNOWN,,NO_SCORELINE,,
2,Under 3.5 goals + Draw or away,"75%, 56%",0.4366,0.4244,1.029,2.29,2.36,SCORE_MATRIX_EXACT,OK,U35,Under 3.5 goals,0.7523,X2,Draw or away,0.5642,,,,Queens Park Rangers vs Bolton Wanderers,Championship,2026-08-22,UNKNOWN,,NO_SCORELINE,,
2,Over 2.5 goals + Away over 0.5 goals,"46%, 67%",0.4059,0.3103,1.308,2.46,3.22,SCORE_MATRIX_EXACT,OK,O25,Over 2.5 goals,0.4625,AWAY_O05,Away over 0.5 goals,0.6709,,,,Queens Park Rangers vs Bolton Wanderers,Championship,2026-08-22,UNKNOWN,,NO_SCORELINE,,
2,Under 2.5 goals + Both teams to score - No,"54%, 49%",0.4056,0.2615,1.551,2.47,3.82,SCORE_MATRIX_EXACT,OK,U25,Under 2.5 goals,0.5375,BTTS_NO,Both teams to score - No,0.4866,,,,Queens Park Rangers vs Bolton Wanderers,Championship,2026-08-22,UNKNOWN,,NO_SCORELINE,,
2,Draw or away + Away over 0.5 goals,"59%, 69%",0.513,0.4071,1.26,1.95,2.46,SCORE_MATRIX_EXACT,OK,X2,Draw or away,0.5892,AWAY_O05,Away over 0.5 goals,0.691,,,,FC Midtjylland vs Randers FC,Denmark Superliga,2026-08-23,LOST,X2=LOST | AWAY_O05=LOST,OK,1-0,1.0.0
2,Home over 0.5 goals + Away over 0.5 goals,"74%, 69%",0.5057,0.5103,0.991,1.98,1.96,SCORE_MATRIX_EXACT,OK,HOME_O05,Home over 0.5 goals,0.7385,AWAY_O05,Away over 0.5 goals,0.691,,,,FC Midtjylland vs Randers FC,Denmark Superliga,2026-08-23,LOST,HOME_O05=WON | AWAY_O05=LOST,OK,1-0,1.0.0
2,Under 3.5 goals + Home or draw,"75%, 67%",0.5005,0.5027,0.996,2.0,1.99,SCORE_MATRIX_EXACT,OK,U35,Under 3.5 goals,0.7525,1X,Home or draw,0.668,,,,FC Midtjylland vs Randers FC,Denmark Superliga,2026-08-23,WON,U35=WON | 1X=WON,OK,1-0,1.0.0
2,Under 3.5 goals + Home over 0.5 goals,"75%, 74%",0.4993,0.5557,0.899,2.0,1.8,SCORE_MATRIX_EXACT,OK,U35,Under 3.5 goals,0.7525,HOME_O05,Home over 0.5 goals,0.7385,,,,FC Midtjylland vs Randers FC,Denmark Superliga,2026-08-23,WON,U35=WON | HOME_O05=WON,OK,1-0,1.0.0
2,Over 1.5 goals + Home or draw,"71%, 67%",0.4786,0.4751,1.007,2.09,2.1,SCORE_MATRIX_EXACT,OK,O15,Over 1.5 goals,0.7113,1X,Home or draw,0.668,,,,FC Midtjylland vs Randers FC,Denmark Superliga,2026-08-23,LOST,O15=LOST | 1X=WON,OK,1-0,1.0.0
2,Under 3.5 goals + Both teams to score - No,"75%, 49%",0.4713,0.372,1.267,2.12,2.69,SCORE_MATRIX_EXACT,OK,U35,Under 3.5 goals,0.7525,BTTS_NO,Both teams to score - No,0.4943,,,,FC Midtjylland vs Randers FC,Denmark Superliga,2026-08-23,WON,U35=WON | BTTS_NO=WON,OK,1-0,1.0.0
2,Over 1.5 goals + Under 3.5 goals,"71%, 75%",0.4638,0.5352,0.867,2.16,1.87,SCORE_MATRIX_EXACT,OK,O15,Over 1.5 goals,0.7113,U35,Under 3.5 goals,0.7525,,,,FC Midtjylland vs Randers FC,Denmark Superliga,2026-08-23,LOST,O15=LOST | U35=WON,OK,1-0,1.0.0
2,Under 3.5 goals + Away over 0.5 goals,"75%, 69%",0.4582,0.52,0.881,2.18,1.92,SCORE_MATRIX_EXACT,OK,U35,Under 3.5 goals,0.7525,AWAY_O05,Away over 0.5 goals,0.691,,,,FC Midtjylland vs Randers FC,Denmark Superliga,2026-08-23,LOST,U35=WON | AWAY_O05=LOST,OK,1-0,1.0.0
2,Under 3.5 goals + Draw or away,"75%, 59%",0.4489,0.4433,1.013,2.23,2.26,SCORE_MATRIX_EXACT,OK,U35,Under 3.5 goals,0.7525,X2,Draw or away,0.5892,,,,FC Midtjylland vs Randers FC,Denmark Superliga,2026-08-23,LOST,U35=WON | X2=LOST,OK,1-0,1.0.0
2,Over 2.5 goals + Home over 0.5 goals,"46%, 74%",0.432,0.3414,1.266,2.31,2.93,SCORE_MATRIX_EXACT,OK,O25,Over 2.5 goals,0.4623,HOME_O05,Home over 0.5 goals,0.7385,,,,FC Midtjylland vs Randers FC,Denmark Superliga,2026-08-23,LOST,O25=LOST | HOME_O05=WON,OK,1-0,1.0.0
2,Under 2.5 goals + Both teams to score - No,"54%, 49%",0.4169,0.2658,1.569,2.4,3.76,SCORE_MATRIX_EXACT,OK,U25,Under 2.5 goals,0.5377,BTTS_NO,Both teams to score - No,0.4943,,,,FC Midtjylland vs Randers FC,Denmark Superliga,2026-08-23,WON,U25=WON | BTTS_NO=WON,OK,1-0,1.0.0
2,Over 2.5 goals + Away over 0.5 goals,"46%, 69%",0.4152,0.3195,1.3,2.41,3.13,SCORE_MATRIX_EXACT,OK,O25,Over 2.5 goals,0.4623,AWAY_O05,Away over 0.5 goals,0.691,,,,FC Midtjylland vs Randers FC,Denmark Superliga,2026-08-23,LOST,O25=LOST | AWAY_O05=LOST,OK,1-0,1.0.0
2,Under 3.5 goals + Home over 0.5 goals,"75%, 78%",0.54,0.5896,0.916,1.85,1.7,SCORE_MATRIX_EXACT,OK,U35,Under 3.5 goals,0.7514,HOME_O05,Home over 0.5 goals,0.7847,,,,Internacional vs Remo,Brazil Serie A,2026-08-17,WON,U35=WON | HOME_O05=WON,OK,1-1,1.0.0
2,Home over 0.5 goals + Away over 0.5 goals,"78%, 64%",0.5123,0.499,1.027,1.95,2.0,SCORE_MATRIX_EXACT,OK,HOME_O05,Home over 0.5 goals,0.7847,AWAY_O05,Away over 0.5 goals,0.6359,,,,Internacional vs Remo,Brazil Serie A,2026-08-17,WON,HOME_O05=WON | AWAY_O05=WON,OK,1-1,1.0.0
2,Over 1.5 goals + Under 3.5 goals,"74%, 75%",0.4882,0.5537,0.882,2.05,1.81,SCORE_MATRIX_EXACT,OK,O15,Over 1.5 goals,0.7369,U35,Under 3.5 goals,0.7514,,,,Internacional vs Remo,Brazil Serie A,2026-08-17,WON,O15=WON | U35=WON,OK,1-1,1.0.0
2,Under 3.5 goals + Both teams to score - No,"75%, 49%",0.4577,0.3665,1.249,2.18,2.73,SCORE_MATRIX_EXACT,OK,U35,Under 3.5 goals,0.7514,BTTS_NO,Both teams to score - No,0.4877,,,,Internacional vs Remo,Brazil Serie A,2026-08-17,LOST,U35=WON | BTTS_NO=LOST,OK,1-1,1.0.0
2,Over 2.5 goals + Home over 0.5 goals,"46%, 78%",0.4466,0.3638,1.228,2.24,2.75,SCORE_MATRIX_EXACT,OK,O25,Over 2.5 goals,0.4636,HOME_O05,Home over 0.5 goals,0.7847,,,,Internacional vs Remo,Brazil Serie A,2026-08-17,LOST,O25=LOST | HOME_O05=WON,OK,1-1,1.0.0
2,Home or draw + Home over 1.5 goals,"77%, 45%",0.4315,0.3484,1.238,2.32,2.87,SCORE_MATRIX_EXACT,OK,1X,Home or draw,0.7672,HOME_O15,Home over 1.5 goals,0.4541,,,,Internacional vs Remo,Brazil Serie A,2026-08-17,LOST,1X=WON | HOME_O15=LOST,OK,1-1,1.0.0
2,Under 2.5 goals + Home or draw,"54%, 77%",0.4298,0.4115,1.044,2.33,2.43,SCORE_MATRIX_EXACT,OK,U25,Under 2.5 goals,0.5364,1X,Home or draw,0.7672,,,,Internacional vs Remo,Brazil Serie A,2026-08-17,WON,U25=WON | 1X=WON,OK,1-1,1.0.0
2,Draw or away + Away over 0.5 goals,"52%, 64%",0.4277,0.3303,1.295,2.34,3.03,SCORE_MATRIX_EXACT,OK,X2,Draw or away,0.5194,AWAY_O05,Away over 0.5 goals,0.6359,,,,Internacional vs Remo,Brazil Serie A,2026-08-17,WON,X2=WON | AWAY_O05=WON,OK,1-1,1.0.0
2,Under 3.5 goals + Away over 0.5 goals,"75%, 64%",0.4133,0.4778,0.865,2.42,2.09,SCORE_MATRIX_EXACT,OK,U35,Under 3.5 goals,0.7514,AWAY_O05,Away over 0.5 goals,0.6359,,,,Internacional vs Remo,Brazil Serie A,2026-08-17,WON,U35=WON | AWAY_O05=WON,OK,1-1,1.0.0
2,Under 3.5 goals + Draw or away,"75%, 52%",0.4116,0.3903,1.055,2.43,2.56,SCORE_MATRIX_EXACT,OK,U35,Under 3.5 goals,0.7514,X2,Draw or away,0.5194,,,,Internacional vs Remo,Brazil Serie A,2026-08-17,WON,U35=WON | X2=WON,OK,1-1,1.0.0
2,Both teams to score + Home or draw,"51%, 77%",0.4031,0.393,1.026,2.48,2.54,SCORE_MATRIX_EXACT,OK,BTTS,Both teams to score,0.5123,1X,Home or draw,0.7672,,,,Internacional vs Remo,Brazil Serie A,2026-08-17,WON,BTTS=WON | 1X=WON,OK,1-1,1.0.0
2,Home or draw + Away over 0.5 goals,"77%, 64%",0.4031,0.4879,0.826,2.48,2.05,SCORE_MATRIX_EXACT,OK,1X,Home or draw,0.7672,AWAY_O05,Away over 0.5 goals,0.6359,,,,Internacional vs Remo,Brazil Serie A,2026-08-17,WON,1X=WON | AWAY_O05=WON,OK,1-1,1.0.0
2,Over 1.5 goals + Home or draw,"74%, 72%",0.5371,0.5354,1.003,1.86,1.87,SCORE_MATRIX_EXACT,OK,O15,Over 1.5 goals,0.7417,1X,Home or draw,0.7218,,,,Sligo Rovers vs Waterford FC,Ireland Premier Division,2026-08-21,UNKNOWN,,NO_SCORELINE,,
2,Under 3.5 goals + Home or draw,"75%, 72%",0.5376,0.5387,0.998,1.86,1.86,SCORE_MATRIX_EXACT,OK,U35,Under 3.5 goals,0.7463,1X,Home or draw,0.7218,,,,Sligo Rovers vs Waterford FC,Ireland Premier Division,2026-08-21,UNKNOWN,,NO_SCORELINE,,
2,Home over 0.5 goals + Away over 0.5 goals,"76%, 68%",0.5307,0.5173,1.026,1.88,1.93,SCORE_MATRIX_EXACT,OK,HOME_O05,Home over 0.5 goals,0.7648,AWAY_O05,Away over 0.5 goals,0.6763,,,,Sligo Rovers vs Waterford FC,Ireland Premier Division,2026-08-21,UNKNOWN,,NO_SCORELINE,,
2,Under 3.5 goals + Home over 0.5 goals,"75%, 76%",0.5174,0.5708,0.907,1.93,1.75,SCORE_MATRIX_EXACT,OK,U35,Under 3.5 goals,0.7463,HOME_O05,Home over 0.5 goals,0.7648,,,,Sligo Rovers vs Waterford FC,Ireland Premier Division,2026-08-21,UNKNOWN,,NO_SCORELINE,,
2,Over 1.5 goals + Under 3.5 goals,"74%, 75%",0.488,0.5535,0.882,2.05,1.81,SCORE_MATRIX_EXACT,OK,O15,Over 1.5 goals,0.7417,U35,Under 3.5 goals,0.7463,,,,Sligo Rovers vs Waterford FC,Ireland Premier Division,2026-08-21,UNKNOWN,,NO_SCORELINE,,
2,Draw or away + Away over 0.5 goals,"57%, 68%",0.4813,0.386,1.247,2.08,2.59,SCORE_MATRIX_EXACT,OK,X2,Draw or away,0.5708,AWAY_O05,Away over 0.5 goals,0.6763,,,,Sligo Rovers vs Waterford FC,Ireland Premier Division,2026-08-21,UNKNOWN,,NO_SCORELINE,,
2,Over 2.5 goals + Home over 0.5 goals,"47%, 76%",0.4454,0.3591,1.24,2.25,2.78,SCORE_MATRIX_EXACT,OK,O25,Over 2.5 goals,0.4695,HOME_O05,Home over 0.5 goals,0.7648,,,,Sligo Rovers vs Waterford FC,Ireland Premier Division,2026-08-21,UNKNOWN,,NO_SCORELINE,,
2,Under 3.5 goals + Both teams to score - No,"75%, 47%",0.4438,0.3503,1.267,2.25,2.85,SCORE_MATRIX_EXACT,OK,U35,Under 3.5 goals,0.7463,BTTS_NO,Both teams to score - No,0.4693,,,,Sligo Rovers vs Waterford FC,Ireland Premier Division,2026-08-21,UNKNOWN,,NO_SCORELINE,,
2,Under 3.5 goals + Draw or away,"75%, 57%",0.4415,0.426,1.036,2.26,2.35,SCORE_MATRIX_EXACT,OK,U35,Under 3.5 goals,0.7463,X2,Draw or away,0.5708,,,,Sligo Rovers vs Waterford FC,Ireland Premier Division,2026-08-21,UNKNOWN,,NO_SCORELINE,,
2,Under 3.5 goals + Away over 0.5 goals,"75%, 68%",0.4419,0.5048,0.875,2.26,1.98,SCORE_MATRIX_EXACT,OK,U35,Under 3.5 goals,0.7463,AWAY_O05,Away over 0.5 goals,0.6763,,,,Sligo Rovers vs Waterford FC,Ireland Premier Division,2026-08-21,UNKNOWN,,NO_SCORELINE,,
2,Over 2.5 goals + Away over 0.5 goals,"47%, 68%",0.4114,0.3175,1.296,2.43,3.15,SCORE_MATRIX_EXACT,OK,O25,Over 2.5 goals,0.4695,AWAY_O05,Away over 0.5 goals,0.6763,,,,Sligo Rovers vs Waterford FC,Ireland Premier Division,2026-08-21,UNKNOWN,,NO_SCORELINE,,
2,Over 1.5 goals + Draw or away,"74%, 57%",0.4078,0.4234,0.963,2.45,2.36,SCORE_MATRIX_EXACT,OK,O15,Over 1.5 goals,0.7417,X2,Draw or away,0.5708,,,,Sligo Rovers vs Waterford FC,Ireland Premier Division,2026-08-21,UNKNOWN,,NO_SCORELINE,,
2,Home or draw + Home over 0.5 goals,"65%, 70%",0.553,0.4589,1.205,1.81,2.18,SCORE_MATRIX_EXACT,OK,1X,Home or draw,0.6518,HOME_O05,Home over 0.5 goals,0.704,,,,Almería vs CD Eldense,La Liga 2,2026-08-17,UNKNOWN,,NO_SCORELINE,,
2,Draw or away + Away over 0.5 goals,"65%, 70%",0.5473,0.4526,1.209,1.83,2.21,SCORE_MATRIX_EXACT,OK,X2,Draw or away,0.646,AWAY_O05,Away over 0.5 goals,0.7005,,,,Almería vs CD Eldense,La Liga 2,2026-08-17,UNKNOWN,,NO_SCORELINE,,
2,Under 3.5 goals + Home or draw,"78%, 65%",0.5113,0.5062,1.01,1.96,1.98,SCORE_MATRIX_EXACT,OK,U35,Under 3.5 goals,0.7767,1X,Home or draw,0.6518,,,,Almería vs CD Eldense,La Liga 2,2026-08-17,UNKNOWN,,NO_SCORELINE,,
2,Under 3.5 goals + Draw or away,"78%, 65%",0.5075,0.5018,1.011,1.97,1.99,SCORE_MATRIX_EXACT,OK,U35,Under 3.5 goals,0.7767,X2,Draw or away,0.646,,,,Almería vs CD Eldense,La Liga 2,2026-08-17,UNKNOWN,,NO_SCORELINE,,
2,Home over 0.5 goals + Away over 0.5 goals,"70%, 70%",0.5033,0.4932,1.02,1.99,2.03,SCORE_MATRIX_EXACT,OK,HOME_O05,Home over 0.5 goals,0.704,AWAY_O05,Away over 0.5 goals,0.7005,,,,Almería vs CD Eldense,La Liga 2,2026-08-17,UNKNOWN,,NO_SCORELINE,,
2,Under 3.5 goals + Home over 0.5 goals,"78%, 70%",0.4908,0.5468,0.897,2.04,1.83,SCORE_MATRIX_EXACT,OK,U35,Under 3.5 goals,0.7767,HOME_O05,Home over 0.5 goals,0.704,,,,Almería vs CD Eldense,La Liga 2,2026-08-17,UNKNOWN,,NO_SCORELINE,,
2,Under 3.5 goals + Away over 0.5 goals,"78%, 70%",0.4877,0.5441,0.896,2.05,1.84,SCORE_MATRIX_EXACT,OK,U35,Under 3.5 goals,0.7767,AWAY_O05,Away over 0.5 goals,0.7005,,,,Almería vs CD Eldense,La Liga 2,2026-08-17,UNKNOWN,,NO_SCORELINE,,
2,Over 1.5 goals + Under 3.5 goals,"71%, 78%",0.4832,0.5488,0.881,2.07,1.82,SCORE_MATRIX_EXACT,OK,O15,Over 1.5 goals,0.7065,U35,Under 3.5 goals,0.7767,,,,Almería vs CD Eldense,La Liga 2,2026-08-17,UNKNOWN,,NO_SCORELINE,,
2,Under 3.5 goals + Both teams to score - No,"78%, 50%",0.4762,0.3858,1.234,2.1,2.59,SCORE_MATRIX_EXACT,OK,U35,Under 3.5 goals,0.7767,BTTS_NO,Both teams to score - No,0.4967,,,,Almería vs CD Eldense,La Liga 2,2026-08-17,UNKNOWN,,NO_SCORELINE,,
2,Over 1.5 goals + Home or draw,"71%, 65%",0.4552,0.4605,0.988,2.2,2.17,SCORE_MATRIX_EXACT,OK,O15,Over 1.5 goals,0.7065,1X,Home or draw,0.6518,,,,Almería vs CD Eldense,La Liga 2,2026-08-17,UNKNOWN,,NO_SCORELINE,,
2,Over 1.5 goals + Draw or away,"71%, 65%",0.4504,0.4565,0.987,2.22,2.19,SCORE_MATRIX_EXACT,OK,O15,Over 1.5 goals,0.7065,X2,Draw or away,0.646,,,,Almería vs CD Eldense,La Liga 2,2026-08-17,UNKNOWN,,NO_SCORELINE,,
2,Under 2.5 goals + Both teams to score - No,"57%, 50%",0.4238,0.2817,1.504,2.36,3.55,SCORE_MATRIX_EXACT,OK,U25,Under 2.5 goals,0.5672,BTTS_NO,Both teams to score - No,0.4967,,,,Almería vs CD Eldense,La Liga 2,2026-08-17,UNKNOWN,,NO_SCORELINE,,
2,Over 1.5 goals + Home or draw,"74%, 71%",0.5367,0.5272,1.018,1.86,1.9,SCORE_MATRIX_EXACT,OK,O15,Over 1.5 goals,0.743,1X,Home or draw,0.7095,,,,Toronto FC vs Charlotte FC,USA MLS,2026-08-19,UNKNOWN,,NO_SCORELINE,,
2,Home over 0.5 goals + Away over 0.5 goals,"79%, 68%",0.53,0.5378,0.986,1.89,1.86,SCORE_MATRIX_EXACT,OK,HOME_O05,Home over 0.5 goals,0.7886,AWAY_O05,Away over 0.5 goals,0.6819,,,,Toronto FC vs Charlotte FC,USA MLS,2026-08-19,UNKNOWN,,NO_SCORELINE,,
2,Under 3.5 goals + Home over 0.5 goals,"71%, 79%",0.5051,0.56,0.902,1.98,1.79,SCORE_MATRIX_EXACT,OK,U35,Under 3.5 goals,0.7101,HOME_O05,Home over 0.5 goals,0.7886,,,,Toronto FC vs Charlotte FC,USA MLS,2026-08-19,UNKNOWN,,NO_SCORELINE,,
2,Under 3.5 goals + Home or draw,"71%, 71%",0.4954,0.5038,0.983,2.02,1.98,SCORE_MATRIX_EXACT,OK,U35,Under 3.5 goals,0.7101,1X,Home or draw,0.7095,,,,Toronto FC vs Charlotte FC,USA MLS,2026-08-19,UNKNOWN,,NO_SCORELINE,,
2,Over 2.5 goals + Home over 0.5 goals,"51%, 79%",0.4875,0.4029,1.21,2.05,2.48,SCORE_MATRIX_EXACT,OK,O25,Over 2.5 goals,0.5109,HOME_O05,Home over 0.5 goals,0.7886,,,,Toronto FC vs Charlotte FC,USA MLS,2026-08-19,UNKNOWN,,NO_SCORELINE,,
2,Draw or away + Away over 0.5 goals,"52%, 68%",0.4639,0.3569,1.3,2.16,2.8,SCORE_MATRIX_EXACT,OK,X2,Draw or away,0.5233,AWAY_O05,Away over 0.5 goals,0.6819,,,,Toronto FC vs Charlotte FC,USA MLS,2026-08-19,UNKNOWN,,NO_SCORELINE,,
2,Over 1.5 goals + Under 3.5 goals,"74%, 71%",0.4531,0.5276,0.859,2.21,1.9,SCORE_MATRIX_EXACT,OK,O15,Over 1.5 goals,0.743,U35,Under 3.5 goals,0.7101,,,,Toronto FC vs Charlotte FC,USA MLS,2026-08-19,UNKNOWN,,NO_SCORELINE,,
2,Over 2.5 goals + Away over 0.5 goals,"51%, 68%",0.4461,0.3484,1.28,2.24,2.87,SCORE_MATRIX_EXACT,OK,O25,Over 2.5 goals,0.5109,AWAY_O05,Away over 0.5 goals,0.6819,,,,Toronto FC vs Charlotte FC,USA MLS,2026-08-19,UNKNOWN,,NO_SCORELINE,,
2,Under 3.5 goals + Both teams to score - No,"71%, 47%",0.4406,0.3337,1.32,2.27,3.0,SCORE_MATRIX_EXACT,OK,U35,Under 3.5 goals,0.7101,BTTS_NO,Both teams to score - No,0.47,,,,Toronto FC vs Charlotte FC,USA MLS,2026-08-19,UNKNOWN,,NO_SCORELINE,,
2,Home or draw + Home over 1.5 goals,"71%, 46%",0.4293,0.3279,1.309,2.33,3.05,SCORE_MATRIX_EXACT,OK,1X,Home or draw,0.7095,HOME_O15,Home over 1.5 goals,0.4622,,,,Toronto FC vs Charlotte FC,USA MLS,2026-08-19,UNKNOWN,,NO_SCORELINE,,
2,Over 2.5 goals + Both teams to score,"51%, 53%",0.4226,0.2708,1.561,2.37,3.69,SCORE_MATRIX_EXACT,OK,O25,Over 2.5 goals,0.5109,BTTS,Both teams to score,0.53,,,,Toronto FC vs Charlotte FC,USA MLS,2026-08-19,UNKNOWN,,NO_SCORELINE,,
2,Under 3.5 goals + Away over 0.5 goals,"71%, 68%",0.4151,0.4842,0.857,2.41,2.07,SCORE_MATRIX_EXACT,OK,U35,Under 3.5 goals,0.7101,AWAY_O05,Away over 0.5 goals,0.6819,,,,Toronto FC vs Charlotte FC,USA MLS,2026-08-19,UNKNOWN,,NO_SCORELINE,,
2,Under 3.5 goals + Home over 0.5 goals,"73%, 81%",0.5467,0.5942,0.92,1.83,1.68,SCORE_MATRIX_EXACT,OK,U35,Under 3.5 goals,0.7317,HOME_O05,Home over 0.5 goals,0.812,,,,Peterborough United vs Mansfield Town,League One,2026-08-22,UNKNOWN,,NO_SCORELINE,,
2,Home over 0.5 goals + Away over 0.5 goals,"81%, 62%",0.514,0.5019,1.024,1.95,1.99,SCORE_MATRIX_EXACT,OK,HOME_O05,Home over 0.5 goals,0.812,AWAY_O05,Away over 0.5 goals,0.6181,,,,Peterborough United vs Mansfield Town,League One,2026-08-22,UNKNOWN,,NO_SCORELINE,,
2,Over 1.5 goals + Under 3.5 goals,"75%, 73%",0.4856,0.5516,0.88,2.06,1.81,SCORE_MATRIX_EXACT,OK,O15,Over 1.5 goals,0.7539,U35,Under 3.5 goals,0.7317,,,,Peterborough United vs Mansfield Town,League One,2026-08-22,UNKNOWN,,NO_SCORELINE,,
2,Home or draw + Home over 1.5 goals,"80%, 50%",0.4782,0.3986,1.2,2.09,2.51,SCORE_MATRIX_EXACT,OK,1X,Home or draw,0.7984,HOME_O15,Home over 1.5 goals,0.4992,,,,Peterborough United vs Mansfield Town,League One,2026-08-22,UNKNOWN,,NO_SCORELINE,,
2,Over 2.5 goals + Home over 0.5 goals,"49%, 81%",0.4734,0.3951,1.198,2.11,2.53,SCORE_MATRIX_EXACT,OK,O25,Over 2.5 goals,0.4866,HOME_O05,Home over 0.5 goals,0.812,,,,Peterborough United vs Mansfield Town,League One,2026-08-22,UNKNOWN,,NO_SCORELINE,,
2,Under 3.5 goals + Both teams to score - No,"73%, 49%",0.4482,0.3556,1.26,2.23,2.81,SCORE_MATRIX_EXACT,OK,U35,Under 3.5 goals,0.7317,BTTS_NO,Both teams to score - No,0.486,,,,Peterborough United vs Mansfield Town,League One,2026-08-22,UNKNOWN,,NO_SCORELINE,,
2,Over 1.5 goals + Home win,"75%, 53%",0.4238,0.3978,1.066,2.36,2.51,SCORE_MATRIX_EXACT,OK,O15,Over 1.5 goals,0.7539,HOME,Home win,0.5276,,,,Peterborough United vs Mansfield Town,League One,2026-08-22,UNKNOWN,,NO_SCORELINE,,
2,Home win + Home over 1.5 goals,"53%, 50%",0.4238,0.2634,1.609,2.36,3.8,SCORE_MATRIX_EXACT,OK,HOME,Home win,0.5276,HOME_O15,Home over 1.5 goals,0.4992,,,,Peterborough United vs Mansfield Town,League One,2026-08-22,UNKNOWN,,NO_SCORELINE,,
2,Under 2.5 goals + Home or draw,"51%, 80%",0.4225,0.4099,1.031,2.37,2.44,SCORE_MATRIX_EXACT,OK,U25,Under 2.5 goals,0.5134,1X,Home or draw,0.7984,,,,Peterborough United vs Mansfield Town,League One,2026-08-22,UNKNOWN,,NO_SCORELINE,,
2,Both teams to score + Home or draw,"51%, 80%",0.4166,0.4104,1.015,2.4,2.44,SCORE_MATRIX_EXACT,OK,BTTS,Both teams to score,0.514,1X,Home or draw,0.7984,,,,Peterborough United vs Mansfield Town,League One,2026-08-22,UNKNOWN,,NO_SCORELINE,,
2,Home or draw + Away over 0.5 goals,"80%, 62%",0.4166,0.4935,0.844,2.4,2.03,SCORE_MATRIX_EXACT,OK,1X,Home or draw,0.7984,AWAY_O05,Away over 0.5 goals,0.6181,,,,Peterborough United vs Mansfield Town,League One,2026-08-22,UNKNOWN,,NO_SCORELINE,,
2,Over 2.5 goals + Home over 1.5 goals,"49%, 50%",0.3969,0.2429,1.634,2.52,4.12,SCORE_MATRIX_EXACT,OK,O25,Over 2.5 goals,0.4866,HOME_O15,Home over 1.5 goals,0.4992,,,,Peterborough United vs Mansfield Town,League One,2026-08-22,UNKNOWN,,NO_SCORELINE,,
2,Over 1.5 goals + Away over 0.5 goals,"76%, 61%",0.5551,0.4651,1.194,1.8,2.15,SCORE_MATRIX_EXACT,OK,O15,Over 1.5 goals,0.7586,AWAY_O05,Away over 0.5 goals,0.6131,,,,Örgryte IS vs Halmstads BK,Sweden Allsvenskan,2026-08-22,UNKNOWN,,NO_SCORELINE,,
2,Under 3.5 goals + Home over 0.5 goals,"72%, 82%",0.5458,0.5925,0.921,1.83,1.69,SCORE_MATRIX_EXACT,OK,U35,Under 3.5 goals,0.7191,HOME_O05,Home over 0.5 goals,0.824,,,,Örgryte IS vs Halmstads BK,Sweden Allsvenskan,2026-08-22,UNKNOWN,,NO_SCORELINE,,
2,Home over 0.5 goals + Away over 0.5 goals,"82%, 61%",0.5128,0.5052,1.015,1.95,1.98,SCORE_MATRIX_EXACT,OK,HOME_O05,Home over 0.5 goals,0.824,AWAY_O05,Away over 0.5 goals,0.6131,,,,Örgryte IS vs Halmstads BK,Sweden Allsvenskan,2026-08-22,UNKNOWN,,NO_SCORELINE,,
2,Home or draw + Home over 1.5 goals,"81%, 52%",0.4983,0.4181,1.192,2.01,2.39,SCORE_MATRIX_EXACT,OK,1X,Home or draw,0.8051,HOME_O15,Home over 1.5 goals,0.5193,,,,Örgryte IS vs Halmstads BK,Sweden Allsvenskan,2026-08-22,UNKNOWN,,NO_SCORELINE,,
2,Over 2.5 goals + Home over 0.5 goals,"50%, 82%",0.4887,0.4127,1.184,2.05,2.42,SCORE_MATRIX_EXACT,OK,O25,Over 2.5 goals,0.5009,HOME_O05,Home over 0.5 goals,0.824,,,,Örgryte IS vs Halmstads BK,Sweden Allsvenskan,2026-08-22,UNKNOWN,,NO_SCORELINE,,
2,Over 1.5 goals + Under 3.5 goals,"76%, 72%",0.4777,0.5455,0.876,2.09,1.83,SCORE_MATRIX_EXACT,OK,O15,Over 1.5 goals,0.7586,U35,Under 3.5 goals,0.7191,,,,Örgryte IS vs Halmstads BK,Sweden Allsvenskan,2026-08-22,UNKNOWN,,NO_SCORELINE,,
2,Under 3.5 goals + Both teams to score - No,"72%, 49%",0.4456,0.3503,1.272,2.24,2.85,SCORE_MATRIX_EXACT,OK,U35,Under 3.5 goals,0.7191,BTTS_NO,Both teams to score - No,0.4872,,,,Örgryte IS vs Halmstads BK,Sweden Allsvenskan,2026-08-22,UNKNOWN,,NO_SCORELINE,,
2,Over 1.5 goals + Home win,"76%, 55%",0.4434,0.4181,1.061,2.26,2.39,SCORE_MATRIX_EXACT,OK,O15,Over 1.5 goals,0.7586,HOME,Home win,0.5512,,,,Örgryte IS vs Halmstads BK,Sweden Allsvenskan,2026-08-22,UNKNOWN,,NO_SCORELINE,,
2,Home win + Home over 1.5 goals,"55%, 52%",0.4434,0.2862,1.549,2.26,3.49,SCORE_MATRIX_EXACT,OK,HOME,Home win,0.5512,HOME_O15,Home over 1.5 goals,0.5193,,,,Örgryte IS vs Halmstads BK,Sweden Allsvenskan,2026-08-22,UNKNOWN,,NO_SCORELINE,,
2,Both teams to score + Home or draw,"51%, 81%",0.4182,0.4129,1.013,2.39,2.42,SCORE_MATRIX_EXACT,OK,BTTS,Both teams to score,0.5128,1X,Home or draw,0.8051,,,,Örgryte IS vs Halmstads BK,Sweden Allsvenskan,2026-08-22,UNKNOWN,,NO_SCORELINE,,
2,Home or draw + Away over 0.5 goals,"81%, 61%",0.4182,0.4936,0.847,2.39,2.03,SCORE_MATRIX_EXACT,OK,1X,Home or draw,0.8051,AWAY_O05,Away over 0.5 goals,0.6131,,,,Örgryte IS vs Halmstads BK,Sweden Allsvenskan,2026-08-22,UNKNOWN,,NO_SCORELINE,,
2,Over 2.5 goals + Home over 1.5 goals,"50%, 52%",0.4151,0.2601,1.596,2.41,3.84,SCORE_MATRIX_EXACT,OK,O25,Over 2.5 goals,0.5009,HOME_O15,Home over 1.5 goals,0.5193,,,,Örgryte IS vs Halmstads BK,Sweden Allsvenskan,2026-08-22,UNKNOWN,,NO_SCORELINE,,
2,Home or draw + Home over 0.5 goals,"64%, 71%",0.5548,0.4547,1.22,1.8,2.2,SCORE_MATRIX_EXACT,OK,1X,Home or draw,0.6397,HOME_O05,Home over 0.5 goals,0.7108,,,,Tenerife vs Sporting Gijón,La Liga 2,2026-08-28,UNKNOWN,,NO_SCORELINE,,
2,Draw or away + Away over 0.5 goals,"63%, 71%",0.5476,0.4469,1.226,1.83,2.24,SCORE_MATRIX_EXACT,OK,X2,Draw or away,0.6325,AWAY_O05,Away over 0.5 goals,0.7065,,,,Tenerife vs Sporting Gijón,La Liga 2,2026-08-28,UNKNOWN,,NO_SCORELINE,,
2,Home over 0.5 goals + Away over 0.5 goals,"71%, 71%",0.5022,0.5022,1.0,1.99,1.99,SCORE_MATRIX_EXACT,OK,HOME_O05,Home over 0.5 goals,0.7108,AWAY_O05,Away over 0.5 goals,0.7065,,,,Tenerife vs Sporting Gijón,La Liga 2,2026-08-28,UNKNOWN,,NO_SCORELINE,,
2,Under 3.5 goals + Home or draw,"76%, 64%",0.4917,0.4892,1.005,2.03,2.04,SCORE_MATRIX_EXACT,OK,U35,Under 3.5 goals,0.7647,1X,Home or draw,0.6397,,,,Tenerife vs Sporting Gijón,La Liga 2,2026-08-28,UNKNOWN,,NO_SCORELINE,,
2,Under 3.5 goals + Draw or away,"76%, 63%",0.487,0.4837,1.007,2.05,2.07,SCORE_MATRIX_EXACT,OK,U35,Under 3.5 goals,0.7647,X2,Draw or away,0.6325,,,,Tenerife vs Sporting Gijón,La Liga 2,2026-08-28,UNKNOWN,,NO_SCORELINE,,
2,Under 3.5 goals + Home over 0.5 goals,"76%, 71%",0.486,0.5436,0.894,2.06,1.84,SCORE_MATRIX_EXACT,OK,U35,Under 3.5 goals,0.7647,HOME_O05,Home over 0.5 goals,0.7108,,,,Tenerife vs Sporting Gijón,La Liga 2,2026-08-28,UNKNOWN,,NO_SCORELINE,,
2,Under 3.5 goals + Away over 0.5 goals,"76%, 71%",0.4822,0.5403,0.892,2.07,1.85,SCORE_MATRIX_EXACT,OK,U35,Under 3.5 goals,0.7647,AWAY_O05,Away over 0.5 goals,0.7065,,,,Tenerife vs Sporting Gijón,La Liga 2,2026-08-28,UNKNOWN,,NO_SCORELINE,,
2,Under 3.5 goals + Both teams to score - No,"76%, 50%",0.4764,0.3807,1.251,2.1,2.63,SCORE_MATRIX_EXACT,OK,U35,Under 3.5 goals,0.7647,BTTS_NO,Both teams to score - No,0.4978,,,,Tenerife vs Sporting Gijón,La Liga 2,2026-08-28,UNKNOWN,,NO_SCORELINE,,
2,Over 1.5 goals + Under 3.5 goals,"71%, 76%",0.4705,0.5397,0.872,2.13,1.85,SCORE_MATRIX_EXACT,OK,O15,Over 1.5 goals,0.7057,U35,Under 3.5 goals,0.7647,,,,Tenerife vs Sporting Gijón,La Liga 2,2026-08-28,UNKNOWN,,NO_SCORELINE,,
2,Over 1.5 goals + Home or draw,"71%, 64%",0.4495,0.4514,0.996,2.22,2.22,SCORE_MATRIX_EXACT,OK,O15,Over 1.5 goals,0.7057,1X,Home or draw,0.6397,,,,Tenerife vs Sporting Gijón,La Liga 2,2026-08-28,UNKNOWN,,NO_SCORELINE,,
2,Over 1.5 goals + Draw or away,"71%, 63%",0.4436,0.4464,0.994,2.25,2.24,SCORE_MATRIX_EXACT,OK,O15,Over 1.5 goals,0.7057,X2,Draw or away,0.6325,,,,Tenerife vs Sporting Gijón,La Liga 2,2026-08-28,UNKNOWN,,NO_SCORELINE,,
2,Under 2.5 goals + Both teams to score - No,"55%, 50%",0.4234,0.275,1.539,2.36,3.64,SCORE_MATRIX_EXACT,OK,U25,Under 2.5 goals,0.5525,BTTS_NO,Both teams to score - No,0.4978,,,,Tenerife vs Sporting Gijón,La Liga 2,2026-08-28,UNKNOWN,,NO_SCORELINE,,
2,Under 3.5 goals + Home or draw,"81%, 66%",0.542,0.5355,1.012,1.84,1.87,SCORE_MATRIX_EXACT,OK,U35,Under 3.5 goals,0.8098,1X,Home or draw,0.6613,,,,Barracas Central vs Platense,Argentina Primera Division,2026-08-23,LOST,U35=WON | 1X=LOST,OK,1-2,1.0.0
2,Under 3.5 goals + Draw or away,"81%, 66%",0.5425,0.5361,1.012,1.84,1.87,SCORE_MATRIX_EXACT,OK,U35,Under 3.5 goals,0.8098,X2,Draw or away,0.662,,,,Barracas Central vs Platense,Argentina Primera Division,2026-08-23,WON,U35=WON | X2=WON,OK,1-2,1.0.0
2,Home or draw + Home over 0.5 goals,"66%, 68%",0.5399,0.4476,1.206,1.85,2.23,SCORE_MATRIX_EXACT,OK,1X,Home or draw,0.6613,HOME_O05,Home over 0.5 goals,0.6769,,,,Barracas Central vs Platense,Argentina Primera Division,2026-08-23,LOST,1X=LOST | HOME_O05=WON,OK,1-2,1.0.0
2,Draw or away + Away over 0.5 goals,"66%, 68%",0.5407,0.4485,1.206,1.85,2.23,SCORE_MATRIX_EXACT,OK,X2,Draw or away,0.662,AWAY_O05,Away over 0.5 goals,0.6774,,,,Barracas Central vs Platense,Argentina Primera Division,2026-08-23,WON,X2=WON | AWAY_O05=WON,OK,1-2,1.0.0
2,Under 3.5 goals + Both teams to score - No,"81%, 52%",0.5064,0.4246,1.193,1.97,2.36,SCORE_MATRIX_EXACT,OK,U35,Under 3.5 goals,0.8098,BTTS_NO,Both teams to score - No,0.5244,,,,Barracas Central vs Platense,Argentina Primera Division,2026-08-23,LOST,U35=WON | BTTS_NO=LOST,OK,1-2,1.0.0
2,Under 3.5 goals + Home over 0.5 goals,"81%, 68%",0.4957,0.5481,0.904,2.02,1.82,SCORE_MATRIX_EXACT,OK,U35,Under 3.5 goals,0.8098,HOME_O05,Home over 0.5 goals,0.6769,,,,Barracas Central vs Platense,Argentina Primera Division,2026-08-23,WON,U35=WON | HOME_O05=WON,OK,1-2,1.0.0
2,Under 3.5 goals + Away over 0.5 goals,"81%, 68%",0.4961,0.5485,0.904,2.02,1.82,SCORE_MATRIX_EXACT,OK,U35,Under 3.5 goals,0.8098,AWAY_O05,Away over 0.5 goals,0.6774,,,,Barracas Central vs Platense,Argentina Primera Division,2026-08-23,WON,U35=WON | AWAY_O05=WON,OK,1-2,1.0.0
2,Over 1.5 goals + Under 3.5 goals,"68%, 81%",0.4867,0.5482,0.888,2.05,1.82,SCORE_MATRIX_EXACT,OK,O15,Over 1.5 goals,0.6769,U35,Under 3.5 goals,0.8098,,,,Barracas Central vs Platense,Argentina Primera Division,2026-08-23,WON,O15=WON | U35=WON,OK,1-2,1.0.0
2,Home over 0.5 goals + Away over 0.5 goals,"68%, 68%",0.4756,0.4585,1.037,2.1,2.18,SCORE_MATRIX_EXACT,OK,HOME_O05,Home over 0.5 goals,0.6769,AWAY_O05,Away over 0.5 goals,0.6774,,,,Barracas Central vs Platense,Argentina Primera Division,2026-08-23,WON,HOME_O05=WON | AWAY_O05=WON,OK,1-2,1.0.0
2,Under 2.5 goals + Both teams to score - No,"61%, 52%",0.4565,0.3198,1.427,2.19,3.13,SCORE_MATRIX_EXACT,OK,U25,Under 2.5 goals,0.6099,BTTS_NO,Both teams to score - No,0.5244,,,,Barracas Central vs Platense,Argentina Primera Division,2026-08-23,LOST,U25=LOST | BTTS_NO=LOST,OK,1-2,1.0.0
2,Under 2.5 goals + Home or draw,"61%, 66%",0.4421,0.4033,1.096,2.26,2.48,SCORE_MATRIX_EXACT,OK,U25,Under 2.5 goals,0.6099,1X,Home or draw,0.6613,,,,Barracas Central vs Platense,Argentina Primera Division,2026-08-23,LOST,U25=LOST | 1X=LOST,OK,1-2,1.0.0
2,Under 2.5 goals + Draw or away,"61%, 66%",0.4425,0.4037,1.096,2.26,2.48,SCORE_MATRIX_EXACT,OK,U25,Under 2.5 goals,0.6099,X2,Draw or away,0.662,,,,Barracas Central vs Platense,Argentina Primera Division,2026-08-23,LOST,U25=LOST | X2=WON,OK,1-2,1.0.0
2,Under 3.5 goals + Home or draw,"73%, 76%",0.5494,0.557,0.986,1.82,1.8,SCORE_MATRIX_EXACT,OK,U35,Under 3.5 goals,0.7333,1X,Home or draw,0.7597,,,,Bromley FC vs Cambridge United,League One,2026-08-22,UNKNOWN,,NO_SCORELINE,,
2,Under 3.5 goals + Home over 0.5 goals,"73%, 80%",0.5334,0.5837,0.914,1.87,1.71,SCORE_MATRIX_EXACT,OK,U35,Under 3.5 goals,0.7333,HOME_O05,Home over 0.5 goals,0.796,,,,Bromley FC vs Cambridge United,League One,2026-08-22,UNKNOWN,,NO_SCORELINE,,
2,Home over 0.5 goals + Away over 0.5 goals,"80%, 64%",0.5158,0.5117,1.008,1.94,1.95,SCORE_MATRIX_EXACT,OK,HOME_O05,Home over 0.5 goals,0.796,AWAY_O05,Away over 0.5 goals,0.6428,,,,Bromley FC vs Cambridge United,League One,2026-08-22,UNKNOWN,,NO_SCORELINE,,
2,Over 1.5 goals + Under 3.5 goals,"74%, 73%",0.4742,0.5433,0.873,2.11,1.84,SCORE_MATRIX_EXACT,OK,O15,Over 1.5 goals,0.7409,U35,Under 3.5 goals,0.7333,,,,Bromley FC vs Cambridge United,League One,2026-08-22,UNKNOWN,,NO_SCORELINE,,
2,Over 2.5 goals + Home over 0.5 goals,"48%, 80%",0.4674,0.3858,1.212,2.14,2.59,SCORE_MATRIX_EXACT,OK,O25,Over 2.5 goals,0.4847,HOME_O05,Home over 0.5 goals,0.796,,,,Bromley FC vs Cambridge United,League One,2026-08-22,UNKNOWN,,NO_SCORELINE,,
2,Under 3.5 goals + Both teams to score - No,"73%, 48%",0.4522,0.355,1.274,2.21,2.82,SCORE_MATRIX_EXACT,OK,U35,Under 3.5 goals,0.7333,BTTS_NO,Both teams to score - No,0.4842,,,,Bromley FC vs Cambridge United,League One,2026-08-22,UNKNOWN,,NO_SCORELINE,,
2,Home or draw + Home over 1.5 goals,"76%, 47%",0.4467,0.3582,1.247,2.24,2.79,SCORE_MATRIX_EXACT,OK,1X,Home or draw,0.7597,HOME_O15,Home over 1.5 goals,0.4715,,,,Bromley FC vs Cambridge United,League One,2026-08-22,UNKNOWN,,NO_SCORELINE,,
2,Draw or away + Away over 0.5 goals,"50%, 64%",0.4238,0.3219,1.316,2.36,3.11,SCORE_MATRIX_EXACT,OK,X2,Draw or away,0.5008,AWAY_O05,Away over 0.5 goals,0.6428,,,,Bromley FC vs Cambridge United,League One,2026-08-22,UNKNOWN,,NO_SCORELINE,,
2,Over 2.5 goals + Away over 0.5 goals,"48%, 64%",0.4078,0.3116,1.309,2.45,3.21,SCORE_MATRIX_EXACT,OK,O25,Over 2.5 goals,0.4847,AWAY_O05,Away over 0.5 goals,0.6428,,,,Bromley FC vs Cambridge United,League One,2026-08-22,UNKNOWN,,NO_SCORELINE,,
2,Under 2.5 goals + Home or draw,"52%, 76%",0.4056,0.3915,1.036,2.47,2.55,SCORE_MATRIX_EXACT,OK,U25,Under 2.5 goals,0.5153,1X,Home or draw,0.7597,,,,Bromley FC vs Cambridge United,League One,2026-08-22,UNKNOWN,,NO_SCORELINE,,
2,Under 3.5 goals + Away over 0.5 goals,"73%, 64%",0.4039,0.4714,0.857,2.48,2.12,SCORE_MATRIX_EXACT,OK,U35,Under 3.5 goals,0.7333,AWAY_O05,Away over 0.5 goals,0.6428,,,,Bromley FC vs Cambridge United,League One,2026-08-22,UNKNOWN,,NO_SCORELINE,,
2,Both teams to score + Home or draw,"52%, 76%",0.4025,0.3918,1.027,2.48,2.55,SCORE_MATRIX_EXACT,OK,BTTS,Both teams to score,0.5158,1X,Home or draw,0.7597,,,,Bromley FC vs Cambridge United,League One,2026-08-22,UNKNOWN,,NO_SCORELINE,,
2,Under 3.5 goals + Home over 0.5 goals,"74%, 81%",0.5465,0.5942,0.92,1.83,1.68,SCORE_MATRIX_EXACT,OK,U35,Under 3.5 goals,0.7353,HOME_O05,Home over 0.5 goals,0.8082,,,,FC Juárez vs América,Mexico Liga MX,2026-08-22,UNKNOWN,,NO_SCORELINE,,
2,Home over 0.5 goals + Away over 0.5 goals,"81%, 62%",0.5131,0.5008,1.024,1.95,2.0,SCORE_MATRIX_EXACT,OK,HOME_O05,Home over 0.5 goals,0.8082,AWAY_O05,Away over 0.5 goals,0.6197,,,,FC Juárez vs América,Mexico Liga MX,2026-08-22,UNKNOWN,,NO_SCORELINE,,
2,Over 1.5 goals + Under 3.5 goals,"75%, 74%",0.4862,0.5521,0.881,2.06,1.81,SCORE_MATRIX_EXACT,OK,O15,Over 1.5 goals,0.7509,U35,Under 3.5 goals,0.7353,,,,FC Juárez vs América,Mexico Liga MX,2026-08-22,UNKNOWN,,NO_SCORELINE,,
2,Home or draw + Home over 1.5 goals,"79%, 49%",0.4716,0.3915,1.204,2.12,2.55,SCORE_MATRIX_EXACT,OK,1X,Home or draw,0.7947,HOME_O15,Home over 1.5 goals,0.4927,,,,FC Juárez vs América,Mexico Liga MX,2026-08-22,UNKNOWN,,NO_SCORELINE,,
2,Over 2.5 goals + Home over 0.5 goals,"48%, 81%",0.4689,0.3899,1.203,2.13,2.56,SCORE_MATRIX_EXACT,OK,O25,Over 2.5 goals,0.4824,HOME_O05,Home over 0.5 goals,0.8082,,,,FC Juárez vs América,Mexico Liga MX,2026-08-22,UNKNOWN,,NO_SCORELINE,,
2,Under 3.5 goals + Both teams to score - No,"74%, 49%",0.4503,0.358,1.258,2.22,2.79,SCORE_MATRIX_EXACT,OK,U35,Under 3.5 goals,0.7353,BTTS_NO,Both teams to score - No,0.4869,,,,FC Juárez vs América,Mexico Liga MX,2026-08-22,UNKNOWN,,NO_SCORELINE,,
2,Under 2.5 goals + Home or draw,"52%, 79%",0.4245,0.4113,1.032,2.36,2.43,SCORE_MATRIX_EXACT,OK,U25,Under 2.5 goals,0.5176,1X,Home or draw,0.7947,,,,FC Juárez vs América,Mexico Liga MX,2026-08-22,UNKNOWN,,NO_SCORELINE,,
2,Over 1.5 goals + Home win,"75%, 52%",0.4172,0.3915,1.066,2.4,2.55,SCORE_MATRIX_EXACT,OK,O15,Over 1.5 goals,0.7509,HOME,Home win,0.5214,,,,FC Juárez vs América,Mexico Liga MX,2026-08-22,UNKNOWN,,NO_SCORELINE,,
2,Home win + Home over 1.5 goals,"52%, 49%",0.4172,0.2569,1.624,2.4,3.89,SCORE_MATRIX_EXACT,OK,HOME,Home win,0.5214,HOME_O15,Home over 1.5 goals,0.4927,,,,FC Juárez vs América,Mexico Liga MX,2026-08-22,UNKNOWN,,NO_SCORELINE,,
2,Both teams to score + Home or draw,"51%, 79%",0.4144,0.4077,1.016,2.41,2.45,SCORE_MATRIX_EXACT,OK,BTTS,Both teams to score,0.5131,1X,Home or draw,0.7947,,,,FC Juárez vs América,Mexico Liga MX,2026-08-22,UNKNOWN,,NO_SCORELINE,,
2,Home or draw + Away over 0.5 goals,"79%, 62%",0.4144,0.4925,0.841,2.41,2.03,SCORE_MATRIX_EXACT,OK,1X,Home or draw,0.7947,AWAY_O05,Away over 0.5 goals,0.6197,,,,FC Juárez vs América,Mexico Liga MX,2026-08-22,UNKNOWN,,NO_SCORELINE,,
2,Over 2.5 goals + Away over 0.5 goals,"48%, 62%",0.393,0.299,1.314,2.54,3.34,SCORE_MATRIX_EXACT,OK,O25,Over 2.5 goals,0.4824,AWAY_O05,Away over 0.5 goals,0.6197,,,,FC Juárez vs América,Mexico Liga MX,2026-08-22,UNKNOWN,,NO_SCORELINE,,
2,Over 1.5 goals + Away over 0.5 goals,"74%, 62%",0.547,0.4592,1.191,1.83,2.18,SCORE_MATRIX_EXACT,OK,O15,Over 1.5 goals,0.7436,AWAY_O05,Away over 0.5 goals,0.6176,,,,Shenzhen Peng City FC vs Zhejiang,China Super League,2026-08-22,UNKNOWN,,NO_SCORELINE,,
2,Under 3.5 goals + Home or draw,"71%, 78%",0.5432,0.5567,0.976,1.84,1.8,SCORE_MATRIX_EXACT,OK,U35,Under 3.5 goals,0.7097,1X,Home or draw,0.7844,,,,Shenzhen Peng City FC vs Zhejiang,China Super League,2026-08-22,UNKNOWN,,NO_SCORELINE,,
2,Under 3.5 goals + Home over 0.5 goals,"71%, 83%",0.5385,0.586,0.919,1.86,1.71,SCORE_MATRIX_EXACT,OK,U35,Under 3.5 goals,0.7097,HOME_O05,Home over 0.5 goals,0.8257,,,,Shenzhen Peng City FC vs Zhejiang,China Super League,2026-08-22,UNKNOWN,,NO_SCORELINE,,
2,Home over 0.5 goals + Away over 0.5 goals,"83%, 62%",0.5026,0.5099,0.986,1.99,1.96,SCORE_MATRIX_EXACT,OK,HOME_O05,Home over 0.5 goals,0.8257,AWAY_O05,Away over 0.5 goals,0.6176,,,,Shenzhen Peng City FC vs Zhejiang,China Super League,2026-08-22,UNKNOWN,,NO_SCORELINE,,
2,Over 2.5 goals + Home over 0.5 goals,"51%, 83%",0.498,0.4221,1.18,2.01,2.37,SCORE_MATRIX_EXACT,OK,O25,Over 2.5 goals,0.5112,HOME_O05,Home over 0.5 goals,0.8257,,,,Shenzhen Peng City FC vs Zhejiang,China Super League,2026-08-22,UNKNOWN,,NO_SCORELINE,,
2,Home or draw + Home over 1.5 goals,"78%, 52%",0.4978,0.4085,1.219,2.01,2.45,SCORE_MATRIX_EXACT,OK,1X,Home or draw,0.7844,HOME_O15,Home over 1.5 goals,0.5208,,,,Shenzhen Peng City FC vs Zhejiang,China Super League,2026-08-22,UNKNOWN,,NO_SCORELINE,,
2,Under 3.5 goals + Both teams to score - No,"71%, 50%",0.4566,0.353,1.293,2.19,2.83,SCORE_MATRIX_EXACT,OK,U35,Under 3.5 goals,0.7097,BTTS_NO,Both teams to score - No,0.4974,,,,Shenzhen Peng City FC vs Zhejiang,China Super League,2026-08-22,UNKNOWN,,NO_SCORELINE,,
2,Over 1.5 goals + Under 3.5 goals,"74%, 71%",0.4534,0.5278,0.859,2.21,1.89,SCORE_MATRIX_EXACT,OK,O15,Over 1.5 goals,0.7436,U35,Under 3.5 goals,0.7097,,,,Shenzhen Peng City FC vs Zhejiang,China Super League,2026-08-22,UNKNOWN,,NO_SCORELINE,,
2,Over 1.5 goals + Home win,"74%, 57%",0.4401,0.4214,1.045,2.27,2.37,SCORE_MATRIX_EXACT,OK,O15,Over 1.5 goals,0.7436,HOME,Home win,0.5666,,,,Shenzhen Peng City FC vs Zhejiang,China Super League,2026-08-22,UNKNOWN,,NO_SCORELINE,,
2,Home win + Home over 1.5 goals,"57%, 52%",0.4401,0.2951,1.491,2.27,3.39,SCORE_MATRIX_EXACT,OK,HOME,Home win,0.5666,HOME_O15,Home over 1.5 goals,0.5208,,,,Shenzhen Peng City FC vs Zhejiang,China Super League,2026-08-22,UNKNOWN,,NO_SCORELINE,,
2,Over 2.5 goals + Home over 1.5 goals,"51%, 52%",0.4204,0.2662,1.579,2.38,3.76,SCORE_MATRIX_EXACT,OK,O25,Over 2.5 goals,0.5112,HOME_O15,Home over 1.5 goals,0.5208,,,,Shenzhen Peng City FC vs Zhejiang,China Super League,2026-08-22,UNKNOWN,,NO_SCORELINE,,
2,Over 2.5 goals + Away over 0.5 goals,"51%, 62%",0.4149,0.3157,1.314,2.41,3.17,SCORE_MATRIX_EXACT,OK,O25,Over 2.5 goals,0.5112,AWAY_O05,Away over 0.5 goals,0.6176,,,,Shenzhen Peng City FC vs Zhejiang,China Super League,2026-08-22,UNKNOWN,,NO_SCORELINE,,
2,Over 1.5 goals + Away over 0.5 goals,"71%, 64%",0.5533,0.4547,1.217,1.81,2.2,SCORE_MATRIX_EXACT,OK,O15,Over 1.5 goals,0.7098,AWAY_O05,Away over 0.5 goals,0.6406,,,,SD Eibar vs Real Valladolid CF,La Liga 2,2026-08-23,UNKNOWN,,NO_SCORELINE,,
2,Under 3.5 goals + Home or draw,"75%, 73%",0.5459,0.5535,0.986,1.83,1.81,SCORE_MATRIX_EXACT,OK,U35,Under 3.5 goals,0.7542,1X,Home or draw,0.7339,,,,SD Eibar vs Real Valladolid CF,La Liga 2,2026-08-23,UNKNOWN,,NO_SCORELINE,,
2,Over 1.5 goals + Home or draw,"71%, 73%",0.531,0.5209,1.019,1.88,1.92,SCORE_MATRIX_EXACT,OK,O15,Over 1.5 goals,0.7098,1X,Home or draw,0.7339,,,,SD Eibar vs Real Valladolid CF,La Liga 2,2026-08-23,UNKNOWN,,NO_SCORELINE,,
2,Under 3.5 goals + Home over 0.5 goals,"75%, 77%",0.5327,0.5836,0.913,1.88,1.71,SCORE_MATRIX_EXACT,OK,U35,Under 3.5 goals,0.7542,HOME_O05,Home over 0.5 goals,0.7738,,,,SD Eibar vs Real Valladolid CF,La Liga 2,2026-08-23,UNKNOWN,,NO_SCORELINE,,
2,Home over 0.5 goals + Away over 0.5 goals,"77%, 64%",0.4911,0.4957,0.991,2.04,2.02,SCORE_MATRIX_EXACT,OK,HOME_O05,Home over 0.5 goals,0.7738,AWAY_O05,Away over 0.5 goals,0.6406,,,,SD Eibar vs Real Valladolid CF,La Liga 2,2026-08-23,UNKNOWN,,NO_SCORELINE,,
2,Under 3.5 goals + Both teams to score - No,"75%, 51%",0.4813,0.3838,1.254,2.08,2.61,SCORE_MATRIX_EXACT,OK,U35,Under 3.5 goals,0.7542,BTTS_NO,Both teams to score - No,0.5089,,,,SD Eibar vs Real Valladolid CF,La Liga 2,2026-08-23,UNKNOWN,,NO_SCORELINE,,
2,Over 1.5 goals + Under 3.5 goals,"71%, 75%",0.464,0.5353,0.867,2.16,1.87,SCORE_MATRIX_EXACT,OK,O15,Over 1.5 goals,0.7098,U35,Under 3.5 goals,0.7542,,,,SD Eibar vs Real Valladolid CF,La Liga 2,2026-08-23,UNKNOWN,,NO_SCORELINE,,
2,Over 2.5 goals + Home over 0.5 goals,"46%, 77%",0.4408,0.3561,1.238,2.27,2.81,SCORE_MATRIX_EXACT,OK,O25,Over 2.5 goals,0.4602,HOME_O05,Home over 0.5 goals,0.7738,,,,SD Eibar vs Real Valladolid CF,La Liga 2,2026-08-23,UNKNOWN,,NO_SCORELINE,,
2,Draw or away + Away over 0.5 goals,"52%, 64%",0.4396,0.3308,1.329,2.27,3.02,SCORE_MATRIX_EXACT,OK,X2,Draw or away,0.5164,AWAY_O05,Away over 0.5 goals,0.6406,,,,SD Eibar vs Real Valladolid CF,La Liga 2,2026-08-23,UNKNOWN,,NO_SCORELINE,,
2,Under 2.5 goals + Both teams to score - No,"54%, 51%",0.4223,0.2747,1.538,2.37,3.64,SCORE_MATRIX_EXACT,OK,U25,Under 2.5 goals,0.5398,BTTS_NO,Both teams to score - No,0.5089,,,,SD Eibar vs Real Valladolid CF,La Liga 2,2026-08-23,UNKNOWN,,NO_SCORELINE,,
2,Under 3.5 goals + Away over 0.5 goals,"75%, 64%",0.4177,0.4832,0.865,2.39,2.07,SCORE_MATRIX_EXACT,OK,U35,Under 3.5 goals,0.7542,AWAY_O05,Away over 0.5 goals,0.6406,,,,SD Eibar vs Real Valladolid CF,La Liga 2,2026-08-23,UNKNOWN,,NO_SCORELINE,,
2,Home or draw + Home over 1.5 goals,"73%, 44%",0.4136,0.3213,1.287,2.42,3.11,SCORE_MATRIX_EXACT,OK,1X,Home or draw,0.7339,HOME_O15,Home over 1.5 goals,0.4377,,,,SD Eibar vs Real Valladolid CF,La Liga 2,2026-08-23,UNKNOWN,,NO_SCORELINE,,
2,Under 3.5 goals + Home or draw,"75%, 73%",0.544,0.5472,0.994,1.84,1.83,SCORE_MATRIX_EXACT,OK,U35,Under 3.5 goals,0.7501,1X,Home or draw,0.7295,,,,Cardiff City vs Wrexham AFC,Championship,2026-08-17,UNKNOWN,,NO_SCORELINE,,
2,Over 1.5 goals + Home or draw,"73%, 73%",0.5384,0.5341,1.008,1.86,1.87,SCORE_MATRIX_EXACT,OK,O15,Over 1.5 goals,0.7321,1X,Home or draw,0.7295,,,,Cardiff City vs Wrexham AFC,Championship,2026-08-17,UNKNOWN,,NO_SCORELINE,,
2,Under 3.5 goals + Home over 0.5 goals,"75%, 77%",0.5238,0.5762,0.909,1.91,1.74,SCORE_MATRIX_EXACT,OK,U35,Under 3.5 goals,0.7501,HOME_O05,Home over 0.5 goals,0.7681,,,,Cardiff City vs Wrexham AFC,Championship,2026-08-17,UNKNOWN,,NO_SCORELINE,,
2,Home over 0.5 goals + Away over 0.5 goals,"77%, 66%",0.5182,0.5092,1.018,1.93,1.96,SCORE_MATRIX_EXACT,OK,HOME_O05,Home over 0.5 goals,0.7681,AWAY_O05,Away over 0.5 goals,0.663,,,,Cardiff City vs Wrexham AFC,Championship,2026-08-17,UNKNOWN,,NO_SCORELINE,,
2,Over 1.5 goals + Under 3.5 goals,"73%, 75%",0.4822,0.5491,0.878,2.07,1.82,SCORE_MATRIX_EXACT,OK,O15,Over 1.5 goals,0.7321,U35,Under 3.5 goals,0.7501,,,,Cardiff City vs Wrexham AFC,Championship,2026-08-17,UNKNOWN,,NO_SCORELINE,,
2,Draw or away + Away over 0.5 goals,"55%, 66%",0.4656,0.3664,1.271,2.15,2.73,SCORE_MATRIX_EXACT,OK,X2,Draw or away,0.5527,AWAY_O05,Away over 0.5 goals,0.663,,,,Cardiff City vs Wrexham AFC,Championship,2026-08-17,UNKNOWN,,NO_SCORELINE,,
2,Under 3.5 goals + Both teams to score - No,"75%, 48%",0.4556,0.3614,1.261,2.2,2.77,SCORE_MATRIX_EXACT,OK,U35,Under 3.5 goals,0.7501,BTTS_NO,Both teams to score - No,0.4818,,,,Cardiff City vs Wrexham AFC,Championship,2026-08-17,UNKNOWN,,NO_SCORELINE,,
2,Over 2.5 goals + Home over 0.5 goals,"47%, 77%",0.443,0.3572,1.24,2.26,2.8,SCORE_MATRIX_EXACT,OK,O25,Over 2.5 goals,0.465,HOME_O05,Home over 0.5 goals,0.7681,,,,Cardiff City vs Wrexham AFC,Championship,2026-08-17,UNKNOWN,,NO_SCORELINE,,
2,Under 3.5 goals + Away over 0.5 goals,"75%, 66%",0.4337,0.4973,0.872,2.31,2.01,SCORE_MATRIX_EXACT,OK,U35,Under 3.5 goals,0.7501,AWAY_O05,Away over 0.5 goals,0.663,,,,Cardiff City vs Wrexham AFC,Championship,2026-08-17,UNKNOWN,,NO_SCORELINE,,
2,Under 3.5 goals + Draw or away,"75%, 55%",0.4301,0.4146,1.037,2.32,2.41,SCORE_MATRIX_EXACT,OK,U35,Under 3.5 goals,0.7501,X2,Draw or away,0.5527,,,,Cardiff City vs Wrexham AFC,Championship,2026-08-17,UNKNOWN,,NO_SCORELINE,,
2,Under 2.5 goals + Home or draw,"53%, 73%",0.4123,0.3903,1.056,2.43,2.56,SCORE_MATRIX_EXACT,OK,U25,Under 2.5 goals,0.535,1X,Home or draw,0.7295,,,,Cardiff City vs Wrexham AFC,Championship,2026-08-17,UNKNOWN,,NO_SCORELINE,,
2,Over 2.5 goals + Away over 0.5 goals,"47%, 66%",0.4034,0.3083,1.309,2.48,3.24,SCORE_MATRIX_EXACT,OK,O25,Over 2.5 goals,0.465,AWAY_O05,Away over 0.5 goals,0.663,,,,Cardiff City vs Wrexham AFC,Championship,2026-08-17,UNKNOWN,,NO_SCORELINE,,
2,Over 1.5 goals + Away over 0.5 goals,"73%, 62%",0.5552,0.4577,1.213,1.8,2.18,SCORE_MATRIX_EXACT,OK,O15,Over 1.5 goals,0.7349,AWAY_O05,Away over 0.5 goals,0.6229,,,,Carrarese vs Mantova,Serie B,2026-08-22,WON,O15=WON | AWAY_O05=WON,OK,1-2,1.0.0
2,Under 3.5 goals + Home over 0.5 goals,"75%, 80%",0.5453,0.5938,0.918,1.83,1.68,SCORE_MATRIX_EXACT,OK,U35,Under 3.5 goals,0.7468,HOME_O05,Home over 0.5 goals,0.7951,,,,Carrarese vs Mantova,Serie B,2026-08-22,WON,U35=WON | HOME_O05=WON,OK,1-2,1.0.0
2,Home over 0.5 goals + Away over 0.5 goals,"80%, 62%",0.5039,0.4952,1.017,1.98,2.02,SCORE_MATRIX_EXACT,OK,HOME_O05,Home over 0.5 goals,0.7951,AWAY_O05,Away over 0.5 goals,0.6229,,,,Carrarese vs Mantova,Serie B,2026-08-22,WON,HOME_O05=WON | AWAY_O05=WON,OK,1-2,1.0.0
2,Over 1.5 goals + Under 3.5 goals,"73%, 75%",0.4817,0.5488,0.878,2.08,1.82,SCORE_MATRIX_EXACT,OK,O15,Over 1.5 goals,0.7349,U35,Under 3.5 goals,0.7468,,,,Carrarese vs Mantova,Serie B,2026-08-22,WON,O15=WON | U35=WON,OK,1-2,1.0.0
2,Under 3.5 goals + Both teams to score - No,"75%, 50%",0.4633,0.3705,1.25,2.16,2.7,SCORE_MATRIX_EXACT,OK,U35,Under 3.5 goals,0.7468,BTTS_NO,Both teams to score - No,0.4961,,,,Carrarese vs Mantova,Serie B,2026-08-22,LOST,U35=WON | BTTS_NO=LOST,OK,1-2,1.0.0
2,Over 2.5 goals + Home over 0.5 goals,"47%, 80%",0.4539,0.3729,1.217,2.2,2.68,SCORE_MATRIX_EXACT,OK,O25,Over 2.5 goals,0.469,HOME_O05,Home over 0.5 goals,0.7951,,,,Carrarese vs Mantova,Serie B,2026-08-22,WON,O25=WON | HOME_O05=WON,OK,1-2,1.0.0
2,Home or draw + Home over 1.5 goals,"78%, 47%",0.4494,0.3664,1.227,2.23,2.73,SCORE_MATRIX_EXACT,OK,1X,Home or draw,0.7781,HOME_O15,Home over 1.5 goals,0.4708,,,,Carrarese vs Mantova,Serie B,2026-08-22,LOST,1X=LOST | HOME_O15=LOST,OK,1-2,1.0.0
2,Under 2.5 goals + Home or draw,"53%, 78%",0.427,0.4132,1.034,2.34,2.42,SCORE_MATRIX_EXACT,OK,U25,Under 2.5 goals,0.531,1X,Home or draw,0.7781,,,,Carrarese vs Mantova,Serie B,2026-08-22,LOST,U25=LOST | 1X=LOST,OK,1-2,1.0.0
2,Draw or away + Away over 0.5 goals,"49%, 62%",0.4073,0.3072,1.326,2.46,3.26,SCORE_MATRIX_EXACT,OK,X2,Draw or away,0.4932,AWAY_O05,Away over 0.5 goals,0.6229,,,,Carrarese vs Mantova,Serie B,2026-08-22,WON,X2=WON | AWAY_O05=WON,OK,1-2,1.0.0
2,Both teams to score + Home or draw,"50%, 78%",0.401,0.3921,1.023,2.49,2.55,SCORE_MATRIX_EXACT,OK,BTTS,Both teams to score,0.5039,1X,Home or draw,0.7781,,,,Carrarese vs Mantova,Serie B,2026-08-22,LOST,BTTS=WON | 1X=LOST,OK,1-2,1.0.0
2,Home or draw + Away over 0.5 goals,"78%, 62%",0.401,0.4847,0.827,2.49,2.06,SCORE_MATRIX_EXACT,OK,1X,Home or draw,0.7781,AWAY_O05,Away over 0.5 goals,0.6229,,,,Carrarese vs Mantova,Serie B,2026-08-22,LOST,1X=LOST | AWAY_O05=WON,OK,1-2,1.0.0
2,Under 2.5 goals + Both teams to score - No,"53%, 50%",0.3997,0.2634,1.517,2.5,3.8,SCORE_MATRIX_EXACT,OK,U25,Under 2.5 goals,0.531,BTTS_NO,Both teams to score - No,0.4961,,,,Carrarese vs Mantova,Serie B,2026-08-22,LOST,U25=LOST | BTTS_NO=LOST,OK,1-2,1.0.0
2,Over 1.5 goals + Away over 0.5 goals,"76%, 61%",0.5473,0.4619,1.185,1.83,2.16,SCORE_MATRIX_EXACT,OK,O15,Over 1.5 goals,0.7617,AWAY_O05,Away over 0.5 goals,0.6064,,,,San Diego FC vs Colorado Rapids,USA MLS,2026-08-23,UNKNOWN,,NO_SCORELINE,,
2,Under 3.5 goals + Home over 0.5 goals,"70%, 84%",0.5426,0.5883,0.922,1.84,1.7,SCORE_MATRIX_EXACT,OK,U35,Under 3.5 goals,0.7012,HOME_O05,Home over 0.5 goals,0.8389,,,,San Diego FC vs Colorado Rapids,USA MLS,2026-08-23,UNKNOWN,,NO_SCORELINE,,
2,Home or draw + Home over 1.5 goals,"81%, 54%",0.5238,0.4418,1.186,1.91,2.26,SCORE_MATRIX_EXACT,OK,1X,Home or draw,0.8109,HOME_O15,Home over 1.5 goals,0.5448,,,,San Diego FC vs Colorado Rapids,USA MLS,2026-08-23,UNKNOWN,,NO_SCORELINE,,
2,Over 2.5 goals + Home over 0.5 goals,"52%, 84%",0.5095,0.4367,1.167,1.96,2.29,SCORE_MATRIX_EXACT,OK,O25,Over 2.5 goals,0.5205,HOME_O05,Home over 0.5 goals,0.8389,,,,San Diego FC vs Colorado Rapids,USA MLS,2026-08-23,UNKNOWN,,NO_SCORELINE,,
2,Home over 0.5 goals + Away over 0.5 goals,"84%, 61%",0.5087,0.5087,1.0,1.97,1.97,SCORE_MATRIX_EXACT,OK,HOME_O05,Home over 0.5 goals,0.8389,AWAY_O05,Away over 0.5 goals,0.6064,,,,San Diego FC vs Colorado Rapids,USA MLS,2026-08-23,UNKNOWN,,NO_SCORELINE,,
2,Over 1.5 goals + Home win,"76%, 58%",0.4681,0.4448,1.053,2.14,2.25,SCORE_MATRIX_EXACT,OK,O15,Over 1.5 goals,0.7617,HOME,Home win,0.5839,,,,San Diego FC vs Colorado Rapids,USA MLS,2026-08-23,UNKNOWN,,NO_SCORELINE,,
2,Home win + Home over 1.5 goals,"58%, 54%",0.4681,0.3181,1.472,2.14,3.14,SCORE_MATRIX_EXACT,OK,HOME,Home win,0.5839,HOME_O15,Home over 1.5 goals,0.5448,,,,San Diego FC vs Colorado Rapids,USA MLS,2026-08-23,UNKNOWN,,NO_SCORELINE,,
2,Over 1.5 goals + Under 3.5 goals,"76%, 70%",0.4629,0.5341,0.867,2.16,1.87,SCORE_MATRIX_EXACT,OK,O15,Over 1.5 goals,0.7617,U35,Under 3.5 goals,0.7012,,,,San Diego FC vs Colorado Rapids,USA MLS,2026-08-23,UNKNOWN,,NO_SCORELINE,,
2,Under 3.5 goals + Both teams to score - No,"70%, 49%",0.4444,0.3445,1.29,2.25,2.9,SCORE_MATRIX_EXACT,OK,U35,Under 3.5 goals,0.7012,BTTS_NO,Both teams to score - No,0.4913,,,,San Diego FC vs Colorado Rapids,USA MLS,2026-08-23,UNKNOWN,,NO_SCORELINE,,
2,Over 2.5 goals + Home over 1.5 goals,"52%, 54%",0.4391,0.2836,1.548,2.28,3.53,SCORE_MATRIX_EXACT,OK,O25,Over 2.5 goals,0.5205,HOME_O15,Home over 1.5 goals,0.5448,,,,San Diego FC vs Colorado Rapids,USA MLS,2026-08-23,UNKNOWN,,NO_SCORELINE,,
2,Over 2.5 goals + Home or draw,"52%, 81%",0.4181,0.4221,0.991,2.39,2.37,SCORE_MATRIX_EXACT,OK,O25,Over 2.5 goals,0.5205,1X,Home or draw,0.8109,,,,San Diego FC vs Colorado Rapids,USA MLS,2026-08-23,UNKNOWN,,NO_SCORELINE,,
2,Both teams to score + Home or draw,"51%, 81%",0.4173,0.4125,1.012,2.4,2.42,SCORE_MATRIX_EXACT,OK,BTTS,Both teams to score,0.5087,1X,Home or draw,0.8109,,,,San Diego FC vs Colorado Rapids,USA MLS,2026-08-23,UNKNOWN,,NO_SCORELINE,,
2,Under 3.5 goals + Home over 0.5 goals,"69%, 85%",0.5457,0.589,0.926,1.83,1.7,SCORE_MATRIX_EXACT,OK,U35,Under 3.5 goals,0.6891,HOME_O05,Home over 0.5 goals,0.8548,,,,New England Revolution vs New York City FC,USA MLS,2026-08-23,WON,U35=WON | HOME_O05=WON,OK,1-1,1.0.0
2,Over 1.5 goals + Away over 0.5 goals,"77%, 59%",0.5335,0.4523,1.18,1.87,2.21,SCORE_MATRIX_EXACT,OK,O15,Over 1.5 goals,0.7711,AWAY_O05,Away over 0.5 goals,0.5865,,,,New England Revolution vs New York City FC,USA MLS,2026-08-23,WON,O15=WON | AWAY_O05=WON,OK,1-1,1.0.0
2,Over 2.5 goals + Home over 0.5 goals,"53%, 85%",0.5249,0.4561,1.151,1.91,2.19,SCORE_MATRIX_EXACT,OK,O25,Over 2.5 goals,0.5336,HOME_O05,Home over 0.5 goals,0.8548,,,,New England Revolution vs New York City FC,USA MLS,2026-08-23,LOST,O25=LOST | HOME_O05=WON,OK,1-1,1.0.0
2,Over 1.5 goals + Home win,"77%, 62%",0.5032,0.4773,1.054,1.99,2.09,SCORE_MATRIX_EXACT,OK,O15,Over 1.5 goals,0.7711,HOME,Home win,0.619,,,,New England Revolution vs New York City FC,USA MLS,2026-08-23,LOST,O15=WON | HOME=LOST,OK,1-1,1.0.0
2,Home win + Home over 1.5 goals,"62%, 57%",0.5032,0.3557,1.415,1.99,2.81,SCORE_MATRIX_EXACT,OK,HOME,Home win,0.619,HOME_O15,Home over 1.5 goals,0.5746,,,,New England Revolution vs New York City FC,USA MLS,2026-08-23,LOST,HOME=LOST | HOME_O15=LOST,OK,1-1,1.0.0
2,Home over 0.5 goals + Away over 0.5 goals,"85%, 59%",0.5014,0.5014,1.0,1.99,1.99,SCORE_MATRIX_EXACT,OK,HOME_O05,Home over 0.5 goals,0.8548,AWAY_O05,Away over 0.5 goals,0.5865,,,,New England Revolution vs New York City FC,USA MLS,2026-08-23,WON,HOME_O05=WON | AWAY_O05=WON,OK,1-1,1.0.0
2,Over 2.5 goals + Home over 1.5 goals,"53%, 57%",0.4629,0.3066,1.51,2.16,3.26,SCORE_MATRIX_EXACT,OK,O25,Over 2.5 goals,0.5336,HOME_O15,Home over 1.5 goals,0.5746,,,,New England Revolution vs New York City FC,USA MLS,2026-08-23,LOST,O25=LOST | HOME_O15=LOST,OK,1-1,1.0.0
2,Over 1.5 goals + Under 3.5 goals,"77%, 69%",0.4602,0.5313,0.866,2.17,1.88,SCORE_MATRIX_EXACT,OK,O15,Over 1.5 goals,0.7711,U35,Under 3.5 goals,0.6891,,,,New England Revolution vs New York City FC,USA MLS,2026-08-23,WON,O15=WON | U35=WON,OK,1-1,1.0.0
2,Over 2.5 goals + Home or draw,"53%, 83%",0.4442,0.4451,0.998,2.25,2.25,SCORE_MATRIX_EXACT,OK,O25,Over 2.5 goals,0.5336,1X,Home or draw,0.8342,,,,New England Revolution vs New York City FC,USA MLS,2026-08-23,LOST,O25=LOST | 1X=WON,OK,1-1,1.0.0
2,Under 3.5 goals + Both teams to score - No,"69%, 50%",0.4429,0.3436,1.289,2.26,2.91,SCORE_MATRIX_EXACT,OK,U35,Under 3.5 goals,0.6891,BTTS_NO,Both teams to score - No,0.4986,,,,New England Revolution vs New York City FC,USA MLS,2026-08-23,LOST,U35=WON | BTTS_NO=LOST,OK,1-1,1.0.0
2,Both teams to score + Home or draw,"50%, 83%",0.4207,0.4182,1.006,2.38,2.39,SCORE_MATRIX_EXACT,OK,BTTS,Both teams to score,0.5014,1X,Home or draw,0.8342,,,,New England Revolution vs New York City FC,USA MLS,2026-08-23,WON,BTTS=WON | 1X=WON,OK,1-1,1.0.0
2,Home or draw + Away over 0.5 goals,"83%, 59%",0.4207,0.4893,0.86,2.38,2.04,SCORE_MATRIX_EXACT,OK,1X,Home or draw,0.8342,AWAY_O05,Away over 0.5 goals,0.5865,,,,New England Revolution vs New York City FC,USA MLS,2026-08-23,WON,1X=WON | AWAY_O05=WON,OK,1-1,1.0.0
2,Under 3.5 goals + Home over 0.5 goals,"70%, 82%",0.523,0.5735,0.912,1.91,1.74,SCORE_MATRIX_EXACT,OK,U35,Under 3.5 goals,0.7025,HOME_O05,Home over 0.5 goals,0.8163,,,,IK Sirius vs BK Hacken,Sweden Allsvenskan,2026-08-21,UNKNOWN,,NO_SCORELINE,,
2,Under 3.5 goals + Home or draw,"70%, 76%",0.5202,0.5323,0.977,1.92,1.88,SCORE_MATRIX_EXACT,OK,U35,Under 3.5 goals,0.7025,1X,Home or draw,0.7577,,,,IK Sirius vs BK Hacken,Sweden Allsvenskan,2026-08-21,UNKNOWN,,NO_SCORELINE,,
2,Home over 0.5 goals + Away over 0.5 goals,"82%, 65%",0.5211,0.5284,0.986,1.92,1.89,SCORE_MATRIX_EXACT,OK,HOME_O05,Home over 0.5 goals,0.8163,AWAY_O05,Away over 0.5 goals,0.6473,,,,IK Sirius vs BK Hacken,Sweden Allsvenskan,2026-08-21,UNKNOWN,,NO_SCORELINE,,
2,Over 2.5 goals + Home over 0.5 goals,"52%, 82%",0.5025,0.4238,1.186,1.99,2.36,SCORE_MATRIX_EXACT,OK,O25,Over 2.5 goals,0.5191,HOME_O05,Home over 0.5 goals,0.8163,,,,IK Sirius vs BK Hacken,Sweden Allsvenskan,2026-08-21,UNKNOWN,,NO_SCORELINE,,
2,Home or draw + Home over 1.5 goals,"76%, 51%",0.4783,0.3833,1.248,2.09,2.61,SCORE_MATRIX_EXACT,OK,1X,Home or draw,0.7577,HOME_O15,Home over 1.5 goals,0.5059,,,,IK Sirius vs BK Hacken,Sweden Allsvenskan,2026-08-21,UNKNOWN,,NO_SCORELINE,,
2,Over 1.5 goals + Under 3.5 goals,"75%, 70%",0.4519,0.5265,0.858,2.21,1.9,SCORE_MATRIX_EXACT,OK,O15,Over 1.5 goals,0.7494,U35,Under 3.5 goals,0.7025,,,,IK Sirius vs BK Hacken,Sweden Allsvenskan,2026-08-21,UNKNOWN,,NO_SCORELINE,,
2,Under 3.5 goals + Both teams to score - No,"70%, 48%",0.4425,0.3365,1.315,2.26,2.97,SCORE_MATRIX_EXACT,OK,U35,Under 3.5 goals,0.7025,BTTS_NO,Both teams to score - No,0.4789,,,,IK Sirius vs BK Hacken,Sweden Allsvenskan,2026-08-21,UNKNOWN,,NO_SCORELINE,,
2,Over 2.5 goals + Away over 0.5 goals,"52%, 65%",0.4349,0.336,1.294,2.3,2.98,SCORE_MATRIX_EXACT,OK,O25,Over 2.5 goals,0.5191,AWAY_O05,Away over 0.5 goals,0.6473,,,,IK Sirius vs BK Hacken,Sweden Allsvenskan,2026-08-21,UNKNOWN,,NO_SCORELINE,,
2,Over 2.5 goals + Both teams to score,"52%, 52%",0.4183,0.2705,1.546,2.39,3.7,SCORE_MATRIX_EXACT,OK,O25,Over 2.5 goals,0.5191,BTTS,Both teams to score,0.5211,,,,IK Sirius vs BK Hacken,Sweden Allsvenskan,2026-08-21,UNKNOWN,,NO_SCORELINE,,
2,Over 1.5 goals + Home win,"75%, 53%",0.4158,0.4008,1.037,2.41,2.49,SCORE_MATRIX_EXACT,OK,O15,Over 1.5 goals,0.7494,HOME,Home win,0.5349,,,,IK Sirius vs BK Hacken,Sweden Allsvenskan,2026-08-21,UNKNOWN,,NO_SCORELINE,,
2,Home win + Home over 1.5 goals,"53%, 51%",0.4158,0.2706,1.536,2.41,3.7,SCORE_MATRIX_EXACT,OK,HOME,Home win,0.5349,HOME_O15,Home over 1.5 goals,0.5059,,,,IK Sirius vs BK Hacken,Sweden Allsvenskan,2026-08-21,UNKNOWN,,NO_SCORELINE,,
2,Over 2.5 goals + Home over 1.5 goals,"52%, 51%",0.414,0.2626,1.576,2.42,3.81,SCORE_MATRIX_EXACT,OK,O25,Over 2.5 goals,0.5191,HOME_O15,Home over 1.5 goals,0.5059,,,,IK Sirius vs BK Hacken,Sweden Allsvenskan,2026-08-21,UNKNOWN,,NO_SCORELINE,,
2,Under 3.5 goals + Both teams to score - No,"77%, 55%",0.5015,0.4182,1.199,1.99,2.39,SCORE_MATRIX_EXACT,OK,U35,Under 3.5 goals,0.7652,BTTS_NO,Both teams to score - No,0.5465,,,,Südtirol vs Virtus Entella,Serie B,2026-08-22,UNKNOWN,,NO_SCORELINE,,
2,Home or draw + Home over 1.5 goals,"84%, 51%",0.4953,0.4286,1.155,2.02,2.33,SCORE_MATRIX_EXACT,OK,1X,Home or draw,0.8443,HOME_O15,Home over 1.5 goals,0.5077,,,,Südtirol vs Virtus Entella,Serie B,2026-08-22,UNKNOWN,,NO_SCORELINE,,
2,Over 1.5 goals + Under 3.5 goals,"72%, 77%",0.4881,0.5532,0.882,2.05,1.81,SCORE_MATRIX_EXACT,OK,O15,Over 1.5 goals,0.7229,U35,Under 3.5 goals,0.7652,,,,Südtirol vs Virtus Entella,Serie B,2026-08-22,UNKNOWN,,NO_SCORELINE,,
2,Over 1.5 goals + Away over 0.5 goals,"72%, 54%",0.4861,0.3914,1.242,2.06,2.55,SCORE_MATRIX_EXACT,OK,O15,Over 1.5 goals,0.7229,AWAY_O05,Away over 0.5 goals,0.5415,,,,Südtirol vs Virtus Entella,Serie B,2026-08-22,UNKNOWN,,NO_SCORELINE,,
2,Under 2.5 goals + Home or draw,"55%, 84%",0.4724,0.4666,1.012,2.12,2.14,SCORE_MATRIX_EXACT,OK,U25,Under 2.5 goals,0.5527,1X,Home or draw,0.8443,,,,Südtirol vs Virtus Entella,Serie B,2026-08-22,UNKNOWN,,NO_SCORELINE,,
2,Both teams to score - No + Home or draw,"55%, 84%",0.4585,0.4614,0.994,2.18,2.17,SCORE_MATRIX_EXACT,OK,BTTS_NO,Both teams to score - No,0.5465,1X,Home or draw,0.8443,,,,Südtirol vs Virtus Entella,Serie B,2026-08-22,UNKNOWN,,NO_SCORELINE,,
2,Over 1.5 goals + Home win,"72%, 58%",0.4538,0.4173,1.087,2.2,2.4,SCORE_MATRIX_EXACT,OK,O15,Over 1.5 goals,0.7229,HOME,Home win,0.5772,,,,Südtirol vs Virtus Entella,Serie B,2026-08-22,UNKNOWN,,NO_SCORELINE,,
2,Home win + Home over 1.5 goals,"58%, 51%",0.4538,0.293,1.549,2.2,3.41,SCORE_MATRIX_EXACT,OK,HOME,Home win,0.5772,HOME_O15,Home over 1.5 goals,0.5077,,,,Südtirol vs Virtus Entella,Serie B,2026-08-22,UNKNOWN,,NO_SCORELINE,,
2,Home over 0.5 goals + Away over 0.5 goals,"81%, 54%",0.4535,0.4406,1.029,2.2,2.27,SCORE_MATRIX_EXACT,OK,HOME_O05,Home over 0.5 goals,0.8138,AWAY_O05,Away over 0.5 goals,0.5415,,,,Südtirol vs Virtus Entella,Serie B,2026-08-22,UNKNOWN,,NO_SCORELINE,,
2,Over 2.5 goals + Home over 0.5 goals,"45%, 81%",0.4396,0.364,1.208,2.27,2.75,SCORE_MATRIX_EXACT,OK,O25,Over 2.5 goals,0.4473,HOME_O05,Home over 0.5 goals,0.8138,,,,Südtirol vs Virtus Entella,Serie B,2026-08-22,UNKNOWN,,NO_SCORELINE,,
2,Under 2.5 goals + Both teams to score - No,"55%, 55%",0.4253,0.302,1.408,2.35,3.31,SCORE_MATRIX_EXACT,OK,U25,Under 2.5 goals,0.5527,BTTS_NO,Both teams to score - No,0.5465,,,,Südtirol vs Virtus Entella,Serie B,2026-08-22,UNKNOWN,,NO_SCORELINE,,
2,Under 3.5 goals + Home win,"77%, 58%",0.4108,0.4417,0.93,2.43,2.26,SCORE_MATRIX_EXACT,OK,U35,Under 3.5 goals,0.7652,HOME,Home win,0.5772,,,,Südtirol vs Virtus Entella,Serie B,2026-08-22,UNKNOWN,,NO_SCORELINE,,
2,Home over 0.5 goals + Away over 0.5 goals,"81%, 65%",0.5239,0.5313,0.986,1.91,1.88,SCORE_MATRIX_EXACT,OK,HOME_O05,Home over 0.5 goals,0.8127,AWAY_O05,Away over 0.5 goals,0.6537,,,,IF Gnistan vs Ilves Tampere,Finland Veikkausliiga,2026-08-17,UNKNOWN,,NO_SCORELINE,,
2,Under 3.5 goals + Home over 0.5 goals,"70%, 81%",0.5198,0.571,0.91,1.92,1.75,SCORE_MATRIX_EXACT,OK,U35,Under 3.5 goals,0.7026,HOME_O05,Home over 0.5 goals,0.8127,,,,IF Gnistan vs Ilves Tampere,Finland Veikkausliiga,2026-08-17,UNKNOWN,,NO_SCORELINE,,
2,Under 3.5 goals + Home or draw,"70%, 75%",0.5155,0.5272,0.978,1.94,1.9,SCORE_MATRIX_EXACT,OK,U35,Under 3.5 goals,0.7026,1X,Home or draw,0.7503,,,,IF Gnistan vs Ilves Tampere,Finland Veikkausliiga,2026-08-17,UNKNOWN,,NO_SCORELINE,,
2,Over 2.5 goals + Home over 0.5 goals,"52%, 81%",0.5015,0.4219,1.189,1.99,2.37,SCORE_MATRIX_EXACT,OK,O25,Over 2.5 goals,0.5191,HOME_O05,Home over 0.5 goals,0.8127,,,,IF Gnistan vs Ilves Tampere,Finland Veikkausliiga,2026-08-17,UNKNOWN,,NO_SCORELINE,,
2,Home or draw + Home over 1.5 goals,"75%, 50%",0.4715,0.3752,1.257,2.12,2.67,SCORE_MATRIX_EXACT,OK,1X,Home or draw,0.7503,HOME_O15,Home over 1.5 goals,0.5001,,,,IF Gnistan vs Ilves Tampere,Finland Veikkausliiga,2026-08-17,UNKNOWN,,NO_SCORELINE,,
2,Over 1.5 goals + Under 3.5 goals,"75%, 70%",0.4519,0.5264,0.858,2.21,1.9,SCORE_MATRIX_EXACT,OK,O15,Over 1.5 goals,0.7493,U35,Under 3.5 goals,0.7026,,,,IF Gnistan vs Ilves Tampere,Finland Veikkausliiga,2026-08-17,UNKNOWN,,NO_SCORELINE,,
2,Under 3.5 goals + Both teams to score - No,"70%, 48%",0.4409,0.3345,1.318,2.27,2.99,SCORE_MATRIX_EXACT,OK,U35,Under 3.5 goals,0.7026,BTTS_NO,Both teams to score - No,0.4761,,,,IF Gnistan vs Ilves Tampere,Finland Veikkausliiga,2026-08-17,UNKNOWN,,NO_SCORELINE,,
2,Over 2.5 goals + Away over 0.5 goals,"52%, 65%",0.438,0.3393,1.291,2.28,2.95,SCORE_MATRIX_EXACT,OK,O25,Over 2.5 goals,0.5191,AWAY_O05,Away over 0.5 goals,0.6537,,,,IF Gnistan vs Ilves Tampere,Finland Veikkausliiga,2026-08-17,UNKNOWN,,NO_SCORELINE,,
2,Over 2.5 goals + Both teams to score,"52%, 52%",0.4204,0.272,1.546,2.38,3.68,SCORE_MATRIX_EXACT,OK,O25,Over 2.5 goals,0.5191,BTTS,Both teams to score,0.5239,,,,IF Gnistan vs Ilves Tampere,Finland Veikkausliiga,2026-08-17,UNKNOWN,,NO_SCORELINE,,
2,Draw or away + Away over 0.5 goals,"47%, 65%",0.4166,0.3099,1.344,2.4,3.23,SCORE_MATRIX_EXACT,OK,X2,Draw or away,0.4741,AWAY_O05,Away over 0.5 goals,0.6537,,,,IF Gnistan vs Ilves Tampere,Finland Veikkausliiga,2026-08-17,UNKNOWN,,NO_SCORELINE,,
2,Over 2.5 goals + Home over 1.5 goals,"52%, 50%",0.4102,0.2596,1.58,2.44,3.85,SCORE_MATRIX_EXACT,OK,O25,Over 2.5 goals,0.5191,HOME_O15,Home over 1.5 goals,0.5001,,,,IF Gnistan vs Ilves Tampere,Finland Veikkausliiga,2026-08-17,UNKNOWN,,NO_SCORELINE,,
2,Over 1.5 goals + Home win,"75%, 53%",0.408,0.3941,1.036,2.45,2.54,SCORE_MATRIX_EXACT,OK,O15,Over 1.5 goals,0.7493,HOME,Home win,0.5259,,,,IF Gnistan vs Ilves Tampere,Finland Veikkausliiga,2026-08-17,UNKNOWN,,NO_SCORELINE,,
2,Home or draw + Home over 0.5 goals,"66%, 70%",0.5509,0.4598,1.198,1.82,2.17,SCORE_MATRIX_EXACT,OK,1X,Home or draw,0.6591,HOME_O05,Home over 0.5 goals,0.6976,,,,Newells Old Boys vs Banfield,Argentina Primera Division,2026-08-23,UNKNOWN,,NO_SCORELINE,,
2,Draw or away + Away over 0.5 goals,"65%, 69%",0.5456,0.4539,1.202,1.83,2.2,SCORE_MATRIX_EXACT,OK,X2,Draw or away,0.6537,AWAY_O05,Away over 0.5 goals,0.6943,,,,Newells Old Boys vs Banfield,Argentina Primera Division,2026-08-23,UNKNOWN,,NO_SCORELINE,,
2,Under 3.5 goals + Home or draw,"79%, 66%",0.5246,0.5183,1.012,1.91,1.93,SCORE_MATRIX_EXACT,OK,U35,Under 3.5 goals,0.7864,1X,Home or draw,0.6591,,,,Newells Old Boys vs Banfield,Argentina Primera Division,2026-08-23,UNKNOWN,,NO_SCORELINE,,
2,Under 3.5 goals + Draw or away,"79%, 65%",0.5209,0.5141,1.013,1.92,1.95,SCORE_MATRIX_EXACT,OK,U35,Under 3.5 goals,0.7864,X2,Draw or away,0.6537,,,,Newells Old Boys vs Banfield,Argentina Primera Division,2026-08-23,UNKNOWN,,NO_SCORELINE,,
2,Home over 0.5 goals + Away over 0.5 goals,"70%, 69%",0.5001,0.4844,1.032,2.0,2.06,SCORE_MATRIX_EXACT,OK,HOME_O05,Home over 0.5 goals,0.6976,AWAY_O05,Away over 0.5 goals,0.6943,,,,Newells Old Boys vs Banfield,Argentina Primera Division,2026-08-23,UNKNOWN,,NO_SCORELINE,,
2,Under 3.5 goals + Home over 0.5 goals,"79%, 70%",0.4937,0.5486,0.9,2.03,1.82,SCORE_MATRIX_EXACT,OK,U35,Under 3.5 goals,0.7864,HOME_O05,Home over 0.5 goals,0.6976,,,,Newells Old Boys vs Banfield,Argentina Primera Division,2026-08-23,UNKNOWN,,NO_SCORELINE,,
2,Over 1.5 goals + Under 3.5 goals,"70%, 79%",0.4893,0.5528,0.885,2.04,1.81,SCORE_MATRIX_EXACT,OK,O15,Over 1.5 goals,0.7029,U35,Under 3.5 goals,0.7864,,,,Newells Old Boys vs Banfield,Argentina Primera Division,2026-08-23,UNKNOWN,,NO_SCORELINE,,
2,Under 3.5 goals + Away over 0.5 goals,"79%, 69%",0.4908,0.546,0.899,2.04,1.83,SCORE_MATRIX_EXACT,OK,U35,Under 3.5 goals,0.7864,AWAY_O05,Away over 0.5 goals,0.6943,,,,Newells Old Boys vs Banfield,Argentina Primera Division,2026-08-23,UNKNOWN,,NO_SCORELINE,,
2,Under 3.5 goals + Both teams to score - No,"79%, 50%",0.4801,0.3931,1.221,2.08,2.54,SCORE_MATRIX_EXACT,OK,U35,Under 3.5 goals,0.7864,BTTS_NO,Both teams to score - No,0.4999,,,,Newells Old Boys vs Banfield,Argentina Primera Division,2026-08-23,UNKNOWN,,NO_SCORELINE,,
2,Over 1.5 goals + Home or draw,"70%, 66%",0.456,0.4633,0.984,2.19,2.16,SCORE_MATRIX_EXACT,OK,O15,Over 1.5 goals,0.7029,1X,Home or draw,0.6591,,,,Newells Old Boys vs Banfield,Argentina Primera Division,2026-08-23,UNKNOWN,,NO_SCORELINE,,
2,Over 1.5 goals + Draw or away,"70%, 65%",0.4516,0.4595,0.983,2.21,2.18,SCORE_MATRIX_EXACT,OK,O15,Over 1.5 goals,0.7029,X2,Draw or away,0.6537,,,,Newells Old Boys vs Banfield,Argentina Primera Division,2026-08-23,UNKNOWN,,NO_SCORELINE,,
2,Under 2.5 goals + Both teams to score - No,"58%, 50%",0.4284,0.2896,1.479,2.33,3.45,SCORE_MATRIX_EXACT,OK,U25,Under 2.5 goals,0.5794,BTTS_NO,Both teams to score - No,0.4999,,,,Newells Old Boys vs Banfield,Argentina Primera Division,2026-08-23,UNKNOWN,,NO_SCORELINE,,
2,Draw or away + Away over 0.5 goals,"63%, 71%",0.5499,0.4498,1.223,1.82,2.22,SCORE_MATRIX_EXACT,OK,X2,Draw or away,0.6322,AWAY_O05,Away over 0.5 goals,0.7115,,,,Celta Fortuna vs Andorra CF,La Liga 2,2026-08-24,UNKNOWN,,NO_SCORELINE,,
2,Home over 0.5 goals + Away over 0.5 goals,"71%, 71%",0.5087,0.5087,1.0,1.97,1.97,SCORE_MATRIX_EXACT,OK,HOME_O05,Home over 0.5 goals,0.7149,AWAY_O05,Away over 0.5 goals,0.7115,,,,Celta Fortuna vs Andorra CF,La Liga 2,2026-08-24,UNKNOWN,,NO_SCORELINE,,
2,Under 3.5 goals + Home or draw,"76%, 64%",0.4862,0.4836,1.005,2.06,2.07,SCORE_MATRIX_EXACT,OK,U35,Under 3.5 goals,0.758,1X,Home or draw,0.638,,,,Celta Fortuna vs Andorra CF,La Liga 2,2026-08-24,UNKNOWN,,NO_SCORELINE,,
2,Under 3.5 goals + Draw or away,"76%, 63%",0.4824,0.4792,1.007,2.07,2.09,SCORE_MATRIX_EXACT,OK,U35,Under 3.5 goals,0.758,X2,Draw or away,0.6322,,,,Celta Fortuna vs Andorra CF,La Liga 2,2026-08-24,UNKNOWN,,NO_SCORELINE,,
2,Under 3.5 goals + Home over 0.5 goals,"76%, 71%",0.4837,0.5419,0.892,2.07,1.85,SCORE_MATRIX_EXACT,OK,U35,Under 3.5 goals,0.758,HOME_O05,Home over 0.5 goals,0.7149,,,,Celta Fortuna vs Andorra CF,La Liga 2,2026-08-24,UNKNOWN,,NO_SCORELINE,,
2,Under 3.5 goals + Away over 0.5 goals,"76%, 71%",0.4806,0.5393,0.891,2.08,1.85,SCORE_MATRIX_EXACT,OK,U35,Under 3.5 goals,0.758,AWAY_O05,Away over 0.5 goals,0.7115,,,,Celta Fortuna vs Andorra CF,La Liga 2,2026-08-24,UNKNOWN,,NO_SCORELINE,,
2,Over 1.5 goals + Under 3.5 goals,"71%, 76%",0.4703,0.5399,0.871,2.13,1.85,SCORE_MATRIX_EXACT,OK,O15,Over 1.5 goals,0.7123,U35,Under 3.5 goals,0.758,,,,Celta Fortuna vs Andorra CF,La Liga 2,2026-08-24,UNKNOWN,,NO_SCORELINE,,
2,Under 3.5 goals + Both teams to score - No,"76%, 49%",0.4694,0.3724,1.26,2.13,2.69,SCORE_MATRIX_EXACT,OK,U35,Under 3.5 goals,0.758,BTTS_NO,Both teams to score - No,0.4913,,,,Celta Fortuna vs Andorra CF,La Liga 2,2026-08-24,UNKNOWN,,NO_SCORELINE,,
2,Over 1.5 goals + Home or draw,"71%, 64%",0.4525,0.4544,0.996,2.21,2.2,SCORE_MATRIX_EXACT,OK,O15,Over 1.5 goals,0.7123,1X,Home or draw,0.638,,,,Celta Fortuna vs Andorra CF,La Liga 2,2026-08-24,UNKNOWN,,NO_SCORELINE,,
2,Over 1.5 goals + Draw or away,"71%, 63%",0.4477,0.4503,0.994,2.23,2.22,SCORE_MATRIX_EXACT,OK,O15,Over 1.5 goals,0.7123,X2,Draw or away,0.6322,,,,Celta Fortuna vs Andorra CF,La Liga 2,2026-08-24,UNKNOWN,,NO_SCORELINE,,
2,Over 2.5 goals + Home over 0.5 goals,"46%, 71%",0.4186,0.3258,1.285,2.39,3.07,SCORE_MATRIX_EXACT,OK,O25,Over 2.5 goals,0.4557,HOME_O05,Home over 0.5 goals,0.7149,,,,Celta Fortuna vs Andorra CF,La Liga 2,2026-08-24,UNKNOWN,,NO_SCORELINE,,
2,Over 2.5 goals + Away over 0.5 goals,"46%, 71%",0.4174,0.3242,1.287,2.4,3.08,SCORE_MATRIX_EXACT,OK,O25,Over 2.5 goals,0.4557,AWAY_O05,Away over 0.5 goals,0.7115,,,,Celta Fortuna vs Andorra CF,La Liga 2,2026-08-24,UNKNOWN,,NO_SCORELINE,,
2,Over 1.5 goals + Away over 0.5 goals,"76%, 58%",0.5279,0.44,1.2,1.89,2.27,SCORE_MATRIX_EXACT,OK,O15,Over 1.5 goals,0.761,AWAY_O05,Away over 0.5 goals,0.5782,,,,Shanghai SIPG FC vs Dalian Yingbo,China Super League,2026-08-19,UNKNOWN,,NO_SCORELINE,,
2,Home or draw + Home over 1.5 goals,"84%, 54%",0.526,0.4547,1.157,1.9,2.2,SCORE_MATRIX_EXACT,OK,1X,Home or draw,0.8382,HOME_O15,Home over 1.5 goals,0.5425,,,,Shanghai SIPG FC vs Dalian Yingbo,China Super League,2026-08-19,UNKNOWN,,NO_SCORELINE,,
2,Home over 0.5 goals + Away over 0.5 goals,"84%, 58%",0.4941,0.483,1.023,2.02,2.07,SCORE_MATRIX_EXACT,OK,HOME_O05,Home over 0.5 goals,0.8354,AWAY_O05,Away over 0.5 goals,0.5782,,,,Shanghai SIPG FC vs Dalian Yingbo,China Super League,2026-08-19,UNKNOWN,,NO_SCORELINE,,
2,Over 2.5 goals + Home over 0.5 goals,"50%, 84%",0.4883,0.4153,1.176,2.05,2.41,SCORE_MATRIX_EXACT,OK,O25,Over 2.5 goals,0.4971,HOME_O05,Home over 0.5 goals,0.8354,,,,Shanghai SIPG FC vs Dalian Yingbo,China Super League,2026-08-19,UNKNOWN,,NO_SCORELINE,,
2,Over 1.5 goals + Under 3.5 goals,"76%, 72%",0.4836,0.5499,0.879,2.07,1.82,SCORE_MATRIX_EXACT,OK,O15,Over 1.5 goals,0.761,U35,Under 3.5 goals,0.7226,,,,Shanghai SIPG FC vs Dalian Yingbo,China Super League,2026-08-19,UNKNOWN,,NO_SCORELINE,,
2,Over 1.5 goals + Home win,"76%, 59%",0.4772,0.4454,1.071,2.1,2.25,SCORE_MATRIX_EXACT,OK,O15,Over 1.5 goals,0.761,HOME,Home win,0.5853,,,,Shanghai SIPG FC vs Dalian Yingbo,China Super League,2026-08-19,UNKNOWN,,NO_SCORELINE,,
2,Home win + Home over 1.5 goals,"59%, 54%",0.4772,0.3175,1.503,2.1,3.15,SCORE_MATRIX_EXACT,OK,HOME,Home win,0.5853,HOME_O15,Home over 1.5 goals,0.5425,,,,Shanghai SIPG FC vs Dalian Yingbo,China Super League,2026-08-19,UNKNOWN,,NO_SCORELINE,,
2,Under 3.5 goals + Both teams to score - No,"72%, 51%",0.4563,0.3656,1.248,2.19,2.74,SCORE_MATRIX_EXACT,OK,U35,Under 3.5 goals,0.7226,BTTS_NO,Both teams to score - No,0.5059,,,,Shanghai SIPG FC vs Dalian Yingbo,China Super League,2026-08-19,UNKNOWN,,NO_SCORELINE,,
2,Over 2.5 goals + Home over 1.5 goals,"50%, 54%",0.427,0.2697,1.583,2.34,3.71,SCORE_MATRIX_EXACT,OK,O25,Over 2.5 goals,0.4971,HOME_O15,Home over 1.5 goals,0.5425,,,,Shanghai SIPG FC vs Dalian Yingbo,China Super League,2026-08-19,UNKNOWN,,NO_SCORELINE,,
2,Under 2.5 goals + Home or draw,"50%, 84%",0.4276,0.4215,1.014,2.34,2.37,SCORE_MATRIX_EXACT,OK,U25,Under 2.5 goals,0.5029,1X,Home or draw,0.8382,,,,Shanghai SIPG FC vs Dalian Yingbo,China Super League,2026-08-19,UNKNOWN,,NO_SCORELINE,,
2,Both teams to score - No + Home or draw,"51%, 84%",0.4218,0.4241,0.995,2.37,2.36,SCORE_MATRIX_EXACT,OK,BTTS_NO,Both teams to score - No,0.5059,1X,Home or draw,0.8382,,,,Shanghai SIPG FC vs Dalian Yingbo,China Super League,2026-08-19,UNKNOWN,,NO_SCORELINE,,
2,Both teams to score + Home or draw,"49%, 84%",0.4164,0.4142,1.005,2.4,2.41,SCORE_MATRIX_EXACT,OK,BTTS,Both teams to score,0.4941,1X,Home or draw,0.8382,,,,Shanghai SIPG FC vs Dalian Yingbo,China Super League,2026-08-19,UNKNOWN,,NO_SCORELINE,,
2,Over 1.5 goals + Home or draw,"72%, 74%",0.539,0.5358,1.006,1.86,1.87,SCORE_MATRIX_EXACT,OK,O15,Over 1.5 goals,0.7224,1X,Home or draw,0.7417,,,,Drogheda United vs St Patricks Athletic,Ireland Premier Division,2026-08-21,UNKNOWN,,NO_SCORELINE,,
2,Under 3.5 goals + Home over 0.5 goals,"77%, 76%",0.5325,0.5834,0.913,1.88,1.71,SCORE_MATRIX_EXACT,OK,U35,Under 3.5 goals,0.7669,HOME_O05,Home over 0.5 goals,0.7606,,,,Drogheda United vs St Patricks Athletic,Ireland Premier Division,2026-08-21,UNKNOWN,,NO_SCORELINE,,
2,Home over 0.5 goals + Away over 0.5 goals,"76%, 65%",0.5071,0.4928,1.029,1.97,2.03,SCORE_MATRIX_EXACT,OK,HOME_O05,Home over 0.5 goals,0.7606,AWAY_O05,Away over 0.5 goals,0.6479,,,,Drogheda United vs St Patricks Athletic,Ireland Premier Division,2026-08-21,UNKNOWN,,NO_SCORELINE,,
2,Over 1.5 goals + Under 3.5 goals,"72%, 77%",0.4893,0.554,0.883,2.04,1.81,SCORE_MATRIX_EXACT,OK,O15,Over 1.5 goals,0.7224,U35,Under 3.5 goals,0.7669,,,,Drogheda United vs St Patricks Athletic,Ireland Premier Division,2026-08-21,UNKNOWN,,NO_SCORELINE,,
2,Under 3.5 goals + Both teams to score - No,"77%, 49%",0.4675,0.378,1.237,2.14,2.65,SCORE_MATRIX_EXACT,OK,U35,Under 3.5 goals,0.7669,BTTS_NO,Both teams to score - No,0.4929,,,,Drogheda United vs St Patricks Athletic,Ireland Premier Division,2026-08-21,UNKNOWN,,NO_SCORELINE,,
2,Draw or away + Away over 0.5 goals,"56%, 65%",0.4575,0.3603,1.27,2.19,2.78,SCORE_MATRIX_EXACT,OK,X2,Draw or away,0.5561,AWAY_O05,Away over 0.5 goals,0.6479,,,,Drogheda United vs St Patricks Athletic,Ireland Premier Division,2026-08-21,UNKNOWN,,NO_SCORELINE,,
2,Under 3.5 goals + Draw or away,"77%, 56%",0.4439,0.4265,1.041,2.25,2.34,SCORE_MATRIX_EXACT,OK,U35,Under 3.5 goals,0.7669,X2,Draw or away,0.5561,,,,Drogheda United vs St Patricks Athletic,Ireland Premier Division,2026-08-21,UNKNOWN,,NO_SCORELINE,,
2,Under 3.5 goals + Away over 0.5 goals,"77%, 65%",0.4352,0.4969,0.876,2.3,2.01,SCORE_MATRIX_EXACT,OK,U35,Under 3.5 goals,0.7669,AWAY_O05,Away over 0.5 goals,0.6479,,,,Drogheda United vs St Patricks Athletic,Ireland Premier Division,2026-08-21,UNKNOWN,,NO_SCORELINE,,
2,Under 2.5 goals + Home or draw,"56%, 74%",0.4349,0.4118,1.056,2.3,2.43,SCORE_MATRIX_EXACT,OK,U25,Under 2.5 goals,0.5552,1X,Home or draw,0.7417,,,,Drogheda United vs St Patricks Athletic,Ireland Premier Division,2026-08-21,UNKNOWN,,NO_SCORELINE,,
2,Over 2.5 goals + Home over 0.5 goals,"44%, 76%",0.4243,0.3384,1.254,2.36,2.96,SCORE_MATRIX_EXACT,OK,O25,Over 2.5 goals,0.4448,HOME_O05,Home over 0.5 goals,0.7606,,,,Drogheda United vs St Patricks Athletic,Ireland Premier Division,2026-08-21,UNKNOWN,,NO_SCORELINE,,
2,Under 2.5 goals + Both teams to score - No,"56%, 49%",0.4104,0.2736,1.5,2.44,3.65,SCORE_MATRIX_EXACT,OK,U25,Under 2.5 goals,0.5552,BTTS_NO,Both teams to score - No,0.4929,,,,Drogheda United vs St Patricks Athletic,Ireland Premier Division,2026-08-21,UNKNOWN,,NO_SCORELINE,,
2,Home or draw + Home over 1.5 goals,"74%, 42%",0.3943,0.3099,1.272,2.54,3.23,SCORE_MATRIX_EXACT,OK,1X,Home or draw,0.7417,HOME_O15,Home over 1.5 goals,0.4178,,,,Drogheda United vs St Patricks Athletic,Ireland Premier Division,2026-08-21,UNKNOWN,,NO_SCORELINE,,
2,Home over 0.5 goals + Away over 0.5 goals,"75%, 69%",0.5202,0.5202,1.0,1.92,1.92,SCORE_MATRIX_EXACT,OK,HOME_O05,Home over 0.5 goals,0.7508,AWAY_O05,Away over 0.5 goals,0.6929,,,,Vicenza vs US Catanzaro 1929,Serie B,2026-08-22,UNKNOWN,,NO_SCORELINE,,
2,Draw or away + Away over 0.5 goals,"58%, 69%",0.5063,0.4038,1.254,1.98,2.48,SCORE_MATRIX_EXACT,OK,X2,Draw or away,0.5828,AWAY_O05,Away over 0.5 goals,0.6929,,,,Vicenza vs US Catanzaro 1929,Serie B,2026-08-22,UNKNOWN,,NO_SCORELINE,,
2,Under 3.5 goals + Home or draw,"74%, 68%",0.5038,0.5057,0.996,1.99,1.98,SCORE_MATRIX_EXACT,OK,U35,Under 3.5 goals,0.7425,1X,Home or draw,0.6811,,,,Vicenza vs US Catanzaro 1929,Serie B,2026-08-22,UNKNOWN,,NO_SCORELINE,,
2,Under 3.5 goals + Home over 0.5 goals,"74%, 75%",0.5013,0.5575,0.899,1.99,1.79,SCORE_MATRIX_EXACT,OK,U35,Under 3.5 goals,0.7425,HOME_O05,Home over 0.5 goals,0.7508,,,,Vicenza vs US Catanzaro 1929,Serie B,2026-08-22,UNKNOWN,,NO_SCORELINE,,
2,Over 1.5 goals + Home or draw,"73%, 68%",0.4983,0.495,1.007,2.01,2.02,SCORE_MATRIX_EXACT,OK,O15,Over 1.5 goals,0.7268,1X,Home or draw,0.6811,,,,Vicenza vs US Catanzaro 1929,Serie B,2026-08-22,UNKNOWN,,NO_SCORELINE,,
2,Over 1.5 goals + Under 3.5 goals,"73%, 74%",0.4693,0.5396,0.87,2.13,1.85,SCORE_MATRIX_EXACT,OK,O15,Over 1.5 goals,0.7268,U35,Under 3.5 goals,0.7425,,,,Vicenza vs US Catanzaro 1929,Serie B,2026-08-22,UNKNOWN,,NO_SCORELINE,,
2,Under 3.5 goals + Both teams to score - No,"74%, 48%",0.4556,0.3562,1.279,2.19,2.81,SCORE_MATRIX_EXACT,OK,U35,Under 3.5 goals,0.7425,BTTS_NO,Both teams to score - No,0.4798,,,,Vicenza vs US Catanzaro 1929,Serie B,2026-08-22,UNKNOWN,,NO_SCORELINE,,
2,Under 3.5 goals + Away over 0.5 goals,"74%, 69%",0.4515,0.5144,0.878,2.21,1.94,SCORE_MATRIX_EXACT,OK,U35,Under 3.5 goals,0.7425,AWAY_O05,Away over 0.5 goals,0.6929,,,,Vicenza vs US Catanzaro 1929,Serie B,2026-08-22,UNKNOWN,,NO_SCORELINE,,
2,Over 2.5 goals + Home over 0.5 goals,"47%, 75%",0.4451,0.3559,1.25,2.25,2.81,SCORE_MATRIX_EXACT,OK,O25,Over 2.5 goals,0.474,HOME_O05,Home over 0.5 goals,0.7508,,,,Vicenza vs US Catanzaro 1929,Serie B,2026-08-22,UNKNOWN,,NO_SCORELINE,,
2,Under 3.5 goals + Draw or away,"74%, 58%",0.4408,0.4327,1.019,2.27,2.31,SCORE_MATRIX_EXACT,OK,U35,Under 3.5 goals,0.7425,X2,Draw or away,0.5828,,,,Vicenza vs US Catanzaro 1929,Serie B,2026-08-22,UNKNOWN,,NO_SCORELINE,,
2,Over 2.5 goals + Away over 0.5 goals,"47%, 69%",0.4237,0.3284,1.29,2.36,3.04,SCORE_MATRIX_EXACT,OK,O25,Over 2.5 goals,0.474,AWAY_O05,Away over 0.5 goals,0.6929,,,,Vicenza vs US Catanzaro 1929,Serie B,2026-08-22,UNKNOWN,,NO_SCORELINE,,
2,Over 1.5 goals + Draw or away,"73%, 58%",0.416,0.4236,0.982,2.4,2.36,SCORE_MATRIX_EXACT,OK,O15,Over 1.5 goals,0.7268,X2,Draw or away,0.5828,,,,Vicenza vs US Catanzaro 1929,Serie B,2026-08-22,UNKNOWN,,NO_SCORELINE,,
2,Under 3.5 goals + Home over 0.5 goals,"74%, 81%",0.5542,0.6004,0.923,1.8,1.67,SCORE_MATRIX_EXACT,OK,U35,Under 3.5 goals,0.7375,HOME_O05,Home over 0.5 goals,0.8141,,,,Kashima Antlers vs Avispa Fukuoka,Japan J-League,2026-08-22,UNKNOWN,,NO_SCORELINE,,
2,Over 1.5 goals + Away over 0.5 goals,"75%, 60%",0.5445,0.4508,1.208,1.84,2.22,SCORE_MATRIX_EXACT,OK,O15,Over 1.5 goals,0.7488,AWAY_O05,Away over 0.5 goals,0.602,,,,Kashima Antlers vs Avispa Fukuoka,Japan J-League,2026-08-22,UNKNOWN,,NO_SCORELINE,,
2,Home over 0.5 goals + Away over 0.5 goals,"81%, 60%",0.5023,0.4901,1.025,1.99,2.04,SCORE_MATRIX_EXACT,OK,HOME_O05,Home over 0.5 goals,0.8141,AWAY_O05,Away over 0.5 goals,0.602,,,,Kashima Antlers vs Avispa Fukuoka,Japan J-League,2026-08-22,UNKNOWN,,NO_SCORELINE,,
2,Over 1.5 goals + Under 3.5 goals,"75%, 74%",0.4863,0.5522,0.881,2.06,1.81,SCORE_MATRIX_EXACT,OK,O15,Over 1.5 goals,0.7488,U35,Under 3.5 goals,0.7375,,,,Kashima Antlers vs Avispa Fukuoka,Japan J-League,2026-08-22,UNKNOWN,,NO_SCORELINE,,
2,Home or draw + Home over 1.5 goals,"81%, 50%",0.485,0.4082,1.188,2.06,2.45,SCORE_MATRIX_EXACT,OK,1X,Home or draw,0.8101,HOME_O15,Home over 1.5 goals,0.5039,,,,Kashima Antlers vs Avispa Fukuoka,Japan J-League,2026-08-22,UNKNOWN,,NO_SCORELINE,,
2,Over 2.5 goals + Home over 0.5 goals,"48%, 81%",0.4683,0.3908,1.198,2.14,2.56,SCORE_MATRIX_EXACT,OK,O25,Over 2.5 goals,0.48,HOME_O05,Home over 0.5 goals,0.8141,,,,Kashima Antlers vs Avispa Fukuoka,Japan J-League,2026-08-22,UNKNOWN,,NO_SCORELINE,,
2,Under 3.5 goals + Both teams to score - No,"74%, 50%",0.458,0.3671,1.248,2.18,2.72,SCORE_MATRIX_EXACT,OK,U35,Under 3.5 goals,0.7375,BTTS_NO,Both teams to score - No,0.4977,,,,Kashima Antlers vs Avispa Fukuoka,Japan J-League,2026-08-22,UNKNOWN,,NO_SCORELINE,,
2,Over 1.5 goals + Home win,"75%, 54%",0.4333,0.405,1.07,2.31,2.47,SCORE_MATRIX_EXACT,OK,O15,Over 1.5 goals,0.7488,HOME,Home win,0.5409,,,,Kashima Antlers vs Avispa Fukuoka,Japan J-League,2026-08-22,UNKNOWN,,NO_SCORELINE,,
2,Under 2.5 goals + Home or draw,"52%, 81%",0.432,0.4213,1.026,2.31,2.37,SCORE_MATRIX_EXACT,OK,U25,Under 2.5 goals,0.52,1X,Home or draw,0.8101,,,,Kashima Antlers vs Avispa Fukuoka,Japan J-League,2026-08-22,UNKNOWN,,NO_SCORELINE,,
2,Home win + Home over 1.5 goals,"54%, 50%",0.4333,0.2725,1.59,2.31,3.67,SCORE_MATRIX_EXACT,OK,HOME,Home win,0.5409,HOME_O15,Home over 1.5 goals,0.5039,,,,Kashima Antlers vs Avispa Fukuoka,Japan J-League,2026-08-22,UNKNOWN,,NO_SCORELINE,,
2,Both teams to score + Home or draw,"50%, 81%",0.4121,0.4069,1.013,2.43,2.46,SCORE_MATRIX_EXACT,OK,BTTS,Both teams to score,0.5023,1X,Home or draw,0.8101,,,,Kashima Antlers vs Avispa Fukuoka,Japan J-League,2026-08-22,UNKNOWN,,NO_SCORELINE,,
2,Home or draw + Away over 0.5 goals,"81%, 60%",0.4121,0.4877,0.845,2.43,2.05,SCORE_MATRIX_EXACT,OK,1X,Home or draw,0.8101,AWAY_O05,Away over 0.5 goals,0.602,,,,Kashima Antlers vs Avispa Fukuoka,Japan J-League,2026-08-22,UNKNOWN,,NO_SCORELINE,,
2,Home over 0.5 goals + Away over 0.5 goals,"75%, 69%",0.518,0.5134,1.009,1.93,1.95,SCORE_MATRIX_EXACT,OK,HOME_O05,Home over 0.5 goals,0.7456,AWAY_O05,Away over 0.5 goals,0.6886,,,,Derby County vs Cardiff City,Championship,2026-08-22,UNKNOWN,,NO_SCORELINE,,
2,Under 3.5 goals + Home or draw,"75%, 69%",0.5153,0.5159,0.999,1.94,1.94,SCORE_MATRIX_EXACT,OK,U35,Under 3.5 goals,0.7516,1X,Home or draw,0.6864,,,,Derby County vs Cardiff City,Championship,2026-08-22,UNKNOWN,,NO_SCORELINE,,
2,Draw or away + Away over 0.5 goals,"59%, 69%",0.5066,0.4066,1.246,1.97,2.46,SCORE_MATRIX_EXACT,OK,X2,Draw or away,0.5904,AWAY_O05,Away over 0.5 goals,0.6886,,,,Derby County vs Cardiff City,Championship,2026-08-22,UNKNOWN,,NO_SCORELINE,,
2,Under 3.5 goals + Home over 0.5 goals,"75%, 75%",0.5051,0.5605,0.901,1.98,1.78,SCORE_MATRIX_EXACT,OK,U35,Under 3.5 goals,0.7516,HOME_O05,Home over 0.5 goals,0.7456,,,,Derby County vs Cardiff City,Championship,2026-08-22,UNKNOWN,,NO_SCORELINE,,
2,Over 1.5 goals + Home or draw,"72%, 69%",0.499,0.4973,1.003,2.0,2.01,SCORE_MATRIX_EXACT,OK,O15,Over 1.5 goals,0.7245,1X,Home or draw,0.6864,,,,Derby County vs Cardiff City,Championship,2026-08-22,UNKNOWN,,NO_SCORELINE,,
2,Over 1.5 goals + Under 3.5 goals,"72%, 75%",0.4762,0.5446,0.874,2.1,1.84,SCORE_MATRIX_EXACT,OK,O15,Over 1.5 goals,0.7245,U35,Under 3.5 goals,0.7516,,,,Derby County vs Cardiff City,Championship,2026-08-22,UNKNOWN,,NO_SCORELINE,,
2,Under 3.5 goals + Both teams to score - No,"75%, 48%",0.4586,0.3623,1.266,2.18,2.76,SCORE_MATRIX_EXACT,OK,U35,Under 3.5 goals,0.7516,BTTS_NO,Both teams to score - No,0.482,,,,Derby County vs Cardiff City,Championship,2026-08-22,UNKNOWN,,NO_SCORELINE,,
2,Under 3.5 goals + Away over 0.5 goals,"75%, 69%",0.4559,0.5176,0.881,2.19,1.93,SCORE_MATRIX_EXACT,OK,U35,Under 3.5 goals,0.7516,AWAY_O05,Away over 0.5 goals,0.6886,,,,Derby County vs Cardiff City,Championship,2026-08-22,UNKNOWN,,NO_SCORELINE,,
2,Under 3.5 goals + Draw or away,"75%, 59%",0.4531,0.4438,1.021,2.21,2.25,SCORE_MATRIX_EXACT,OK,U35,Under 3.5 goals,0.7516,X2,Draw or away,0.5904,,,,Derby County vs Cardiff City,Championship,2026-08-22,UNKNOWN,,NO_SCORELINE,,
2,Over 2.5 goals + Home over 0.5 goals,"46%, 75%",0.4346,0.3454,1.258,2.3,2.9,SCORE_MATRIX_EXACT,OK,O25,Over 2.5 goals,0.4632,HOME_O05,Home over 0.5 goals,0.7456,,,,Derby County vs Cardiff City,Championship,2026-08-22,UNKNOWN,,NO_SCORELINE,,
2,Over 1.5 goals + Draw or away,"72%, 59%",0.4186,0.4278,0.978,2.39,2.34,SCORE_MATRIX_EXACT,OK,O15,Over 1.5 goals,0.7245,X2,Draw or away,0.5904,,,,Derby County vs Cardiff City,Championship,2026-08-22,UNKNOWN,,NO_SCORELINE,,
2,Over 2.5 goals + Away over 0.5 goals,"46%, 69%",0.4137,0.319,1.297,2.42,3.14,SCORE_MATRIX_EXACT,OK,O25,Over 2.5 goals,0.4632,AWAY_O05,Away over 0.5 goals,0.6886,,,,Derby County vs Cardiff City,Championship,2026-08-22,UNKNOWN,,NO_SCORELINE,,
2,Over 1.5 goals + Away over 0.5 goals,"73%, 59%",0.528,0.4315,1.224,1.89,2.32,SCORE_MATRIX_EXACT,OK,O15,Over 1.5 goals,0.7343,AWAY_O05,Away over 0.5 goals,0.5876,,,,Oviedo vs Leganés,La Liga 2,2026-08-22,UNKNOWN,,NO_SCORELINE,,
2,Over 1.5 goals + Under 3.5 goals,"73%, 75%",0.4879,0.5534,0.882,2.05,1.81,SCORE_MATRIX_EXACT,OK,O15,Over 1.5 goals,0.7343,U35,Under 3.5 goals,0.7536,,,,Oviedo vs Leganés,La Liga 2,2026-08-22,UNKNOWN,,NO_SCORELINE,,
2,Home over 0.5 goals + Away over 0.5 goals,"81%, 59%",0.4865,0.4736,1.027,2.06,2.11,SCORE_MATRIX_EXACT,OK,HOME_O05,Home over 0.5 goals,0.806,AWAY_O05,Away over 0.5 goals,0.5876,,,,Oviedo vs Leganés,La Liga 2,2026-08-22,UNKNOWN,,NO_SCORELINE,,
2,Under 3.5 goals + Both teams to score - No,"75%, 51%",0.4751,0.3869,1.228,2.1,2.58,SCORE_MATRIX_EXACT,OK,U35,Under 3.5 goals,0.7536,BTTS_NO,Both teams to score - No,0.5135,,,,Oviedo vs Leganés,La Liga 2,2026-08-22,UNKNOWN,,NO_SCORELINE,,
2,Home or draw + Home over 1.5 goals,"81%, 49%",0.4745,0.3997,1.187,2.11,2.5,SCORE_MATRIX_EXACT,OK,1X,Home or draw,0.8135,HOME_O15,Home over 1.5 goals,0.4914,,,,Oviedo vs Leganés,La Liga 2,2026-08-22,UNKNOWN,,NO_SCORELINE,,
2,Over 2.5 goals + Home over 0.5 goals,"46%, 81%",0.45,0.3717,1.211,2.22,2.69,SCORE_MATRIX_EXACT,OK,O25,Over 2.5 goals,0.4611,HOME_O05,Home over 0.5 goals,0.806,,,,Oviedo vs Leganés,La Liga 2,2026-08-22,UNKNOWN,,NO_SCORELINE,,
2,Under 2.5 goals + Home or draw,"54%, 81%",0.4489,0.4384,1.024,2.23,2.28,SCORE_MATRIX_EXACT,OK,U25,Under 2.5 goals,0.5389,1X,Home or draw,0.8135,,,,Oviedo vs Leganés,La Liga 2,2026-08-22,UNKNOWN,,NO_SCORELINE,,
2,Over 1.5 goals + Home win,"73%, 54%",0.4259,0.3959,1.076,2.35,2.53,SCORE_MATRIX_EXACT,OK,O15,Over 1.5 goals,0.7343,HOME,Home win,0.5391,,,,Oviedo vs Leganés,La Liga 2,2026-08-22,UNKNOWN,,NO_SCORELINE,,
2,Home win + Home over 1.5 goals,"54%, 49%",0.4259,0.2649,1.608,2.35,3.77,SCORE_MATRIX_EXACT,OK,HOME,Home win,0.5391,HOME_O15,Home over 1.5 goals,0.4914,,,,Oviedo vs Leganés,La Liga 2,2026-08-22,UNKNOWN,,NO_SCORELINE,,
2,Both teams to score - No + Home or draw,"51%, 81%",0.4124,0.4177,0.987,2.42,2.39,SCORE_MATRIX_EXACT,OK,BTTS_NO,Both teams to score - No,0.5135,1X,Home or draw,0.8135,,,,Oviedo vs Leganés,La Liga 2,2026-08-22,UNKNOWN,,NO_SCORELINE,,
2,Under 2.5 goals + Both teams to score - No,"54%, 51%",0.4059,0.2767,1.467,2.46,3.61,SCORE_MATRIX_EXACT,OK,U25,Under 2.5 goals,0.5389,BTTS_NO,Both teams to score - No,0.5135,,,,Oviedo vs Leganés,La Liga 2,2026-08-22,UNKNOWN,,NO_SCORELINE,,
2,Both teams to score + Home or draw,"49%, 81%",0.4011,0.3958,1.013,2.49,2.53,SCORE_MATRIX_EXACT,OK,BTTS,Both teams to score,0.4865,1X,Home or draw,0.8135,,,,Oviedo vs Leganés,La Liga 2,2026-08-22,UNKNOWN,,NO_SCORELINE,,
2,Home over 0.5 goals + Away over 0.5 goals,"75%, 69%",0.5183,0.5183,1.0,1.93,1.93,SCORE_MATRIX_EXACT,OK,HOME_O05,Home over 0.5 goals,0.7496,AWAY_O05,Away over 0.5 goals,0.6914,,,,Vicenza vs US Catanzaro 1929,Serie B,2026-08-21,UNKNOWN,,NO_SCORELINE,,
2,Under 3.5 goals + Home or draw,"74%, 68%",0.5054,0.5074,0.996,1.98,1.97,SCORE_MATRIX_EXACT,OK,U35,Under 3.5 goals,0.7446,1X,Home or draw,0.6815,,,,Vicenza vs US Catanzaro 1929,Serie B,2026-08-21,UNKNOWN,,NO_SCORELINE,,
2,Draw or away + Away over 0.5 goals,"58%, 69%",0.5058,0.4031,1.255,1.98,2.48,SCORE_MATRIX_EXACT,OK,X2,Draw or away,0.5831,AWAY_O05,Away over 0.5 goals,0.6914,,,,Vicenza vs US Catanzaro 1929,Serie B,2026-08-21,UNKNOWN,,NO_SCORELINE,,
2,Under 3.5 goals + Home over 0.5 goals,"74%, 75%",0.5021,0.5581,0.9,1.99,1.79,SCORE_MATRIX_EXACT,OK,U35,Under 3.5 goals,0.7446,HOME_O05,Home over 0.5 goals,0.7496,,,,Vicenza vs US Catanzaro 1929,Serie B,2026-08-21,UNKNOWN,,NO_SCORELINE,,
2,Over 1.5 goals + Home or draw,"72%, 68%",0.4972,0.494,1.007,2.01,2.02,SCORE_MATRIX_EXACT,OK,O15,Over 1.5 goals,0.7249,1X,Home or draw,0.6815,,,,Vicenza vs US Catanzaro 1929,Serie B,2026-08-21,UNKNOWN,,NO_SCORELINE,,
2,Over 1.5 goals + Under 3.5 goals,"72%, 74%",0.4695,0.5397,0.87,2.13,1.85,SCORE_MATRIX_EXACT,OK,O15,Over 1.5 goals,0.7249,U35,Under 3.5 goals,0.7446,,,,Vicenza vs US Catanzaro 1929,Serie B,2026-08-21,UNKNOWN,,NO_SCORELINE,,
2,Under 3.5 goals + Both teams to score - No,"74%, 48%",0.4577,0.3587,1.276,2.18,2.79,SCORE_MATRIX_EXACT,OK,U35,Under 3.5 goals,0.7446,BTTS_NO,Both teams to score - No,0.4817,,,,Vicenza vs US Catanzaro 1929,Serie B,2026-08-21,UNKNOWN,,NO_SCORELINE,,
2,Under 3.5 goals + Away over 0.5 goals,"74%, 69%",0.452,0.5148,0.878,2.21,1.94,SCORE_MATRIX_EXACT,OK,U35,Under 3.5 goals,0.7446,AWAY_O05,Away over 0.5 goals,0.6914,,,,Vicenza vs US Catanzaro 1929,Serie B,2026-08-21,UNKNOWN,,NO_SCORELINE,,
2,Over 2.5 goals + Home over 0.5 goals,"47%, 75%",0.4428,0.3535,1.252,2.26,2.83,SCORE_MATRIX_EXACT,OK,O25,Over 2.5 goals,0.4716,HOME_O05,Home over 0.5 goals,0.7496,,,,Vicenza vs US Catanzaro 1929,Serie B,2026-08-21,UNKNOWN,,NO_SCORELINE,,
2,Under 3.5 goals + Draw or away,"74%, 58%",0.4422,0.4341,1.019,2.26,2.3,SCORE_MATRIX_EXACT,OK,U35,Under 3.5 goals,0.7446,X2,Draw or away,0.5831,,,,Vicenza vs US Catanzaro 1929,Serie B,2026-08-21,UNKNOWN,,NO_SCORELINE,,
2,Over 2.5 goals + Away over 0.5 goals,"47%, 69%",0.4214,0.3261,1.292,2.37,3.07,SCORE_MATRIX_EXACT,OK,O25,Over 2.5 goals,0.4716,AWAY_O05,Away over 0.5 goals,0.6914,,,,Vicenza vs US Catanzaro 1929,Serie B,2026-08-21,UNKNOWN,,NO_SCORELINE,,
2,Over 1.5 goals + Draw or away,"72%, 58%",0.415,0.4227,0.982,2.41,2.37,SCORE_MATRIX_EXACT,OK,O15,Over 1.5 goals,0.7249,X2,Draw or away,0.5831,,,,Vicenza vs US Catanzaro 1929,Serie B,2026-08-21,UNKNOWN,,NO_SCORELINE,,
2,Over 1.5 goals + Away over 0.5 goals,"73%, 62%",0.5527,0.4506,1.227,1.81,2.22,SCORE_MATRIX_EXACT,OK,O15,Over 1.5 goals,0.7254,AWAY_O05,Away over 0.5 goals,0.6212,,,,Albacete vs Real Sociedad B,La Liga 2,2026-08-22,UNKNOWN,,NO_SCORELINE,,
2,Under 3.5 goals + Home over 0.5 goals,"76%, 78%",0.5473,0.5957,0.919,1.83,1.68,SCORE_MATRIX_EXACT,OK,U35,Under 3.5 goals,0.7636,HOME_O05,Home over 0.5 goals,0.7801,,,,Albacete vs Real Sociedad B,La Liga 2,2026-08-22,UNKNOWN,,NO_SCORELINE,,
2,Home over 0.5 goals + Away over 0.5 goals,"78%, 62%",0.4985,0.4846,1.029,2.01,2.06,SCORE_MATRIX_EXACT,OK,HOME_O05,Home over 0.5 goals,0.7801,AWAY_O05,Away over 0.5 goals,0.6212,,,,Albacete vs Real Sociedad B,La Liga 2,2026-08-22,UNKNOWN,,NO_SCORELINE,,
2,Over 1.5 goals + Under 3.5 goals,"73%, 76%",0.4889,0.5539,0.883,2.05,1.81,SCORE_MATRIX_EXACT,OK,O15,Over 1.5 goals,0.7254,U35,Under 3.5 goals,0.7636,,,,Albacete vs Real Sociedad B,La Liga 2,2026-08-22,UNKNOWN,,NO_SCORELINE,,
2,Under 3.5 goals + Both teams to score - No,"76%, 50%",0.4718,0.383,1.232,2.12,2.61,SCORE_MATRIX_EXACT,OK,U35,Under 3.5 goals,0.7636,BTTS_NO,Both teams to score - No,0.5015,,,,Albacete vs Real Sociedad B,La Liga 2,2026-08-22,UNKNOWN,,NO_SCORELINE,,
2,Under 2.5 goals + Home or draw,"55%, 77%",0.4441,0.4268,1.041,2.25,2.34,SCORE_MATRIX_EXACT,OK,U25,Under 2.5 goals,0.551,1X,Home or draw,0.7745,,,,Albacete vs Real Sociedad B,La Liga 2,2026-08-22,UNKNOWN,,NO_SCORELINE,,
2,Over 2.5 goals + Home over 0.5 goals,"45%, 78%",0.4332,0.3503,1.237,2.31,2.86,SCORE_MATRIX_EXACT,OK,O25,Over 2.5 goals,0.449,HOME_O05,Home over 0.5 goals,0.7801,,,,Albacete vs Real Sociedad B,La Liga 2,2026-08-22,UNKNOWN,,NO_SCORELINE,,
2,Home or draw + Home over 1.5 goals,"77%, 45%",0.4278,0.3471,1.232,2.34,2.88,SCORE_MATRIX_EXACT,OK,1X,Home or draw,0.7745,HOME_O15,Home over 1.5 goals,0.4482,,,,Albacete vs Real Sociedad B,La Liga 2,2026-08-22,UNKNOWN,,NO_SCORELINE,,
2,Draw or away + Away over 0.5 goals,"52%, 62%",0.4182,0.3201,1.306,2.39,3.12,SCORE_MATRIX_EXACT,OK,X2,Draw or away,0.5153,AWAY_O05,Away over 0.5 goals,0.6212,,,,Albacete vs Real Sociedad B,La Liga 2,2026-08-22,UNKNOWN,,NO_SCORELINE,,
2,Under 3.5 goals + Draw or away,"76%, 52%",0.4153,0.3935,1.055,2.41,2.54,SCORE_MATRIX_EXACT,OK,U35,Under 3.5 goals,0.7636,X2,Draw or away,0.5153,,,,Albacete vs Real Sociedad B,La Liga 2,2026-08-22,UNKNOWN,,NO_SCORELINE,,
2,Under 3.5 goals + Away over 0.5 goals,"76%, 62%",0.4109,0.4743,0.866,2.43,2.11,SCORE_MATRIX_EXACT,OK,U35,Under 3.5 goals,0.7636,AWAY_O05,Away over 0.5 goals,0.6212,,,,Albacete vs Real Sociedad B,La Liga 2,2026-08-22,UNKNOWN,,NO_SCORELINE,,
2,Under 2.5 goals + Both teams to score - No,"55%, 50%",0.4104,0.2763,1.485,2.44,3.62,SCORE_MATRIX_EXACT,OK,U25,Under 2.5 goals,0.551,BTTS_NO,Both teams to score - No,0.5015,,,,Albacete vs Real Sociedad B,La Liga 2,2026-08-22,UNKNOWN,,NO_SCORELINE,,
2,Under 3.5 goals + Home over 0.5 goals,"70%, 84%",0.5473,0.5918,0.925,1.83,1.69,SCORE_MATRIX_EXACT,OK,U35,Under 3.5 goals,0.7016,HOME_O05,Home over 0.5 goals,0.8435,,,,Bohemians vs Sligo Rovers,Ireland Premier Division,2026-08-28,UNKNOWN,,NO_SCORELINE,,
2,Home or draw + Home over 1.5 goals,"81%, 55%",0.5321,0.4492,1.184,1.88,2.23,SCORE_MATRIX_EXACT,OK,1X,Home or draw,0.8141,HOME_O15,Home over 1.5 goals,0.5518,,,,Bohemians vs Sligo Rovers,Ireland Premier Division,2026-08-28,UNKNOWN,,NO_SCORELINE,,
2,Over 1.5 goals + Away over 0.5 goals,"75%, 59%",0.5276,0.4434,1.19,1.9,2.26,SCORE_MATRIX_EXACT,OK,O15,Over 1.5 goals,0.7505,AWAY_O05,Away over 0.5 goals,0.5908,,,,Bohemians vs Sligo Rovers,Ireland Premier Division,2026-08-28,UNKNOWN,,NO_SCORELINE,,
2,Over 2.5 goals + Home over 0.5 goals,"52%, 84%",0.5099,0.4386,1.163,1.96,2.28,SCORE_MATRIX_EXACT,OK,O25,Over 2.5 goals,0.52,HOME_O05,Home over 0.5 goals,0.8435,,,,Bohemians vs Sligo Rovers,Ireland Premier Division,2026-08-28,UNKNOWN,,NO_SCORELINE,,
2,Home over 0.5 goals + Away over 0.5 goals,"84%, 59%",0.4915,0.4984,0.986,2.03,2.01,SCORE_MATRIX_EXACT,OK,HOME_O05,Home over 0.5 goals,0.8435,AWAY_O05,Away over 0.5 goals,0.5908,,,,Bohemians vs Sligo Rovers,Ireland Premier Division,2026-08-28,UNKNOWN,,NO_SCORELINE,,
2,Over 1.5 goals + Home win,"75%, 61%",0.4782,0.4558,1.049,2.09,2.19,SCORE_MATRIX_EXACT,OK,O15,Over 1.5 goals,0.7505,HOME,Home win,0.6074,,,,Bohemians vs Sligo Rovers,Ireland Premier Division,2026-08-28,UNKNOWN,,NO_SCORELINE,,
2,Home win + Home over 1.5 goals,"61%, 55%",0.4782,0.3351,1.427,2.09,2.98,SCORE_MATRIX_EXACT,OK,HOME,Home win,0.6074,HOME_O15,Home over 1.5 goals,0.5518,,,,Bohemians vs Sligo Rovers,Ireland Premier Division,2026-08-28,UNKNOWN,,NO_SCORELINE,,
2,Under 3.5 goals + Both teams to score - No,"70%, 51%",0.4591,0.3568,1.287,2.18,2.8,SCORE_MATRIX_EXACT,OK,U35,Under 3.5 goals,0.7016,BTTS_NO,Both teams to score - No,0.5085,,,,Bohemians vs Sligo Rovers,Ireland Premier Division,2026-08-28,UNKNOWN,,NO_SCORELINE,,
2,Over 1.5 goals + Under 3.5 goals,"75%, 70%",0.4521,0.5266,0.859,2.21,1.9,SCORE_MATRIX_EXACT,OK,O15,Over 1.5 goals,0.7505,U35,Under 3.5 goals,0.7016,,,,Bohemians vs Sligo Rovers,Ireland Premier Division,2026-08-28,UNKNOWN,,NO_SCORELINE,,
2,Over 2.5 goals + Home over 1.5 goals,"52%, 55%",0.4431,0.2869,1.544,2.26,3.49,SCORE_MATRIX_EXACT,OK,O25,Over 2.5 goals,0.52,HOME_O15,Home over 1.5 goals,0.5518,,,,Bohemians vs Sligo Rovers,Ireland Premier Division,2026-08-28,UNKNOWN,,NO_SCORELINE,,
2,Over 2.5 goals + Home or draw,"52%, 81%",0.4234,0.4233,1.0,2.36,2.36,SCORE_MATRIX_EXACT,OK,O25,Over 2.5 goals,0.52,1X,Home or draw,0.8141,,,,Bohemians vs Sligo Rovers,Ireland Premier Division,2026-08-28,UNKNOWN,,NO_SCORELINE,,
2,Both teams to score - No + Home or draw,"51%, 81%",0.4092,0.414,0.988,2.44,2.42,SCORE_MATRIX_EXACT,OK,BTTS_NO,Both teams to score - No,0.5085,1X,Home or draw,0.8141,,,,Bohemians vs Sligo Rovers,Ireland Premier Division,2026-08-28,UNKNOWN,,NO_SCORELINE,,
2,Over 1.5 goals + Away over 0.5 goals,"75%, 59%",0.5368,0.4446,1.207,1.86,2.25,SCORE_MATRIX_EXACT,OK,O15,Over 1.5 goals,0.7509,AWAY_O05,Away over 0.5 goals,0.5921,,,,West Ham United vs Charlton Athletic,Championship,2026-08-22,UNKNOWN,,NO_SCORELINE,,
2,Home or draw + Home over 1.5 goals,"82%, 52%",0.4974,0.4226,1.177,2.01,2.37,SCORE_MATRIX_EXACT,OK,1X,Home or draw,0.8203,HOME_O15,Home over 1.5 goals,0.5152,,,,West Ham United vs Charlton Athletic,Championship,2026-08-22,UNKNOWN,,NO_SCORELINE,,
2,Home over 0.5 goals + Away over 0.5 goals,"82%, 59%",0.4977,0.4858,1.025,2.01,2.06,SCORE_MATRIX_EXACT,OK,HOME_O05,Home over 0.5 goals,0.8204,AWAY_O05,Away over 0.5 goals,0.5921,,,,West Ham United vs Charlton Athletic,Championship,2026-08-22,UNKNOWN,,NO_SCORELINE,,
2,Over 1.5 goals + Under 3.5 goals,"75%, 73%",0.4858,0.5518,0.88,2.06,1.81,SCORE_MATRIX_EXACT,OK,O15,Over 1.5 goals,0.7509,U35,Under 3.5 goals,0.7349,,,,West Ham United vs Charlton Athletic,Championship,2026-08-22,UNKNOWN,,NO_SCORELINE,,
2,Over 2.5 goals + Home over 0.5 goals,"48%, 82%",0.4725,0.3963,1.192,2.12,2.52,SCORE_MATRIX_EXACT,OK,O25,Over 2.5 goals,0.483,HOME_O05,Home over 0.5 goals,0.8204,,,,West Ham United vs Charlton Athletic,Championship,2026-08-22,UNKNOWN,,NO_SCORELINE,,
2,Under 3.5 goals + Both teams to score - No,"73%, 50%",0.4597,0.3691,1.245,2.18,2.71,SCORE_MATRIX_EXACT,OK,U35,Under 3.5 goals,0.7349,BTTS_NO,Both teams to score - No,0.5023,,,,West Ham United vs Charlton Athletic,Championship,2026-08-22,UNKNOWN,,NO_SCORELINE,,
2,Over 1.5 goals + Home win,"75%, 56%",0.447,0.4173,1.071,2.24,2.4,SCORE_MATRIX_EXACT,OK,O15,Over 1.5 goals,0.7509,HOME,Home win,0.5557,,,,West Ham United vs Charlton Athletic,Championship,2026-08-22,UNKNOWN,,NO_SCORELINE,,
2,Home win + Home over 1.5 goals,"56%, 52%",0.447,0.2863,1.561,2.24,3.49,SCORE_MATRIX_EXACT,OK,HOME,Home win,0.5557,HOME_O15,Home over 1.5 goals,0.5152,,,,West Ham United vs Charlton Athletic,Championship,2026-08-22,UNKNOWN,,NO_SCORELINE,,
2,Under 2.5 goals + Home or draw,"52%, 82%",0.4331,0.4241,1.021,2.31,2.36,SCORE_MATRIX_EXACT,OK,U25,Under 2.5 goals,0.517,1X,Home or draw,0.8203,,,,West Ham United vs Charlton Athletic,Championship,2026-08-22,UNKNOWN,,NO_SCORELINE,,
2,Both teams to score + Home or draw,"50%, 82%",0.4124,0.4083,1.01,2.42,2.45,SCORE_MATRIX_EXACT,OK,BTTS,Both teams to score,0.4977,1X,Home or draw,0.8203,,,,West Ham United vs Charlton Athletic,Championship,2026-08-22,UNKNOWN,,NO_SCORELINE,,
2,Home or draw + Away over 0.5 goals,"82%, 59%",0.4124,0.4857,0.849,2.42,2.06,SCORE_MATRIX_EXACT,OK,1X,Home or draw,0.8203,AWAY_O05,Away over 0.5 goals,0.5921,,,,West Ham United vs Charlton Athletic,Championship,2026-08-22,UNKNOWN,,NO_SCORELINE,,
2,Both teams to score - No + Home or draw,"50%, 82%",0.4079,0.412,0.99,2.45,2.43,SCORE_MATRIX_EXACT,OK,BTTS_NO,Both teams to score - No,0.5023,1X,Home or draw,0.8203,,,,West Ham United vs Charlton Athletic,Championship,2026-08-22,UNKNOWN,,NO_SCORELINE,,
2,Under 3.5 goals + Home or draw,"77%, 67%",0.5159,0.5164,0.999,1.94,1.94,SCORE_MATRIX_EXACT,OK,U35,Under 3.5 goals,0.769,1X,Home or draw,0.6715,,,,Tenerife vs Almería,La Liga 2,2026-08-23,UNKNOWN,,NO_SCORELINE,,
2,Draw or away + Away over 0.5 goals,"60%, 68%",0.5145,0.4108,1.253,1.94,2.43,SCORE_MATRIX_EXACT,OK,X2,Draw or away,0.6011,AWAY_O05,Away over 0.5 goals,0.6834,,,,Tenerife vs Almería,La Liga 2,2026-08-23,UNKNOWN,,NO_SCORELINE,,
2,Under 3.5 goals + Home over 0.5 goals,"77%, 73%",0.5035,0.5586,0.901,1.99,1.79,SCORE_MATRIX_EXACT,OK,U35,Under 3.5 goals,0.769,HOME_O05,Home over 0.5 goals,0.7265,,,,Tenerife vs Almería,La Liga 2,2026-08-23,UNKNOWN,,NO_SCORELINE,,
2,Home over 0.5 goals + Away over 0.5 goals,"73%, 68%",0.4964,0.4964,1.0,2.01,2.01,SCORE_MATRIX_EXACT,OK,HOME_O05,Home over 0.5 goals,0.7265,AWAY_O05,Away over 0.5 goals,0.6834,,,,Tenerife vs Almería,La Liga 2,2026-08-23,UNKNOWN,,NO_SCORELINE,,
2,Under 3.5 goals + Both teams to score - No,"77%, 50%",0.4819,0.3872,1.245,2.07,2.58,SCORE_MATRIX_EXACT,OK,U35,Under 3.5 goals,0.769,BTTS_NO,Both teams to score - No,0.5036,,,,Tenerife vs Almería,La Liga 2,2026-08-23,UNKNOWN,,NO_SCORELINE,,
2,Over 1.5 goals + Home or draw,"70%, 67%",0.4726,0.471,1.003,2.12,2.12,SCORE_MATRIX_EXACT,OK,O15,Over 1.5 goals,0.7015,1X,Home or draw,0.6715,,,,Tenerife vs Almería,La Liga 2,2026-08-23,UNKNOWN,,NO_SCORELINE,,
2,Over 1.5 goals + Under 3.5 goals,"70%, 77%",0.4705,0.5395,0.872,2.13,1.85,SCORE_MATRIX_EXACT,OK,O15,Over 1.5 goals,0.7015,U35,Under 3.5 goals,0.769,,,,Tenerife vs Almería,La Liga 2,2026-08-23,UNKNOWN,,NO_SCORELINE,,
2,Under 3.5 goals + Draw or away,"77%, 60%",0.4688,0.4623,1.014,2.13,2.16,SCORE_MATRIX_EXACT,OK,U35,Under 3.5 goals,0.769,X2,Draw or away,0.6011,,,,Tenerife vs Almería,La Liga 2,2026-08-23,UNKNOWN,,NO_SCORELINE,,
2,Under 3.5 goals + Away over 0.5 goals,"77%, 68%",0.4659,0.5255,0.887,2.15,1.9,SCORE_MATRIX_EXACT,OK,U35,Under 3.5 goals,0.769,AWAY_O05,Away over 0.5 goals,0.6834,,,,Tenerife vs Almería,La Liga 2,2026-08-23,UNKNOWN,,NO_SCORELINE,,
2,Under 2.5 goals + Both teams to score - No,"56%, 50%",0.4285,0.2808,1.526,2.33,3.56,SCORE_MATRIX_EXACT,OK,U25,Under 2.5 goals,0.5577,BTTS_NO,Both teams to score - No,0.5036,,,,Tenerife vs Almería,La Liga 2,2026-08-23,UNKNOWN,,NO_SCORELINE,,
2,Over 1.5 goals + Draw or away,"70%, 60%",0.4149,0.4217,0.984,2.41,2.37,SCORE_MATRIX_EXACT,OK,O15,Over 1.5 goals,0.7015,X2,Draw or away,0.6011,,,,Tenerife vs Almería,La Liga 2,2026-08-23,UNKNOWN,,NO_SCORELINE,,
2,Over 2.5 goals + Home over 0.5 goals,"44%, 73%",0.4123,0.3213,1.283,2.43,3.11,SCORE_MATRIX_EXACT,OK,O25,Over 2.5 goals,0.4423,HOME_O05,Home over 0.5 goals,0.7265,,,,Tenerife vs Almería,La Liga 2,2026-08-23,UNKNOWN,,NO_SCORELINE,,
2,Home or draw + Home over 0.5 goals,"66%, 69%",0.5454,0.4536,1.202,1.83,2.2,SCORE_MATRIX_EXACT,OK,1X,Home or draw,0.6592,HOME_O05,Home over 0.5 goals,0.6881,,,,Independiente vs Independiente Rivadavia,Argentina Primera Division,2026-08-22,UNKNOWN,,NO_SCORELINE,,
2,Draw or away + Away over 0.5 goals,"66%, 69%",0.5444,0.4525,1.203,1.84,2.21,SCORE_MATRIX_EXACT,OK,X2,Draw or away,0.6582,AWAY_O05,Away over 0.5 goals,0.6875,,,,Independiente vs Independiente Rivadavia,Argentina Primera Division,2026-08-22,UNKNOWN,,NO_SCORELINE,,
2,Under 3.5 goals + Home or draw,"80%, 66%",0.5318,0.5253,1.012,1.88,1.9,SCORE_MATRIX_EXACT,OK,U35,Under 3.5 goals,0.7968,1X,Home or draw,0.6592,,,,Independiente vs Independiente Rivadavia,Argentina Primera Division,2026-08-22,UNKNOWN,,NO_SCORELINE,,
2,Under 3.5 goals + Draw or away,"80%, 66%",0.531,0.5244,1.013,1.88,1.91,SCORE_MATRIX_EXACT,OK,U35,Under 3.5 goals,0.7968,X2,Draw or away,0.6582,,,,Independiente vs Independiente Rivadavia,Argentina Primera Division,2026-08-22,UNKNOWN,,NO_SCORELINE,,
2,Under 3.5 goals + Home over 0.5 goals,"80%, 69%",0.4944,0.5483,0.902,2.02,1.82,SCORE_MATRIX_EXACT,OK,U35,Under 3.5 goals,0.7968,HOME_O05,Home over 0.5 goals,0.6881,,,,Independiente vs Independiente Rivadavia,Argentina Primera Division,2026-08-22,UNKNOWN,,NO_SCORELINE,,
2,Under 3.5 goals + Both teams to score - No,"80%, 51%",0.4917,0.4069,1.208,2.03,2.46,SCORE_MATRIX_EXACT,OK,U35,Under 3.5 goals,0.7968,BTTS_NO,Both teams to score - No,0.5106,,,,Independiente vs Independiente Rivadavia,Argentina Primera Division,2026-08-22,UNKNOWN,,NO_SCORELINE,,
2,Under 3.5 goals + Away over 0.5 goals,"80%, 69%",0.4938,0.5478,0.901,2.03,1.83,SCORE_MATRIX_EXACT,OK,U35,Under 3.5 goals,0.7968,AWAY_O05,Away over 0.5 goals,0.6875,,,,Independiente vs Independiente Rivadavia,Argentina Primera Division,2026-08-22,UNKNOWN,,NO_SCORELINE,,
2,Home over 0.5 goals + Away over 0.5 goals,"69%, 69%",0.4894,0.4731,1.035,2.04,2.11,SCORE_MATRIX_EXACT,OK,HOME_O05,Home over 0.5 goals,0.6881,AWAY_O05,Away over 0.5 goals,0.6875,,,,Independiente vs Independiente Rivadavia,Argentina Primera Division,2026-08-22,UNKNOWN,,NO_SCORELINE,,
2,Over 1.5 goals + Under 3.5 goals,"69%, 80%",0.4885,0.5511,0.886,2.05,1.81,SCORE_MATRIX_EXACT,OK,O15,Over 1.5 goals,0.6917,U35,Under 3.5 goals,0.7968,,,,Independiente vs Independiente Rivadavia,Argentina Primera Division,2026-08-22,UNKNOWN,,NO_SCORELINE,,
2,Over 1.5 goals + Home or draw,"69%, 66%",0.448,0.4559,0.983,2.23,2.19,SCORE_MATRIX_EXACT,OK,O15,Over 1.5 goals,0.6917,1X,Home or draw,0.6592,,,,Independiente vs Independiente Rivadavia,Argentina Primera Division,2026-08-22,UNKNOWN,,NO_SCORELINE,,
2,Over 1.5 goals + Draw or away,"69%, 66%",0.4472,0.4552,0.982,2.24,2.2,SCORE_MATRIX_EXACT,OK,O15,Over 1.5 goals,0.6917,X2,Draw or away,0.6582,,,,Independiente vs Independiente Rivadavia,Argentina Primera Division,2026-08-22,UNKNOWN,,NO_SCORELINE,,
2,Under 2.5 goals + Both teams to score - No,"59%, 51%",0.4407,0.3027,1.456,2.27,3.3,SCORE_MATRIX_EXACT,OK,U25,Under 2.5 goals,0.5928,BTTS_NO,Both teams to score - No,0.5106,,,,Independiente vs Independiente Rivadavia,Argentina Primera Division,2026-08-22,UNKNOWN,,NO_SCORELINE,,
2,Over 1.5 goals + Away over 0.5 goals,"74%, 63%",0.5542,0.4646,1.193,1.8,2.15,SCORE_MATRIX_EXACT,OK,O15,Over 1.5 goals,0.739,AWAY_O05,Away over 0.5 goals,0.6287,,,,Inter Miami CF vs Toronto FC,USA MLS,2026-08-22,UNKNOWN,,NO_SCORELINE,,
2,Under 3.5 goals + Home or draw,"72%, 77%",0.5377,0.5502,0.977,1.86,1.82,SCORE_MATRIX_EXACT,OK,U35,Under 3.5 goals,0.7152,1X,Home or draw,0.7693,,,,Inter Miami CF vs Toronto FC,USA MLS,2026-08-22,UNKNOWN,,NO_SCORELINE,,
2,Under 3.5 goals + Home over 0.5 goals,"72%, 82%",0.5345,0.5834,0.916,1.87,1.71,SCORE_MATRIX_EXACT,OK,U35,Under 3.5 goals,0.7152,HOME_O05,Home over 0.5 goals,0.8157,,,,Inter Miami CF vs Toronto FC,USA MLS,2026-08-22,UNKNOWN,,NO_SCORELINE,,
2,Home over 0.5 goals + Away over 0.5 goals,"82%, 63%",0.5052,0.5129,0.985,1.98,1.95,SCORE_MATRIX_EXACT,OK,HOME_O05,Home over 0.5 goals,0.8157,AWAY_O05,Away over 0.5 goals,0.6287,,,,Inter Miami CF vs Toronto FC,USA MLS,2026-08-22,UNKNOWN,,NO_SCORELINE,,
2,Over 2.5 goals + Home over 0.5 goals,"51%, 82%",0.4902,0.412,1.19,2.04,2.43,SCORE_MATRIX_EXACT,OK,O25,Over 2.5 goals,0.5051,HOME_O05,Home over 0.5 goals,0.8157,,,,Inter Miami CF vs Toronto FC,USA MLS,2026-08-22,UNKNOWN,,NO_SCORELINE,,
2,Home or draw + Home over 1.5 goals,"77%, 50%",0.4797,0.3878,1.237,2.08,2.58,SCORE_MATRIX_EXACT,OK,1X,Home or draw,0.7693,HOME_O15,Home over 1.5 goals,0.5041,,,,Inter Miami CF vs Toronto FC,USA MLS,2026-08-22,UNKNOWN,,NO_SCORELINE,,
2,Under 3.5 goals + Both teams to score - No,"72%, 49%",0.4575,0.3539,1.293,2.19,2.83,SCORE_MATRIX_EXACT,OK,U35,Under 3.5 goals,0.7152,BTTS_NO,Both teams to score - No,0.4948,,,,Inter Miami CF vs Toronto FC,USA MLS,2026-08-22,UNKNOWN,,NO_SCORELINE,,
2,Over 1.5 goals + Under 3.5 goals,"74%, 72%",0.4542,0.5285,0.859,2.2,1.89,SCORE_MATRIX_EXACT,OK,O15,Over 1.5 goals,0.739,U35,Under 3.5 goals,0.7152,,,,Inter Miami CF vs Toronto FC,USA MLS,2026-08-22,UNKNOWN,,NO_SCORELINE,,
2,Over 1.5 goals + Home win,"74%, 55%",0.4208,0.4038,1.042,2.38,2.48,SCORE_MATRIX_EXACT,OK,O15,Over 1.5 goals,0.739,HOME,Home win,0.5465,,,,Inter Miami CF vs Toronto FC,USA MLS,2026-08-22,UNKNOWN,,NO_SCORELINE,,
2,Home win + Home over 1.5 goals,"55%, 50%",0.4208,0.2755,1.528,2.38,3.63,SCORE_MATRIX_EXACT,OK,HOME,Home win,0.5465,HOME_O15,Home over 1.5 goals,0.5041,,,,Inter Miami CF vs Toronto FC,USA MLS,2026-08-22,UNKNOWN,,NO_SCORELINE,,
2,Over 2.5 goals + Away over 0.5 goals,"51%, 63%",0.417,0.3176,1.313,2.4,3.15,SCORE_MATRIX_EXACT,OK,O25,Over 2.5 goals,0.5051,AWAY_O05,Away over 0.5 goals,0.6287,,,,Inter Miami CF vs Toronto FC,USA MLS,2026-08-22,UNKNOWN,,NO_SCORELINE,,
2,Over 2.5 goals + Home over 1.5 goals,"51%, 50%",0.4075,0.2546,1.6,2.45,3.93,SCORE_MATRIX_EXACT,OK,O25,Over 2.5 goals,0.5051,HOME_O15,Home over 1.5 goals,0.5041,,,,Inter Miami CF vs Toronto FC,USA MLS,2026-08-22,UNKNOWN,,NO_SCORELINE,,
2,Home or draw + Home over 0.5 goals,"66%, 68%",0.5434,0.4514,1.204,1.84,2.22,SCORE_MATRIX_EXACT,OK,1X,Home or draw,0.6596,HOME_O05,Home over 0.5 goals,0.6844,,,,Racing Club vs Boca Juniors,Argentina Primera Division,2026-08-24,WON,1X=WON | HOME_O05=WON,OK,1-1,1.0.0
2,Draw or away + Away over 0.5 goals,"66%, 68%",0.5435,0.4515,1.204,1.84,2.21,SCORE_MATRIX_EXACT,OK,X2,Draw or away,0.6597,AWAY_O05,Away over 0.5 goals,0.6844,,,,Racing Club vs Boca Juniors,Argentina Primera Division,2026-08-24,WON,X2=WON | AWAY_O05=WON,OK,1-1,1.0.0
2,Under 3.5 goals + Home or draw,"80%, 66%",0.5349,0.5283,1.012,1.87,1.89,SCORE_MATRIX_EXACT,OK,U35,Under 3.5 goals,0.801,1X,Home or draw,0.6596,,,,Racing Club vs Boca Juniors,Argentina Primera Division,2026-08-24,WON,U35=WON | 1X=WON,OK,1-1,1.0.0
2,Under 3.5 goals + Draw or away,"80%, 66%",0.5349,0.5284,1.012,1.87,1.89,SCORE_MATRIX_EXACT,OK,U35,Under 3.5 goals,0.801,X2,Draw or away,0.6597,,,,Racing Club vs Boca Juniors,Argentina Primera Division,2026-08-24,WON,U35=WON | X2=WON,OK,1-1,1.0.0
2,Under 3.5 goals + Both teams to score - No,"80%, 51%",0.4964,0.4125,1.203,2.01,2.42,SCORE_MATRIX_EXACT,OK,U35,Under 3.5 goals,0.801,BTTS_NO,Both teams to score - No,0.515,,,,Racing Club vs Boca Juniors,Argentina Primera Division,2026-08-24,LOST,U35=WON | BTTS_NO=LOST,OK,1-1,1.0.0
2,Under 3.5 goals + Home over 0.5 goals,"80%, 68%",0.4947,0.5482,0.902,2.02,1.82,SCORE_MATRIX_EXACT,OK,U35,Under 3.5 goals,0.801,HOME_O05,Home over 0.5 goals,0.6844,,,,Racing Club vs Boca Juniors,Argentina Primera Division,2026-08-24,WON,U35=WON | HOME_O05=WON,OK,1-1,1.0.0
2,Under 3.5 goals + Away over 0.5 goals,"80%, 68%",0.4948,0.5483,0.902,2.02,1.82,SCORE_MATRIX_EXACT,OK,U35,Under 3.5 goals,0.801,AWAY_O05,Away over 0.5 goals,0.6844,,,,Racing Club vs Boca Juniors,Argentina Primera Division,2026-08-24,WON,U35=WON | AWAY_O05=WON,OK,1-1,1.0.0
2,Over 1.5 goals + Under 3.5 goals,"69%, 80%",0.488,0.5503,0.887,2.05,1.82,SCORE_MATRIX_EXACT,OK,O15,Over 1.5 goals,0.687,U35,Under 3.5 goals,0.801,,,,Racing Club vs Boca Juniors,Argentina Primera Division,2026-08-24,WON,O15=WON | U35=WON,OK,1-1,1.0.0
2,Home over 0.5 goals + Away over 0.5 goals,"68%, 68%",0.485,0.4684,1.035,2.06,2.13,SCORE_MATRIX_EXACT,OK,HOME_O05,Home over 0.5 goals,0.6844,AWAY_O05,Away over 0.5 goals,0.6844,,,,Racing Club vs Boca Juniors,Argentina Primera Division,2026-08-24,WON,HOME_O05=WON | AWAY_O05=WON,OK,1-1,1.0.0
2,Under 2.5 goals + Both teams to score - No,"60%, 51%",0.4457,0.3081,1.447,2.24,3.25,SCORE_MATRIX_EXACT,OK,U25,Under 2.5 goals,0.5983,BTTS_NO,Both teams to score - No,0.515,,,,Racing Club vs Boca Juniors,Argentina Primera Division,2026-08-24,LOST,U25=WON | BTTS_NO=LOST,OK,1-1,1.0.0
2,Over 1.5 goals + Home or draw,"69%, 66%",0.445,0.4531,0.982,2.25,2.21,SCORE_MATRIX_EXACT,OK,O15,Over 1.5 goals,0.687,1X,Home or draw,0.6596,,,,Racing Club vs Boca Juniors,Argentina Primera Division,2026-08-24,WON,O15=WON | 1X=WON,OK,1-1,1.0.0
2,Over 1.5 goals + Draw or away,"69%, 66%",0.4451,0.4532,0.982,2.25,2.21,SCORE_MATRIX_EXACT,OK,O15,Over 1.5 goals,0.687,X2,Draw or away,0.6597,,,,Racing Club vs Boca Juniors,Argentina Primera Division,2026-08-24,WON,O15=WON | X2=WON,OK,1-1,1.0.0
2,Under 3.5 goals + Home or draw,"75%, 69%",0.5227,0.5222,1.001,1.91,1.91,SCORE_MATRIX_EXACT,OK,U35,Under 3.5 goals,0.7544,1X,Home or draw,0.6923,,,,CF Montreal vs LA Galaxy,USA MLS,2026-08-22,UNKNOWN,,NO_SCORELINE,,
2,Home over 0.5 goals + Away over 0.5 goals,"75%, 69%",0.5216,0.5124,1.018,1.92,1.95,SCORE_MATRIX_EXACT,OK,HOME_O05,Home over 0.5 goals,0.745,AWAY_O05,Away over 0.5 goals,0.6877,,,,CF Montreal vs LA Galaxy,USA MLS,2026-08-22,UNKNOWN,,NO_SCORELINE,,
2,Under 3.5 goals + Home over 0.5 goals,"75%, 75%",0.5071,0.562,0.902,1.97,1.78,SCORE_MATRIX_EXACT,OK,U35,Under 3.5 goals,0.7544,HOME_O05,Home over 0.5 goals,0.745,,,,CF Montreal vs LA Galaxy,USA MLS,2026-08-22,UNKNOWN,,NO_SCORELINE,,
2,Draw or away + Away over 0.5 goals,"60%, 69%",0.5068,0.4097,1.237,1.97,2.44,SCORE_MATRIX_EXACT,OK,X2,Draw or away,0.5957,AWAY_O05,Away over 0.5 goals,0.6877,,,,CF Montreal vs LA Galaxy,USA MLS,2026-08-22,UNKNOWN,,NO_SCORELINE,,
2,Over 1.5 goals + Home or draw,"73%, 69%",0.5044,0.5041,1.001,1.98,1.98,SCORE_MATRIX_EXACT,OK,O15,Over 1.5 goals,0.7282,1X,Home or draw,0.6923,,,,CF Montreal vs LA Galaxy,USA MLS,2026-08-22,UNKNOWN,,NO_SCORELINE,,
2,Over 1.5 goals + Under 3.5 goals,"73%, 75%",0.4826,0.5494,0.878,2.07,1.82,SCORE_MATRIX_EXACT,OK,O15,Over 1.5 goals,0.7282,U35,Under 3.5 goals,0.7544,,,,CF Montreal vs LA Galaxy,USA MLS,2026-08-22,UNKNOWN,,NO_SCORELINE,,
2,Under 3.5 goals + Draw or away,"75%, 60%",0.4602,0.4494,1.024,2.17,2.23,SCORE_MATRIX_EXACT,OK,U35,Under 3.5 goals,0.7544,X2,Draw or away,0.5957,,,,CF Montreal vs LA Galaxy,USA MLS,2026-08-22,UNKNOWN,,NO_SCORELINE,,
2,Under 3.5 goals + Away over 0.5 goals,"75%, 69%",0.4577,0.5188,0.882,2.18,1.93,SCORE_MATRIX_EXACT,OK,U35,Under 3.5 goals,0.7544,AWAY_O05,Away over 0.5 goals,0.6877,,,,CF Montreal vs LA Galaxy,USA MLS,2026-08-22,UNKNOWN,,NO_SCORELINE,,
2,Under 3.5 goals + Both teams to score - No,"75%, 48%",0.4551,0.3609,1.261,2.2,2.77,SCORE_MATRIX_EXACT,OK,U35,Under 3.5 goals,0.7544,BTTS_NO,Both teams to score - No,0.4784,,,,CF Montreal vs LA Galaxy,USA MLS,2026-08-22,UNKNOWN,,NO_SCORELINE,,
2,Over 2.5 goals + Home over 0.5 goals,"46%, 75%",0.4316,0.3427,1.259,2.32,2.92,SCORE_MATRIX_EXACT,OK,O25,Over 2.5 goals,0.4599,HOME_O05,Home over 0.5 goals,0.745,,,,CF Montreal vs LA Galaxy,USA MLS,2026-08-22,UNKNOWN,,NO_SCORELINE,,
2,Over 1.5 goals + Draw or away,"73%, 60%",0.4229,0.4338,0.975,2.36,2.31,SCORE_MATRIX_EXACT,OK,O15,Over 1.5 goals,0.7282,X2,Draw or away,0.5957,,,,CF Montreal vs LA Galaxy,USA MLS,2026-08-22,UNKNOWN,,NO_SCORELINE,,
2,Over 2.5 goals + Away over 0.5 goals,"46%, 69%",0.4104,0.3163,1.297,2.44,3.16,SCORE_MATRIX_EXACT,OK,O25,Over 2.5 goals,0.4599,AWAY_O05,Away over 0.5 goals,0.6877,,,,CF Montreal vs LA Galaxy,USA MLS,2026-08-22,UNKNOWN,,NO_SCORELINE,,
2,Home or draw + Home over 0.5 goals,"65%, 69%",0.5464,0.4478,1.22,1.83,2.23,SCORE_MATRIX_EXACT,OK,1X,Home or draw,0.6453,HOME_O05,Home over 0.5 goals,0.6939,,,,Union Santa Fe vs Sarmiento de Junin,Argentina Primera Division,2026-08-28,UNKNOWN,,NO_SCORELINE,,
2,Draw or away + Away over 0.5 goals,"65%, 69%",0.5463,0.4477,1.22,1.83,2.23,SCORE_MATRIX_EXACT,OK,X2,Draw or away,0.6452,AWAY_O05,Away over 0.5 goals,0.6939,,,,Union Santa Fe vs Sarmiento de Junin,Argentina Primera Division,2026-08-28,UNKNOWN,,NO_SCORELINE,,
2,Under 3.5 goals + Home or draw,"79%, 65%",0.5118,0.5076,1.008,1.95,1.97,SCORE_MATRIX_EXACT,OK,U35,Under 3.5 goals,0.7867,1X,Home or draw,0.6453,,,,Union Santa Fe vs Sarmiento de Junin,Argentina Primera Division,2026-08-28,UNKNOWN,,NO_SCORELINE,,
2,Under 3.5 goals + Draw or away,"79%, 65%",0.5118,0.5076,1.008,1.95,1.97,SCORE_MATRIX_EXACT,OK,U35,Under 3.5 goals,0.7867,X2,Draw or away,0.6452,,,,Union Santa Fe vs Sarmiento de Junin,Argentina Primera Division,2026-08-28,UNKNOWN,,NO_SCORELINE,,
2,Under 3.5 goals + Both teams to score - No,"79%, 51%",0.4935,0.4037,1.222,2.03,2.48,SCORE_MATRIX_EXACT,OK,U35,Under 3.5 goals,0.7867,BTTS_NO,Both teams to score - No,0.5132,,,,Union Santa Fe vs Sarmiento de Junin,Argentina Primera Division,2026-08-28,UNKNOWN,,NO_SCORELINE,,
2,Under 3.5 goals + Home over 0.5 goals,"79%, 69%",0.4905,0.5459,0.898,2.04,1.83,SCORE_MATRIX_EXACT,OK,U35,Under 3.5 goals,0.7867,HOME_O05,Home over 0.5 goals,0.6939,,,,Union Santa Fe vs Sarmiento de Junin,Argentina Primera Division,2026-08-28,UNKNOWN,,NO_SCORELINE,,
2,Under 3.5 goals + Away over 0.5 goals,"79%, 69%",0.4904,0.5459,0.898,2.04,1.83,SCORE_MATRIX_EXACT,OK,U35,Under 3.5 goals,0.7867,AWAY_O05,Away over 0.5 goals,0.6939,,,,Union Santa Fe vs Sarmiento de Junin,Argentina Primera Division,2026-08-28,UNKNOWN,,NO_SCORELINE,,
2,Home over 0.5 goals + Away over 0.5 goals,"69%, 69%",0.4868,0.4815,1.011,2.05,2.08,SCORE_MATRIX_EXACT,OK,HOME_O05,Home over 0.5 goals,0.6939,AWAY_O05,Away over 0.5 goals,0.6939,,,,Union Santa Fe vs Sarmiento de Junin,Argentina Primera Division,2026-08-28,UNKNOWN,,NO_SCORELINE,,
2,Over 1.5 goals + Under 3.5 goals,"69%, 79%",0.4763,0.5425,0.878,2.1,1.84,SCORE_MATRIX_EXACT,OK,O15,Over 1.5 goals,0.6896,U35,Under 3.5 goals,0.7867,,,,Union Santa Fe vs Sarmiento de Junin,Argentina Primera Division,2026-08-28,UNKNOWN,,NO_SCORELINE,,
2,Under 2.5 goals + Both teams to score - No,"58%, 51%",0.4418,0.2975,1.485,2.26,3.36,SCORE_MATRIX_EXACT,OK,U25,Under 2.5 goals,0.5798,BTTS_NO,Both teams to score - No,0.5132,,,,Union Santa Fe vs Sarmiento de Junin,Argentina Primera Division,2026-08-28,UNKNOWN,,NO_SCORELINE,,
2,Over 1.5 goals + Home or draw,"69%, 65%",0.4406,0.445,0.99,2.27,2.25,SCORE_MATRIX_EXACT,OK,O15,Over 1.5 goals,0.6896,1X,Home or draw,0.6453,,,,Union Santa Fe vs Sarmiento de Junin,Argentina Primera Division,2026-08-28,UNKNOWN,,NO_SCORELINE,,
2,Over 1.5 goals + Draw or away,"69%, 65%",0.4406,0.445,0.99,2.27,2.25,SCORE_MATRIX_EXACT,OK,O15,Over 1.5 goals,0.6896,X2,Draw or away,0.6452,,,,Union Santa Fe vs Sarmiento de Junin,Argentina Primera Division,2026-08-28,UNKNOWN,,NO_SCORELINE,,
2,Under 3.5 goals + Home over 0.5 goals,"72%, 82%",0.547,0.5937,0.921,1.83,1.68,SCORE_MATRIX_EXACT,OK,U35,Under 3.5 goals,0.7226,HOME_O05,Home over 0.5 goals,0.8217,,,,Chongqing Tonglianglong FC vs Dalian Yingbo,China Super League,2026-08-23,UNKNOWN,,NO_SCORELINE,,
2,Over 1.5 goals + Away over 0.5 goals,"73%, 60%",0.5324,0.443,1.202,1.88,2.26,SCORE_MATRIX_EXACT,OK,O15,Over 1.5 goals,0.7328,AWAY_O05,Away over 0.5 goals,0.6045,,,,Chongqing Tonglianglong FC vs Dalian Yingbo,China Super League,2026-08-23,UNKNOWN,,NO_SCORELINE,,
2,Home or draw + Home over 1.5 goals,"79%, 51%",0.4923,0.405,1.216,2.03,2.47,SCORE_MATRIX_EXACT,OK,1X,Home or draw,0.789,HOME_O15,Home over 1.5 goals,0.5133,,,,Chongqing Tonglianglong FC vs Dalian Yingbo,China Super League,2026-08-23,UNKNOWN,,NO_SCORELINE,,
2,Home over 0.5 goals + Away over 0.5 goals,"82%, 60%",0.4891,0.4968,0.985,2.04,2.01,SCORE_MATRIX_EXACT,OK,HOME_O05,Home over 0.5 goals,0.8217,AWAY_O05,Away over 0.5 goals,0.6045,,,,Chongqing Tonglianglong FC vs Dalian Yingbo,China Super League,2026-08-23,UNKNOWN,,NO_SCORELINE,,
2,Over 2.5 goals + Home over 0.5 goals,"50%, 82%",0.4844,0.4083,1.186,2.06,2.45,SCORE_MATRIX_EXACT,OK,O25,Over 2.5 goals,0.4968,HOME_O05,Home over 0.5 goals,0.8217,,,,Chongqing Tonglianglong FC vs Dalian Yingbo,China Super League,2026-08-23,UNKNOWN,,NO_SCORELINE,,
2,Under 3.5 goals + Both teams to score - No,"72%, 51%",0.4705,0.3692,1.274,2.13,2.71,SCORE_MATRIX_EXACT,OK,U35,Under 3.5 goals,0.7226,BTTS_NO,Both teams to score - No,0.5109,,,,Chongqing Tonglianglong FC vs Dalian Yingbo,China Super League,2026-08-23,UNKNOWN,,NO_SCORELINE,,
2,Over 1.5 goals + Under 3.5 goals,"73%, 72%",0.4554,0.5295,0.86,2.2,1.89,SCORE_MATRIX_EXACT,OK,O15,Over 1.5 goals,0.7328,U35,Under 3.5 goals,0.7226,,,,Chongqing Tonglianglong FC vs Dalian Yingbo,China Super League,2026-08-23,UNKNOWN,,NO_SCORELINE,,
2,Over 1.5 goals + Home win,"73%, 57%",0.4375,0.4174,1.048,2.29,2.4,SCORE_MATRIX_EXACT,OK,O15,Over 1.5 goals,0.7328,HOME,Home win,0.5696,,,,Chongqing Tonglianglong FC vs Dalian Yingbo,China Super League,2026-08-23,UNKNOWN,,NO_SCORELINE,,
2,Home win + Home over 1.5 goals,"57%, 51%",0.4375,0.2924,1.496,2.29,3.42,SCORE_MATRIX_EXACT,OK,HOME,Home win,0.5696,HOME_O15,Home over 1.5 goals,0.5133,,,,Chongqing Tonglianglong FC vs Dalian Yingbo,China Super League,2026-08-23,UNKNOWN,,NO_SCORELINE,,
2,Over 2.5 goals + Home over 1.5 goals,"50%, 51%",0.4099,0.255,1.607,2.44,3.92,SCORE_MATRIX_EXACT,OK,O25,Over 2.5 goals,0.4968,HOME_O15,Home over 1.5 goals,0.5133,,,,Chongqing Tonglianglong FC vs Dalian Yingbo,China Super League,2026-08-23,UNKNOWN,,NO_SCORELINE,,
2,Under 2.5 goals + Both teams to score - No,"50%, 51%",0.4015,0.2571,1.562,2.49,3.89,SCORE_MATRIX_EXACT,OK,U25,Under 2.5 goals,0.5032,BTTS_NO,Both teams to score - No,0.5109,,,,Chongqing Tonglianglong FC vs Dalian Yingbo,China Super League,2026-08-23,UNKNOWN,,NO_SCORELINE,,
2,Over 2.5 goals + Away over 0.5 goals,"50%, 60%",0.3998,0.3004,1.331,2.5,3.33,SCORE_MATRIX_EXACT,OK,O25,Over 2.5 goals,0.4968,AWAY_O05,Away over 0.5 goals,0.6045,,,,Chongqing Tonglianglong FC vs Dalian Yingbo,China Super League,2026-08-23,UNKNOWN,,NO_SCORELINE,,
2,Over 1.5 goals + Away over 0.5 goals,"76%, 59%",0.5368,0.4463,1.203,1.86,2.24,SCORE_MATRIX_EXACT,OK,O15,Over 1.5 goals,0.7558,AWAY_O05,Away over 0.5 goals,0.5904,,,,VfL Bochum vs VfL Osnabrück,Bundesliga 2,2026-08-28,UNKNOWN,,NO_SCORELINE,,
2,Home or draw + Home over 1.5 goals,"82%, 52%",0.5071,0.4329,1.171,1.97,2.31,SCORE_MATRIX_EXACT,OK,1X,Home or draw,0.8249,HOME_O15,Home over 1.5 goals,0.5247,,,,VfL Bochum vs VfL Osnabrück,Bundesliga 2,2026-08-28,UNKNOWN,,NO_SCORELINE,,
2,Home over 0.5 goals + Away over 0.5 goals,"83%, 59%",0.4992,0.4876,1.024,2.0,2.05,SCORE_MATRIX_EXACT,OK,HOME_O05,Home over 0.5 goals,0.8259,AWAY_O05,Away over 0.5 goals,0.5904,,,,VfL Bochum vs VfL Osnabrück,Bundesliga 2,2026-08-28,UNKNOWN,,NO_SCORELINE,,
2,Over 1.5 goals + Under 3.5 goals,"76%, 73%",0.4849,0.551,0.88,2.06,1.81,SCORE_MATRIX_EXACT,OK,O15,Over 1.5 goals,0.7558,U35,Under 3.5 goals,0.729,,,,VfL Bochum vs VfL Osnabrück,Bundesliga 2,2026-08-28,UNKNOWN,,NO_SCORELINE,,
2,Over 2.5 goals + Home over 0.5 goals,"49%, 83%",0.4796,0.4045,1.186,2.08,2.47,SCORE_MATRIX_EXACT,OK,O25,Over 2.5 goals,0.4897,HOME_O05,Home over 0.5 goals,0.8259,,,,VfL Bochum vs VfL Osnabrück,Bundesliga 2,2026-08-28,UNKNOWN,,NO_SCORELINE,,
2,Over 1.5 goals + Home win,"76%, 56%",0.4566,0.4265,1.071,2.19,2.34,SCORE_MATRIX_EXACT,OK,O15,Over 1.5 goals,0.7558,HOME,Home win,0.5643,,,,VfL Bochum vs VfL Osnabrück,Bundesliga 2,2026-08-28,UNKNOWN,,NO_SCORELINE,,
2,Under 3.5 goals + Both teams to score - No,"73%, 50%",0.4561,0.3651,1.249,2.19,2.74,SCORE_MATRIX_EXACT,OK,U35,Under 3.5 goals,0.729,BTTS_NO,Both teams to score - No,0.5008,,,,VfL Bochum vs VfL Osnabrück,Bundesliga 2,2026-08-28,UNKNOWN,,NO_SCORELINE,,
2,Home win + Home over 1.5 goals,"56%, 52%",0.4566,0.2961,1.542,2.19,3.38,SCORE_MATRIX_EXACT,OK,HOME,Home win,0.5643,HOME_O15,Home over 1.5 goals,0.5247,,,,VfL Bochum vs VfL Osnabrück,Bundesliga 2,2026-08-28,UNKNOWN,,NO_SCORELINE,,
2,Under 2.5 goals + Home or draw,"51%, 82%",0.4292,0.4209,1.02,2.33,2.38,SCORE_MATRIX_EXACT,OK,U25,Under 2.5 goals,0.5103,1X,Home or draw,0.8249,,,,VfL Bochum vs VfL Osnabrück,Bundesliga 2,2026-08-28,UNKNOWN,,NO_SCORELINE,,
2,Both teams to score + Home or draw,"50%, 82%",0.4154,0.4118,1.009,2.41,2.43,SCORE_MATRIX_EXACT,OK,BTTS,Both teams to score,0.4992,1X,Home or draw,0.8249,,,,VfL Bochum vs VfL Osnabrück,Bundesliga 2,2026-08-28,UNKNOWN,,NO_SCORELINE,,
2,Home or draw + Away over 0.5 goals,"82%, 59%",0.4154,0.4871,0.853,2.41,2.05,SCORE_MATRIX_EXACT,OK,1X,Home or draw,0.8249,AWAY_O05,Away over 0.5 goals,0.5904,,,,VfL Bochum vs VfL Osnabrück,Bundesliga 2,2026-08-28,UNKNOWN,,NO_SCORELINE,,
2,Over 2.5 goals + Home over 1.5 goals,"49%, 52%",0.4135,0.257,1.609,2.42,3.89,SCORE_MATRIX_EXACT,OK,O25,Over 2.5 goals,0.4897,HOME_O15,Home over 1.5 goals,0.5247,,,,VfL Bochum vs VfL Osnabrück,Bundesliga 2,2026-08-28,UNKNOWN,,NO_SCORELINE,,
2,Under 3.5 goals + Home over 0.5 goals,"74%, 80%",0.5465,0.5946,0.919,1.83,1.68,SCORE_MATRIX_EXACT,OK,U35,Under 3.5 goals,0.7433,HOME_O05,Home over 0.5 goals,0.7999,,,,Birmingham City vs Bristol City,Championship,2026-08-22,UNKNOWN,,NO_SCORELINE,,
2,Home over 0.5 goals + Away over 0.5 goals,"80%, 62%",0.51,0.4973,1.026,1.96,2.01,SCORE_MATRIX_EXACT,OK,HOME_O05,Home over 0.5 goals,0.7999,AWAY_O05,Away over 0.5 goals,0.6217,,,,Birmingham City vs Bristol City,Championship,2026-08-22,UNKNOWN,,NO_SCORELINE,,
2,Over 1.5 goals + Under 3.5 goals,"74%, 74%",0.4872,0.553,0.881,2.05,1.81,SCORE_MATRIX_EXACT,OK,O15,Over 1.5 goals,0.7439,U35,Under 3.5 goals,0.7433,,,,Birmingham City vs Bristol City,Championship,2026-08-22,UNKNOWN,,NO_SCORELINE,,
2,Over 2.5 goals + Home over 0.5 goals,"47%, 80%",0.4587,0.3784,1.212,2.18,2.64,SCORE_MATRIX_EXACT,OK,O25,Over 2.5 goals,0.4731,HOME_O05,Home over 0.5 goals,0.7999,,,,Birmingham City vs Bristol City,Championship,2026-08-22,UNKNOWN,,NO_SCORELINE,,
2,Home or draw + Home over 1.5 goals,"79%, 48%",0.4579,0.3773,1.214,2.18,2.65,SCORE_MATRIX_EXACT,OK,1X,Home or draw,0.7876,HOME_O15,Home over 1.5 goals,0.4791,,,,Birmingham City vs Bristol City,Championship,2026-08-22,UNKNOWN,,NO_SCORELINE,,
2,Under 3.5 goals + Both teams to score - No,"74%, 49%",0.4557,0.3642,1.251,2.19,2.75,SCORE_MATRIX_EXACT,OK,U35,Under 3.5 goals,0.7433,BTTS_NO,Both teams to score - No,0.49,,,,Birmingham City vs Bristol City,Championship,2026-08-22,UNKNOWN,,NO_SCORELINE,,
2,Under 2.5 goals + Home or draw,"53%, 79%",0.4296,0.415,1.035,2.33,2.41,SCORE_MATRIX_EXACT,OK,U25,Under 2.5 goals,0.5269,1X,Home or draw,0.7876,,,,Birmingham City vs Bristol City,Championship,2026-08-22,UNKNOWN,,NO_SCORELINE,,
2,Both teams to score + Home or draw,"51%, 79%",0.4093,0.4017,1.019,2.44,2.49,SCORE_MATRIX_EXACT,OK,BTTS,Both teams to score,0.51,1X,Home or draw,0.7876,,,,Birmingham City vs Bristol City,Championship,2026-08-22,UNKNOWN,,NO_SCORELINE,,
2,Home or draw + Away over 0.5 goals,"79%, 62%",0.4093,0.4897,0.836,2.44,2.04,SCORE_MATRIX_EXACT,OK,1X,Home or draw,0.7876,AWAY_O05,Away over 0.5 goals,0.6217,,,,Birmingham City vs Bristol City,Championship,2026-08-22,UNKNOWN,,NO_SCORELINE,,
2,Over 1.5 goals + Home win,"74%, 51%",0.4039,0.3789,1.066,2.48,2.64,SCORE_MATRIX_EXACT,OK,O15,Over 1.5 goals,0.7439,HOME,Home win,0.5093,,,,Birmingham City vs Bristol City,Championship,2026-08-22,UNKNOWN,,NO_SCORELINE,,
2,Home win + Home over 1.5 goals,"51%, 48%",0.4039,0.244,1.656,2.48,4.1,SCORE_MATRIX_EXACT,OK,HOME,Home win,0.5093,HOME_O15,Home over 1.5 goals,0.4791,,,,Birmingham City vs Bristol City,Championship,2026-08-22,UNKNOWN,,NO_SCORELINE,,
2,Draw or away + Away over 0.5 goals,"49%, 62%",0.4023,0.3051,1.319,2.49,3.28,SCORE_MATRIX_EXACT,OK,X2,Draw or away,0.4907,AWAY_O05,Away over 0.5 goals,0.6217,,,,Birmingham City vs Bristol City,Championship,2026-08-22,UNKNOWN,,NO_SCORELINE,,
2,Home over 0.5 goals + Away over 0.5 goals,"82%, 67%",0.5427,0.5496,0.988,1.84,1.82,SCORE_MATRIX_EXACT,OK,HOME_O05,Home over 0.5 goals,0.8196,AWAY_O05,Away over 0.5 goals,0.6705,,,,FC Cincinnati vs New York City FC,USA MLS,2026-08-19,WON,HOME_O05=WON | AWAY_O05=WON,OK,2-1,1.0.0
2,Over 2.5 goals + Home over 0.5 goals,"54%, 82%",0.5217,0.4429,1.178,1.92,2.26,SCORE_MATRIX_EXACT,OK,O25,Over 2.5 goals,0.5405,HOME_O05,Home over 0.5 goals,0.8196,,,,FC Cincinnati vs New York City FC,USA MLS,2026-08-19,WON,O25=WON | HOME_O05=WON,OK,2-1,1.0.0
2,Under 3.5 goals + Home over 0.5 goals,"68%, 82%",0.5072,0.5595,0.907,1.97,1.79,SCORE_MATRIX_EXACT,OK,U35,Under 3.5 goals,0.6827,HOME_O05,Home over 0.5 goals,0.8196,,,,FC Cincinnati vs New York City FC,USA MLS,2026-08-19,WON,U35=WON | HOME_O05=WON,OK,2-1,1.0.0
2,Under 3.5 goals + Home or draw,"68%, 74%",0.4965,0.5082,0.977,2.01,1.97,SCORE_MATRIX_EXACT,OK,U35,Under 3.5 goals,0.6827,1X,Home or draw,0.7444,,,,FC Cincinnati vs New York City FC,USA MLS,2026-08-19,WON,U35=WON | 1X=WON,OK,2-1,1.0.0
2,Home or draw + Home over 1.5 goals,"74%, 51%",0.48,0.3813,1.259,2.08,2.62,SCORE_MATRIX_EXACT,OK,1X,Home or draw,0.7444,HOME_O15,Home over 1.5 goals,0.5123,,,,FC Cincinnati vs New York City FC,USA MLS,2026-08-19,WON,1X=WON | HOME_O15=WON,OK,2-1,1.0.0
2,Over 2.5 goals + Away over 0.5 goals,"54%, 67%",0.46,0.3624,1.269,2.17,2.76,SCORE_MATRIX_EXACT,OK,O25,Over 2.5 goals,0.5405,AWAY_O05,Away over 0.5 goals,0.6705,,,,FC Cincinnati vs New York City FC,USA MLS,2026-08-19,WON,O25=WON | AWAY_O05=WON,OK,2-1,1.0.0
2,Over 1.5 goals + Under 3.5 goals,"76%, 68%",0.4476,0.5222,0.857,2.23,1.91,SCORE_MATRIX_EXACT,OK,O15,Over 1.5 goals,0.7649,U35,Under 3.5 goals,0.6827,,,,FC Cincinnati vs New York City FC,USA MLS,2026-08-19,WON,O15=WON | U35=WON,OK,2-1,1.0.0
2,Over 2.5 goals + Both teams to score,"54%, 54%",0.4413,0.2933,1.504,2.27,3.41,SCORE_MATRIX_EXACT,OK,O25,Over 2.5 goals,0.5405,BTTS,Both teams to score,0.5427,,,,FC Cincinnati vs New York City FC,USA MLS,2026-08-19,WON,O25=WON | BTTS=WON,OK,2-1,1.0.0
2,Over 2.5 goals + Home over 1.5 goals,"54%, 51%",0.4262,0.2769,1.539,2.35,3.61,SCORE_MATRIX_EXACT,OK,O25,Over 2.5 goals,0.5405,HOME_O15,Home over 1.5 goals,0.5123,,,,FC Cincinnati vs New York City FC,USA MLS,2026-08-19,WON,O25=WON | HOME_O15=WON,OK,2-1,1.0.0
2,Draw or away + Away over 0.5 goals,"48%, 67%",0.4246,0.32,1.327,2.36,3.13,SCORE_MATRIX_EXACT,OK,X2,Draw or away,0.4772,AWAY_O05,Away over 0.5 goals,0.6705,,,,FC Cincinnati vs New York City FC,USA MLS,2026-08-19,LOST,X2=LOST | AWAY_O05=WON,OK,2-1,1.0.0
2,Under 3.5 goals + Both teams to score - No,"68%, 46%",0.4212,0.3122,1.349,2.37,3.2,SCORE_MATRIX_EXACT,OK,U35,Under 3.5 goals,0.6827,BTTS_NO,Both teams to score - No,0.4573,,,,FC Cincinnati vs New York City FC,USA MLS,2026-08-19,LOST,U35=WON | BTTS_NO=LOST,OK,2-1,1.0.0
2,Both teams to score + Home or draw,"54%, 74%",0.4149,0.404,1.027,2.41,2.48,SCORE_MATRIX_EXACT,OK,BTTS,Both teams to score,0.5427,1X,Home or draw,0.7444,,,,FC Cincinnati vs New York City FC,USA MLS,2026-08-19,WON,BTTS=WON | 1X=WON,OK,2-1,1.0.0
2,Under 3.5 goals + Home over 0.5 goals,"74%, 81%",0.5514,0.5983,0.922,1.81,1.67,SCORE_MATRIX_EXACT,OK,U35,Under 3.5 goals,0.738,HOME_O05,Home over 0.5 goals,0.8107,,,,Celta Vigo vs Andorra CF,La Liga 2,2026-08-24,UNKNOWN,,NO_SCORELINE,,
2,Over 1.5 goals + Away over 0.5 goals,"75%, 61%",0.5503,0.4558,1.207,1.82,2.19,SCORE_MATRIX_EXACT,OK,O15,Over 1.5 goals,0.7485,AWAY_O05,Away over 0.5 goals,0.609,,,,Celta Vigo vs Andorra CF,La Liga 2,2026-08-24,UNKNOWN,,NO_SCORELINE,,
2,Home over 0.5 goals + Away over 0.5 goals,"81%, 61%",0.506,0.4937,1.025,1.98,2.03,SCORE_MATRIX_EXACT,OK,HOME_O05,Home over 0.5 goals,0.8107,AWAY_O05,Away over 0.5 goals,0.609,,,,Celta Vigo vs Andorra CF,La Liga 2,2026-08-24,UNKNOWN,,NO_SCORELINE,,
2,Over 1.5 goals + Under 3.5 goals,"75%, 74%",0.4864,0.5523,0.881,2.06,1.81,SCORE_MATRIX_EXACT,OK,O15,Over 1.5 goals,0.7485,U35,Under 3.5 goals,0.738,,,,Celta Vigo vs Andorra CF,La Liga 2,2026-08-24,UNKNOWN,,NO_SCORELINE,,
2,Home or draw + Home over 1.5 goals,"80%, 50%",0.4779,0.3997,1.196,2.09,2.5,SCORE_MATRIX_EXACT,OK,1X,Home or draw,0.8034,HOME_O15,Home over 1.5 goals,0.4976,,,,Celta Vigo vs Andorra CF,La Liga 2,2026-08-24,UNKNOWN,,NO_SCORELINE,,
2,Over 2.5 goals + Home over 0.5 goals,"48%, 81%",0.4669,0.3886,1.201,2.14,2.57,SCORE_MATRIX_EXACT,OK,O25,Over 2.5 goals,0.4794,HOME_O05,Home over 0.5 goals,0.8107,,,,Celta Vigo vs Andorra CF,La Liga 2,2026-08-24,UNKNOWN,,NO_SCORELINE,,
2,Under 3.5 goals + Both teams to score - No,"74%, 49%",0.4559,0.3646,1.251,2.19,2.74,SCORE_MATRIX_EXACT,OK,U35,Under 3.5 goals,0.738,BTTS_NO,Both teams to score - No,0.494,,,,Celta Vigo vs Andorra CF,La Liga 2,2026-08-24,UNKNOWN,,NO_SCORELINE,,
2,Under 2.5 goals + Home or draw,"52%, 80%",0.4301,0.4182,1.028,2.33,2.39,SCORE_MATRIX_EXACT,OK,U25,Under 2.5 goals,0.5206,1X,Home or draw,0.8034,,,,Celta Vigo vs Andorra CF,La Liga 2,2026-08-24,UNKNOWN,,NO_SCORELINE,,
2,Over 1.5 goals + Home win,"75%, 53%",0.4252,0.398,1.068,2.35,2.51,SCORE_MATRIX_EXACT,OK,O15,Over 1.5 goals,0.7485,HOME,Home win,0.5317,,,,Celta Vigo vs Andorra CF,La Liga 2,2026-08-24,UNKNOWN,,NO_SCORELINE,,
2,Home win + Home over 1.5 goals,"53%, 50%",0.4252,0.2646,1.607,2.35,3.78,SCORE_MATRIX_EXACT,OK,HOME,Home win,0.5317,HOME_O15,Home over 1.5 goals,0.4976,,,,Celta Vigo vs Andorra CF,La Liga 2,2026-08-24,UNKNOWN,,NO_SCORELINE,,
2,Both teams to score + Home or draw,"51%, 80%",0.4124,0.4065,1.014,2.43,2.46,SCORE_MATRIX_EXACT,OK,BTTS,Both teams to score,0.506,1X,Home or draw,0.8034,,,,Celta Vigo vs Andorra CF,La Liga 2,2026-08-24,UNKNOWN,,NO_SCORELINE,,
2,Home or draw + Away over 0.5 goals,"80%, 61%",0.4124,0.4892,0.843,2.43,2.04,SCORE_MATRIX_EXACT,OK,1X,Home or draw,0.8034,AWAY_O05,Away over 0.5 goals,0.609,,,,Celta Vigo vs Andorra CF,La Liga 2,2026-08-24,UNKNOWN,,NO_SCORELINE,,
2,Under 3.5 goals + Home over 0.5 goals,"72%, 83%",0.5531,0.5981,0.925,1.81,1.67,SCORE_MATRIX_EXACT,OK,U35,Under 3.5 goals,0.7197,HOME_O05,Home over 0.5 goals,0.8311,,,,FC Tokyo vs JEF United Chiba,Japan J-League,2026-08-21,UNKNOWN,,NO_SCORELINE,,
2,Over 1.5 goals + Away over 0.5 goals,"74%, 59%",0.5206,0.4331,1.202,1.92,2.31,SCORE_MATRIX_EXACT,OK,O15,Over 1.5 goals,0.7354,AWAY_O05,Away over 0.5 goals,0.5889,,,,FC Tokyo vs JEF United Chiba,Japan J-League,2026-08-21,UNKNOWN,,NO_SCORELINE,,
2,Home or draw + Home over 1.5 goals,"81%, 53%",0.5099,0.4261,1.197,1.96,2.35,SCORE_MATRIX_EXACT,OK,1X,Home or draw,0.8053,HOME_O15,Home over 1.5 goals,0.5291,,,,FC Tokyo vs JEF United Chiba,Japan J-League,2026-08-21,UNKNOWN,,NO_SCORELINE,,
2,Over 2.5 goals + Home over 0.5 goals,"50%, 83%",0.4893,0.4156,1.178,2.04,2.41,SCORE_MATRIX_EXACT,OK,O25,Over 2.5 goals,0.5,HOME_O05,Home over 0.5 goals,0.8311,,,,FC Tokyo vs JEF United Chiba,Japan J-League,2026-08-21,UNKNOWN,,NO_SCORELINE,,
2,Home over 0.5 goals + Away over 0.5 goals,"83%, 59%",0.4819,0.4894,0.985,2.07,2.04,SCORE_MATRIX_EXACT,OK,HOME_O05,Home over 0.5 goals,0.8311,AWAY_O05,Away over 0.5 goals,0.5889,,,,FC Tokyo vs JEF United Chiba,Japan J-League,2026-08-21,UNKNOWN,,NO_SCORELINE,,
2,Under 3.5 goals + Both teams to score - No,"72%, 52%",0.4734,0.3729,1.27,2.11,2.68,SCORE_MATRIX_EXACT,OK,U35,Under 3.5 goals,0.7197,BTTS_NO,Both teams to score - No,0.5181,,,,FC Tokyo vs JEF United Chiba,Japan J-League,2026-08-21,UNKNOWN,,NO_SCORELINE,,
2,Over 1.5 goals + Home win,"74%, 59%",0.4573,0.4351,1.051,2.19,2.3,SCORE_MATRIX_EXACT,OK,O15,Over 1.5 goals,0.7354,HOME,Home win,0.5916,,,,FC Tokyo vs JEF United Chiba,Japan J-League,2026-08-21,UNKNOWN,,NO_SCORELINE,,
2,Home win + Home over 1.5 goals,"59%, 53%",0.4573,0.313,1.461,2.19,3.19,SCORE_MATRIX_EXACT,OK,HOME,Home win,0.5916,HOME_O15,Home over 1.5 goals,0.5291,,,,FC Tokyo vs JEF United Chiba,Japan J-League,2026-08-21,UNKNOWN,,NO_SCORELINE,,
2,Over 1.5 goals + Under 3.5 goals,"74%, 72%",0.4551,0.5293,0.86,2.2,1.89,SCORE_MATRIX_EXACT,OK,O15,Over 1.5 goals,0.7354,U35,Under 3.5 goals,0.7197,,,,FC Tokyo vs JEF United Chiba,Japan J-League,2026-08-21,UNKNOWN,,NO_SCORELINE,,
2,Over 2.5 goals + Home over 1.5 goals,"50%, 53%",0.4207,0.2645,1.59,2.38,3.78,SCORE_MATRIX_EXACT,OK,O25,Over 2.5 goals,0.5,HOME_O15,Home over 1.5 goals,0.5291,,,,FC Tokyo vs JEF United Chiba,Japan J-League,2026-08-21,UNKNOWN,,NO_SCORELINE,,
2,Both teams to score - No + Home or draw,"52%, 81%",0.4111,0.4172,0.985,2.43,2.4,SCORE_MATRIX_EXACT,OK,BTTS_NO,Both teams to score - No,0.5181,1X,Home or draw,0.8053,,,,FC Tokyo vs JEF United Chiba,Japan J-League,2026-08-21,UNKNOWN,,NO_SCORELINE,,
2,Under 3.5 goals + Home win,"72%, 59%",0.4044,0.4258,0.95,2.47,2.35,SCORE_MATRIX_EXACT,OK,U35,Under 3.5 goals,0.7197,HOME,Home win,0.5916,,,,FC Tokyo vs JEF United Chiba,Japan J-League,2026-08-21,UNKNOWN,,NO_SCORELINE,,
2,Home over 0.5 goals + Away over 0.5 goals,"75%, 69%",0.5252,0.5208,1.009,1.9,1.92,SCORE_MATRIX_EXACT,OK,HOME_O05,Home over 0.5 goals,0.7502,AWAY_O05,Away over 0.5 goals,0.6942,,,,Ried vs Grazer AK,Austrian Bundesliga,2026-08-21,LOST,HOME_O05=WON | AWAY_O05=LOST,OK,1-0,1.0.0
2,Under 3.5 goals + Home or draw,"74%, 68%",0.5089,0.5095,0.999,1.97,1.96,SCORE_MATRIX_EXACT,OK,U35,Under 3.5 goals,0.744,1X,Home or draw,0.6849,,,,Ried vs Grazer AK,Austrian Bundesliga,2026-08-21,WON,U35=WON | 1X=WON,OK,1-0,1.0.0
2,Draw or away + Away over 0.5 goals,"59%, 69%",0.5087,0.4093,1.243,1.97,2.44,SCORE_MATRIX_EXACT,OK,X2,Draw or away,0.5896,AWAY_O05,Away over 0.5 goals,0.6942,,,,Ried vs Grazer AK,Austrian Bundesliga,2026-08-21,LOST,X2=LOST | AWAY_O05=LOST,OK,1-0,1.0.0
2,Over 1.5 goals + Home or draw,"73%, 68%",0.5028,0.5011,1.003,1.99,2.0,SCORE_MATRIX_EXACT,OK,O15,Over 1.5 goals,0.7316,1X,Home or draw,0.6849,,,,Ried vs Grazer AK,Austrian Bundesliga,2026-08-21,LOST,O15=LOST | 1X=WON,OK,1-0,1.0.0
2,Under 3.5 goals + Home over 0.5 goals,"74%, 75%",0.5022,0.5581,0.9,1.99,1.79,SCORE_MATRIX_EXACT,OK,U35,Under 3.5 goals,0.744,HOME_O05,Home over 0.5 goals,0.7502,,,,Ried vs Grazer AK,Austrian Bundesliga,2026-08-21,WON,U35=WON | HOME_O05=WON,OK,1-0,1.0.0
2,Over 1.5 goals + Under 3.5 goals,"73%, 74%",0.4756,0.5443,0.874,2.1,1.84,SCORE_MATRIX_EXACT,OK,O15,Over 1.5 goals,0.7316,U35,Under 3.5 goals,0.744,,,,Ried vs Grazer AK,Austrian Bundesliga,2026-08-21,LOST,O15=LOST | U35=WON,OK,1-0,1.0.0
2,Under 3.5 goals + Away over 0.5 goals,"74%, 69%",0.4541,0.5164,0.879,2.2,1.94,SCORE_MATRIX_EXACT,OK,U35,Under 3.5 goals,0.744,AWAY_O05,Away over 0.5 goals,0.6942,,,,Ried vs Grazer AK,Austrian Bundesliga,2026-08-21,LOST,U35=WON | AWAY_O05=LOST,OK,1-0,1.0.0
2,Under 3.5 goals + Both teams to score - No,"74%, 47%",0.4508,0.3532,1.276,2.22,2.83,SCORE_MATRIX_EXACT,OK,U35,Under 3.5 goals,0.744,BTTS_NO,Both teams to score - No,0.4748,,,,Ried vs Grazer AK,Austrian Bundesliga,2026-08-21,WON,U35=WON | BTTS_NO=WON,OK,1-0,1.0.0
2,Under 3.5 goals + Draw or away,"74%, 59%",0.448,0.4386,1.021,2.23,2.28,SCORE_MATRIX_EXACT,OK,U35,Under 3.5 goals,0.744,X2,Draw or away,0.5896,,,,Ried vs Grazer AK,Austrian Bundesliga,2026-08-21,LOST,U35=WON | X2=LOST,OK,1-0,1.0.0
2,Over 2.5 goals + Home over 0.5 goals,"47%, 75%",0.4432,0.3543,1.251,2.26,2.82,SCORE_MATRIX_EXACT,OK,O25,Over 2.5 goals,0.4723,HOME_O05,Home over 0.5 goals,0.7502,,,,Ried vs Grazer AK,Austrian Bundesliga,2026-08-21,LOST,O25=LOST | HOME_O05=WON,OK,1-0,1.0.0
2,Over 1.5 goals + Draw or away,"73%, 59%",0.4224,0.4313,0.979,2.37,2.32,SCORE_MATRIX_EXACT,OK,O15,Over 1.5 goals,0.7316,X2,Draw or away,0.5896,,,,Ried vs Grazer AK,Austrian Bundesliga,2026-08-21,LOST,O15=LOST | X2=LOST,OK,1-0,1.0.0
2,Over 2.5 goals + Away over 0.5 goals,"47%, 69%",0.4223,0.3279,1.288,2.37,3.05,SCORE_MATRIX_EXACT,OK,O25,Over 2.5 goals,0.4723,AWAY_O05,Away over 0.5 goals,0.6942,,,,Ried vs Grazer AK,Austrian Bundesliga,2026-08-21,LOST,O25=LOST | AWAY_O05=LOST,OK,1-0,1.0.0
2,Under 3.5 goals + Home over 0.5 goals,"75%, 79%",0.5358,0.586,0.914,1.87,1.71,SCORE_MATRIX_EXACT,OK,U35,Under 3.5 goals,0.7451,HOME_O05,Home over 0.5 goals,0.7865,,,,Drogheda United vs Dundalk,Ireland Premier Division,2026-08-28,UNKNOWN,,NO_SCORELINE,,
2,Home over 0.5 goals + Away over 0.5 goals,"79%, 64%",0.5195,0.5065,1.026,1.92,1.97,SCORE_MATRIX_EXACT,OK,HOME_O05,Home over 0.5 goals,0.7865,AWAY_O05,Away over 0.5 goals,0.644,,,,Drogheda United vs Dundalk,Ireland Premier Division,2026-08-28,UNKNOWN,,NO_SCORELINE,,
2,Over 1.5 goals + Under 3.5 goals,"74%, 75%",0.4877,0.5533,0.881,2.05,1.81,SCORE_MATRIX_EXACT,OK,O15,Over 1.5 goals,0.7426,U35,Under 3.5 goals,0.7451,,,,Drogheda United vs Dundalk,Ireland Premier Division,2026-08-28,UNKNOWN,,NO_SCORELINE,,
2,Over 2.5 goals + Home over 0.5 goals,"47%, 79%",0.4532,0.3704,1.224,2.21,2.7,SCORE_MATRIX_EXACT,OK,O25,Over 2.5 goals,0.471,HOME_O05,Home over 0.5 goals,0.7865,,,,Drogheda United vs Dundalk,Ireland Premier Division,2026-08-28,UNKNOWN,,NO_SCORELINE,,
2,Under 3.5 goals + Both teams to score - No,"75%, 48%",0.4505,0.358,1.258,2.22,2.79,SCORE_MATRIX_EXACT,OK,U35,Under 3.5 goals,0.7451,BTTS_NO,Both teams to score - No,0.4805,,,,Drogheda United vs Dundalk,Ireland Premier Division,2026-08-28,UNKNOWN,,NO_SCORELINE,,
2,Home or draw + Home over 1.5 goals,"76%, 46%",0.4325,0.3481,1.242,2.31,2.87,SCORE_MATRIX_EXACT,OK,1X,Home or draw,0.7626,HOME_O15,Home over 1.5 goals,0.4565,,,,Drogheda United vs Dundalk,Ireland Premier Division,2026-08-28,UNKNOWN,,NO_SCORELINE,,
2,Draw or away + Away over 0.5 goals,"52%, 64%",0.4335,0.3365,1.288,2.31,2.97,SCORE_MATRIX_EXACT,OK,X2,Draw or away,0.5225,AWAY_O05,Away over 0.5 goals,0.644,,,,Drogheda United vs Dundalk,Ireland Premier Division,2026-08-28,UNKNOWN,,NO_SCORELINE,,
2,Under 2.5 goals + Home or draw,"53%, 76%",0.4223,0.4034,1.047,2.37,2.48,SCORE_MATRIX_EXACT,OK,U25,Under 2.5 goals,0.529,1X,Home or draw,0.7626,,,,Drogheda United vs Dundalk,Ireland Premier Division,2026-08-28,UNKNOWN,,NO_SCORELINE,,
2,Under 3.5 goals + Away over 0.5 goals,"75%, 64%",0.4148,0.4798,0.865,2.41,2.08,SCORE_MATRIX_EXACT,OK,U35,Under 3.5 goals,0.7451,AWAY_O05,Away over 0.5 goals,0.644,,,,Drogheda United vs Dundalk,Ireland Premier Division,2026-08-28,UNKNOWN,,NO_SCORELINE,,
2,Under 3.5 goals + Draw or away,"75%, 52%",0.4103,0.3893,1.054,2.44,2.57,SCORE_MATRIX_EXACT,OK,U35,Under 3.5 goals,0.7451,X2,Draw or away,0.5225,,,,Drogheda United vs Dundalk,Ireland Premier Division,2026-08-28,UNKNOWN,,NO_SCORELINE,,
2,Both teams to score + Home or draw,"52%, 76%",0.4066,0.3962,1.026,2.46,2.52,SCORE_MATRIX_EXACT,OK,BTTS,Both teams to score,0.5195,1X,Home or draw,0.7626,,,,Drogheda United vs Dundalk,Ireland Premier Division,2026-08-28,UNKNOWN,,NO_SCORELINE,,
2,Home or draw + Away over 0.5 goals,"76%, 64%",0.4066,0.4911,0.828,2.46,2.04,SCORE_MATRIX_EXACT,OK,1X,Home or draw,0.7626,AWAY_O05,Away over 0.5 goals,0.644,,,,Drogheda United vs Dundalk,Ireland Premier Division,2026-08-28,UNKNOWN,,NO_SCORELINE,,
2,Draw or away + Away over 0.5 goals,"64%, 70%",0.5414,0.4497,1.204,1.85,2.22,SCORE_MATRIX_EXACT,OK,X2,Draw or away,0.6412,AWAY_O05,Away over 0.5 goals,0.7013,,,,Clermont vs Sochaux,Ligue 2,2026-08-28,UNKNOWN,,NO_SCORELINE,,
2,Under 3.5 goals + Home or draw,"77%, 66%",0.5169,0.5115,1.011,1.93,1.95,SCORE_MATRIX_EXACT,OK,U35,Under 3.5 goals,0.7697,1X,Home or draw,0.6646,,,,Clermont vs Sochaux,Ligue 2,2026-08-28,UNKNOWN,,NO_SCORELINE,,
2,Home over 0.5 goals + Away over 0.5 goals,"72%, 70%",0.5164,0.5016,1.029,1.94,1.99,SCORE_MATRIX_EXACT,OK,HOME_O05,Home over 0.5 goals,0.7153,AWAY_O05,Away over 0.5 goals,0.7013,,,,Clermont vs Sochaux,Ligue 2,2026-08-28,UNKNOWN,,NO_SCORELINE,,
2,Under 3.5 goals + Draw or away,"77%, 64%",0.5015,0.4935,1.016,1.99,2.03,SCORE_MATRIX_EXACT,OK,U35,Under 3.5 goals,0.7697,X2,Draw or away,0.6412,,,,Clermont vs Sochaux,Ligue 2,2026-08-28,UNKNOWN,,NO_SCORELINE,,
2,Under 3.5 goals + Home over 0.5 goals,"77%, 72%",0.4946,0.5506,0.898,2.02,1.82,SCORE_MATRIX_EXACT,OK,U35,Under 3.5 goals,0.7697,HOME_O05,Home over 0.5 goals,0.7153,,,,Clermont vs Sochaux,Ligue 2,2026-08-28,UNKNOWN,,NO_SCORELINE,,
2,Over 1.5 goals + Under 3.5 goals,"72%, 77%",0.4896,0.5541,0.884,2.04,1.8,SCORE_MATRIX_EXACT,OK,O15,Over 1.5 goals,0.7199,U35,Under 3.5 goals,0.7697,,,,Clermont vs Sochaux,Ligue 2,2026-08-28,UNKNOWN,,NO_SCORELINE,,
2,Under 3.5 goals + Away over 0.5 goals,"77%, 70%",0.4824,0.5397,0.894,2.07,1.85,SCORE_MATRIX_EXACT,OK,U35,Under 3.5 goals,0.7697,AWAY_O05,Away over 0.5 goals,0.7013,,,,Clermont vs Sochaux,Ligue 2,2026-08-28,UNKNOWN,,NO_SCORELINE,,
2,Over 1.5 goals + Home or draw,"72%, 66%",0.4729,0.4785,0.988,2.11,2.09,SCORE_MATRIX_EXACT,OK,O15,Over 1.5 goals,0.7199,1X,Home or draw,0.6646,,,,Clermont vs Sochaux,Ligue 2,2026-08-28,UNKNOWN,,NO_SCORELINE,,
2,Under 3.5 goals + Both teams to score - No,"77%, 48%",0.4625,0.3722,1.243,2.16,2.69,SCORE_MATRIX_EXACT,OK,U35,Under 3.5 goals,0.7697,BTTS_NO,Both teams to score - No,0.4836,,,,Clermont vs Sochaux,Ligue 2,2026-08-28,UNKNOWN,,NO_SCORELINE,,
2,Over 1.5 goals + Draw or away,"72%, 64%",0.4531,0.4616,0.982,2.21,2.17,SCORE_MATRIX_EXACT,OK,O15,Over 1.5 goals,0.7199,X2,Draw or away,0.6412,,,,Clermont vs Sochaux,Ligue 2,2026-08-28,UNKNOWN,,NO_SCORELINE,,
2,Under 2.5 goals + Both teams to score - No,"56%, 48%",0.4097,0.2701,1.517,2.44,3.7,SCORE_MATRIX_EXACT,OK,U25,Under 2.5 goals,0.5586,BTTS_NO,Both teams to score - No,0.4836,,,,Clermont vs Sochaux,Ligue 2,2026-08-28,UNKNOWN,,NO_SCORELINE,,
2,Under 2.5 goals + Home or draw,"56%, 66%",0.4082,0.3713,1.099,2.45,2.69,SCORE_MATRIX_EXACT,OK,U25,Under 2.5 goals,0.5586,1X,Home or draw,0.6646,,,,Clermont vs Sochaux,Ligue 2,2026-08-28,UNKNOWN,,NO_SCORELINE,,
2,Under 3.5 goals + Home over 0.5 goals,"70%, 82%",0.5251,0.5753,0.913,1.9,1.74,SCORE_MATRIX_EXACT,OK,U35,Under 3.5 goals,0.7039,HOME_O05,Home over 0.5 goals,0.8172,,,,Real Salt Lake vs FC Dallas,USA MLS,2026-08-20,LOST,U35=LOST | HOME_O05=WON,OK,3-4,1.0.0
2,Under 3.5 goals + Home or draw,"70%, 76%",0.5233,0.5356,0.977,1.91,1.87,SCORE_MATRIX_EXACT,OK,U35,Under 3.5 goals,0.7039,1X,Home or draw,0.7609,,,,Real Salt Lake vs FC Dallas,USA MLS,2026-08-20,LOST,U35=LOST | 1X=LOST,OK,3-4,1.0.0
2,Home over 0.5 goals + Away over 0.5 goals,"82%, 64%",0.5186,0.5259,0.986,1.93,1.9,SCORE_MATRIX_EXACT,OK,HOME_O05,Home over 0.5 goals,0.8172,AWAY_O05,Away over 0.5 goals,0.6436,,,,Real Salt Lake vs FC Dallas,USA MLS,2026-08-20,WON,HOME_O05=WON | AWAY_O05=WON,OK,3-4,1.0.0
2,Over 2.5 goals + Home over 0.5 goals,"52%, 82%",0.5014,0.423,1.185,1.99,2.36,SCORE_MATRIX_EXACT,OK,O25,Over 2.5 goals,0.5176,HOME_O05,Home over 0.5 goals,0.8172,,,,Real Salt Lake vs FC Dallas,USA MLS,2026-08-20,WON,O25=WON | HOME_O05=WON,OK,3-4,1.0.0
2,Home or draw + Home over 1.5 goals,"76%, 51%",0.4802,0.3859,1.244,2.08,2.59,SCORE_MATRIX_EXACT,OK,1X,Home or draw,0.7609,HOME_O15,Home over 1.5 goals,0.5072,,,,Real Salt Lake vs FC Dallas,USA MLS,2026-08-20,LOST,1X=LOST | HOME_O15=WON,OK,3-4,1.0.0
2,Over 1.5 goals + Under 3.5 goals,"75%, 70%",0.4522,0.5267,0.858,2.21,1.9,SCORE_MATRIX_EXACT,OK,O15,Over 1.5 goals,0.7483,U35,Under 3.5 goals,0.7039,,,,Real Salt Lake vs FC Dallas,USA MLS,2026-08-20,LOST,O15=WON | U35=LOST,OK,3-4,1.0.0
2,Under 3.5 goals + Both teams to score - No,"70%, 48%",0.4446,0.3389,1.312,2.25,2.95,SCORE_MATRIX_EXACT,OK,U35,Under 3.5 goals,0.7039,BTTS_NO,Both teams to score - No,0.4814,,,,Real Salt Lake vs FC Dallas,USA MLS,2026-08-20,LOST,U35=LOST | BTTS_NO=LOST,OK,3-4,1.0.0
2,Over 2.5 goals + Away over 0.5 goals,"52%, 64%",0.4321,0.3331,1.297,2.31,3.0,SCORE_MATRIX_EXACT,OK,O25,Over 2.5 goals,0.5176,AWAY_O05,Away over 0.5 goals,0.6436,,,,Real Salt Lake vs FC Dallas,USA MLS,2026-08-20,WON,O25=WON | AWAY_O05=WON,OK,3-4,1.0.0
2,Over 1.5 goals + Home win,"75%, 54%",0.4183,0.4029,1.038,2.39,2.48,SCORE_MATRIX_EXACT,OK,O15,Over 1.5 goals,0.7483,HOME,Home win,0.5385,,,,Real Salt Lake vs FC Dallas,USA MLS,2026-08-20,LOST,O15=WON | HOME=LOST,OK,3-4,1.0.0
2,Home win + Home over 1.5 goals,"54%, 51%",0.4183,0.2731,1.532,2.39,3.66,SCORE_MATRIX_EXACT,OK,HOME,Home win,0.5385,HOME_O15,Home over 1.5 goals,0.5072,,,,Real Salt Lake vs FC Dallas,USA MLS,2026-08-20,LOST,HOME=LOST | HOME_O15=WON,OK,3-4,1.0.0
2,Over 2.5 goals + Both teams to score,"52%, 52%",0.4159,0.2684,1.549,2.4,3.73,SCORE_MATRIX_EXACT,OK,O25,Over 2.5 goals,0.5176,BTTS,Both teams to score,0.5186,,,,Real Salt Lake vs FC Dallas,USA MLS,2026-08-20,WON,O25=WON | BTTS=WON,OK,3-4,1.0.0
2,Over 2.5 goals + Home over 1.5 goals,"52%, 51%",0.4143,0.2625,1.578,2.41,3.81,SCORE_MATRIX_EXACT,OK,O25,Over 2.5 goals,0.5176,HOME_O15,Home over 1.5 goals,0.5072,,,,Real Salt Lake vs FC Dallas,USA MLS,2026-08-20,WON,O25=WON | HOME_O15=WON,OK,3-4,1.0.0
2,Over 2.5 goals + Home over 0.5 goals,"56%, 84%",0.542,0.4691,1.155,1.84,2.13,SCORE_MATRIX_EXACT,OK,O25,Over 2.5 goals,0.556,HOME_O05,Home over 0.5 goals,0.8437,,,,San Jose Earthquakes vs Minnesota United FC,USA MLS,2026-08-23,WON,O25=WON | HOME_O05=WON,OK,1-5,1.0.0
2,Home over 0.5 goals + Away over 0.5 goals,"84%, 65%",0.5382,0.5445,0.988,1.86,1.84,SCORE_MATRIX_EXACT,OK,HOME_O05,Home over 0.5 goals,0.8437,AWAY_O05,Away over 0.5 goals,0.6454,,,,San Jose Earthquakes vs Minnesota United FC,USA MLS,2026-08-23,WON,HOME_O05=WON | AWAY_O05=WON,OK,1-5,1.0.0
2,Home or draw + Home over 1.5 goals,"78%, 55%",0.526,0.4338,1.213,1.9,2.31,SCORE_MATRIX_EXACT,OK,1X,Home or draw,0.7826,HOME_O15,Home over 1.5 goals,0.5543,,,,San Jose Earthquakes vs Minnesota United FC,USA MLS,2026-08-23,LOST,1X=LOST | HOME_O15=LOST,OK,1-5,1.0.0
2,Under 3.5 goals + Home over 0.5 goals,"67%, 84%",0.5149,0.5634,0.914,1.94,1.78,SCORE_MATRIX_EXACT,OK,U35,Under 3.5 goals,0.6678,HOME_O05,Home over 0.5 goals,0.8437,,,,San Jose Earthquakes vs Minnesota United FC,USA MLS,2026-08-23,LOST,U35=LOST | HOME_O05=WON,OK,1-5,1.0.0
2,Under 3.5 goals + Home or draw,"67%, 78%",0.5081,0.5226,0.972,1.97,1.91,SCORE_MATRIX_EXACT,OK,U35,Under 3.5 goals,0.6678,1X,Home or draw,0.7826,,,,San Jose Earthquakes vs Minnesota United FC,USA MLS,2026-08-23,LOST,U35=LOST | 1X=LOST,OK,1-5,1.0.0
2,Over 1.5 goals + Home win,"78%, 57%",0.4613,0.4447,1.037,2.17,2.25,SCORE_MATRIX_EXACT,OK,O15,Over 1.5 goals,0.7762,HOME,Home win,0.5729,,,,San Jose Earthquakes vs Minnesota United FC,USA MLS,2026-08-23,LOST,O15=WON | HOME=LOST,OK,1-5,1.0.0
2,Over 2.5 goals + Home over 1.5 goals,"56%, 55%",0.4601,0.3082,1.493,2.17,3.24,SCORE_MATRIX_EXACT,OK,O25,Over 2.5 goals,0.556,HOME_O15,Home over 1.5 goals,0.5543,,,,San Jose Earthquakes vs Minnesota United FC,USA MLS,2026-08-23,LOST,O25=WON | HOME_O15=LOST,OK,1-5,1.0.0
2,Home win + Home over 1.5 goals,"57%, 55%",0.4613,0.3175,1.453,2.17,3.15,SCORE_MATRIX_EXACT,OK,HOME,Home win,0.5729,HOME_O15,Home over 1.5 goals,0.5543,,,,San Jose Earthquakes vs Minnesota United FC,USA MLS,2026-08-23,LOST,HOME=LOST | HOME_O15=LOST,OK,1-5,1.0.0
2,Over 2.5 goals + Away over 0.5 goals,"56%, 65%",0.4563,0.3588,1.272,2.19,2.79,SCORE_MATRIX_EXACT,OK,O25,Over 2.5 goals,0.556,AWAY_O05,Away over 0.5 goals,0.6454,,,,San Jose Earthquakes vs Minnesota United FC,USA MLS,2026-08-23,WON,O25=WON | AWAY_O05=WON,OK,1-5,1.0.0
2,Over 1.5 goals + Under 3.5 goals,"78%, 67%",0.444,0.5183,0.857,2.25,1.93,SCORE_MATRIX_EXACT,OK,O15,Over 1.5 goals,0.7762,U35,Under 3.5 goals,0.6678,,,,San Jose Earthquakes vs Minnesota United FC,USA MLS,2026-08-23,LOST,O15=WON | U35=LOST,OK,1-5,1.0.0
2,Over 2.5 goals + Both teams to score,"56%, 54%",0.4423,0.2992,1.478,2.26,3.34,SCORE_MATRIX_EXACT,OK,O25,Over 2.5 goals,0.556,BTTS,Both teams to score,0.5382,,,,San Jose Earthquakes vs Minnesota United FC,USA MLS,2026-08-23,WON,O25=WON | BTTS=WON,OK,1-5,1.0.0
2,Over 2.5 goals + Home or draw,"56%, 78%",0.4318,0.4351,0.992,2.32,2.3,SCORE_MATRIX_EXACT,OK,O25,Over 2.5 goals,0.556,1X,Home or draw,0.7826,,,,San Jose Earthquakes vs Minnesota United FC,USA MLS,2026-08-23,LOST,O25=WON | 1X=LOST,OK,1-5,1.0.0
2,Over 1.5 goals + Away over 0.5 goals,"73%, 58%",0.5203,0.4218,1.234,1.92,2.37,SCORE_MATRIX_EXACT,OK,O15,Over 1.5 goals,0.725,AWAY_O05,Away over 0.5 goals,0.5818,,,,Pisa vs Padova,Serie B,2026-08-23,LOST,O15=LOST | AWAY_O05=WON,OK,0-1,1.0.0
2,Over 1.5 goals + Under 3.5 goals,"73%, 76%",0.4885,0.5536,0.883,2.05,1.81,SCORE_MATRIX_EXACT,OK,O15,Over 1.5 goals,0.725,U35,Under 3.5 goals,0.7635,,,,Pisa vs Padova,Serie B,2026-08-23,LOST,O15=LOST | U35=WON,OK,0-1,1.0.0
2,Under 3.5 goals + Both teams to score - No,"76%, 52%",0.4848,0.3982,1.217,2.06,2.51,SCORE_MATRIX_EXACT,OK,U35,Under 3.5 goals,0.7635,BTTS_NO,Both teams to score - No,0.5216,,,,Pisa vs Padova,Serie B,2026-08-23,WON,U35=WON | BTTS_NO=WON,OK,0-1,1.0.0
2,Home over 0.5 goals + Away over 0.5 goals,"80%, 58%",0.4784,0.4651,1.029,2.09,2.15,SCORE_MATRIX_EXACT,OK,HOME_O05,Home over 0.5 goals,0.7994,AWAY_O05,Away over 0.5 goals,0.5818,,,,Pisa vs Padova,Serie B,2026-08-23,LOST,HOME_O05=LOST | AWAY_O05=WON,OK,0-1,1.0.0
2,Home or draw + Home over 1.5 goals,"81%, 48%",0.4649,0.391,1.189,2.15,2.56,SCORE_MATRIX_EXACT,OK,1X,Home or draw,0.8128,HOME_O15,Home over 1.5 goals,0.481,,,,Pisa vs Padova,Serie B,2026-08-23,LOST,1X=LOST | HOME_O15=LOST,OK,0-1,1.0.0
2,Under 2.5 goals + Home or draw,"55%, 81%",0.4584,0.4476,1.024,2.18,2.23,SCORE_MATRIX_EXACT,OK,U25,Under 2.5 goals,0.5507,1X,Home or draw,0.8128,,,,Pisa vs Padova,Serie B,2026-08-23,LOST,U25=WON | 1X=LOST,OK,0-1,1.0.0
2,Over 2.5 goals + Home over 0.5 goals,"45%, 80%",0.4382,0.3591,1.22,2.28,2.78,SCORE_MATRIX_EXACT,OK,O25,Over 2.5 goals,0.4493,HOME_O05,Home over 0.5 goals,0.7994,,,,Pisa vs Padova,Serie B,2026-08-23,LOST,O25=LOST | HOME_O05=LOST,OK,0-1,1.0.0
2,Over 1.5 goals + Home win,"73%, 53%",0.4178,0.3872,1.079,2.39,2.58,SCORE_MATRIX_EXACT,OK,O15,Over 1.5 goals,0.725,HOME,Home win,0.534,,,,Pisa vs Padova,Serie B,2026-08-23,LOST,O15=LOST | HOME=LOST,OK,0-1,1.0.0
2,Both teams to score - No + Home or draw,"52%, 81%",0.4182,0.4239,0.987,2.39,2.36,SCORE_MATRIX_EXACT,OK,BTTS_NO,Both teams to score - No,0.5216,1X,Home or draw,0.8128,,,,Pisa vs Padova,Serie B,2026-08-23,LOST,BTTS_NO=WON | 1X=LOST,OK,0-1,1.0.0
2,Home win + Home over 1.5 goals,"53%, 48%",0.4178,0.2569,1.626,2.39,3.89,SCORE_MATRIX_EXACT,OK,HOME,Home win,0.534,HOME_O15,Home over 1.5 goals,0.481,,,,Pisa vs Padova,Serie B,2026-08-23,LOST,HOME=LOST | HOME_O15=LOST,OK,0-1,1.0.0
2,Under 2.5 goals + Both teams to score - No,"55%, 52%",0.4164,0.2873,1.45,2.4,3.48,SCORE_MATRIX_EXACT,OK,U25,Under 2.5 goals,0.5507,BTTS_NO,Both teams to score - No,0.5216,,,,Pisa vs Padova,Serie B,2026-08-23,WON,U25=WON | BTTS_NO=WON,OK,0-1,1.0.0
2,Both teams to score + Home or draw,"48%, 81%",0.3945,0.3889,1.015,2.53,2.57,SCORE_MATRIX_EXACT,OK,BTTS,Both teams to score,0.4784,1X,Home or draw,0.8128,,,,Pisa vs Padova,Serie B,2026-08-23,LOST,BTTS=LOST | 1X=LOST,OK,0-1,1.0.0
2,Home or draw + Home over 0.5 goals,"65%, 70%",0.5496,0.455,1.208,1.82,2.2,SCORE_MATRIX_EXACT,OK,1X,Home or draw,0.6503,HOME_O05,Home over 0.5 goals,0.6997,,,,Internacional vs Atletico Mineiro,Brazil Serie A,2026-08-22,UNKNOWN,,NO_SCORELINE,,
2,Draw or away + Away over 0.5 goals,"65%, 70%",0.5484,0.4537,1.209,1.82,2.2,SCORE_MATRIX_EXACT,OK,X2,Draw or away,0.6491,AWAY_O05,Away over 0.5 goals,0.699,,,,Internacional vs Atletico Mineiro,Brazil Serie A,2026-08-22,UNKNOWN,,NO_SCORELINE,,
2,Under 3.5 goals + Home or draw,"78%, 65%",0.513,0.5076,1.011,1.95,1.97,SCORE_MATRIX_EXACT,OK,U35,Under 3.5 goals,0.7806,1X,Home or draw,0.6503,,,,Internacional vs Atletico Mineiro,Brazil Serie A,2026-08-22,UNKNOWN,,NO_SCORELINE,,
2,Under 3.5 goals + Draw or away,"78%, 65%",0.5122,0.5067,1.011,1.95,1.97,SCORE_MATRIX_EXACT,OK,U35,Under 3.5 goals,0.7806,X2,Draw or away,0.6491,,,,Internacional vs Atletico Mineiro,Brazil Serie A,2026-08-22,UNKNOWN,,NO_SCORELINE,,
2,Home over 0.5 goals + Away over 0.5 goals,"70%, 70%",0.4994,0.4891,1.021,2.0,2.04,SCORE_MATRIX_EXACT,OK,HOME_O05,Home over 0.5 goals,0.6997,AWAY_O05,Away over 0.5 goals,0.699,,,,Internacional vs Atletico Mineiro,Brazil Serie A,2026-08-22,UNKNOWN,,NO_SCORELINE,,
2,Under 3.5 goals + Home over 0.5 goals,"78%, 70%",0.4904,0.5462,0.898,2.04,1.83,SCORE_MATRIX_EXACT,OK,U35,Under 3.5 goals,0.7806,HOME_O05,Home over 0.5 goals,0.6997,,,,Internacional vs Atletico Mineiro,Brazil Serie A,2026-08-22,UNKNOWN,,NO_SCORELINE,,
2,Under 3.5 goals + Away over 0.5 goals,"78%, 70%",0.4898,0.5457,0.898,2.04,1.83,SCORE_MATRIX_EXACT,OK,U35,Under 3.5 goals,0.7806,AWAY_O05,Away over 0.5 goals,0.699,,,,Internacional vs Atletico Mineiro,Brazil Serie A,2026-08-22,UNKNOWN,,NO_SCORELINE,,
2,Over 1.5 goals + Under 3.5 goals,"70%, 78%",0.4831,0.5484,0.881,2.07,1.82,SCORE_MATRIX_EXACT,OK,O15,Over 1.5 goals,0.7025,U35,Under 3.5 goals,0.7806,,,,Internacional vs Atletico Mineiro,Brazil Serie A,2026-08-22,UNKNOWN,,NO_SCORELINE,,
2,Under 3.5 goals + Both teams to score - No,"78%, 50%",0.4804,0.3908,1.229,2.08,2.56,SCORE_MATRIX_EXACT,OK,U35,Under 3.5 goals,0.7806,BTTS_NO,Both teams to score - No,0.5006,,,,Internacional vs Atletico Mineiro,Brazil Serie A,2026-08-22,UNKNOWN,,NO_SCORELINE,,
2,Over 1.5 goals + Home or draw,"70%, 65%",0.4511,0.4568,0.987,2.22,2.19,SCORE_MATRIX_EXACT,OK,O15,Over 1.5 goals,0.7025,1X,Home or draw,0.6503,,,,Internacional vs Atletico Mineiro,Brazil Serie A,2026-08-22,UNKNOWN,,NO_SCORELINE,,
2,Over 1.5 goals + Draw or away,"70%, 65%",0.4501,0.456,0.987,2.22,2.19,SCORE_MATRIX_EXACT,OK,O15,Over 1.5 goals,0.7025,X2,Draw or away,0.6491,,,,Internacional vs Atletico Mineiro,Brazil Serie A,2026-08-22,UNKNOWN,,NO_SCORELINE,,
2,Under 2.5 goals + Both teams to score - No,"57%, 50%",0.4283,0.2864,1.495,2.33,3.49,SCORE_MATRIX_EXACT,OK,U25,Under 2.5 goals,0.5722,BTTS_NO,Both teams to score - No,0.5006,,,,Internacional vs Atletico Mineiro,Brazil Serie A,2026-08-22,UNKNOWN,,NO_SCORELINE,,
2,Under 3.5 goals + Home or draw,"78%, 71%",0.5547,0.5537,1.002,1.8,1.81,SCORE_MATRIX_EXACT,OK,U35,Under 3.5 goals,0.7808,1X,Home or draw,0.7091,,,,Gimnasia La Plata vs Gimnasia Mendoza,Argentina Primera Division,2026-08-22,UNKNOWN,,NO_SCORELINE,,
2,Under 3.5 goals + Home over 0.5 goals,"78%, 73%",0.5193,0.5715,0.909,1.93,1.75,SCORE_MATRIX_EXACT,OK,U35,Under 3.5 goals,0.7808,HOME_O05,Home over 0.5 goals,0.732,,,,Gimnasia La Plata vs Gimnasia Mendoza,Argentina Primera Division,2026-08-22,UNKNOWN,,NO_SCORELINE,,
2,Over 1.5 goals + Home or draw,"71%, 71%",0.5017,0.5026,0.998,1.99,1.99,SCORE_MATRIX_EXACT,OK,O15,Over 1.5 goals,0.7087,1X,Home or draw,0.7091,,,,Gimnasia La Plata vs Gimnasia Mendoza,Argentina Primera Division,2026-08-22,UNKNOWN,,NO_SCORELINE,,
2,Home over 0.5 goals + Away over 0.5 goals,"73%, 66%",0.5015,0.4862,1.031,1.99,2.06,SCORE_MATRIX_EXACT,OK,HOME_O05,Home over 0.5 goals,0.732,AWAY_O05,Away over 0.5 goals,0.6642,,,,Gimnasia La Plata vs Gimnasia Mendoza,Argentina Primera Division,2026-08-22,UNKNOWN,,NO_SCORELINE,,
2,Draw or away + Away over 0.5 goals,"60%, 66%",0.4935,0.3977,1.241,2.03,2.51,SCORE_MATRIX_EXACT,OK,X2,Draw or away,0.5988,AWAY_O05,Away over 0.5 goals,0.6642,,,,Gimnasia La Plata vs Gimnasia Mendoza,Argentina Primera Division,2026-08-22,UNKNOWN,,NO_SCORELINE,,
2,Over 1.5 goals + Under 3.5 goals,"71%, 78%",0.4895,0.5533,0.885,2.04,1.81,SCORE_MATRIX_EXACT,OK,O15,Over 1.5 goals,0.7087,U35,Under 3.5 goals,0.7808,,,,Gimnasia La Plata vs Gimnasia Mendoza,Argentina Primera Division,2026-08-22,UNKNOWN,,NO_SCORELINE,,
2,Under 3.5 goals + Draw or away,"78%, 60%",0.4803,0.4675,1.027,2.08,2.14,SCORE_MATRIX_EXACT,OK,U35,Under 3.5 goals,0.7808,X2,Draw or away,0.5988,,,,Gimnasia La Plata vs Gimnasia Mendoza,Argentina Primera Division,2026-08-22,UNKNOWN,,NO_SCORELINE,,
2,Under 3.5 goals + Both teams to score - No,"78%, 50%",0.477,0.3892,1.225,2.1,2.57,SCORE_MATRIX_EXACT,OK,U35,Under 3.5 goals,0.7808,BTTS_NO,Both teams to score - No,0.4985,,,,Gimnasia La Plata vs Gimnasia Mendoza,Argentina Primera Division,2026-08-22,UNKNOWN,,NO_SCORELINE,,
2,Under 3.5 goals + Away over 0.5 goals,"78%, 66%",0.46,0.5186,0.887,2.17,1.93,SCORE_MATRIX_EXACT,OK,U35,Under 3.5 goals,0.7808,AWAY_O05,Away over 0.5 goals,0.6642,,,,Gimnasia La Plata vs Gimnasia Mendoza,Argentina Primera Division,2026-08-22,UNKNOWN,,NO_SCORELINE,,
2,Under 2.5 goals + Home or draw,"57%, 71%",0.4352,0.4058,1.072,2.3,2.46,SCORE_MATRIX_EXACT,OK,U25,Under 2.5 goals,0.5723,1X,Home or draw,0.7091,,,,Gimnasia La Plata vs Gimnasia Mendoza,Argentina Primera Division,2026-08-22,UNKNOWN,,NO_SCORELINE,,
2,Under 2.5 goals + Both teams to score - No,"57%, 50%",0.4233,0.2853,1.484,2.36,3.5,SCORE_MATRIX_EXACT,OK,U25,Under 2.5 goals,0.5723,BTTS_NO,Both teams to score - No,0.4985,,,,Gimnasia La Plata vs Gimnasia Mendoza,Argentina Primera Division,2026-08-22,UNKNOWN,,NO_SCORELINE,,
2,Over 1.5 goals + Draw or away,"71%, 60%",0.4096,0.4244,0.965,2.44,2.36,SCORE_MATRIX_EXACT,OK,O15,Over 1.5 goals,0.7087,X2,Draw or away,0.5988,,,,Gimnasia La Plata vs Gimnasia Mendoza,Argentina Primera Division,2026-08-22,UNKNOWN,,NO_SCORELINE,,
2,Under 3.5 goals + Home or draw,"76%, 73%",0.5527,0.5546,0.997,1.81,1.8,SCORE_MATRIX_EXACT,OK,U35,Under 3.5 goals,0.7568,1X,Home or draw,0.7328,,,,Luton vs Notts County,League One,2026-08-22,LOST,U35=LOST | 1X=WON,OK,2-2,1.0.0
2,Over 1.5 goals + Home or draw,"73%, 73%",0.539,0.5364,1.005,1.86,1.86,SCORE_MATRIX_EXACT,OK,O15,Over 1.5 goals,0.732,1X,Home or draw,0.7328,,,,Luton vs Notts County,League One,2026-08-22,WON,O15=WON | 1X=WON,OK,2-2,1.0.0
2,Under 3.5 goals + Home over 0.5 goals,"76%, 76%",0.5256,0.5776,0.91,1.9,1.73,SCORE_MATRIX_EXACT,OK,U35,Under 3.5 goals,0.7568,HOME_O05,Home over 0.5 goals,0.7632,,,,Luton vs Notts County,League One,2026-08-22,LOST,U35=LOST | HOME_O05=WON,OK,2-2,1.0.0
2,Home over 0.5 goals + Away over 0.5 goals,"76%, 66%",0.5187,0.5049,1.027,1.93,1.98,SCORE_MATRIX_EXACT,OK,HOME_O05,Home over 0.5 goals,0.7632,AWAY_O05,Away over 0.5 goals,0.6615,,,,Luton vs Notts County,League One,2026-08-22,WON,HOME_O05=WON | AWAY_O05=WON,OK,2-2,1.0.0
2,Over 1.5 goals + Under 3.5 goals,"73%, 76%",0.4889,0.554,0.882,2.05,1.8,SCORE_MATRIX_EXACT,OK,O15,Over 1.5 goals,0.732,U35,Under 3.5 goals,0.7568,,,,Luton vs Notts County,League One,2026-08-22,LOST,O15=WON | U35=LOST,OK,2-2,1.0.0
2,Draw or away + Away over 0.5 goals,"56%, 66%",0.4684,0.372,1.259,2.13,2.69,SCORE_MATRIX_EXACT,OK,X2,Draw or away,0.5624,AWAY_O05,Away over 0.5 goals,0.6615,,,,Luton vs Notts County,League One,2026-08-22,WON,X2=WON | AWAY_O05=WON,OK,2-2,1.0.0
2,Under 3.5 goals + Both teams to score - No,"76%, 48%",0.4558,0.3643,1.251,2.19,2.75,SCORE_MATRIX_EXACT,OK,U35,Under 3.5 goals,0.7568,BTTS_NO,Both teams to score - No,0.4813,,,,Luton vs Notts County,League One,2026-08-22,LOST,U35=LOST | BTTS_NO=LOST,OK,2-2,1.0.0
2,Under 3.5 goals + Draw or away,"76%, 56%",0.4422,0.4256,1.039,2.26,2.35,SCORE_MATRIX_EXACT,OK,U35,Under 3.5 goals,0.7568,X2,Draw or away,0.5624,,,,Luton vs Notts County,League One,2026-08-22,LOST,U35=LOST | X2=WON,OK,2-2,1.0.0
2,Under 3.5 goals + Away over 0.5 goals,"76%, 66%",0.4383,0.5006,0.875,2.28,2.0,SCORE_MATRIX_EXACT,OK,U35,Under 3.5 goals,0.7568,AWAY_O05,Away over 0.5 goals,0.6615,,,,Luton vs Notts County,League One,2026-08-22,LOST,U35=LOST | AWAY_O05=WON,OK,2-2,1.0.0
2,Over 2.5 goals + Home over 0.5 goals,"46%, 76%",0.4349,0.3488,1.247,2.3,2.87,SCORE_MATRIX_EXACT,OK,O25,Over 2.5 goals,0.457,HOME_O05,Home over 0.5 goals,0.7632,,,,Luton vs Notts County,League One,2026-08-22,WON,O25=WON | HOME_O05=WON,OK,2-2,1.0.0
2,Under 2.5 goals + Home or draw,"54%, 73%",0.4223,0.3979,1.061,2.37,2.51,SCORE_MATRIX_EXACT,OK,U25,Under 2.5 goals,0.543,1X,Home or draw,0.7328,,,,Luton vs Notts County,League One,2026-08-22,LOST,U25=LOST | 1X=WON,OK,2-2,1.0.0
2,Under 2.5 goals + Both teams to score - No,"54%, 48%",0.3989,0.2613,1.526,2.51,3.83,SCORE_MATRIX_EXACT,OK,U25,Under 2.5 goals,0.543,BTTS_NO,Both teams to score - No,0.4813,,,,Luton vs Notts County,League One,2026-08-22,LOST,U25=LOST | BTTS_NO=LOST,OK,2-2,1.0.0
2,Home over 0.5 goals + Away over 0.5 goals,"80%, 66%",0.5259,0.5334,0.986,1.9,1.87,SCORE_MATRIX_EXACT,OK,HOME_O05,Home over 0.5 goals,0.8043,AWAY_O05,Away over 0.5 goals,0.6633,,,,Colorado Rapids vs Los Angeles FC,USA MLS,2026-08-20,LOST,HOME_O05=WON | AWAY_O05=LOST,OK,1-0,1.0.0
2,Under 3.5 goals + Home over 0.5 goals,"71%, 80%",0.5153,0.5678,0.908,1.94,1.76,SCORE_MATRIX_EXACT,OK,U35,Under 3.5 goals,0.706,HOME_O05,Home over 0.5 goals,0.8043,,,,Colorado Rapids vs Los Angeles FC,USA MLS,2026-08-20,WON,U35=WON | HOME_O05=WON,OK,1-0,1.0.0
2,Under 3.5 goals + Home or draw,"71%, 74%",0.5094,0.52,0.98,1.96,1.92,SCORE_MATRIX_EXACT,OK,U35,Under 3.5 goals,0.706,1X,Home or draw,0.7365,,,,Colorado Rapids vs Los Angeles FC,USA MLS,2026-08-20,WON,U35=WON | 1X=WON,OK,1-0,1.0.0
2,Over 2.5 goals + Home over 0.5 goals,"52%, 80%",0.4959,0.4145,1.196,2.02,2.41,SCORE_MATRIX_EXACT,OK,O25,Over 2.5 goals,0.5154,HOME_O05,Home over 0.5 goals,0.8043,,,,Colorado Rapids vs Los Angeles FC,USA MLS,2026-08-20,LOST,O25=LOST | HOME_O05=WON,OK,1-0,1.0.0
2,Home or draw + Home over 1.5 goals,"74%, 49%",0.4564,0.3583,1.274,2.19,2.79,SCORE_MATRIX_EXACT,OK,1X,Home or draw,0.7365,HOME_O15,Home over 1.5 goals,0.4864,,,,Colorado Rapids vs Los Angeles FC,USA MLS,2026-08-20,LOST,1X=WON | HOME_O15=LOST,OK,1-0,1.0.0
2,Over 1.5 goals + Under 3.5 goals,"75%, 71%",0.4525,0.527,0.859,2.21,1.9,SCORE_MATRIX_EXACT,OK,O15,Over 1.5 goals,0.7464,U35,Under 3.5 goals,0.706,,,,Colorado Rapids vs Los Angeles FC,USA MLS,2026-08-20,LOST,O15=LOST | U35=WON,OK,1-0,1.0.0
2,Over 2.5 goals + Away over 0.5 goals,"52%, 66%",0.4403,0.3418,1.288,2.27,2.93,SCORE_MATRIX_EXACT,OK,O25,Over 2.5 goals,0.5154,AWAY_O05,Away over 0.5 goals,0.6633,,,,Colorado Rapids vs Los Angeles FC,USA MLS,2026-08-20,LOST,O25=LOST | AWAY_O05=LOST,OK,1-0,1.0.0
2,Under 3.5 goals + Both teams to score - No,"71%, 47%",0.4412,0.3347,1.318,2.27,2.99,SCORE_MATRIX_EXACT,OK,U35,Under 3.5 goals,0.706,BTTS_NO,Both teams to score - No,0.4741,,,,Colorado Rapids vs Los Angeles FC,USA MLS,2026-08-20,WON,U35=WON | BTTS_NO=WON,OK,1-0,1.0.0
2,Draw or away + Away over 0.5 goals,"49%, 66%",0.4329,0.3259,1.329,2.31,3.07,SCORE_MATRIX_EXACT,OK,X2,Draw or away,0.4913,AWAY_O05,Away over 0.5 goals,0.6633,,,,Colorado Rapids vs Los Angeles FC,USA MLS,2026-08-20,LOST,X2=LOST | AWAY_O05=LOST,OK,1-0,1.0.0
2,Over 2.5 goals + Both teams to score,"52%, 53%",0.4208,0.271,1.553,2.38,3.69,SCORE_MATRIX_EXACT,OK,O25,Over 2.5 goals,0.5154,BTTS,Both teams to score,0.5259,,,,Colorado Rapids vs Los Angeles FC,USA MLS,2026-08-20,LOST,O25=LOST | BTTS=LOST,OK,1-0,1.0.0
2,Over 2.5 goals + Home over 1.5 goals,"52%, 49%",0.3998,0.2507,1.595,2.5,3.99,SCORE_MATRIX_EXACT,OK,O25,Over 2.5 goals,0.5154,HOME_O15,Home over 1.5 goals,0.4864,,,,Colorado Rapids vs Los Angeles FC,USA MLS,2026-08-20,LOST,O25=LOST | HOME_O15=LOST,OK,1-0,1.0.0
2,Both teams to score + Home or draw,"53%, 74%",0.3998,0.3873,1.032,2.5,2.58,SCORE_MATRIX_EXACT,OK,BTTS,Both teams to score,0.5259,1X,Home or draw,0.7365,,,,Colorado Rapids vs Los Angeles FC,USA MLS,2026-08-20,LOST,BTTS=LOST | 1X=WON,OK,1-0,1.0.0
2,Home or draw + Home over 0.5 goals,"62%, 71%",0.5519,0.446,1.237,1.81,2.24,SCORE_MATRIX_EXACT,OK,1X,Home or draw,0.6242,HOME_O05,Home over 0.5 goals,0.7146,,,,Shrewsbury Town vs Barnet,League Two,2026-08-22,UNKNOWN,,NO_SCORELINE,,
2,Draw or away + Away over 0.5 goals,"62%, 71%",0.5515,0.4456,1.238,1.81,2.24,SCORE_MATRIX_EXACT,OK,X2,Draw or away,0.6238,AWAY_O05,Away over 0.5 goals,0.7144,,,,Shrewsbury Town vs Barnet,League Two,2026-08-22,UNKNOWN,,NO_SCORELINE,,
2,Home over 0.5 goals + Away over 0.5 goals,"71%, 71%",0.5012,0.5105,0.982,2.0,1.96,SCORE_MATRIX_EXACT,OK,HOME_O05,Home over 0.5 goals,0.7146,AWAY_O05,Away over 0.5 goals,0.7144,,,,Shrewsbury Town vs Barnet,League Two,2026-08-22,UNKNOWN,,NO_SCORELINE,,
2,Under 3.5 goals + Home over 0.5 goals,"75%, 71%",0.4783,0.5378,0.889,2.09,1.86,SCORE_MATRIX_EXACT,OK,U35,Under 3.5 goals,0.7526,HOME_O05,Home over 0.5 goals,0.7146,,,,Shrewsbury Town vs Barnet,League Two,2026-08-22,UNKNOWN,,NO_SCORELINE,,
2,Under 3.5 goals + Away over 0.5 goals,"75%, 71%",0.4781,0.5376,0.889,2.09,1.86,SCORE_MATRIX_EXACT,OK,U35,Under 3.5 goals,0.7526,AWAY_O05,Away over 0.5 goals,0.7144,,,,Shrewsbury Town vs Barnet,League Two,2026-08-22,UNKNOWN,,NO_SCORELINE,,
2,Under 3.5 goals + Both teams to score - No,"75%, 50%",0.4765,0.3754,1.269,2.1,2.66,SCORE_MATRIX_EXACT,OK,U35,Under 3.5 goals,0.7526,BTTS_NO,Both teams to score - No,0.4988,,,,Shrewsbury Town vs Barnet,League Two,2026-08-22,UNKNOWN,,NO_SCORELINE,,
2,Under 3.5 goals + Home or draw,"75%, 62%",0.47,0.4697,1.001,2.13,2.13,SCORE_MATRIX_EXACT,OK,U35,Under 3.5 goals,0.7526,1X,Home or draw,0.6242,,,,Shrewsbury Town vs Barnet,League Two,2026-08-22,UNKNOWN,,NO_SCORELINE,,
2,Under 3.5 goals + Draw or away,"75%, 62%",0.4698,0.4695,1.001,2.13,2.13,SCORE_MATRIX_EXACT,OK,U35,Under 3.5 goals,0.7526,X2,Draw or away,0.6238,,,,Shrewsbury Town vs Barnet,League Two,2026-08-22,UNKNOWN,,NO_SCORELINE,,
2,Over 1.5 goals + Under 3.5 goals,"70%, 75%",0.4575,0.5305,0.862,2.19,1.88,SCORE_MATRIX_EXACT,OK,O15,Over 1.5 goals,0.7049,U35,Under 3.5 goals,0.7526,,,,Shrewsbury Town vs Barnet,League Two,2026-08-22,UNKNOWN,,NO_SCORELINE,,
2,Over 1.5 goals + Home or draw,"70%, 62%",0.4405,0.44,1.001,2.27,2.27,SCORE_MATRIX_EXACT,OK,O15,Over 1.5 goals,0.7049,1X,Home or draw,0.6242,,,,Shrewsbury Town vs Barnet,League Two,2026-08-22,UNKNOWN,,NO_SCORELINE,,
2,Over 1.5 goals + Draw or away,"70%, 62%",0.4402,0.4397,1.001,2.27,2.27,SCORE_MATRIX_EXACT,OK,O15,Over 1.5 goals,0.7049,X2,Draw or away,0.6238,,,,Shrewsbury Town vs Barnet,League Two,2026-08-22,UNKNOWN,,NO_SCORELINE,,
2,Over 2.5 goals + Home over 0.5 goals,"46%, 71%",0.4243,0.3303,1.284,2.36,3.03,SCORE_MATRIX_EXACT,OK,O25,Over 2.5 goals,0.4622,HOME_O05,Home over 0.5 goals,0.7146,,,,Shrewsbury Town vs Barnet,League Two,2026-08-22,UNKNOWN,,NO_SCORELINE,,
2,Draw or away + Away over 0.5 goals,"63%, 70%",0.5353,0.4402,1.216,1.87,2.27,SCORE_MATRIX_EXACT,OK,X2,Draw or away,0.6256,AWAY_O05,Away over 0.5 goals,0.7037,,,,Wrexham AFC vs Birmingham City,Championship,2026-08-28,UNKNOWN,,NO_SCORELINE,,
2,Home over 0.5 goals + Away over 0.5 goals,"73%, 70%",0.5211,0.5117,1.018,1.92,1.95,SCORE_MATRIX_EXACT,OK,HOME_O05,Home over 0.5 goals,0.7272,AWAY_O05,Away over 0.5 goals,0.7037,,,,Wrexham AFC vs Birmingham City,Championship,2026-08-28,UNKNOWN,,NO_SCORELINE,,
2,Under 3.5 goals + Home or draw,"76%, 67%",0.5072,0.5039,1.007,1.97,1.98,SCORE_MATRIX_EXACT,OK,U35,Under 3.5 goals,0.7577,1X,Home or draw,0.6651,,,,Wrexham AFC vs Birmingham City,Championship,2026-08-28,UNKNOWN,,NO_SCORELINE,,
2,Under 3.5 goals + Home over 0.5 goals,"76%, 73%",0.4943,0.551,0.897,2.02,1.81,SCORE_MATRIX_EXACT,OK,U35,Under 3.5 goals,0.7577,HOME_O05,Home over 0.5 goals,0.7272,,,,Wrexham AFC vs Birmingham City,Championship,2026-08-28,UNKNOWN,,NO_SCORELINE,,
2,Over 1.5 goals + Under 3.5 goals,"73%, 76%",0.4828,0.5494,0.879,2.07,1.82,SCORE_MATRIX_EXACT,OK,O15,Over 1.5 goals,0.7252,U35,Under 3.5 goals,0.7577,,,,Wrexham AFC vs Birmingham City,Championship,2026-08-28,UNKNOWN,,NO_SCORELINE,,
2,Under 3.5 goals + Draw or away,"76%, 63%",0.4816,0.474,1.016,2.08,2.11,SCORE_MATRIX_EXACT,OK,U35,Under 3.5 goals,0.7577,X2,Draw or away,0.6256,,,,Wrexham AFC vs Birmingham City,Championship,2026-08-28,UNKNOWN,,NO_SCORELINE,,
2,Over 1.5 goals + Home or draw,"73%, 67%",0.4794,0.4823,0.994,2.09,2.07,SCORE_MATRIX_EXACT,OK,O15,Over 1.5 goals,0.7252,1X,Home or draw,0.6651,,,,Wrexham AFC vs Birmingham City,Championship,2026-08-28,UNKNOWN,,NO_SCORELINE,,
2,Under 3.5 goals + Away over 0.5 goals,"76%, 70%",0.474,0.5332,0.889,2.11,1.88,SCORE_MATRIX_EXACT,OK,U35,Under 3.5 goals,0.7577,AWAY_O05,Away over 0.5 goals,0.7037,,,,Wrexham AFC vs Birmingham City,Championship,2026-08-28,UNKNOWN,,NO_SCORELINE,,
2,Under 3.5 goals + Both teams to score - No,"76%, 48%",0.4568,0.3628,1.259,2.19,2.76,SCORE_MATRIX_EXACT,OK,U35,Under 3.5 goals,0.7577,BTTS_NO,Both teams to score - No,0.4789,,,,Wrexham AFC vs Birmingham City,Championship,2026-08-28,UNKNOWN,,NO_SCORELINE,,
2,Over 1.5 goals + Draw or away,"73%, 63%",0.4461,0.4536,0.983,2.24,2.2,SCORE_MATRIX_EXACT,OK,O15,Over 1.5 goals,0.7252,X2,Draw or away,0.6256,,,,Wrexham AFC vs Birmingham City,Championship,2026-08-28,UNKNOWN,,NO_SCORELINE,,
2,Over 2.5 goals + Home over 0.5 goals,"46%, 73%",0.4224,0.3316,1.274,2.37,3.02,SCORE_MATRIX_EXACT,OK,O25,Over 2.5 goals,0.456,HOME_O05,Home over 0.5 goals,0.7272,,,,Wrexham AFC vs Birmingham City,Championship,2026-08-28,UNKNOWN,,NO_SCORELINE,,
2,Over 2.5 goals + Away over 0.5 goals,"46%, 70%",0.4138,0.3209,1.29,2.42,3.12,SCORE_MATRIX_EXACT,OK,O25,Over 2.5 goals,0.456,AWAY_O05,Away over 0.5 goals,0.7037,,,,Wrexham AFC vs Birmingham City,Championship,2026-08-28,UNKNOWN,,NO_SCORELINE,,
2,Home over 0.5 goals + Away over 0.5 goals,"83%, 67%",0.5446,0.5513,0.988,1.84,1.81,SCORE_MATRIX_EXACT,OK,HOME_O05,Home over 0.5 goals,0.8259,AWAY_O05,Away over 0.5 goals,0.6675,,,,New York Red Bulls vs Chicago Fire,USA MLS,2026-08-22,WON,HOME_O05=WON | AWAY_O05=WON,OK,1-1,1.0.0
2,Over 2.5 goals + Home over 0.5 goals,"55%, 83%",0.5289,0.4515,1.171,1.89,2.21,SCORE_MATRIX_EXACT,OK,O25,Over 2.5 goals,0.5466,HOME_O05,Home over 0.5 goals,0.8259,,,,New York Red Bulls vs Chicago Fire,USA MLS,2026-08-22,LOST,O25=LOST | HOME_O05=WON,OK,1-1,1.0.0
2,Under 3.5 goals + Home over 0.5 goals,"68%, 83%",0.5074,0.559,0.908,1.97,1.79,SCORE_MATRIX_EXACT,OK,U35,Under 3.5 goals,0.6768,HOME_O05,Home over 0.5 goals,0.8259,,,,New York Red Bulls vs Chicago Fire,USA MLS,2026-08-22,WON,U35=WON | HOME_O05=WON,OK,1-1,1.0.0
2,Under 3.5 goals + Home or draw,"68%, 75%",0.4967,0.5091,0.976,2.01,1.96,SCORE_MATRIX_EXACT,OK,U35,Under 3.5 goals,0.6768,1X,Home or draw,0.7522,,,,New York Red Bulls vs Chicago Fire,USA MLS,2026-08-22,WON,U35=WON | 1X=WON,OK,1-1,1.0.0
2,Home or draw + Home over 1.5 goals,"75%, 52%",0.4913,0.3935,1.248,2.04,2.54,SCORE_MATRIX_EXACT,OK,1X,Home or draw,0.7522,HOME_O15,Home over 1.5 goals,0.5231,,,,New York Red Bulls vs Chicago Fire,USA MLS,2026-08-22,LOST,1X=WON | HOME_O15=LOST,OK,1-1,1.0.0
2,Over 2.5 goals + Away over 0.5 goals,"55%, 67%",0.4624,0.3649,1.267,2.16,2.74,SCORE_MATRIX_EXACT,OK,O25,Over 2.5 goals,0.5466,AWAY_O05,Away over 0.5 goals,0.6675,,,,New York Red Bulls vs Chicago Fire,USA MLS,2026-08-22,LOST,O25=LOST | AWAY_O05=WON,OK,1-1,1.0.0
2,Over 1.5 goals + Under 3.5 goals,"77%, 68%",0.4462,0.5207,0.857,2.24,1.92,SCORE_MATRIX_EXACT,OK,O15,Over 1.5 goals,0.7694,U35,Under 3.5 goals,0.6768,,,,New York Red Bulls vs Chicago Fire,USA MLS,2026-08-22,WON,O15=WON | U35=WON,OK,1-1,1.0.0
2,Over 2.5 goals + Both teams to score,"55%, 54%",0.4446,0.2977,1.493,2.25,3.36,SCORE_MATRIX_EXACT,OK,O25,Over 2.5 goals,0.5466,BTTS,Both teams to score,0.5446,,,,New York Red Bulls vs Chicago Fire,USA MLS,2026-08-22,LOST,O25=LOST | BTTS=WON,OK,1-1,1.0.0
2,Over 2.5 goals + Home over 1.5 goals,"55%, 52%",0.4358,0.286,1.524,2.29,3.5,SCORE_MATRIX_EXACT,OK,O25,Over 2.5 goals,0.5466,HOME_O15,Home over 1.5 goals,0.5231,,,,New York Red Bulls vs Chicago Fire,USA MLS,2026-08-22,LOST,O25=LOST | HOME_O15=LOST,OK,1-1,1.0.0
2,Over 1.5 goals + Home win,"77%, 53%",0.4237,0.4103,1.032,2.36,2.44,SCORE_MATRIX_EXACT,OK,O15,Over 1.5 goals,0.7694,HOME,Home win,0.5334,,,,New York Red Bulls vs Chicago Fire,USA MLS,2026-08-22,LOST,O15=WON | HOME=LOST,OK,1-1,1.0.0
2,Home win + Home over 1.5 goals,"53%, 52%",0.4237,0.279,1.518,2.36,3.58,SCORE_MATRIX_EXACT,OK,HOME,Home win,0.5334,HOME_O15,Home over 1.5 goals,0.5231,,,,New York Red Bulls vs Chicago Fire,USA MLS,2026-08-22,LOST,HOME=LOST | HOME_O15=LOST,OK,1-1,1.0.0
2,Both teams to score + Home or draw,"54%, 75%",0.4196,0.4096,1.024,2.38,2.44,SCORE_MATRIX_EXACT,OK,BTTS,Both teams to score,0.5446,1X,Home or draw,0.7522,,,,New York Red Bulls vs Chicago Fire,USA MLS,2026-08-22,WON,BTTS=WON | 1X=WON,OK,1-1,1.0.0
2,Home over 0.5 goals + Away over 0.5 goals,"73%, 73%",0.544,0.5308,1.025,1.84,1.88,SCORE_MATRIX_EXACT,OK,HOME_O05,Home over 0.5 goals,0.7313,AWAY_O05,Away over 0.5 goals,0.7258,,,,Boulogne vs Red Star,Ligue 2,2026-08-21,UNKNOWN,,NO_SCORELINE,,
2,Over 1.5 goals + Under 3.5 goals,"75%, 74%",0.4875,0.5531,0.881,2.05,1.81,SCORE_MATRIX_EXACT,OK,O15,Over 1.5 goals,0.7473,U35,Under 3.5 goals,0.7402,,,,Boulogne vs Red Star,Ligue 2,2026-08-21,UNKNOWN,,NO_SCORELINE,,
2,Under 3.5 goals + Home or draw,"74%, 65%",0.4889,0.4828,1.013,2.05,2.07,SCORE_MATRIX_EXACT,OK,U35,Under 3.5 goals,0.7402,1X,Home or draw,0.6523,,,,Boulogne vs Red Star,Ligue 2,2026-08-21,UNKNOWN,,NO_SCORELINE,,
2,Under 3.5 goals + Draw or away,"74%, 64%",0.4829,0.4756,1.015,2.07,2.1,SCORE_MATRIX_EXACT,OK,U35,Under 3.5 goals,0.7402,X2,Draw or away,0.6426,,,,Boulogne vs Red Star,Ligue 2,2026-08-21,UNKNOWN,,NO_SCORELINE,,
2,Under 3.5 goals + Home over 0.5 goals,"74%, 73%",0.4827,0.5413,0.892,2.07,1.85,SCORE_MATRIX_EXACT,OK,U35,Under 3.5 goals,0.7402,HOME_O05,Home over 0.5 goals,0.7313,,,,Boulogne vs Red Star,Ligue 2,2026-08-21,UNKNOWN,,NO_SCORELINE,,
2,Over 1.5 goals + Home or draw,"75%, 65%",0.4818,0.4875,0.988,2.08,2.05,SCORE_MATRIX_EXACT,OK,O15,Over 1.5 goals,0.7473,1X,Home or draw,0.6523,,,,Boulogne vs Red Star,Ligue 2,2026-08-21,UNKNOWN,,NO_SCORELINE,,
2,Under 3.5 goals + Away over 0.5 goals,"74%, 73%",0.4779,0.5372,0.89,2.09,1.86,SCORE_MATRIX_EXACT,OK,U35,Under 3.5 goals,0.7402,AWAY_O05,Away over 0.5 goals,0.7258,,,,Boulogne vs Red Star,Ligue 2,2026-08-21,UNKNOWN,,NO_SCORELINE,,
2,Over 1.5 goals + Draw or away,"75%, 64%",0.4735,0.4802,0.986,2.11,2.08,SCORE_MATRIX_EXACT,OK,O15,Over 1.5 goals,0.7473,X2,Draw or away,0.6426,,,,Boulogne vs Red Star,Ligue 2,2026-08-21,UNKNOWN,,NO_SCORELINE,,
2,Over 2.5 goals + Home over 0.5 goals,"48%, 73%",0.439,0.3485,1.259,2.28,2.87,SCORE_MATRIX_EXACT,OK,O25,Over 2.5 goals,0.4766,HOME_O05,Home over 0.5 goals,0.7313,,,,Boulogne vs Red Star,Ligue 2,2026-08-21,UNKNOWN,,NO_SCORELINE,,
2,Over 2.5 goals + Away over 0.5 goals,"48%, 73%",0.4368,0.3459,1.263,2.29,2.89,SCORE_MATRIX_EXACT,OK,O25,Over 2.5 goals,0.4766,AWAY_O05,Away over 0.5 goals,0.7258,,,,Boulogne vs Red Star,Ligue 2,2026-08-21,UNKNOWN,,NO_SCORELINE,,
2,Under 3.5 goals + Both teams to score - No,"74%, 46%",0.4328,0.3375,1.282,2.31,2.96,SCORE_MATRIX_EXACT,OK,U35,Under 3.5 goals,0.7402,BTTS_NO,Both teams to score - No,0.456,,,,Boulogne vs Red Star,Ligue 2,2026-08-21,UNKNOWN,,NO_SCORELINE,,
2,Over 2.5 goals + Both teams to score,"48%, 54%",0.3992,0.2593,1.54,2.51,3.86,SCORE_MATRIX_EXACT,OK,O25,Over 2.5 goals,0.4766,BTTS,Both teams to score,0.544,,,,Boulogne vs Red Star,Ligue 2,2026-08-21,UNKNOWN,,NO_SCORELINE,,
2,Under 3.5 goals + Home or draw,"74%, 71%",0.5195,0.5255,0.989,1.92,1.9,SCORE_MATRIX_EXACT,OK,U35,Under 3.5 goals,0.7417,1X,Home or draw,0.7085,,,,Exeter City vs Accrington Stanley,League Two,2026-08-22,UNKNOWN,,NO_SCORELINE,,
2,Over 1.5 goals + Home or draw,"72%, 71%",0.5188,0.5111,1.015,1.93,1.96,SCORE_MATRIX_EXACT,OK,O15,Over 1.5 goals,0.7214,1X,Home or draw,0.7085,,,,Exeter City vs Accrington Stanley,League Two,2026-08-22,UNKNOWN,,NO_SCORELINE,,
2,Under 3.5 goals + Home over 0.5 goals,"74%, 77%",0.5158,0.5696,0.906,1.94,1.76,SCORE_MATRIX_EXACT,OK,U35,Under 3.5 goals,0.7417,HOME_O05,Home over 0.5 goals,0.768,,,,Exeter City vs Accrington Stanley,League Two,2026-08-22,UNKNOWN,,NO_SCORELINE,,
2,Home over 0.5 goals + Away over 0.5 goals,"77%, 67%",0.5092,0.5136,0.991,1.96,1.95,SCORE_MATRIX_EXACT,OK,HOME_O05,Home over 0.5 goals,0.768,AWAY_O05,Away over 0.5 goals,0.6688,,,,Exeter City vs Accrington Stanley,League Two,2026-08-22,UNKNOWN,,NO_SCORELINE,,
2,Draw or away + Away over 0.5 goals,"54%, 67%",0.4697,0.3626,1.295,2.13,2.76,SCORE_MATRIX_EXACT,OK,X2,Draw or away,0.5421,AWAY_O05,Away over 0.5 goals,0.6688,,,,Exeter City vs Accrington Stanley,League Two,2026-08-22,UNKNOWN,,NO_SCORELINE,,
2,Under 3.5 goals + Both teams to score - No,"74%, 49%",0.4645,0.364,1.276,2.15,2.75,SCORE_MATRIX_EXACT,OK,U35,Under 3.5 goals,0.7417,BTTS_NO,Both teams to score - No,0.4908,,,,Exeter City vs Accrington Stanley,League Two,2026-08-22,UNKNOWN,,NO_SCORELINE,,
2,Over 1.5 goals + Under 3.5 goals,"72%, 74%",0.4631,0.5351,0.866,2.16,1.87,SCORE_MATRIX_EXACT,OK,O15,Over 1.5 goals,0.7214,U35,Under 3.5 goals,0.7417,,,,Exeter City vs Accrington Stanley,League Two,2026-08-22,UNKNOWN,,NO_SCORELINE,,
2,Over 2.5 goals + Home over 0.5 goals,"47%, 77%",0.4514,0.3648,1.238,2.22,2.74,SCORE_MATRIX_EXACT,OK,O25,Over 2.5 goals,0.475,HOME_O05,Home over 0.5 goals,0.768,,,,Exeter City vs Accrington Stanley,League Two,2026-08-22,UNKNOWN,,NO_SCORELINE,,
2,Under 3.5 goals + Away over 0.5 goals,"74%, 67%",0.4306,0.4961,0.868,2.32,2.02,SCORE_MATRIX_EXACT,OK,U35,Under 3.5 goals,0.7417,AWAY_O05,Away over 0.5 goals,0.6688,,,,Exeter City vs Accrington Stanley,League Two,2026-08-22,UNKNOWN,,NO_SCORELINE,,
2,Over 2.5 goals + Away over 0.5 goals,"47%, 67%",0.415,0.3177,1.307,2.41,3.15,SCORE_MATRIX_EXACT,OK,O25,Over 2.5 goals,0.475,AWAY_O05,Away over 0.5 goals,0.6688,,,,Exeter City vs Accrington Stanley,League Two,2026-08-22,UNKNOWN,,NO_SCORELINE,,
2,Under 3.5 goals + Draw or away,"74%, 54%",0.4124,0.4021,1.026,2.42,2.49,SCORE_MATRIX_EXACT,OK,U35,Under 3.5 goals,0.7417,X2,Draw or away,0.5421,,,,Exeter City vs Accrington Stanley,League Two,2026-08-22,UNKNOWN,,NO_SCORELINE,,
2,Under 2.5 goals + Both teams to score - No,"53%, 49%",0.4073,0.2577,1.581,2.46,3.88,SCORE_MATRIX_EXACT,OK,U25,Under 2.5 goals,0.525,BTTS_NO,Both teams to score - No,0.4908,,,,Exeter City vs Accrington Stanley,League Two,2026-08-22,UNKNOWN,,NO_SCORELINE,,
2,Under 3.5 goals + Home or draw,"69%, 81%",0.5421,0.5553,0.976,1.84,1.8,SCORE_MATRIX_EXACT,OK,U35,Under 3.5 goals,0.6869,1X,Home or draw,0.8085,,,,Los Angeles FC vs Portland Timbers,USA MLS,2026-08-23,WON,U35=WON | 1X=WON,OK,1-1,1.0.0
2,Under 3.5 goals + Home over 0.5 goals,"69%, 84%",0.5338,0.58,0.92,1.87,1.72,SCORE_MATRIX_EXACT,OK,U35,Under 3.5 goals,0.6869,HOME_O05,Home over 0.5 goals,0.8444,,,,Los Angeles FC vs Portland Timbers,USA MLS,2026-08-23,WON,U35=WON | HOME_O05=WON,OK,1-1,1.0.0
2,Home or draw + Home over 1.5 goals,"81%, 55%",0.532,0.4486,1.186,1.88,2.23,SCORE_MATRIX_EXACT,OK,1X,Home or draw,0.8085,HOME_O15,Home over 1.5 goals,0.5549,,,,Los Angeles FC vs Portland Timbers,USA MLS,2026-08-23,LOST,1X=WON | HOME_O15=LOST,OK,1-1,1.0.0
2,Over 2.5 goals + Home over 0.5 goals,"54%, 84%",0.5245,0.4526,1.159,1.91,2.21,SCORE_MATRIX_EXACT,OK,O25,Over 2.5 goals,0.536,HOME_O05,Home over 0.5 goals,0.8444,,,,Los Angeles FC vs Portland Timbers,USA MLS,2026-08-23,LOST,O25=LOST | HOME_O05=WON,OK,1-1,1.0.0
2,Home over 0.5 goals + Away over 0.5 goals,"84%, 62%",0.5219,0.5219,1.0,1.92,1.92,SCORE_MATRIX_EXACT,OK,HOME_O05,Home over 0.5 goals,0.8444,AWAY_O05,Away over 0.5 goals,0.6181,,,,Los Angeles FC vs Portland Timbers,USA MLS,2026-08-23,WON,HOME_O05=WON | AWAY_O05=WON,OK,1-1,1.0.0
2,Over 1.5 goals + Home win,"77%, 58%",0.4738,0.4516,1.049,2.11,2.21,SCORE_MATRIX_EXACT,OK,O15,Over 1.5 goals,0.7728,HOME,Home win,0.5843,,,,Los Angeles FC vs Portland Timbers,USA MLS,2026-08-23,LOST,O15=WON | HOME=LOST,OK,1-1,1.0.0
2,Home win + Home over 1.5 goals,"58%, 55%",0.4738,0.3242,1.461,2.11,3.08,SCORE_MATRIX_EXACT,OK,HOME,Home win,0.5843,HOME_O15,Home over 1.5 goals,0.5549,,,,Los Angeles FC vs Portland Timbers,USA MLS,2026-08-23,LOST,HOME=LOST | HOME_O15=LOST,OK,1-1,1.0.0
2,Over 1.5 goals + Under 3.5 goals,"77%, 69%",0.4596,0.5308,0.866,2.18,1.88,SCORE_MATRIX_EXACT,OK,O15,Over 1.5 goals,0.7728,U35,Under 3.5 goals,0.6869,,,,Los Angeles FC vs Portland Timbers,USA MLS,2026-08-23,WON,O15=WON | U35=WON,OK,1-1,1.0.0
2,Over 2.5 goals + Home over 1.5 goals,"54%, 55%",0.452,0.2974,1.52,2.21,3.36,SCORE_MATRIX_EXACT,OK,O25,Over 2.5 goals,0.536,HOME_O15,Home over 1.5 goals,0.5549,,,,Los Angeles FC vs Portland Timbers,USA MLS,2026-08-23,LOST,O25=LOST | HOME_O15=LOST,OK,1-1,1.0.0
2,Under 3.5 goals + Both teams to score - No,"69%, 48%",0.4302,0.3284,1.31,2.32,3.05,SCORE_MATRIX_EXACT,OK,U35,Under 3.5 goals,0.6869,BTTS_NO,Both teams to score - No,0.4781,,,,Los Angeles FC vs Portland Timbers,USA MLS,2026-08-23,LOST,U35=WON | BTTS_NO=LOST,OK,1-1,1.0.0
2,Over 2.5 goals + Home or draw,"54%, 81%",0.4292,0.4333,0.99,2.33,2.31,SCORE_MATRIX_EXACT,OK,O25,Over 2.5 goals,0.536,1X,Home or draw,0.8085,,,,Los Angeles FC vs Portland Timbers,USA MLS,2026-08-23,LOST,O25=LOST | 1X=WON,OK,1-1,1.0.0
2,Over 2.5 goals + Away over 0.5 goals,"54%, 62%",0.4269,0.3313,1.289,2.34,3.02,SCORE_MATRIX_EXACT,OK,O25,Over 2.5 goals,0.536,AWAY_O05,Away over 0.5 goals,0.6181,,,,Los Angeles FC vs Portland Timbers,USA MLS,2026-08-23,LOST,O25=LOST | AWAY_O05=WON,OK,1-1,1.0.0
2,Under 3.5 goals + Home over 0.5 goals,"76%, 78%",0.5396,0.5893,0.916,1.85,1.7,SCORE_MATRIX_EXACT,OK,U35,Under 3.5 goals,0.7554,HOME_O05,Home over 0.5 goals,0.7801,,,,St Patricks Athletic vs Waterford FC,Ireland Premier Division,2026-08-28,UNKNOWN,,NO_SCORELINE,,
2,Home over 0.5 goals + Away over 0.5 goals,"78%, 63%",0.5041,0.495,1.018,1.98,2.02,SCORE_MATRIX_EXACT,OK,HOME_O05,Home over 0.5 goals,0.7801,AWAY_O05,Away over 0.5 goals,0.6346,,,,St Patricks Athletic vs Waterford FC,Ireland Premier Division,2026-08-28,UNKNOWN,,NO_SCORELINE,,
2,Over 1.5 goals + Under 3.5 goals,"73%, 76%",0.4824,0.5492,0.878,2.07,1.82,SCORE_MATRIX_EXACT,OK,O15,Over 1.5 goals,0.727,U35,Under 3.5 goals,0.7554,,,,St Patricks Athletic vs Waterford FC,Ireland Premier Division,2026-08-28,UNKNOWN,,NO_SCORELINE,,
2,Under 3.5 goals + Both teams to score - No,"76%, 50%",0.4669,0.3746,1.246,2.14,2.67,SCORE_MATRIX_EXACT,OK,U35,Under 3.5 goals,0.7554,BTTS_NO,Both teams to score - No,0.4959,,,,St Patricks Athletic vs Waterford FC,Ireland Premier Division,2026-08-28,UNKNOWN,,NO_SCORELINE,,
2,Over 2.5 goals + Home over 0.5 goals,"46%, 78%",0.4413,0.3579,1.233,2.27,2.79,SCORE_MATRIX_EXACT,OK,O25,Over 2.5 goals,0.4588,HOME_O05,Home over 0.5 goals,0.7801,,,,St Patricks Athletic vs Waterford FC,Ireland Premier Division,2026-08-28,UNKNOWN,,NO_SCORELINE,,
2,Draw or away + Away over 0.5 goals,"52%, 63%",0.43,0.3296,1.305,2.33,3.03,SCORE_MATRIX_EXACT,OK,X2,Draw or away,0.5194,AWAY_O05,Away over 0.5 goals,0.6346,,,,St Patricks Athletic vs Waterford FC,Ireland Premier Division,2026-08-28,UNKNOWN,,NO_SCORELINE,,
2,Under 2.5 goals + Home or draw,"54%, 76%",0.4282,0.411,1.042,2.34,2.43,SCORE_MATRIX_EXACT,OK,U25,Under 2.5 goals,0.5412,1X,Home or draw,0.7595,,,,St Patricks Athletic vs Waterford FC,Ireland Premier Division,2026-08-28,UNKNOWN,,NO_SCORELINE,,
2,Home or draw + Home over 1.5 goals,"76%, 45%",0.4245,0.3396,1.25,2.36,2.94,SCORE_MATRIX_EXACT,OK,1X,Home or draw,0.7595,HOME_O15,Home over 1.5 goals,0.4471,,,,St Patricks Athletic vs Waterford FC,Ireland Premier Division,2026-08-28,UNKNOWN,,NO_SCORELINE,,
2,Under 3.5 goals + Away over 0.5 goals,"76%, 63%",0.4149,0.4794,0.866,2.41,2.09,SCORE_MATRIX_EXACT,OK,U35,Under 3.5 goals,0.7554,AWAY_O05,Away over 0.5 goals,0.6346,,,,St Patricks Athletic vs Waterford FC,Ireland Premier Division,2026-08-28,UNKNOWN,,NO_SCORELINE,,
2,Under 3.5 goals + Draw or away,"76%, 52%",0.4115,0.3923,1.049,2.43,2.55,SCORE_MATRIX_EXACT,OK,U35,Under 3.5 goals,0.7554,X2,Draw or away,0.5194,,,,St Patricks Athletic vs Waterford FC,Ireland Premier Division,2026-08-28,UNKNOWN,,NO_SCORELINE,,
2,Under 2.5 goals + Both teams to score - No,"54%, 50%",0.4064,0.2684,1.514,2.46,3.73,SCORE_MATRIX_EXACT,OK,U25,Under 2.5 goals,0.5412,BTTS_NO,Both teams to score - No,0.4959,,,,St Patricks Athletic vs Waterford FC,Ireland Premier Division,2026-08-28,UNKNOWN,,NO_SCORELINE,,
2,Both teams to score + Home or draw,"50%, 76%",0.394,0.3828,1.029,2.54,2.61,SCORE_MATRIX_EXACT,OK,BTTS,Both teams to score,0.5041,1X,Home or draw,0.7595,,,,St Patricks Athletic vs Waterford FC,Ireland Premier Division,2026-08-28,UNKNOWN,,NO_SCORELINE,,
2,Over 1.5 goals + Home or draw,"74%, 71%",0.5294,0.5232,1.012,1.89,1.91,SCORE_MATRIX_EXACT,OK,O15,Over 1.5 goals,0.7385,1X,Home or draw,0.7085,,,,AC Horsens vs Lyngby,Denmark Superliga,2026-08-23,WON,O15=WON | 1X=WON,OK,2-1,1.0.0
2,Home over 0.5 goals + Away over 0.5 goals,"77%, 68%",0.5273,0.5273,1.0,1.9,1.9,SCORE_MATRIX_EXACT,OK,HOME_O05,Home over 0.5 goals,0.774,AWAY_O05,Away over 0.5 goals,0.6813,,,,AC Horsens vs Lyngby,Denmark Superliga,2026-08-23,WON,HOME_O05=WON | AWAY_O05=WON,OK,2-1,1.0.0
2,Under 3.5 goals + Home or draw,"73%, 71%",0.5119,0.5168,0.991,1.95,1.94,SCORE_MATRIX_EXACT,OK,U35,Under 3.5 goals,0.7293,1X,Home or draw,0.7085,,,,AC Horsens vs Lyngby,Denmark Superliga,2026-08-23,WON,U35=WON | 1X=WON,OK,2-1,1.0.0
2,Under 3.5 goals + Home over 0.5 goals,"73%, 77%",0.5099,0.5645,0.903,1.96,1.77,SCORE_MATRIX_EXACT,OK,U35,Under 3.5 goals,0.7293,HOME_O05,Home over 0.5 goals,0.774,,,,AC Horsens vs Lyngby,Denmark Superliga,2026-08-23,WON,U35=WON | HOME_O05=WON,OK,2-1,1.0.0
2,Draw or away + Away over 0.5 goals,"55%, 68%",0.477,0.374,1.275,2.1,2.67,SCORE_MATRIX_EXACT,OK,X2,Draw or away,0.549,AWAY_O05,Away over 0.5 goals,0.6813,,,,AC Horsens vs Lyngby,Denmark Superliga,2026-08-23,LOST,X2=LOST | AWAY_O05=WON,OK,2-1,1.0.0
2,Over 1.5 goals + Under 3.5 goals,"74%, 73%",0.4678,0.5386,0.869,2.14,1.86,SCORE_MATRIX_EXACT,OK,O15,Over 1.5 goals,0.7385,U35,Under 3.5 goals,0.7293,,,,AC Horsens vs Lyngby,Denmark Superliga,2026-08-23,WON,O15=WON | U35=WON,OK,2-1,1.0.0
2,Over 2.5 goals + Home over 0.5 goals,"49%, 77%",0.4647,0.3787,1.227,2.15,2.64,SCORE_MATRIX_EXACT,OK,O25,Over 2.5 goals,0.4892,HOME_O05,Home over 0.5 goals,0.774,,,,AC Horsens vs Lyngby,Denmark Superliga,2026-08-23,WON,O25=WON | HOME_O05=WON,OK,2-1,1.0.0
2,Under 3.5 goals + Both teams to score - No,"73%, 47%",0.4457,0.3447,1.293,2.24,2.9,SCORE_MATRIX_EXACT,OK,U35,Under 3.5 goals,0.7293,BTTS_NO,Both teams to score - No,0.4727,,,,AC Horsens vs Lyngby,Denmark Superliga,2026-08-23,LOST,U35=WON | BTTS_NO=LOST,OK,2-1,1.0.0
2,Under 3.5 goals + Away over 0.5 goals,"73%, 68%",0.431,0.4968,0.867,2.32,2.01,SCORE_MATRIX_EXACT,OK,U35,Under 3.5 goals,0.7293,AWAY_O05,Away over 0.5 goals,0.6813,,,,AC Horsens vs Lyngby,Denmark Superliga,2026-08-23,WON,U35=WON | AWAY_O05=WON,OK,2-1,1.0.0
2,Over 2.5 goals + Away over 0.5 goals,"49%, 68%",0.4293,0.3333,1.288,2.33,3.0,SCORE_MATRIX_EXACT,OK,O25,Over 2.5 goals,0.4892,AWAY_O05,Away over 0.5 goals,0.6813,,,,AC Horsens vs Lyngby,Denmark Superliga,2026-08-23,WON,O25=WON | AWAY_O05=WON,OK,2-1,1.0.0
2,Under 3.5 goals + Draw or away,"73%, 55%",0.4119,0.4004,1.029,2.43,2.5,SCORE_MATRIX_EXACT,OK,U35,Under 3.5 goals,0.7293,X2,Draw or away,0.549,,,,AC Horsens vs Lyngby,Denmark Superliga,2026-08-23,LOST,U35=WON | X2=LOST,OK,2-1,1.0.0
2,Home or draw + Home over 1.5 goals,"71%, 44%",0.4069,0.3103,1.311,2.46,3.22,SCORE_MATRIX_EXACT,OK,1X,Home or draw,0.7085,HOME_O15,Home over 1.5 goals,0.4379,,,,AC Horsens vs Lyngby,Denmark Superliga,2026-08-23,WON,1X=WON | HOME_O15=WON,OK,2-1,1.0.0
2,Under 3.5 goals + Home or draw,"70%, 81%",0.5543,0.5653,0.981,1.8,1.77,SCORE_MATRIX_EXACT,OK,U35,Under 3.5 goals,0.6968,1X,Home or draw,0.8112,,,,Brondby IF vs SonderjyskE,Denmark Superliga,2026-08-17,UNKNOWN,,NO_SCORELINE,,
2,Under 3.5 goals + Home over 0.5 goals,"70%, 84%",0.5376,0.584,0.92,1.86,1.71,SCORE_MATRIX_EXACT,OK,U35,Under 3.5 goals,0.6968,HOME_O05,Home over 0.5 goals,0.8381,,,,Brondby IF vs SonderjyskE,Denmark Superliga,2026-08-17,UNKNOWN,,NO_SCORELINE,,
2,Home over 0.5 goals + Away over 0.5 goals,"84%, 62%",0.5267,0.5198,1.013,1.9,1.92,SCORE_MATRIX_EXACT,OK,HOME_O05,Home over 0.5 goals,0.8381,AWAY_O05,Away over 0.5 goals,0.6202,,,,Brondby IF vs SonderjyskE,Denmark Superliga,2026-08-17,UNKNOWN,,NO_SCORELINE,,
2,Home or draw + Home over 1.5 goals,"81%, 54%",0.5217,0.4413,1.182,1.92,2.27,SCORE_MATRIX_EXACT,OK,1X,Home or draw,0.8112,HOME_O15,Home over 1.5 goals,0.544,,,,Brondby IF vs SonderjyskE,Denmark Superliga,2026-08-17,UNKNOWN,,NO_SCORELINE,,
2,Over 2.5 goals + Home over 0.5 goals,"53%, 84%",0.5137,0.4403,1.167,1.95,2.27,SCORE_MATRIX_EXACT,OK,O25,Over 2.5 goals,0.5253,HOME_O05,Home over 0.5 goals,0.8381,,,,Brondby IF vs SonderjyskE,Denmark Superliga,2026-08-17,UNKNOWN,,NO_SCORELINE,,
2,Over 1.5 goals + Under 3.5 goals,"78%, 70%",0.4729,0.5408,0.874,2.11,1.85,SCORE_MATRIX_EXACT,OK,O15,Over 1.5 goals,0.7761,U35,Under 3.5 goals,0.6968,,,,Brondby IF vs SonderjyskE,Denmark Superliga,2026-08-17,UNKNOWN,,NO_SCORELINE,,
2,Over 1.5 goals + Home win,"78%, 57%",0.4644,0.4396,1.056,2.15,2.27,SCORE_MATRIX_EXACT,OK,O15,Over 1.5 goals,0.7761,HOME,Home win,0.5664,,,,Brondby IF vs SonderjyskE,Denmark Superliga,2026-08-17,UNKNOWN,,NO_SCORELINE,,
2,Home win + Home over 1.5 goals,"57%, 54%",0.4644,0.3081,1.507,2.15,3.25,SCORE_MATRIX_EXACT,OK,HOME,Home win,0.5664,HOME_O15,Home over 1.5 goals,0.544,,,,Brondby IF vs SonderjyskE,Denmark Superliga,2026-08-17,UNKNOWN,,NO_SCORELINE,,
2,Over 2.5 goals + Home over 1.5 goals,"53%, 54%",0.4407,0.2858,1.542,2.27,3.5,SCORE_MATRIX_EXACT,OK,O25,Over 2.5 goals,0.5253,HOME_O15,Home over 1.5 goals,0.544,,,,Brondby IF vs SonderjyskE,Denmark Superliga,2026-08-17,UNKNOWN,,NO_SCORELINE,,
2,Both teams to score + Home or draw,"53%, 81%",0.4315,0.4273,1.01,2.32,2.34,SCORE_MATRIX_EXACT,OK,BTTS,Both teams to score,0.5267,1X,Home or draw,0.8112,,,,Brondby IF vs SonderjyskE,Denmark Superliga,2026-08-17,UNKNOWN,,NO_SCORELINE,,
2,Home or draw + Away over 0.5 goals,"81%, 62%",0.4315,0.5032,0.858,2.32,1.99,SCORE_MATRIX_EXACT,OK,1X,Home or draw,0.8112,AWAY_O05,Away over 0.5 goals,0.6202,,,,Brondby IF vs SonderjyskE,Denmark Superliga,2026-08-17,UNKNOWN,,NO_SCORELINE,,
2,Under 3.5 goals + Both teams to score - No,"70%, 47%",0.4274,0.3298,1.296,2.34,3.03,SCORE_MATRIX_EXACT,OK,U35,Under 3.5 goals,0.6968,BTTS_NO,Both teams to score - No,0.4733,,,,Brondby IF vs SonderjyskE,Denmark Superliga,2026-08-17,UNKNOWN,,NO_SCORELINE,,
2,Under 3.5 goals + Home over 0.5 goals,"74%, 81%",0.552,0.5988,0.922,1.81,1.67,SCORE_MATRIX_EXACT,OK,U35,Under 3.5 goals,0.7379,HOME_O05,Home over 0.5 goals,0.8115,,,,Tigres vs Atlante FC,Mexico Liga MX,2026-08-22,UNKNOWN,,NO_SCORELINE,,
2,Over 1.5 goals + Away over 0.5 goals,"75%, 61%",0.5489,0.4546,1.207,1.82,2.2,SCORE_MATRIX_EXACT,OK,O15,Over 1.5 goals,0.7485,AWAY_O05,Away over 0.5 goals,0.6074,,,,Tigres vs Atlante FC,Mexico Liga MX,2026-08-22,UNKNOWN,,NO_SCORELINE,,
2,Home over 0.5 goals + Away over 0.5 goals,"81%, 61%",0.5051,0.4929,1.025,1.98,2.03,SCORE_MATRIX_EXACT,OK,HOME_O05,Home over 0.5 goals,0.8115,AWAY_O05,Away over 0.5 goals,0.6074,,,,Tigres vs Atlante FC,Mexico Liga MX,2026-08-22,UNKNOWN,,NO_SCORELINE,,
2,Over 1.5 goals + Under 3.5 goals,"75%, 74%",0.4864,0.5523,0.881,2.06,1.81,SCORE_MATRIX_EXACT,OK,O15,Over 1.5 goals,0.7485,U35,Under 3.5 goals,0.7379,,,,Tigres vs Atlante FC,Mexico Liga MX,2026-08-22,UNKNOWN,,NO_SCORELINE,,
2,Home or draw + Home over 1.5 goals,"80%, 50%",0.4795,0.4017,1.194,2.09,2.49,SCORE_MATRIX_EXACT,OK,1X,Home or draw,0.8049,HOME_O15,Home over 1.5 goals,0.499,,,,Tigres vs Atlante FC,Mexico Liga MX,2026-08-22,UNKNOWN,,NO_SCORELINE,,
2,Over 2.5 goals + Home over 0.5 goals,"48%, 81%",0.4672,0.3891,1.201,2.14,2.57,SCORE_MATRIX_EXACT,OK,O25,Over 2.5 goals,0.4795,HOME_O05,Home over 0.5 goals,0.8115,,,,Tigres vs Atlante FC,Mexico Liga MX,2026-08-22,UNKNOWN,,NO_SCORELINE,,
2,Under 3.5 goals + Both teams to score - No,"74%, 49%",0.4564,0.3651,1.25,2.19,2.74,SCORE_MATRIX_EXACT,OK,U35,Under 3.5 goals,0.7379,BTTS_NO,Both teams to score - No,0.4949,,,,Tigres vs Atlante FC,Mexico Liga MX,2026-08-22,UNKNOWN,,NO_SCORELINE,,
2,Under 2.5 goals + Home or draw,"52%, 80%",0.4305,0.4189,1.028,2.32,2.39,SCORE_MATRIX_EXACT,OK,U25,Under 2.5 goals,0.5205,1X,Home or draw,0.8049,,,,Tigres vs Atlante FC,Mexico Liga MX,2026-08-22,UNKNOWN,,NO_SCORELINE,,
2,Over 1.5 goals + Home win,"75%, 53%",0.4271,0.3996,1.069,2.34,2.5,SCORE_MATRIX_EXACT,OK,O15,Over 1.5 goals,0.7485,HOME,Home win,0.5338,,,,Tigres vs Atlante FC,Mexico Liga MX,2026-08-22,UNKNOWN,,NO_SCORELINE,,
2,Home win + Home over 1.5 goals,"53%, 50%",0.4271,0.2664,1.603,2.34,3.75,SCORE_MATRIX_EXACT,OK,HOME,Home win,0.5338,HOME_O15,Home over 1.5 goals,0.499,,,,Tigres vs Atlante FC,Mexico Liga MX,2026-08-22,UNKNOWN,,NO_SCORELINE,,
2,Both teams to score + Home or draw,"51%, 80%",0.4123,0.4066,1.014,2.43,2.46,SCORE_MATRIX_EXACT,OK,BTTS,Both teams to score,0.5051,1X,Home or draw,0.8049,,,,Tigres vs Atlante FC,Mexico Liga MX,2026-08-22,UNKNOWN,,NO_SCORELINE,,
2,Home or draw + Away over 0.5 goals,"80%, 61%",0.4123,0.4889,0.843,2.43,2.05,SCORE_MATRIX_EXACT,OK,1X,Home or draw,0.8049,AWAY_O05,Away over 0.5 goals,0.6074,,,,Tigres vs Atlante FC,Mexico Liga MX,2026-08-22,UNKNOWN,,NO_SCORELINE,,
2,Over 1.5 goals + Away over 0.5 goals,"75%, 59%",0.5335,0.4412,1.209,1.87,2.27,SCORE_MATRIX_EXACT,OK,O15,Over 1.5 goals,0.7494,AWAY_O05,Away over 0.5 goals,0.5887,,,,Nantes vs Rodez AF,Ligue 2,2026-08-22,UNKNOWN,,NO_SCORELINE,,
2,Home or draw + Home over 1.5 goals,"82%, 52%",0.498,0.4238,1.175,2.01,2.36,SCORE_MATRIX_EXACT,OK,1X,Home or draw,0.8223,HOME_O15,Home over 1.5 goals,0.5154,,,,Nantes vs Rodez AF,Ligue 2,2026-08-22,UNKNOWN,,NO_SCORELINE,,
2,Home over 0.5 goals + Away over 0.5 goals,"82%, 59%",0.4949,0.483,1.025,2.02,2.07,SCORE_MATRIX_EXACT,OK,HOME_O05,Home over 0.5 goals,0.8204,AWAY_O05,Away over 0.5 goals,0.5887,,,,Nantes vs Rodez AF,Ligue 2,2026-08-22,UNKNOWN,,NO_SCORELINE,,
2,Over 1.5 goals + Under 3.5 goals,"75%, 74%",0.486,0.552,0.88,2.06,1.81,SCORE_MATRIX_EXACT,OK,O15,Over 1.5 goals,0.7494,U35,Under 3.5 goals,0.7366,,,,Nantes vs Rodez AF,Ligue 2,2026-08-22,UNKNOWN,,NO_SCORELINE,,
2,Over 2.5 goals + Home over 0.5 goals,"48%, 82%",0.4708,0.3947,1.193,2.12,2.53,SCORE_MATRIX_EXACT,OK,O25,Over 2.5 goals,0.4811,HOME_O05,Home over 0.5 goals,0.8204,,,,Nantes vs Rodez AF,Ligue 2,2026-08-22,UNKNOWN,,NO_SCORELINE,,
2,Under 3.5 goals + Both teams to score - No,"74%, 51%",0.4622,0.372,1.242,2.16,2.69,SCORE_MATRIX_EXACT,OK,U35,Under 3.5 goals,0.7366,BTTS_NO,Both teams to score - No,0.5051,,,,Nantes vs Rodez AF,Ligue 2,2026-08-22,UNKNOWN,,NO_SCORELINE,,
2,Over 1.5 goals + Home win,"75%, 56%",0.4482,0.418,1.072,2.23,2.39,SCORE_MATRIX_EXACT,OK,O15,Over 1.5 goals,0.7494,HOME,Home win,0.5577,,,,Nantes vs Rodez AF,Ligue 2,2026-08-22,UNKNOWN,,NO_SCORELINE,,
2,Home win + Home over 1.5 goals,"56%, 52%",0.4482,0.2874,1.559,2.23,3.48,SCORE_MATRIX_EXACT,OK,HOME,Home win,0.5577,HOME_O15,Home over 1.5 goals,0.5154,,,,Nantes vs Rodez AF,Ligue 2,2026-08-22,UNKNOWN,,NO_SCORELINE,,
2,Under 2.5 goals + Home or draw,"52%, 82%",0.4355,0.4267,1.021,2.3,2.34,SCORE_MATRIX_EXACT,OK,U25,Under 2.5 goals,0.5189,1X,Home or draw,0.8223,,,,Nantes vs Rodez AF,Ligue 2,2026-08-22,UNKNOWN,,NO_SCORELINE,,
2,Both teams to score + Home or draw,"49%, 82%",0.411,0.407,1.01,2.43,2.46,SCORE_MATRIX_EXACT,OK,BTTS,Both teams to score,0.4949,1X,Home or draw,0.8223,,,,Nantes vs Rodez AF,Ligue 2,2026-08-22,UNKNOWN,,NO_SCORELINE,,
2,Both teams to score - No + Home or draw,"51%, 82%",0.4113,0.4153,0.99,2.43,2.41,SCORE_MATRIX_EXACT,OK,BTTS_NO,Both teams to score - No,0.5051,1X,Home or draw,0.8223,,,,Nantes vs Rodez AF,Ligue 2,2026-08-22,UNKNOWN,,NO_SCORELINE,,
2,Home or draw + Away over 0.5 goals,"82%, 59%",0.411,0.4841,0.849,2.43,2.07,SCORE_MATRIX_EXACT,OK,1X,Home or draw,0.8223,AWAY_O05,Away over 0.5 goals,0.5887,,,,Nantes vs Rodez AF,Ligue 2,2026-08-22,UNKNOWN,,NO_SCORELINE,,
2,Under 3.5 goals + Home or draw,"71%, 77%",0.5423,0.5503,0.985,1.84,1.82,SCORE_MATRIX_EXACT,OK,U35,Under 3.5 goals,0.7115,1X,Home or draw,0.7735,,,,Pachuca vs Puebla,Mexico Liga MX,2026-08-18,UNKNOWN,,NO_SCORELINE,,
2,Home over 0.5 goals + Away over 0.5 goals,"81%, 65%",0.5356,0.5281,1.014,1.87,1.89,SCORE_MATRIX_EXACT,OK,HOME_O05,Home over 0.5 goals,0.8134,AWAY_O05,Away over 0.5 goals,0.6492,,,,Pachuca vs Puebla,Mexico Liga MX,2026-08-18,UNKNOWN,,NO_SCORELINE,,
2,Under 3.5 goals + Home over 0.5 goals,"71%, 81%",0.5288,0.5787,0.914,1.89,1.73,SCORE_MATRIX_EXACT,OK,U35,Under 3.5 goals,0.7115,HOME_O05,Home over 0.5 goals,0.8134,,,,Pachuca vs Puebla,Mexico Liga MX,2026-08-18,UNKNOWN,,NO_SCORELINE,,
2,Over 2.5 goals + Home over 0.5 goals,"51%, 81%",0.493,0.4142,1.19,2.03,2.41,SCORE_MATRIX_EXACT,OK,O25,Over 2.5 goals,0.5093,HOME_O05,Home over 0.5 goals,0.8134,,,,Pachuca vs Puebla,Mexico Liga MX,2026-08-18,UNKNOWN,,NO_SCORELINE,,
2,Over 1.5 goals + Under 3.5 goals,"76%, 71%",0.4764,0.5442,0.875,2.1,1.84,SCORE_MATRIX_EXACT,OK,O15,Over 1.5 goals,0.7649,U35,Under 3.5 goals,0.7115,,,,Pachuca vs Puebla,Mexico Liga MX,2026-08-18,UNKNOWN,,NO_SCORELINE,,
2,Home or draw + Home over 1.5 goals,"77%, 50%",0.4735,0.3865,1.225,2.11,2.59,SCORE_MATRIX_EXACT,OK,1X,Home or draw,0.7735,HOME_O15,Home over 1.5 goals,0.4997,,,,Pachuca vs Puebla,Mexico Liga MX,2026-08-18,UNKNOWN,,NO_SCORELINE,,
2,Under 3.5 goals + Both teams to score - No,"71%, 46%",0.4285,0.3304,1.297,2.33,3.03,SCORE_MATRIX_EXACT,OK,U35,Under 3.5 goals,0.7115,BTTS_NO,Both teams to score - No,0.4644,,,,Pachuca vs Puebla,Mexico Liga MX,2026-08-18,UNKNOWN,,NO_SCORELINE,,
2,Over 2.5 goals + Away over 0.5 goals,"51%, 65%",0.4251,0.3306,1.286,2.35,3.02,SCORE_MATRIX_EXACT,OK,O25,Over 2.5 goals,0.5093,AWAY_O05,Away over 0.5 goals,0.6492,,,,Pachuca vs Puebla,Mexico Liga MX,2026-08-18,UNKNOWN,,NO_SCORELINE,,
2,Both teams to score + Home or draw,"54%, 77%",0.4226,0.4143,1.02,2.37,2.41,SCORE_MATRIX_EXACT,OK,BTTS,Both teams to score,0.5356,1X,Home or draw,0.7735,,,,Pachuca vs Puebla,Mexico Liga MX,2026-08-18,UNKNOWN,,NO_SCORELINE,,
2,Home or draw + Away over 0.5 goals,"77%, 65%",0.4226,0.5021,0.842,2.37,1.99,SCORE_MATRIX_EXACT,OK,1X,Home or draw,0.7735,AWAY_O05,Away over 0.5 goals,0.6492,,,,Pachuca vs Puebla,Mexico Liga MX,2026-08-18,UNKNOWN,,NO_SCORELINE,,
2,Over 1.5 goals + Home win,"76%, 51%",0.4127,0.3924,1.052,2.42,2.55,SCORE_MATRIX_EXACT,OK,O15,Over 1.5 goals,0.7649,HOME,Home win,0.513,,,,Pachuca vs Puebla,Mexico Liga MX,2026-08-18,UNKNOWN,,NO_SCORELINE,,
2,Home win + Home over 1.5 goals,"51%, 50%",0.4127,0.2563,1.61,2.42,3.9,SCORE_MATRIX_EXACT,OK,HOME,Home win,0.513,HOME_O15,Home over 1.5 goals,0.4997,,,,Pachuca vs Puebla,Mexico Liga MX,2026-08-18,UNKNOWN,,NO_SCORELINE,,
2,Over 1.5 goals + Home or draw,"74%, 73%",0.5488,0.5408,1.015,1.82,1.85,SCORE_MATRIX_EXACT,OK,O15,Over 1.5 goals,0.7417,1X,Home or draw,0.7291,,,,Wuhan Three Towns vs Tianjin Jinmen Tiger FC,China Super League,2026-08-22,UNKNOWN,,NO_SCORELINE,,
2,Home over 0.5 goals + Away over 0.5 goals,"79%, 67%",0.5254,0.5254,1.0,1.9,1.9,SCORE_MATRIX_EXACT,OK,HOME_O05,Home over 0.5 goals,0.7868,AWAY_O05,Away over 0.5 goals,0.6678,,,,Wuhan Three Towns vs Tianjin Jinmen Tiger FC,China Super League,2026-08-22,UNKNOWN,,NO_SCORELINE,,
2,Under 3.5 goals + Home or draw,"73%, 73%",0.5223,0.529,0.987,1.91,1.89,SCORE_MATRIX_EXACT,OK,U35,Under 3.5 goals,0.7256,1X,Home or draw,0.7291,,,,Wuhan Three Towns vs Tianjin Jinmen Tiger FC,China Super League,2026-08-22,UNKNOWN,,NO_SCORELINE,,
2,Under 3.5 goals + Home over 0.5 goals,"73%, 79%",0.518,0.5709,0.907,1.93,1.75,SCORE_MATRIX_EXACT,OK,U35,Under 3.5 goals,0.7256,HOME_O05,Home over 0.5 goals,0.7868,,,,Wuhan Three Towns vs Tianjin Jinmen Tiger FC,China Super League,2026-08-22,UNKNOWN,,NO_SCORELINE,,
2,Over 2.5 goals + Home over 0.5 goals,"49%, 79%",0.4722,0.3883,1.216,2.12,2.58,SCORE_MATRIX_EXACT,OK,O25,Over 2.5 goals,0.4935,HOME_O05,Home over 0.5 goals,0.7868,,,,Wuhan Three Towns vs Tianjin Jinmen Tiger FC,China Super League,2026-08-22,UNKNOWN,,NO_SCORELINE,,
2,Over 1.5 goals + Under 3.5 goals,"74%, 73%",0.4673,0.5382,0.868,2.14,1.86,SCORE_MATRIX_EXACT,OK,O15,Over 1.5 goals,0.7417,U35,Under 3.5 goals,0.7256,,,,Wuhan Three Towns vs Tianjin Jinmen Tiger FC,China Super League,2026-08-22,UNKNOWN,,NO_SCORELINE,,
2,Draw or away + Away over 0.5 goals,"52%, 67%",0.4537,0.3503,1.295,2.2,2.85,SCORE_MATRIX_EXACT,OK,X2,Draw or away,0.5245,AWAY_O05,Away over 0.5 goals,0.6678,,,,Wuhan Three Towns vs Tianjin Jinmen Tiger FC,China Super League,2026-08-22,UNKNOWN,,NO_SCORELINE,,
2,Under 3.5 goals + Both teams to score - No,"73%, 47%",0.4453,0.3443,1.293,2.25,2.9,SCORE_MATRIX_EXACT,OK,U35,Under 3.5 goals,0.7256,BTTS_NO,Both teams to score - No,0.4746,,,,Wuhan Three Towns vs Tianjin Jinmen Tiger FC,China Super League,2026-08-22,UNKNOWN,,NO_SCORELINE,,
2,Home or draw + Home over 1.5 goals,"73%, 46%",0.4282,0.3335,1.284,2.34,3.0,SCORE_MATRIX_EXACT,OK,1X,Home or draw,0.7291,HOME_O15,Home over 1.5 goals,0.4574,,,,Wuhan Three Towns vs Tianjin Jinmen Tiger FC,China Super League,2026-08-22,UNKNOWN,,NO_SCORELINE,,
2,Over 2.5 goals + Away over 0.5 goals,"49%, 67%",0.4261,0.3295,1.293,2.35,3.03,SCORE_MATRIX_EXACT,OK,O25,Over 2.5 goals,0.4935,AWAY_O05,Away over 0.5 goals,0.6678,,,,Wuhan Three Towns vs Tianjin Jinmen Tiger FC,China Super League,2026-08-22,UNKNOWN,,NO_SCORELINE,,
2,Under 3.5 goals + Away over 0.5 goals,"73%, 67%",0.4171,0.4845,0.861,2.4,2.06,SCORE_MATRIX_EXACT,OK,U35,Under 3.5 goals,0.7256,AWAY_O05,Away over 0.5 goals,0.6678,,,,Wuhan Three Towns vs Tianjin Jinmen Tiger FC,China Super League,2026-08-22,UNKNOWN,,NO_SCORELINE,,
2,Over 2.5 goals + Both teams to score,"49%, 53%",0.4048,0.2593,1.561,2.47,3.86,SCORE_MATRIX_EXACT,OK,O25,Over 2.5 goals,0.4935,BTTS,Both teams to score,0.5254,,,,Wuhan Three Towns vs Tianjin Jinmen Tiger FC,China Super League,2026-08-22,UNKNOWN,,NO_SCORELINE,,
2,Under 3.5 goals + Home over 0.5 goals,"74%, 80%",0.542,0.5908,0.918,1.84,1.69,SCORE_MATRIX_EXACT,OK,U35,Under 3.5 goals,0.7373,HOME_O05,Home over 0.5 goals,0.8012,,,,Dundalk vs Galway United,Ireland Premier Division,2026-08-21,WON,U35=WON | HOME_O05=WON,OK,1-2,1.0.0
2,Home over 0.5 goals + Away over 0.5 goals,"80%, 63%",0.5117,0.5034,1.017,1.95,1.99,SCORE_MATRIX_EXACT,OK,HOME_O05,Home over 0.5 goals,0.8012,AWAY_O05,Away over 0.5 goals,0.6283,,,,Dundalk vs Galway United,Ireland Premier Division,2026-08-21,WON,HOME_O05=WON | AWAY_O05=WON,OK,1-2,1.0.0
2,Over 1.5 goals + Under 3.5 goals,"74%, 74%",0.4806,0.5481,0.877,2.08,1.82,SCORE_MATRIX_EXACT,OK,O15,Over 1.5 goals,0.7433,U35,Under 3.5 goals,0.7373,,,,Dundalk vs Galway United,Ireland Premier Division,2026-08-21,WON,O15=WON | U35=WON,OK,1-2,1.0.0
2,Over 2.5 goals + Home over 0.5 goals,"48%, 80%",0.4649,0.3846,1.209,2.15,2.6,SCORE_MATRIX_EXACT,OK,O25,Over 2.5 goals,0.48,HOME_O05,Home over 0.5 goals,0.8012,,,,Dundalk vs Galway United,Ireland Premier Division,2026-08-21,WON,O25=WON | HOME_O05=WON,OK,1-2,1.0.0
2,Home or draw + Home over 1.5 goals,"78%, 48%",0.458,0.3741,1.224,2.18,2.67,SCORE_MATRIX_EXACT,OK,1X,Home or draw,0.7788,HOME_O15,Home over 1.5 goals,0.4804,,,,Dundalk vs Galway United,Ireland Premier Division,2026-08-21,LOST,1X=LOST | HOME_O15=LOST,OK,1-2,1.0.0
2,Under 3.5 goals + Both teams to score - No,"74%, 49%",0.4543,0.3601,1.262,2.2,2.78,SCORE_MATRIX_EXACT,OK,U35,Under 3.5 goals,0.7373,BTTS_NO,Both teams to score - No,0.4883,,,,Dundalk vs Galway United,Ireland Premier Division,2026-08-21,LOST,U35=WON | BTTS_NO=LOST,OK,1-2,1.0.0
2,Under 2.5 goals + Home or draw,"52%, 78%",0.4185,0.405,1.033,2.39,2.47,SCORE_MATRIX_EXACT,OK,U25,Under 2.5 goals,0.52,1X,Home or draw,0.7788,,,,Dundalk vs Galway United,Ireland Premier Division,2026-08-21,LOST,U25=LOST | 1X=LOST,OK,1-2,1.0.0
2,Both teams to score + Home or draw,"51%, 78%",0.4071,0.3985,1.022,2.46,2.51,SCORE_MATRIX_EXACT,OK,BTTS,Both teams to score,0.5117,1X,Home or draw,0.7788,,,,Dundalk vs Galway United,Ireland Premier Division,2026-08-21,LOST,BTTS=WON | 1X=LOST,OK,1-2,1.0.0
2,Home or draw + Away over 0.5 goals,"78%, 63%",0.4071,0.4893,0.832,2.46,2.04,SCORE_MATRIX_EXACT,OK,1X,Home or draw,0.7788,AWAY_O05,Away over 0.5 goals,0.6283,,,,Dundalk vs Galway United,Ireland Premier Division,2026-08-21,LOST,1X=LOST | AWAY_O05=WON,OK,1-2,1.0.0
2,Draw or away + Away over 0.5 goals,"49%, 63%",0.4068,0.3072,1.324,2.46,3.26,SCORE_MATRIX_EXACT,OK,X2,Draw or away,0.489,AWAY_O05,Away over 0.5 goals,0.6283,,,,Dundalk vs Galway United,Ireland Premier Division,2026-08-21,WON,X2=WON | AWAY_O05=WON,OK,1-2,1.0.0
2,Over 1.5 goals + Home win,"74%, 51%",0.4023,0.3798,1.059,2.49,2.63,SCORE_MATRIX_EXACT,OK,O15,Over 1.5 goals,0.7433,HOME,Home win,0.511,,,,Dundalk vs Galway United,Ireland Premier Division,2026-08-21,LOST,O15=WON | HOME=LOST,OK,1-2,1.0.0
2,Home win + Home over 1.5 goals,"51%, 48%",0.4023,0.2455,1.639,2.49,4.07,SCORE_MATRIX_EXACT,OK,HOME,Home win,0.511,HOME_O15,Home over 1.5 goals,0.4804,,,,Dundalk vs Galway United,Ireland Premier Division,2026-08-21,LOST,HOME=LOST | HOME_O15=LOST,OK,1-2,1.0.0
2,Over 1.5 goals + Away over 0.5 goals,"79%, 59%",0.5413,0.4664,1.161,1.85,2.14,SCORE_MATRIX_EXACT,OK,O15,Over 1.5 goals,0.7875,AWAY_O05,Away over 0.5 goals,0.5923,,,,Beijing FC vs Yunnan Yukun,China Super League,2026-08-22,UNKNOWN,,NO_SCORELINE,,
2,Over 1.5 goals + Home win,"79%, 65%",0.5357,0.513,1.044,1.87,1.95,SCORE_MATRIX_EXACT,OK,O15,Over 1.5 goals,0.7875,HOME,Home win,0.6514,,,,Beijing FC vs Yunnan Yukun,China Super League,2026-08-22,UNKNOWN,,NO_SCORELINE,,
2,Home win + Home over 1.5 goals,"65%, 61%",0.5357,0.3984,1.344,1.87,2.51,SCORE_MATRIX_EXACT,OK,HOME,Home win,0.6514,HOME_O15,Home over 1.5 goals,0.6116,,,,Beijing FC vs Yunnan Yukun,China Super League,2026-08-22,UNKNOWN,,NO_SCORELINE,,
2,Under 3.5 goals + Home or draw,"65%, 84%",0.5304,0.5474,0.969,1.89,1.83,SCORE_MATRIX_EXACT,OK,U35,Under 3.5 goals,0.6524,1X,Home or draw,0.8391,,,,Beijing FC vs Yunnan Yukun,China Super League,2026-08-22,UNKNOWN,,NO_SCORELINE,,
2,Under 3.5 goals + Home over 0.5 goals,"65%, 87%",0.5282,0.5702,0.926,1.89,1.75,SCORE_MATRIX_EXACT,OK,U35,Under 3.5 goals,0.6524,HOME_O05,Home over 0.5 goals,0.874,,,,Beijing FC vs Yunnan Yukun,China Super League,2026-08-22,UNKNOWN,,NO_SCORELINE,,
2,Home over 0.5 goals + Away over 0.5 goals,"87%, 59%",0.5121,0.5177,0.989,1.95,1.93,SCORE_MATRIX_EXACT,OK,HOME_O05,Home over 0.5 goals,0.874,AWAY_O05,Away over 0.5 goals,0.5923,,,,Beijing FC vs Yunnan Yukun,China Super League,2026-08-22,UNKNOWN,,NO_SCORELINE,,
2,Over 2.5 goals + Home over 1.5 goals,"57%, 61%",0.5029,0.3495,1.439,1.99,2.86,SCORE_MATRIX_EXACT,OK,O25,Over 2.5 goals,0.5715,HOME_O15,Home over 1.5 goals,0.6116,,,,Beijing FC vs Yunnan Yukun,China Super League,2026-08-22,UNKNOWN,,NO_SCORELINE,,
2,Over 2.5 goals + Home or draw,"57%, 84%",0.4826,0.4795,1.006,2.07,2.09,SCORE_MATRIX_EXACT,OK,O25,Over 2.5 goals,0.5715,1X,Home or draw,0.8391,,,,Beijing FC vs Yunnan Yukun,China Super League,2026-08-22,UNKNOWN,,NO_SCORELINE,,
2,Over 1.5 goals + Under 3.5 goals,"79%, 65%",0.4399,0.5138,0.856,2.27,1.95,SCORE_MATRIX_EXACT,OK,O15,Over 1.5 goals,0.7875,U35,Under 3.5 goals,0.6524,,,,Beijing FC vs Yunnan Yukun,China Super League,2026-08-22,UNKNOWN,,NO_SCORELINE,,
2,Over 2.5 goals + Away over 0.5 goals,"57%, 59%",0.4341,0.3385,1.282,2.3,2.95,SCORE_MATRIX_EXACT,OK,O25,Over 2.5 goals,0.5715,AWAY_O05,Away over 0.5 goals,0.5923,,,,Beijing FC vs Yunnan Yukun,China Super League,2026-08-22,UNKNOWN,,NO_SCORELINE,,
2,Both teams to score + Home or draw,"51%, 84%",0.4314,0.4297,1.004,2.32,2.33,SCORE_MATRIX_EXACT,OK,BTTS,Both teams to score,0.5121,1X,Home or draw,0.8391,,,,Beijing FC vs Yunnan Yukun,China Super League,2026-08-22,UNKNOWN,,NO_SCORELINE,,
2,Home or draw + Away over 0.5 goals,"84%, 59%",0.4314,0.497,0.868,2.32,2.01,SCORE_MATRIX_EXACT,OK,1X,Home or draw,0.8391,AWAY_O05,Away over 0.5 goals,0.5923,,,,Beijing FC vs Yunnan Yukun,China Super League,2026-08-22,UNKNOWN,,NO_SCORELINE,,
2,Under 3.5 goals + Home or draw,"76%, 69%",0.5291,0.5272,1.004,1.89,1.9,SCORE_MATRIX_EXACT,OK,U35,Under 3.5 goals,0.7589,1X,Home or draw,0.6947,,,,Clermont vs Dijon,Ligue 2,2026-08-21,UNKNOWN,,NO_SCORELINE,,
2,Home over 0.5 goals + Away over 0.5 goals,"74%, 69%",0.5241,0.51,1.028,1.91,1.96,SCORE_MATRIX_EXACT,OK,HOME_O05,Home over 0.5 goals,0.7411,AWAY_O05,Away over 0.5 goals,0.6882,,,,Clermont vs Dijon,Ligue 2,2026-08-21,UNKNOWN,,NO_SCORELINE,,
2,Draw or away + Away over 0.5 goals,"61%, 69%",0.5107,0.4167,1.226,1.96,2.4,SCORE_MATRIX_EXACT,OK,X2,Draw or away,0.6055,AWAY_O05,Away over 0.5 goals,0.6882,,,,Clermont vs Dijon,Ligue 2,2026-08-21,UNKNOWN,,NO_SCORELINE,,
2,Under 3.5 goals + Home over 0.5 goals,"76%, 74%",0.5077,0.5624,0.903,1.97,1.78,SCORE_MATRIX_EXACT,OK,U35,Under 3.5 goals,0.7589,HOME_O05,Home over 0.5 goals,0.7411,,,,Clermont vs Dijon,Ligue 2,2026-08-21,UNKNOWN,,NO_SCORELINE,,
2,Over 1.5 goals + Home or draw,"73%, 69%",0.5057,0.5073,0.997,1.98,1.97,SCORE_MATRIX_EXACT,OK,O15,Over 1.5 goals,0.7303,1X,Home or draw,0.6947,,,,Clermont vs Dijon,Ligue 2,2026-08-21,UNKNOWN,,NO_SCORELINE,,
2,Over 1.5 goals + Under 3.5 goals,"73%, 76%",0.4892,0.5542,0.883,2.04,1.8,SCORE_MATRIX_EXACT,OK,O15,Over 1.5 goals,0.7303,U35,Under 3.5 goals,0.7589,,,,Clermont vs Dijon,Ligue 2,2026-08-21,UNKNOWN,,NO_SCORELINE,,
2,Under 3.5 goals + Draw or away,"76%, 61%",0.4712,0.4595,1.026,2.12,2.18,SCORE_MATRIX_EXACT,OK,U35,Under 3.5 goals,0.7589,X2,Draw or away,0.6055,,,,Clermont vs Dijon,Ligue 2,2026-08-21,UNKNOWN,,NO_SCORELINE,,
2,Under 3.5 goals + Away over 0.5 goals,"76%, 69%",0.4621,0.5222,0.885,2.16,1.91,SCORE_MATRIX_EXACT,OK,U35,Under 3.5 goals,0.7589,AWAY_O05,Away over 0.5 goals,0.6882,,,,Clermont vs Dijon,Ligue 2,2026-08-21,UNKNOWN,,NO_SCORELINE,,
2,Under 3.5 goals + Both teams to score - No,"76%, 48%",0.4531,0.3611,1.255,2.21,2.77,SCORE_MATRIX_EXACT,OK,U35,Under 3.5 goals,0.7589,BTTS_NO,Both teams to score - No,0.4759,,,,Clermont vs Dijon,Ligue 2,2026-08-21,UNKNOWN,,NO_SCORELINE,,
2,Over 1.5 goals + Draw or away,"73%, 61%",0.43,0.4422,0.972,2.33,2.26,SCORE_MATRIX_EXACT,OK,O15,Over 1.5 goals,0.7303,X2,Draw or away,0.6055,,,,Clermont vs Dijon,Ligue 2,2026-08-21,UNKNOWN,,NO_SCORELINE,,
2,Over 2.5 goals + Home over 0.5 goals,"45%, 74%",0.4258,0.3369,1.264,2.35,2.97,SCORE_MATRIX_EXACT,OK,O25,Over 2.5 goals,0.4545,HOME_O05,Home over 0.5 goals,0.7411,,,,Clermont vs Dijon,Ligue 2,2026-08-21,UNKNOWN,,NO_SCORELINE,,
2,Under 2.5 goals + Home or draw,"55%, 69%",0.4101,0.3789,1.082,2.44,2.64,SCORE_MATRIX_EXACT,OK,U25,Under 2.5 goals,0.5455,1X,Home or draw,0.6947,,,,Clermont vs Dijon,Ligue 2,2026-08-21,UNKNOWN,,NO_SCORELINE,,
2,Home over 0.5 goals + Away over 0.5 goals,"76%, 68%",0.5225,0.5225,1.0,1.91,1.91,SCORE_MATRIX_EXACT,OK,HOME_O05,Home over 0.5 goals,0.7635,AWAY_O05,Away over 0.5 goals,0.6843,,,,Hammarby IF vs GAIS,Sweden Allsvenskan,2026-08-23,UNKNOWN,,NO_SCORELINE,,
2,Over 1.5 goals + Home or draw,"73%, 70%",0.5157,0.5107,1.01,1.94,1.96,SCORE_MATRIX_EXACT,OK,O15,Over 1.5 goals,0.7316,1X,Home or draw,0.698,,,,Hammarby IF vs GAIS,Sweden Allsvenskan,2026-08-23,UNKNOWN,,NO_SCORELINE,,
2,Under 3.5 goals + Home or draw,"74%, 70%",0.5108,0.5145,0.993,1.96,1.94,SCORE_MATRIX_EXACT,OK,U35,Under 3.5 goals,0.7371,1X,Home or draw,0.698,,,,Hammarby IF vs GAIS,Sweden Allsvenskan,2026-08-23,UNKNOWN,,NO_SCORELINE,,
2,Under 3.5 goals + Home over 0.5 goals,"74%, 76%",0.5077,0.5628,0.902,1.97,1.78,SCORE_MATRIX_EXACT,OK,U35,Under 3.5 goals,0.7371,HOME_O05,Home over 0.5 goals,0.7635,,,,Hammarby IF vs GAIS,Sweden Allsvenskan,2026-08-23,UNKNOWN,,NO_SCORELINE,,
2,Draw or away + Away over 0.5 goals,"56%, 68%",0.4883,0.3852,1.268,2.05,2.6,SCORE_MATRIX_EXACT,OK,X2,Draw or away,0.5629,AWAY_O05,Away over 0.5 goals,0.6843,,,,Hammarby IF vs GAIS,Sweden Allsvenskan,2026-08-23,UNKNOWN,,NO_SCORELINE,,
2,Over 1.5 goals + Under 3.5 goals,"73%, 74%",0.4687,0.5393,0.869,2.13,1.85,SCORE_MATRIX_EXACT,OK,O15,Over 1.5 goals,0.7316,U35,Under 3.5 goals,0.7371,,,,Hammarby IF vs GAIS,Sweden Allsvenskan,2026-08-23,UNKNOWN,,NO_SCORELINE,,
2,Over 2.5 goals + Home over 0.5 goals,"48%, 76%",0.4542,0.3667,1.238,2.2,2.73,SCORE_MATRIX_EXACT,OK,O25,Over 2.5 goals,0.4803,HOME_O05,Home over 0.5 goals,0.7635,,,,Hammarby IF vs GAIS,Sweden Allsvenskan,2026-08-23,UNKNOWN,,NO_SCORELINE,,
2,Under 3.5 goals + Both teams to score - No,"74%, 48%",0.452,0.352,1.284,2.21,2.84,SCORE_MATRIX_EXACT,OK,U35,Under 3.5 goals,0.7371,BTTS_NO,Both teams to score - No,0.4775,,,,Hammarby IF vs GAIS,Sweden Allsvenskan,2026-08-23,UNKNOWN,,NO_SCORELINE,,
2,Under 3.5 goals + Away over 0.5 goals,"74%, 68%",0.4399,0.5044,0.872,2.27,1.98,SCORE_MATRIX_EXACT,OK,U35,Under 3.5 goals,0.7371,AWAY_O05,Away over 0.5 goals,0.6843,,,,Hammarby IF vs GAIS,Sweden Allsvenskan,2026-08-23,UNKNOWN,,NO_SCORELINE,,
2,Under 3.5 goals + Draw or away,"74%, 56%",0.4251,0.4149,1.024,2.35,2.41,SCORE_MATRIX_EXACT,OK,U35,Under 3.5 goals,0.7371,X2,Draw or away,0.5629,,,,Hammarby IF vs GAIS,Sweden Allsvenskan,2026-08-23,UNKNOWN,,NO_SCORELINE,,
2,Over 2.5 goals + Away over 0.5 goals,"48%, 68%",0.4245,0.3287,1.292,2.36,3.04,SCORE_MATRIX_EXACT,OK,O25,Over 2.5 goals,0.4803,AWAY_O05,Away over 0.5 goals,0.6843,,,,Hammarby IF vs GAIS,Sweden Allsvenskan,2026-08-23,UNKNOWN,,NO_SCORELINE,,
2,Over 1.5 goals + Draw or away,"73%, 56%",0.4022,0.4119,0.977,2.49,2.43,SCORE_MATRIX_EXACT,OK,O15,Over 1.5 goals,0.7316,X2,Draw or away,0.5629,,,,Hammarby IF vs GAIS,Sweden Allsvenskan,2026-08-23,UNKNOWN,,NO_SCORELINE,,
2,Over 1.5 goals + Home or draw,"73%, 70%",0.5252,0.5177,1.014,1.9,1.93,SCORE_MATRIX_EXACT,OK,O15,Over 1.5 goals,0.7348,1X,Home or draw,0.7046,,,,SonderjyskE vs FC Nordsjaelland,Denmark Superliga,2026-08-23,UNKNOWN,,NO_SCORELINE,,
2,Home over 0.5 goals + Away over 0.5 goals,"78%, 68%",0.5235,0.5277,0.992,1.91,1.9,SCORE_MATRIX_EXACT,OK,HOME_O05,Home over 0.5 goals,0.7751,AWAY_O05,Away over 0.5 goals,0.6808,,,,SonderjyskE vs FC Nordsjaelland,Denmark Superliga,2026-08-23,UNKNOWN,,NO_SCORELINE,,
2,Under 3.5 goals + Home over 0.5 goals,"73%, 78%",0.5084,0.5633,0.903,1.97,1.78,SCORE_MATRIX_EXACT,OK,U35,Under 3.5 goals,0.7267,HOME_O05,Home over 0.5 goals,0.7751,,,,SonderjyskE vs FC Nordsjaelland,Denmark Superliga,2026-08-23,UNKNOWN,,NO_SCORELINE,,
2,Under 3.5 goals + Home or draw,"73%, 70%",0.5059,0.512,0.988,1.98,1.95,SCORE_MATRIX_EXACT,OK,U35,Under 3.5 goals,0.7267,1X,Home or draw,0.7046,,,,SonderjyskE vs FC Nordsjaelland,Denmark Superliga,2026-08-23,UNKNOWN,,NO_SCORELINE,,
2,Draw or away + Away over 0.5 goals,"54%, 68%",0.475,0.3694,1.286,2.11,2.71,SCORE_MATRIX_EXACT,OK,X2,Draw or away,0.5426,AWAY_O05,Away over 0.5 goals,0.6808,,,,SonderjyskE vs FC Nordsjaelland,Denmark Superliga,2026-08-23,UNKNOWN,,NO_SCORELINE,,
2,Over 2.5 goals + Home over 0.5 goals,"49%, 78%",0.4677,0.3816,1.226,2.14,2.62,SCORE_MATRIX_EXACT,OK,O25,Over 2.5 goals,0.4923,HOME_O05,Home over 0.5 goals,0.7751,,,,SonderjyskE vs FC Nordsjaelland,Denmark Superliga,2026-08-23,UNKNOWN,,NO_SCORELINE,,
2,Over 1.5 goals + Under 3.5 goals,"73%, 73%",0.4615,0.5339,0.864,2.17,1.87,SCORE_MATRIX_EXACT,OK,O15,Over 1.5 goals,0.7348,U35,Under 3.5 goals,0.7267,,,,SonderjyskE vs FC Nordsjaelland,Denmark Superliga,2026-08-23,UNKNOWN,,NO_SCORELINE,,
2,Under 3.5 goals + Both teams to score - No,"73%, 48%",0.4492,0.3462,1.297,2.23,2.89,SCORE_MATRIX_EXACT,OK,U35,Under 3.5 goals,0.7267,BTTS_NO,Both teams to score - No,0.4765,,,,SonderjyskE vs FC Nordsjaelland,Denmark Superliga,2026-08-23,UNKNOWN,,NO_SCORELINE,,
2,Over 2.5 goals + Away over 0.5 goals,"49%, 68%",0.432,0.3351,1.289,2.31,2.98,SCORE_MATRIX_EXACT,OK,O25,Over 2.5 goals,0.4923,AWAY_O05,Away over 0.5 goals,0.6808,,,,SonderjyskE vs FC Nordsjaelland,Denmark Superliga,2026-08-23,UNKNOWN,,NO_SCORELINE,,
2,Under 3.5 goals + Away over 0.5 goals,"73%, 68%",0.4281,0.4947,0.865,2.34,2.02,SCORE_MATRIX_EXACT,OK,U35,Under 3.5 goals,0.7267,AWAY_O05,Away over 0.5 goals,0.6808,,,,SonderjyskE vs FC Nordsjaelland,Denmark Superliga,2026-08-23,UNKNOWN,,NO_SCORELINE,,
2,Home or draw + Home over 1.5 goals,"70%, 44%",0.4091,0.3104,1.318,2.44,3.22,SCORE_MATRIX_EXACT,OK,1X,Home or draw,0.7046,HOME_O15,Home over 1.5 goals,0.4405,,,,SonderjyskE vs FC Nordsjaelland,Denmark Superliga,2026-08-23,UNKNOWN,,NO_SCORELINE,,
2,Over 2.5 goals + Both teams to score,"49%, 52%",0.4075,0.2577,1.581,2.45,3.88,SCORE_MATRIX_EXACT,OK,O25,Over 2.5 goals,0.4923,BTTS,Both teams to score,0.5235,,,,SonderjyskE vs FC Nordsjaelland,Denmark Superliga,2026-08-23,UNKNOWN,,NO_SCORELINE,,
2,Home or draw + Home over 0.5 goals,"66%, 69%",0.5514,0.4603,1.198,1.81,2.17,SCORE_MATRIX_EXACT,OK,1X,Home or draw,0.6639,HOME_O05,Home over 0.5 goals,0.6933,,,,River Plate vs Velez Sarsfield BA,Argentina Primera Division,2026-08-23,UNKNOWN,,NO_SCORELINE,,
2,Draw or away + Away over 0.5 goals,"65%, 69%",0.5399,0.4476,1.206,1.85,2.23,SCORE_MATRIX_EXACT,OK,X2,Draw or away,0.6524,AWAY_O05,Away over 0.5 goals,0.686,,,,River Plate vs Velez Sarsfield BA,Argentina Primera Division,2026-08-23,UNKNOWN,,NO_SCORELINE,,
2,Under 3.5 goals + Home or draw,"79%, 66%",0.5334,0.5275,1.011,1.87,1.9,SCORE_MATRIX_EXACT,OK,U35,Under 3.5 goals,0.7945,1X,Home or draw,0.6639,,,,River Plate vs Velez Sarsfield BA,Argentina Primera Division,2026-08-23,UNKNOWN,,NO_SCORELINE,,
2,Under 3.5 goals + Draw or away,"79%, 65%",0.5255,0.5183,1.014,1.9,1.93,SCORE_MATRIX_EXACT,OK,U35,Under 3.5 goals,0.7945,X2,Draw or away,0.6524,,,,River Plate vs Velez Sarsfield BA,Argentina Primera Division,2026-08-23,UNKNOWN,,NO_SCORELINE,,
2,Under 3.5 goals + Home over 0.5 goals,"79%, 69%",0.4969,0.5508,0.902,2.01,1.82,SCORE_MATRIX_EXACT,OK,U35,Under 3.5 goals,0.7945,HOME_O05,Home over 0.5 goals,0.6933,,,,River Plate vs Velez Sarsfield BA,Argentina Primera Division,2026-08-23,UNKNOWN,,NO_SCORELINE,,
2,Home over 0.5 goals + Away over 0.5 goals,"69%, 69%",0.4918,0.4756,1.034,2.03,2.1,SCORE_MATRIX_EXACT,OK,HOME_O05,Home over 0.5 goals,0.6933,AWAY_O05,Away over 0.5 goals,0.686,,,,River Plate vs Velez Sarsfield BA,Argentina Primera Division,2026-08-23,UNKNOWN,,NO_SCORELINE,,
2,Under 3.5 goals + Both teams to score - No,"79%, 51%",0.4891,0.4038,1.211,2.04,2.48,SCORE_MATRIX_EXACT,OK,U35,Under 3.5 goals,0.7945,BTTS_NO,Both teams to score - No,0.5082,,,,River Plate vs Velez Sarsfield BA,Argentina Primera Division,2026-08-23,UNKNOWN,,NO_SCORELINE,,
2,Under 3.5 goals + Away over 0.5 goals,"79%, 69%",0.4905,0.545,0.9,2.04,1.83,SCORE_MATRIX_EXACT,OK,U35,Under 3.5 goals,0.7945,AWAY_O05,Away over 0.5 goals,0.686,,,,River Plate vs Velez Sarsfield BA,Argentina Primera Division,2026-08-23,UNKNOWN,,NO_SCORELINE,,
2,Over 1.5 goals + Under 3.5 goals,"69%, 79%",0.4887,0.5516,0.886,2.05,1.81,SCORE_MATRIX_EXACT,OK,O15,Over 1.5 goals,0.6942,U35,Under 3.5 goals,0.7945,,,,River Plate vs Velez Sarsfield BA,Argentina Primera Division,2026-08-23,UNKNOWN,,NO_SCORELINE,,
2,Over 1.5 goals + Home or draw,"69%, 66%",0.4538,0.4609,0.985,2.2,2.17,SCORE_MATRIX_EXACT,OK,O15,Over 1.5 goals,0.6942,1X,Home or draw,0.6639,,,,River Plate vs Velez Sarsfield BA,Argentina Primera Division,2026-08-23,UNKNOWN,,NO_SCORELINE,,
2,Over 1.5 goals + Draw or away,"69%, 65%",0.4443,0.4529,0.981,2.25,2.21,SCORE_MATRIX_EXACT,OK,O15,Over 1.5 goals,0.6942,X2,Draw or away,0.6524,,,,River Plate vs Velez Sarsfield BA,Argentina Primera Division,2026-08-23,UNKNOWN,,NO_SCORELINE,,
2,Under 2.5 goals + Both teams to score - No,"59%, 51%",0.4379,0.2997,1.461,2.28,3.34,SCORE_MATRIX_EXACT,OK,U25,Under 2.5 goals,0.5898,BTTS_NO,Both teams to score - No,0.5082,,,,River Plate vs Velez Sarsfield BA,Argentina Primera Division,2026-08-23,UNKNOWN,,NO_SCORELINE,,
2,Under 3.5 goals + Home or draw,"74%, 76%",0.5501,0.5587,0.985,1.82,1.79,SCORE_MATRIX_EXACT,OK,U35,Under 3.5 goals,0.7381,1X,Home or draw,0.7569,,,,Palermo vs Juve Stabia,Serie B,2026-08-23,WON,U35=WON | 1X=WON,OK,1-0,1.0.0
2,Under 3.5 goals + Home over 0.5 goals,"74%, 79%",0.5358,0.5857,0.915,1.87,1.71,SCORE_MATRIX_EXACT,OK,U35,Under 3.5 goals,0.7381,HOME_O05,Home over 0.5 goals,0.7936,,,,Palermo vs Juve Stabia,Serie B,2026-08-23,WON,U35=WON | HOME_O05=WON,OK,1-0,1.0.0
2,Home over 0.5 goals + Away over 0.5 goals,"79%, 64%",0.5053,0.5053,1.0,1.98,1.98,SCORE_MATRIX_EXACT,OK,HOME_O05,Home over 0.5 goals,0.7936,AWAY_O05,Away over 0.5 goals,0.6367,,,,Palermo vs Juve Stabia,Serie B,2026-08-23,LOST,HOME_O05=WON | AWAY_O05=LOST,OK,1-0,1.0.0
2,Over 1.5 goals + Under 3.5 goals,"73%, 74%",0.4688,0.5394,0.869,2.13,1.85,SCORE_MATRIX_EXACT,OK,O15,Over 1.5 goals,0.7307,U35,Under 3.5 goals,0.7381,,,,Palermo vs Juve Stabia,Serie B,2026-08-23,LOST,O15=LOST | U35=WON,OK,1-0,1.0.0
2,Over 2.5 goals + Home over 0.5 goals,"48%, 79%",0.4621,0.3802,1.215,2.16,2.63,SCORE_MATRIX_EXACT,OK,O25,Over 2.5 goals,0.4791,HOME_O05,Home over 0.5 goals,0.7936,,,,Palermo vs Juve Stabia,Serie B,2026-08-23,LOST,O25=LOST | HOME_O05=WON,OK,1-0,1.0.0
2,Under 3.5 goals + Both teams to score - No,"74%, 49%",0.4631,0.3652,1.268,2.16,2.74,SCORE_MATRIX_EXACT,OK,U35,Under 3.5 goals,0.7381,BTTS_NO,Both teams to score - No,0.4947,,,,Palermo vs Juve Stabia,Serie B,2026-08-23,WON,U35=WON | BTTS_NO=WON,OK,1-0,1.0.0
2,Home or draw + Home over 1.5 goals,"76%, 47%",0.4437,0.3541,1.253,2.25,2.82,SCORE_MATRIX_EXACT,OK,1X,Home or draw,0.7569,HOME_O15,Home over 1.5 goals,0.4678,,,,Palermo vs Juve Stabia,Serie B,2026-08-23,LOST,1X=WON | HOME_O15=LOST,OK,1-0,1.0.0
2,Draw or away + Away over 0.5 goals,"50%, 64%",0.4202,0.3153,1.333,2.38,3.17,SCORE_MATRIX_EXACT,OK,X2,Draw or away,0.4952,AWAY_O05,Away over 0.5 goals,0.6367,,,,Palermo vs Juve Stabia,Serie B,2026-08-23,LOST,X2=LOST | AWAY_O05=LOST,OK,1-0,1.0.0
2,Under 2.5 goals + Home or draw,"52%, 76%",0.4065,0.3942,1.031,2.46,2.54,SCORE_MATRIX_EXACT,OK,U25,Under 2.5 goals,0.5209,1X,Home or draw,0.7569,,,,Palermo vs Juve Stabia,Serie B,2026-08-23,WON,U25=WON | 1X=WON,OK,1-0,1.0.0
2,Over 2.5 goals + Away over 0.5 goals,"48%, 64%",0.4025,0.305,1.319,2.48,3.28,SCORE_MATRIX_EXACT,OK,O25,Over 2.5 goals,0.4791,AWAY_O05,Away over 0.5 goals,0.6367,,,,Palermo vs Juve Stabia,Serie B,2026-08-23,LOST,O25=LOST | AWAY_O05=LOST,OK,1-0,1.0.0
2,Under 3.5 goals + Away over 0.5 goals,"74%, 64%",0.4023,0.47,0.856,2.49,2.13,SCORE_MATRIX_EXACT,OK,U35,Under 3.5 goals,0.7381,AWAY_O05,Away over 0.5 goals,0.6367,,,,Palermo vs Juve Stabia,Serie B,2026-08-23,LOST,U35=WON | AWAY_O05=LOST,OK,1-0,1.0.0
2,Under 2.5 goals + Both teams to score - No,"52%, 49%",0.4011,0.2577,1.556,2.49,3.88,SCORE_MATRIX_EXACT,OK,U25,Under 2.5 goals,0.5209,BTTS_NO,Both teams to score - No,0.4947,,,,Palermo vs Juve Stabia,Serie B,2026-08-23,WON,U25=WON | BTTS_NO=WON,OK,1-0,1.0.0
2,Home or draw + Home over 1.5 goals,"83%, 56%",0.5393,0.4602,1.172,1.85,2.17,SCORE_MATRIX_EXACT,OK,1X,Home or draw,0.8271,HOME_O15,Home over 1.5 goals,0.5565,,,,Viborg FF vs FC Copenhagen,Denmark Superliga,2026-08-23,UNKNOWN,,NO_SCORELINE,,
2,Over 1.5 goals + Away over 0.5 goals,"74%, 57%",0.5089,0.425,1.197,1.97,2.35,SCORE_MATRIX_EXACT,OK,O15,Over 1.5 goals,0.7448,AWAY_O05,Away over 0.5 goals,0.5707,,,,Viborg FF vs FC Copenhagen,Denmark Superliga,2026-08-23,UNKNOWN,,NO_SCORELINE,,
2,Over 2.5 goals + Home over 0.5 goals,"51%, 85%",0.5035,0.4336,1.161,1.99,2.31,SCORE_MATRIX_EXACT,OK,O25,Over 2.5 goals,0.5122,HOME_O05,Home over 0.5 goals,0.8465,,,,Viborg FF vs FC Copenhagen,Denmark Superliga,2026-08-23,UNKNOWN,,NO_SCORELINE,,
2,Over 1.5 goals + Home win,"74%, 62%",0.489,0.4644,1.053,2.05,2.15,SCORE_MATRIX_EXACT,OK,O15,Over 1.5 goals,0.7448,HOME,Home win,0.6235,,,,Viborg FF vs FC Copenhagen,Denmark Superliga,2026-08-23,UNKNOWN,,NO_SCORELINE,,
2,Home win + Home over 1.5 goals,"62%, 56%",0.489,0.3469,1.409,2.05,2.88,SCORE_MATRIX_EXACT,OK,HOME,Home win,0.6235,HOME_O15,Home over 1.5 goals,0.5565,,,,Viborg FF vs FC Copenhagen,Denmark Superliga,2026-08-23,UNKNOWN,,NO_SCORELINE,,
2,Home over 0.5 goals + Away over 0.5 goals,"85%, 57%",0.4761,0.4831,0.986,2.1,2.07,SCORE_MATRIX_EXACT,OK,HOME_O05,Home over 0.5 goals,0.8465,AWAY_O05,Away over 0.5 goals,0.5707,,,,Viborg FF vs FC Copenhagen,Denmark Superliga,2026-08-23,UNKNOWN,,NO_SCORELINE,,
2,Under 3.5 goals + Both teams to score - No,"71%, 52%",0.4714,0.3713,1.27,2.12,2.69,SCORE_MATRIX_EXACT,OK,U35,Under 3.5 goals,0.7087,BTTS_NO,Both teams to score - No,0.5239,,,,Viborg FF vs FC Copenhagen,Denmark Superliga,2026-08-23,UNKNOWN,,NO_SCORELINE,,
2,Over 1.5 goals + Under 3.5 goals,"74%, 71%",0.4535,0.5279,0.859,2.2,1.89,SCORE_MATRIX_EXACT,OK,O15,Over 1.5 goals,0.7448,U35,Under 3.5 goals,0.7087,,,,Viborg FF vs FC Copenhagen,Denmark Superliga,2026-08-23,UNKNOWN,,NO_SCORELINE,,
2,Over 2.5 goals + Home over 1.5 goals,"51%, 56%",0.4423,0.285,1.552,2.26,3.51,SCORE_MATRIX_EXACT,OK,O25,Over 2.5 goals,0.5122,HOME_O15,Home over 1.5 goals,0.5565,,,,Viborg FF vs FC Copenhagen,Denmark Superliga,2026-08-23,UNKNOWN,,NO_SCORELINE,,
2,Both teams to score - No + Home or draw,"52%, 83%",0.4293,0.4333,0.991,2.33,2.31,SCORE_MATRIX_EXACT,OK,BTTS_NO,Both teams to score - No,0.5239,1X,Home or draw,0.8271,,,,Viborg FF vs FC Copenhagen,Denmark Superliga,2026-08-23,UNKNOWN,,NO_SCORELINE,,
2,Over 2.5 goals + Home or draw,"51%, 83%",0.4251,0.4236,1.004,2.35,2.36,SCORE_MATRIX_EXACT,OK,O25,Over 2.5 goals,0.5122,1X,Home or draw,0.8271,,,,Viborg FF vs FC Copenhagen,Denmark Superliga,2026-08-23,UNKNOWN,,NO_SCORELINE,,
2,Under 3.5 goals + Home win,"71%, 62%",0.4176,0.4419,0.945,2.39,2.26,SCORE_MATRIX_EXACT,OK,U35,Under 3.5 goals,0.7087,HOME,Home win,0.6235,,,,Viborg FF vs FC Copenhagen,Denmark Superliga,2026-08-23,UNKNOWN,,NO_SCORELINE,,
2,Under 3.5 goals + Home over 0.5 goals,"75%, 78%",0.5364,0.5866,0.914,1.86,1.7,SCORE_MATRIX_EXACT,OK,U35,Under 3.5 goals,0.7526,HOME_O05,Home over 0.5 goals,0.7795,,,,AD Ceuta FC vs Las Palmas,La Liga 2,2026-08-22,LOST,U35=WON | HOME_O05=LOST,OK,0-2,1.0.0
2,Home over 0.5 goals + Away over 0.5 goals,"78%, 64%",0.5145,0.5011,1.027,1.94,2.0,SCORE_MATRIX_EXACT,OK,HOME_O05,Home over 0.5 goals,0.7795,AWAY_O05,Away over 0.5 goals,0.6429,,,,AD Ceuta FC vs Las Palmas,La Liga 2,2026-08-22,LOST,HOME_O05=LOST | AWAY_O05=WON,OK,0-2,1.0.0
2,Over 1.5 goals + Under 3.5 goals,"74%, 75%",0.4884,0.5538,0.882,2.05,1.81,SCORE_MATRIX_EXACT,OK,O15,Over 1.5 goals,0.7358,U35,Under 3.5 goals,0.7526,,,,AD Ceuta FC vs Las Palmas,La Liga 2,2026-08-22,WON,O15=WON | U35=WON,OK,0-2,1.0.0
2,Under 3.5 goals + Both teams to score - No,"75%, 49%",0.4568,0.3654,1.25,2.19,2.74,SCORE_MATRIX_EXACT,OK,U35,Under 3.5 goals,0.7526,BTTS_NO,Both teams to score - No,0.4855,,,,AD Ceuta FC vs Las Palmas,La Liga 2,2026-08-22,WON,U35=WON | BTTS_NO=WON,OK,0-2,1.0.0
2,Over 2.5 goals + Home over 0.5 goals,"46%, 78%",0.4439,0.3602,1.232,2.25,2.78,SCORE_MATRIX_EXACT,OK,O25,Over 2.5 goals,0.4621,HOME_O05,Home over 0.5 goals,0.7795,,,,AD Ceuta FC vs Las Palmas,La Liga 2,2026-08-22,LOST,O25=LOST | HOME_O05=LOST,OK,0-2,1.0.0
2,Draw or away + Away over 0.5 goals,"53%, 64%",0.4382,0.341,1.285,2.28,2.93,SCORE_MATRIX_EXACT,OK,X2,Draw or away,0.5304,AWAY_O05,Away over 0.5 goals,0.6429,,,,AD Ceuta FC vs Las Palmas,La Liga 2,2026-08-22,WON,X2=WON | AWAY_O05=WON,OK,0-2,1.0.0
2,Under 2.5 goals + Home or draw,"54%, 76%",0.4278,0.408,1.048,2.34,2.45,SCORE_MATRIX_EXACT,OK,U25,Under 2.5 goals,0.5379,1X,Home or draw,0.7585,,,,AD Ceuta FC vs Las Palmas,La Liga 2,2026-08-22,LOST,U25=WON | 1X=LOST,OK,0-2,1.0.0
2,Home or draw + Home over 1.5 goals,"76%, 45%",0.4223,0.3381,1.249,2.37,2.96,SCORE_MATRIX_EXACT,OK,1X,Home or draw,0.7585,HOME_O15,Home over 1.5 goals,0.4458,,,,AD Ceuta FC vs Las Palmas,La Liga 2,2026-08-22,LOST,1X=LOST | HOME_O15=LOST,OK,0-2,1.0.0
2,Under 3.5 goals + Draw or away,"75%, 53%",0.4193,0.3992,1.05,2.38,2.51,SCORE_MATRIX_EXACT,OK,U35,Under 3.5 goals,0.7526,X2,Draw or away,0.5304,,,,AD Ceuta FC vs Las Palmas,La Liga 2,2026-08-22,WON,U35=WON | X2=WON,OK,0-2,1.0.0
2,Under 3.5 goals + Away over 0.5 goals,"75%, 64%",0.4198,0.4838,0.868,2.38,2.07,SCORE_MATRIX_EXACT,OK,U35,Under 3.5 goals,0.7526,AWAY_O05,Away over 0.5 goals,0.6429,,,,AD Ceuta FC vs Las Palmas,La Liga 2,2026-08-22,WON,U35=WON | AWAY_O05=WON,OK,0-2,1.0.0
2,Both teams to score + Home or draw,"51%, 76%",0.4014,0.3903,1.028,2.49,2.56,SCORE_MATRIX_EXACT,OK,BTTS,Both teams to score,0.5145,1X,Home or draw,0.7585,,,,AD Ceuta FC vs Las Palmas,La Liga 2,2026-08-22,LOST,BTTS=LOST | 1X=LOST,OK,0-2,1.0.0
2,Home or draw + Away over 0.5 goals,"76%, 64%",0.4014,0.4876,0.823,2.49,2.05,SCORE_MATRIX_EXACT,OK,1X,Home or draw,0.7585,AWAY_O05,Away over 0.5 goals,0.6429,,,,AD Ceuta FC vs Las Palmas,La Liga 2,2026-08-22,LOST,1X=LOST | AWAY_O05=WON,OK,0-2,1.0.0
2,Home or draw + Home over 0.5 goals,"65%, 71%",0.553,0.4623,1.196,1.81,2.16,SCORE_MATRIX_EXACT,OK,1X,Home or draw,0.6528,HOME_O05,Home over 0.5 goals,0.7082,,,,Nagoya Grampus vs Gamba Osaka,Japan J-League,2026-08-22,UNKNOWN,,NO_SCORELINE,,
2,Draw or away + Away over 0.5 goals,"65%, 71%",0.5533,0.4627,1.196,1.81,2.16,SCORE_MATRIX_EXACT,OK,X2,Draw or away,0.6532,AWAY_O05,Away over 0.5 goals,0.7084,,,,Nagoya Grampus vs Gamba Osaka,Japan J-League,2026-08-22,UNKNOWN,,NO_SCORELINE,,
2,Home over 0.5 goals + Away over 0.5 goals,"71%, 71%",0.5164,0.5017,1.029,1.94,1.99,SCORE_MATRIX_EXACT,OK,HOME_O05,Home over 0.5 goals,0.7082,AWAY_O05,Away over 0.5 goals,0.7084,,,,Nagoya Grampus vs Gamba Osaka,Japan J-League,2026-08-22,UNKNOWN,,NO_SCORELINE,,
2,Under 3.5 goals + Home or draw,"77%, 65%",0.5092,0.5026,1.013,1.96,1.99,SCORE_MATRIX_EXACT,OK,U35,Under 3.5 goals,0.7698,1X,Home or draw,0.6528,,,,Nagoya Grampus vs Gamba Osaka,Japan J-League,2026-08-22,UNKNOWN,,NO_SCORELINE,,
2,Under 3.5 goals + Draw or away,"77%, 65%",0.5095,0.5029,1.013,1.96,1.99,SCORE_MATRIX_EXACT,OK,U35,Under 3.5 goals,0.7698,X2,Draw or away,0.6532,,,,Nagoya Grampus vs Gamba Osaka,Japan J-League,2026-08-22,UNKNOWN,,NO_SCORELINE,,
2,Over 1.5 goals + Under 3.5 goals,"72%, 77%",0.4896,0.5541,0.884,2.04,1.8,SCORE_MATRIX_EXACT,OK,O15,Over 1.5 goals,0.7198,U35,Under 3.5 goals,0.7698,,,,Nagoya Grampus vs Gamba Osaka,Japan J-League,2026-08-22,UNKNOWN,,NO_SCORELINE,,
2,Under 3.5 goals + Home over 0.5 goals,"77%, 71%",0.4885,0.5452,0.896,2.05,1.83,SCORE_MATRIX_EXACT,OK,U35,Under 3.5 goals,0.7698,HOME_O05,Home over 0.5 goals,0.7082,,,,Nagoya Grampus vs Gamba Osaka,Japan J-League,2026-08-22,UNKNOWN,,NO_SCORELINE,,
2,Under 3.5 goals + Away over 0.5 goals,"77%, 71%",0.4887,0.5453,0.896,2.05,1.83,SCORE_MATRIX_EXACT,OK,U35,Under 3.5 goals,0.7698,AWAY_O05,Away over 0.5 goals,0.7084,,,,Nagoya Grampus vs Gamba Osaka,Japan J-League,2026-08-22,UNKNOWN,,NO_SCORELINE,,
2,Over 1.5 goals + Home or draw,"72%, 65%",0.4628,0.4699,0.985,2.16,2.13,SCORE_MATRIX_EXACT,OK,O15,Over 1.5 goals,0.7198,1X,Home or draw,0.6528,,,,Nagoya Grampus vs Gamba Osaka,Japan J-League,2026-08-22,UNKNOWN,,NO_SCORELINE,,
2,Over 1.5 goals + Draw or away,"72%, 65%",0.4631,0.4702,0.985,2.16,2.13,SCORE_MATRIX_EXACT,OK,O15,Over 1.5 goals,0.7198,X2,Draw or away,0.6532,,,,Nagoya Grampus vs Gamba Osaka,Japan J-League,2026-08-22,UNKNOWN,,NO_SCORELINE,,
2,Under 3.5 goals + Both teams to score - No,"77%, 48%",0.4626,0.3723,1.243,2.16,2.69,SCORE_MATRIX_EXACT,OK,U35,Under 3.5 goals,0.7698,BTTS_NO,Both teams to score - No,0.4836,,,,Nagoya Grampus vs Gamba Osaka,Japan J-League,2026-08-22,UNKNOWN,,NO_SCORELINE,,
2,Under 2.5 goals + Both teams to score - No,"56%, 48%",0.4098,0.2702,1.517,2.44,3.7,SCORE_MATRIX_EXACT,OK,U25,Under 2.5 goals,0.5588,BTTS_NO,Both teams to score - No,0.4836,,,,Nagoya Grampus vs Gamba Osaka,Japan J-League,2026-08-22,UNKNOWN,,NO_SCORELINE,,
2,Under 3.5 goals + Home over 0.5 goals,"72%, 83%",0.5445,0.5913,0.921,1.84,1.69,SCORE_MATRIX_EXACT,OK,U35,Under 3.5 goals,0.716,HOME_O05,Home over 0.5 goals,0.8257,,,,Qingdao West Coast FC vs Shandong Luneng Taishan FC,China Super League,2026-08-22,UNKNOWN,,NO_SCORELINE,,
2,Home over 0.5 goals + Away over 0.5 goals,"83%, 61%",0.5151,0.5076,1.015,1.94,1.97,SCORE_MATRIX_EXACT,OK,HOME_O05,Home over 0.5 goals,0.8257,AWAY_O05,Away over 0.5 goals,0.6147,,,,Qingdao West Coast FC vs Shandong Luneng Taishan FC,China Super League,2026-08-22,UNKNOWN,,NO_SCORELINE,,
2,Home or draw + Home over 1.5 goals,"81%, 52%",0.501,0.4206,1.191,2.0,2.38,SCORE_MATRIX_EXACT,OK,1X,Home or draw,0.8054,HOME_O15,Home over 1.5 goals,0.5222,,,,Qingdao West Coast FC vs Shandong Luneng Taishan FC,China Super League,2026-08-22,UNKNOWN,,NO_SCORELINE,,
2,Over 2.5 goals + Home over 0.5 goals,"50%, 83%",0.4921,0.4164,1.182,2.03,2.4,SCORE_MATRIX_EXACT,OK,O25,Over 2.5 goals,0.5043,HOME_O05,Home over 0.5 goals,0.8257,,,,Qingdao West Coast FC vs Shandong Luneng Taishan FC,China Super League,2026-08-22,UNKNOWN,,NO_SCORELINE,,
2,Over 1.5 goals + Under 3.5 goals,"76%, 72%",0.4771,0.5449,0.875,2.1,1.84,SCORE_MATRIX_EXACT,OK,O15,Over 1.5 goals,0.7611,U35,Under 3.5 goals,0.716,,,,Qingdao West Coast FC vs Shandong Luneng Taishan FC,China Super League,2026-08-22,UNKNOWN,,NO_SCORELINE,,
2,Over 1.5 goals + Home win,"76%, 55%",0.4457,0.4205,1.06,2.24,2.38,SCORE_MATRIX_EXACT,OK,O15,Over 1.5 goals,0.7611,HOME,Home win,0.5525,,,,Qingdao West Coast FC vs Shandong Luneng Taishan FC,China Super League,2026-08-22,UNKNOWN,,NO_SCORELINE,,
2,Home win + Home over 1.5 goals,"55%, 52%",0.4457,0.2885,1.545,2.24,3.47,SCORE_MATRIX_EXACT,OK,HOME,Home win,0.5525,HOME_O15,Home over 1.5 goals,0.5222,,,,Qingdao West Coast FC vs Shandong Luneng Taishan FC,China Super League,2026-08-22,UNKNOWN,,NO_SCORELINE,,
2,Under 3.5 goals + Both teams to score - No,"72%, 48%",0.4428,0.3472,1.275,2.26,2.88,SCORE_MATRIX_EXACT,OK,U35,Under 3.5 goals,0.716,BTTS_NO,Both teams to score - No,0.4849,,,,Qingdao West Coast FC vs Shandong Luneng Taishan FC,China Super League,2026-08-22,UNKNOWN,,NO_SCORELINE,,
2,Both teams to score + Home or draw,"52%, 81%",0.4201,0.4149,1.013,2.38,2.41,SCORE_MATRIX_EXACT,OK,BTTS,Both teams to score,0.5151,1X,Home or draw,0.8054,,,,Qingdao West Coast FC vs Shandong Luneng Taishan FC,China Super League,2026-08-22,UNKNOWN,,NO_SCORELINE,,
2,Home or draw + Away over 0.5 goals,"81%, 61%",0.4201,0.4951,0.849,2.38,2.02,SCORE_MATRIX_EXACT,OK,1X,Home or draw,0.8054,AWAY_O05,Away over 0.5 goals,0.6147,,,,Qingdao West Coast FC vs Shandong Luneng Taishan FC,China Super League,2026-08-22,UNKNOWN,,NO_SCORELINE,,
2,Over 2.5 goals + Home over 1.5 goals,"50%, 52%",0.4184,0.2633,1.589,2.39,3.8,SCORE_MATRIX_EXACT,OK,O25,Over 2.5 goals,0.5043,HOME_O15,Home over 1.5 goals,0.5222,,,,Qingdao West Coast FC vs Shandong Luneng Taishan FC,China Super League,2026-08-22,UNKNOWN,,NO_SCORELINE,,
2,Under 2.5 goals + Home or draw,"50%, 81%",0.4082,0.3992,1.022,2.45,2.5,SCORE_MATRIX_EXACT,OK,U25,Under 2.5 goals,0.4957,1X,Home or draw,0.8054,,,,Qingdao West Coast FC vs Shandong Luneng Taishan FC,China Super League,2026-08-22,UNKNOWN,,NO_SCORELINE,,
2,Under 3.5 goals + Home over 0.5 goals,"73%, 82%",0.5555,0.6013,0.924,1.8,1.66,SCORE_MATRIX_EXACT,OK,U35,Under 3.5 goals,0.7338,HOME_O05,Home over 0.5 goals,0.8194,,,,Lincoln City vs Portsmouth,Championship,2026-08-22,UNKNOWN,,NO_SCORELINE,,
2,Over 1.5 goals + Away over 0.5 goals,"75%, 60%",0.5412,0.4488,1.206,1.85,2.23,SCORE_MATRIX_EXACT,OK,O15,Over 1.5 goals,0.7519,AWAY_O05,Away over 0.5 goals,0.5969,,,,Lincoln City vs Portsmouth,Championship,2026-08-22,UNKNOWN,,NO_SCORELINE,,
2,Home over 0.5 goals + Away over 0.5 goals,"82%, 60%",0.501,0.4891,1.024,2.0,2.04,SCORE_MATRIX_EXACT,OK,HOME_O05,Home over 0.5 goals,0.8194,AWAY_O05,Away over 0.5 goals,0.5969,,,,Lincoln City vs Portsmouth,Championship,2026-08-22,UNKNOWN,,NO_SCORELINE,,
2,Home or draw + Home over 1.5 goals,"82%, 51%",0.4947,0.419,1.181,2.02,2.39,SCORE_MATRIX_EXACT,OK,1X,Home or draw,0.8167,HOME_O15,Home over 1.5 goals,0.5131,,,,Lincoln City vs Portsmouth,Championship,2026-08-22,UNKNOWN,,NO_SCORELINE,,
2,Over 1.5 goals + Under 3.5 goals,"75%, 73%",0.4857,0.5518,0.88,2.06,1.81,SCORE_MATRIX_EXACT,OK,O15,Over 1.5 goals,0.7519,U35,Under 3.5 goals,0.7338,,,,Lincoln City vs Portsmouth,Championship,2026-08-22,UNKNOWN,,NO_SCORELINE,,
2,Over 2.5 goals + Home over 0.5 goals,"48%, 82%",0.4733,0.3968,1.193,2.11,2.52,SCORE_MATRIX_EXACT,OK,O25,Over 2.5 goals,0.4842,HOME_O05,Home over 0.5 goals,0.8194,,,,Lincoln City vs Portsmouth,Championship,2026-08-22,UNKNOWN,,NO_SCORELINE,,
2,Under 3.5 goals + Both teams to score - No,"73%, 50%",0.4572,0.3661,1.249,2.19,2.73,SCORE_MATRIX_EXACT,OK,U35,Under 3.5 goals,0.7338,BTTS_NO,Both teams to score - No,0.499,,,,Lincoln City vs Portsmouth,Championship,2026-08-22,UNKNOWN,,NO_SCORELINE,,
2,Over 1.5 goals + Home win,"75%, 55%",0.4435,0.4144,1.07,2.25,2.41,SCORE_MATRIX_EXACT,OK,O15,Over 1.5 goals,0.7519,HOME,Home win,0.5512,,,,Lincoln City vs Portsmouth,Championship,2026-08-22,UNKNOWN,,NO_SCORELINE,,
2,Home win + Home over 1.5 goals,"55%, 51%",0.4435,0.2828,1.568,2.25,3.54,SCORE_MATRIX_EXACT,OK,HOME,Home win,0.5512,HOME_O15,Home over 1.5 goals,0.5131,,,,Lincoln City vs Portsmouth,Championship,2026-08-22,UNKNOWN,,NO_SCORELINE,,
2,Under 2.5 goals + Home or draw,"52%, 82%",0.4308,0.4212,1.023,2.32,2.37,SCORE_MATRIX_EXACT,OK,U25,Under 2.5 goals,0.5158,1X,Home or draw,0.8167,,,,Lincoln City vs Portsmouth,Championship,2026-08-22,UNKNOWN,,NO_SCORELINE,,
2,Both teams to score + Home or draw,"50%, 82%",0.4136,0.4092,1.011,2.42,2.44,SCORE_MATRIX_EXACT,OK,BTTS,Both teams to score,0.501,1X,Home or draw,0.8167,,,,Lincoln City vs Portsmouth,Championship,2026-08-22,UNKNOWN,,NO_SCORELINE,,
2,Home or draw + Away over 0.5 goals,"82%, 60%",0.4136,0.4875,0.848,2.42,2.05,SCORE_MATRIX_EXACT,OK,1X,Home or draw,0.8167,AWAY_O05,Away over 0.5 goals,0.5969,,,,Lincoln City vs Portsmouth,Championship,2026-08-22,UNKNOWN,,NO_SCORELINE,,
2,Under 3.5 goals + Home over 0.5 goals,"73%, 81%",0.5448,0.5929,0.919,1.84,1.69,SCORE_MATRIX_EXACT,OK,U35,Under 3.5 goals,0.7346,HOME_O05,Home over 0.5 goals,0.8071,,,,Wigan Athletic vs Leyton Orient,League One,2026-08-22,UNKNOWN,,NO_SCORELINE,,
2,Home over 0.5 goals + Away over 0.5 goals,"81%, 62%",0.5154,0.5031,1.024,1.94,1.99,SCORE_MATRIX_EXACT,OK,HOME_O05,Home over 0.5 goals,0.8071,AWAY_O05,Away over 0.5 goals,0.6234,,,,Wigan Athletic vs Leyton Orient,League One,2026-08-22,UNKNOWN,,NO_SCORELINE,,
2,Over 1.5 goals + Under 3.5 goals,"75%, 73%",0.4861,0.552,0.881,2.06,1.81,SCORE_MATRIX_EXACT,OK,O15,Over 1.5 goals,0.7515,U35,Under 3.5 goals,0.7346,,,,Wigan Athletic vs Leyton Orient,League One,2026-08-22,UNKNOWN,,NO_SCORELINE,,
2,Over 2.5 goals + Home over 0.5 goals,"48%, 81%",0.4693,0.3901,1.203,2.13,2.56,SCORE_MATRIX_EXACT,OK,O25,Over 2.5 goals,0.4833,HOME_O05,Home over 0.5 goals,0.8071,,,,Wigan Athletic vs Leyton Orient,League One,2026-08-22,UNKNOWN,,NO_SCORELINE,,
2,Home or draw + Home over 1.5 goals,"79%, 49%",0.4691,0.3884,1.208,2.13,2.57,SCORE_MATRIX_EXACT,OK,1X,Home or draw,0.7915,HOME_O15,Home over 1.5 goals,0.4907,,,,Wigan Athletic vs Leyton Orient,League One,2026-08-22,UNKNOWN,,NO_SCORELINE,,
2,Under 3.5 goals + Both teams to score - No,"73%, 48%",0.4486,0.356,1.26,2.23,2.81,SCORE_MATRIX_EXACT,OK,U35,Under 3.5 goals,0.7346,BTTS_NO,Both teams to score - No,0.4846,,,,Wigan Athletic vs Leyton Orient,League One,2026-08-22,UNKNOWN,,NO_SCORELINE,,
2,Under 2.5 goals + Home or draw,"52%, 79%",0.4227,0.409,1.034,2.37,2.45,SCORE_MATRIX_EXACT,OK,U25,Under 2.5 goals,0.5167,1X,Home or draw,0.7915,,,,Wigan Athletic vs Leyton Orient,League One,2026-08-22,UNKNOWN,,NO_SCORELINE,,
2,Over 1.5 goals + Home win,"75%, 52%",0.4141,0.389,1.065,2.41,2.57,SCORE_MATRIX_EXACT,OK,O15,Over 1.5 goals,0.7515,HOME,Home win,0.5176,,,,Wigan Athletic vs Leyton Orient,League One,2026-08-22,UNKNOWN,,NO_SCORELINE,,
2,Both teams to score + Home or draw,"52%, 79%",0.4149,0.4079,1.017,2.41,2.45,SCORE_MATRIX_EXACT,OK,BTTS,Both teams to score,0.5154,1X,Home or draw,0.7915,,,,Wigan Athletic vs Leyton Orient,League One,2026-08-22,UNKNOWN,,NO_SCORELINE,,
2,Home win + Home over 1.5 goals,"52%, 49%",0.4141,0.254,1.631,2.41,3.94,SCORE_MATRIX_EXACT,OK,HOME,Home win,0.5176,HOME_O15,Home over 1.5 goals,0.4907,,,,Wigan Athletic vs Leyton Orient,League One,2026-08-22,UNKNOWN,,NO_SCORELINE,,
2,Home or draw + Away over 0.5 goals,"79%, 62%",0.4149,0.4934,0.841,2.41,2.03,SCORE_MATRIX_EXACT,OK,1X,Home or draw,0.7915,AWAY_O05,Away over 0.5 goals,0.6234,,,,Wigan Athletic vs Leyton Orient,League One,2026-08-22,UNKNOWN,,NO_SCORELINE,,
2,Draw or away + Away over 0.5 goals,"48%, 62%",0.3975,0.3007,1.322,2.52,3.33,SCORE_MATRIX_EXACT,OK,X2,Draw or away,0.4824,AWAY_O05,Away over 0.5 goals,0.6234,,,,Wigan Athletic vs Leyton Orient,League One,2026-08-22,UNKNOWN,,NO_SCORELINE,,
2,Under 3.5 goals + Home over 0.5 goals,"72%, 83%",0.5487,0.5948,0.923,1.82,1.68,SCORE_MATRIX_EXACT,OK,U35,Under 3.5 goals,0.7198,HOME_O05,Home over 0.5 goals,0.8263,,,,Atlanta United FC vs Sporting Kansas City,USA MLS,2026-08-23,WON,U35=WON | HOME_O05=WON,OK,2-1,1.0.0
2,Over 1.5 goals + Away over 0.5 goals,"74%, 60%",0.5291,0.4407,1.201,1.89,2.27,SCORE_MATRIX_EXACT,OK,O15,Over 1.5 goals,0.7353,AWAY_O05,Away over 0.5 goals,0.5994,,,,Atlanta United FC vs Sporting Kansas City,USA MLS,2026-08-23,WON,O15=WON | AWAY_O05=WON,OK,2-1,1.0.0
2,Home or draw + Home over 1.5 goals,"80%, 52%",0.5007,0.4146,1.208,2.0,2.41,SCORE_MATRIX_EXACT,OK,1X,Home or draw,0.7956,HOME_O15,Home over 1.5 goals,0.5211,,,,Atlanta United FC vs Sporting Kansas City,USA MLS,2026-08-23,WON,1X=WON | HOME_O15=WON,OK,2-1,1.0.0
2,Over 2.5 goals + Home over 0.5 goals,"50%, 83%",0.4882,0.4131,1.182,2.05,2.42,SCORE_MATRIX_EXACT,OK,O25,Over 2.5 goals,0.4999,HOME_O05,Home over 0.5 goals,0.8263,,,,Atlanta United FC vs Sporting Kansas City,USA MLS,2026-08-23,WON,O25=WON | HOME_O05=WON,OK,2-1,1.0.0
2,Home over 0.5 goals + Away over 0.5 goals,"83%, 60%",0.4877,0.4953,0.985,2.05,2.02,SCORE_MATRIX_EXACT,OK,HOME_O05,Home over 0.5 goals,0.8263,AWAY_O05,Away over 0.5 goals,0.5994,,,,Atlanta United FC vs Sporting Kansas City,USA MLS,2026-08-23,WON,HOME_O05=WON | AWAY_O05=WON,OK,2-1,1.0.0
2,Under 3.5 goals + Both teams to score - No,"72%, 51%",0.47,0.3687,1.275,2.13,2.71,SCORE_MATRIX_EXACT,OK,U35,Under 3.5 goals,0.7198,BTTS_NO,Both teams to score - No,0.5123,,,,Atlanta United FC vs Sporting Kansas City,USA MLS,2026-08-23,LOST,U35=WON | BTTS_NO=LOST,OK,2-1,1.0.0
2,Over 1.5 goals + Under 3.5 goals,"74%, 72%",0.455,0.5292,0.86,2.2,1.89,SCORE_MATRIX_EXACT,OK,O15,Over 1.5 goals,0.7353,U35,Under 3.5 goals,0.7198,,,,Atlanta United FC vs Sporting Kansas City,USA MLS,2026-08-23,WON,O15=WON | U35=WON,OK,2-1,1.0.0
2,Over 1.5 goals + Home win,"74%, 58%",0.4464,0.4256,1.049,2.24,2.35,SCORE_MATRIX_EXACT,OK,O15,Over 1.5 goals,0.7353,HOME,Home win,0.5789,,,,Atlanta United FC vs Sporting Kansas City,USA MLS,2026-08-23,WON,O15=WON | HOME=WON,OK,2-1,1.0.0
2,Home win + Home over 1.5 goals,"58%, 52%",0.4464,0.3016,1.48,2.24,3.32,SCORE_MATRIX_EXACT,OK,HOME,Home win,0.5789,HOME_O15,Home over 1.5 goals,0.5211,,,,Atlanta United FC vs Sporting Kansas City,USA MLS,2026-08-23,WON,HOME=WON | HOME_O15=WON,OK,2-1,1.0.0
2,Over 2.5 goals + Home over 1.5 goals,"50%, 52%",0.4159,0.2605,1.596,2.4,3.84,SCORE_MATRIX_EXACT,OK,O25,Over 2.5 goals,0.4999,HOME_O15,Home over 1.5 goals,0.5211,,,,Atlanta United FC vs Sporting Kansas City,USA MLS,2026-08-23,WON,O25=WON | HOME_O15=WON,OK,2-1,1.0.0
2,Under 2.5 goals + Both teams to score - No,"50%, 51%",0.3996,0.2562,1.56,2.5,3.9,SCORE_MATRIX_EXACT,OK,U25,Under 2.5 goals,0.5001,BTTS_NO,Both teams to score - No,0.5123,,,,Atlanta United FC vs Sporting Kansas City,USA MLS,2026-08-23,LOST,U25=LOST | BTTS_NO=LOST,OK,2-1,1.0.0
2,Under 2.5 goals + Home or draw,"50%, 80%",0.4001,0.3979,1.006,2.5,2.51,SCORE_MATRIX_EXACT,OK,U25,Under 2.5 goals,0.5001,1X,Home or draw,0.7956,,,,Atlanta United FC vs Sporting Kansas City,USA MLS,2026-08-23,LOST,U25=LOST | 1X=WON,OK,2-1,1.0.0
2,Under 3.5 goals + Home over 0.5 goals,"72%, 82%",0.5369,0.5855,0.917,1.86,1.71,SCORE_MATRIX_EXACT,OK,U35,Under 3.5 goals,0.7174,HOME_O05,Home over 0.5 goals,0.8161,,,,Jaro vs AC Oulu,Finland Veikkausliiga,2026-08-22,UNKNOWN,,NO_SCORELINE,,
2,Home over 0.5 goals + Away over 0.5 goals,"82%, 64%",0.5304,0.5189,1.022,1.89,1.93,SCORE_MATRIX_EXACT,OK,HOME_O05,Home over 0.5 goals,0.8161,AWAY_O05,Away over 0.5 goals,0.6358,,,,Jaro vs AC Oulu,Finland Veikkausliiga,2026-08-22,UNKNOWN,,NO_SCORELINE,,
2,Over 2.5 goals + Home over 0.5 goals,"50%, 82%",0.4882,0.4102,1.19,2.05,2.44,SCORE_MATRIX_EXACT,OK,O25,Over 2.5 goals,0.5027,HOME_O05,Home over 0.5 goals,0.8161,,,,Jaro vs AC Oulu,Finland Veikkausliiga,2026-08-22,UNKNOWN,,NO_SCORELINE,,
2,Over 1.5 goals + Under 3.5 goals,"77%, 72%",0.4832,0.5494,0.88,2.07,1.82,SCORE_MATRIX_EXACT,OK,O15,Over 1.5 goals,0.7658,U35,Under 3.5 goals,0.7174,,,,Jaro vs AC Oulu,Finland Veikkausliiga,2026-08-22,UNKNOWN,,NO_SCORELINE,,
2,Home or draw + Home over 1.5 goals,"79%, 50%",0.4812,0.3987,1.207,2.08,2.51,SCORE_MATRIX_EXACT,OK,1X,Home or draw,0.7896,HOME_O15,Home over 1.5 goals,0.5049,,,,Jaro vs AC Oulu,Finland Veikkausliiga,2026-08-22,UNKNOWN,,NO_SCORELINE,,
2,Under 3.5 goals + Both teams to score - No,"72%, 47%",0.432,0.3369,1.282,2.32,2.97,SCORE_MATRIX_EXACT,OK,U35,Under 3.5 goals,0.7174,BTTS_NO,Both teams to score - No,0.4696,,,,Jaro vs AC Oulu,Finland Veikkausliiga,2026-08-22,UNKNOWN,,NO_SCORELINE,,
2,Both teams to score + Home or draw,"53%, 79%",0.4255,0.4188,1.016,2.35,2.39,SCORE_MATRIX_EXACT,OK,BTTS,Both teams to score,0.5304,1X,Home or draw,0.7896,,,,Jaro vs AC Oulu,Finland Veikkausliiga,2026-08-22,UNKNOWN,,NO_SCORELINE,,
2,Home or draw + Away over 0.5 goals,"79%, 64%",0.4255,0.5021,0.847,2.35,1.99,SCORE_MATRIX_EXACT,OK,1X,Home or draw,0.7896,AWAY_O05,Away over 0.5 goals,0.6358,,,,Jaro vs AC Oulu,Finland Veikkausliiga,2026-08-22,UNKNOWN,,NO_SCORELINE,,
2,Over 1.5 goals + Home win,"77%, 52%",0.4232,0.3993,1.06,2.36,2.5,SCORE_MATRIX_EXACT,OK,O15,Over 1.5 goals,0.7658,HOME,Home win,0.5214,,,,Jaro vs AC Oulu,Finland Veikkausliiga,2026-08-22,UNKNOWN,,NO_SCORELINE,,
2,Home win + Home over 1.5 goals,"52%, 50%",0.4232,0.2633,1.607,2.36,3.8,SCORE_MATRIX_EXACT,OK,HOME,Home win,0.5214,HOME_O15,Home over 1.5 goals,0.5049,,,,Jaro vs AC Oulu,Finland Veikkausliiga,2026-08-22,UNKNOWN,,NO_SCORELINE,,
2,Over 2.5 goals + Away over 0.5 goals,"50%, 64%",0.4131,0.3196,1.293,2.42,3.13,SCORE_MATRIX_EXACT,OK,O25,Over 2.5 goals,0.5027,AWAY_O05,Away over 0.5 goals,0.6358,,,,Jaro vs AC Oulu,Finland Veikkausliiga,2026-08-22,UNKNOWN,,NO_SCORELINE,,
2,Over 2.5 goals + Home over 1.5 goals,"50%, 50%",0.407,0.2538,1.604,2.46,3.94,SCORE_MATRIX_EXACT,OK,O25,Over 2.5 goals,0.5027,HOME_O15,Home over 1.5 goals,0.5049,,,,Jaro vs AC Oulu,Finland Veikkausliiga,2026-08-22,UNKNOWN,,NO_SCORELINE,,
2,Over 1.5 goals + Away over 0.5 goals,"75%, 59%",0.5302,0.4415,1.201,1.89,2.27,SCORE_MATRIX_EXACT,OK,O15,Over 1.5 goals,0.7546,AWAY_O05,Away over 0.5 goals,0.585,,,,Saint Etienne vs Grenoble,Ligue 2,2026-08-22,UNKNOWN,,NO_SCORELINE,,
2,Home or draw + Home over 1.5 goals,"83%, 53%",0.5167,0.4419,1.169,1.94,2.26,SCORE_MATRIX_EXACT,OK,1X,Home or draw,0.8272,HOME_O15,Home over 1.5 goals,0.5342,,,,Saint Etienne vs Grenoble,Ligue 2,2026-08-22,UNKNOWN,,NO_SCORELINE,,
2,Home over 0.5 goals + Away over 0.5 goals,"83%, 59%",0.4941,0.4866,1.015,2.02,2.06,SCORE_MATRIX_EXACT,OK,HOME_O05,Home over 0.5 goals,0.8318,AWAY_O05,Away over 0.5 goals,0.585,,,,Saint Etienne vs Grenoble,Ligue 2,2026-08-22,UNKNOWN,,NO_SCORELINE,,
2,Over 2.5 goals + Home over 0.5 goals,"50%, 83%",0.4862,0.4124,1.179,2.06,2.42,SCORE_MATRIX_EXACT,OK,O25,Over 2.5 goals,0.4958,HOME_O05,Home over 0.5 goals,0.8318,,,,Saint Etienne vs Grenoble,Ligue 2,2026-08-22,UNKNOWN,,NO_SCORELINE,,
2,Over 1.5 goals + Under 3.5 goals,"75%, 72%",0.4783,0.5461,0.876,2.09,1.83,SCORE_MATRIX_EXACT,OK,O15,Over 1.5 goals,0.7546,U35,Under 3.5 goals,0.7236,,,,Saint Etienne vs Grenoble,Ligue 2,2026-08-22,UNKNOWN,,NO_SCORELINE,,
2,Over 1.5 goals + Home win,"75%, 58%",0.4664,0.4374,1.066,2.14,2.29,SCORE_MATRIX_EXACT,OK,O15,Over 1.5 goals,0.7546,HOME,Home win,0.5796,,,,Saint Etienne vs Grenoble,Ligue 2,2026-08-22,UNKNOWN,,NO_SCORELINE,,
2,Home win + Home over 1.5 goals,"58%, 53%",0.4664,0.3096,1.506,2.14,3.23,SCORE_MATRIX_EXACT,OK,HOME,Home win,0.5796,HOME_O15,Home over 1.5 goals,0.5342,,,,Saint Etienne vs Grenoble,Ligue 2,2026-08-22,UNKNOWN,,NO_SCORELINE,,
2,Under 3.5 goals + Both teams to score - No,"72%, 51%",0.4589,0.3661,1.254,2.18,2.73,SCORE_MATRIX_EXACT,OK,U35,Under 3.5 goals,0.7236,BTTS_NO,Both teams to score - No,0.5059,,,,Saint Etienne vs Grenoble,Ligue 2,2026-08-22,UNKNOWN,,NO_SCORELINE,,
2,Under 2.5 goals + Home or draw,"50%, 83%",0.4229,0.417,1.014,2.36,2.4,SCORE_MATRIX_EXACT,OK,U25,Under 2.5 goals,0.5042,1X,Home or draw,0.8272,,,,Saint Etienne vs Grenoble,Ligue 2,2026-08-22,UNKNOWN,,NO_SCORELINE,,
2,Over 2.5 goals + Home over 1.5 goals,"50%, 53%",0.4217,0.2649,1.592,2.37,3.78,SCORE_MATRIX_EXACT,OK,O25,Over 2.5 goals,0.4958,HOME_O15,Home over 1.5 goals,0.5342,,,,Saint Etienne vs Grenoble,Ligue 2,2026-08-22,UNKNOWN,,NO_SCORELINE,,
2,Both teams to score - No + Home or draw,"51%, 83%",0.415,0.4185,0.992,2.41,2.39,SCORE_MATRIX_EXACT,OK,BTTS_NO,Both teams to score - No,0.5059,1X,Home or draw,0.8272,,,,Saint Etienne vs Grenoble,Ligue 2,2026-08-22,UNKNOWN,,NO_SCORELINE,,
2,Both teams to score + Home or draw,"49%, 83%",0.4122,0.4087,1.008,2.43,2.45,SCORE_MATRIX_EXACT,OK,BTTS,Both teams to score,0.4941,1X,Home or draw,0.8272,,,,Saint Etienne vs Grenoble,Ligue 2,2026-08-22,UNKNOWN,,NO_SCORELINE,,
2,Over 1.5 goals + Away over 0.5 goals,"75%, 62%",0.547,0.4597,1.19,1.83,2.18,SCORE_MATRIX_EXACT,OK,O15,Over 1.5 goals,0.7455,AWAY_O05,Away over 0.5 goals,0.6167,,,,Seattle Sounders FC vs Austin FC,USA MLS,2026-08-20,UNKNOWN,,NO_SCORELINE,,
2,Under 3.5 goals + Home or draw,"71%, 79%",0.5429,0.5566,0.975,1.84,1.8,SCORE_MATRIX_EXACT,OK,U35,Under 3.5 goals,0.7075,1X,Home or draw,0.7867,,,,Seattle Sounders FC vs Austin FC,USA MLS,2026-08-20,UNKNOWN,,NO_SCORELINE,,
2,Under 3.5 goals + Home over 0.5 goals,"71%, 83%",0.5384,0.5857,0.919,1.86,1.71,SCORE_MATRIX_EXACT,OK,U35,Under 3.5 goals,0.7075,HOME_O05,Home over 0.5 goals,0.8279,,,,Seattle Sounders FC vs Austin FC,USA MLS,2026-08-20,UNKNOWN,,NO_SCORELINE,,
2,Home or draw + Home over 1.5 goals,"79%, 52%",0.5016,0.4127,1.215,1.99,2.42,SCORE_MATRIX_EXACT,OK,1X,Home or draw,0.7867,HOME_O15,Home over 1.5 goals,0.5246,,,,Seattle Sounders FC vs Austin FC,USA MLS,2026-08-20,UNKNOWN,,NO_SCORELINE,,
2,Home over 0.5 goals + Away over 0.5 goals,"83%, 62%",0.5032,0.5105,0.986,1.99,1.96,SCORE_MATRIX_EXACT,OK,HOME_O05,Home over 0.5 goals,0.8279,AWAY_O05,Away over 0.5 goals,0.6167,,,,Seattle Sounders FC vs Austin FC,USA MLS,2026-08-20,UNKNOWN,,NO_SCORELINE,,
2,Over 2.5 goals + Home over 0.5 goals,"51%, 83%",0.5007,0.4252,1.177,2.0,2.35,SCORE_MATRIX_EXACT,OK,O25,Over 2.5 goals,0.5136,HOME_O05,Home over 0.5 goals,0.8279,,,,Seattle Sounders FC vs Austin FC,USA MLS,2026-08-20,UNKNOWN,,NO_SCORELINE,,
2,Under 3.5 goals + Both teams to score - No,"71%, 50%",0.4551,0.3515,1.295,2.2,2.85,SCORE_MATRIX_EXACT,OK,U35,Under 3.5 goals,0.7075,BTTS_NO,Both teams to score - No,0.4968,,,,Seattle Sounders FC vs Austin FC,USA MLS,2026-08-20,UNKNOWN,,NO_SCORELINE,,
2,Over 1.5 goals + Under 3.5 goals,"75%, 71%",0.453,0.5274,0.859,2.21,1.9,SCORE_MATRIX_EXACT,OK,O15,Over 1.5 goals,0.7455,U35,Under 3.5 goals,0.7075,,,,Seattle Sounders FC vs Austin FC,USA MLS,2026-08-20,UNKNOWN,,NO_SCORELINE,,
2,Over 1.5 goals + Home win,"75%, 57%",0.444,0.425,1.045,2.25,2.35,SCORE_MATRIX_EXACT,OK,O15,Over 1.5 goals,0.7455,HOME,Home win,0.5701,,,,Seattle Sounders FC vs Austin FC,USA MLS,2026-08-20,UNKNOWN,,NO_SCORELINE,,
2,Home win + Home over 1.5 goals,"57%, 52%",0.444,0.2991,1.485,2.25,3.34,SCORE_MATRIX_EXACT,OK,HOME,Home win,0.5701,HOME_O15,Home over 1.5 goals,0.5246,,,,Seattle Sounders FC vs Austin FC,USA MLS,2026-08-20,UNKNOWN,,NO_SCORELINE,,
2,Over 2.5 goals + Home over 1.5 goals,"51%, 52%",0.4238,0.2695,1.573,2.36,3.71,SCORE_MATRIX_EXACT,OK,O25,Over 2.5 goals,0.5136,HOME_O15,Home over 1.5 goals,0.5246,,,,Seattle Sounders FC vs Austin FC,USA MLS,2026-08-20,UNKNOWN,,NO_SCORELINE,,
2,Over 2.5 goals + Away over 0.5 goals,"51%, 62%",0.4159,0.3167,1.313,2.4,3.16,SCORE_MATRIX_EXACT,OK,O25,Over 2.5 goals,0.5136,AWAY_O05,Away over 0.5 goals,0.6167,,,,Seattle Sounders FC vs Austin FC,USA MLS,2026-08-20,UNKNOWN,,NO_SCORELINE,,
2,Under 3.5 goals + Home over 0.5 goals,"72%, 82%",0.545,0.5922,0.92,1.83,1.69,SCORE_MATRIX_EXACT,OK,U35,Under 3.5 goals,0.723,HOME_O05,Home over 0.5 goals,0.8192,,,,Atlético San Luis vs Pachuca,Mexico Liga MX,2026-08-23,UNKNOWN,,NO_SCORELINE,,
2,Home over 0.5 goals + Away over 0.5 goals,"82%, 62%",0.5185,0.5069,1.023,1.93,1.97,SCORE_MATRIX_EXACT,OK,HOME_O05,Home over 0.5 goals,0.8192,AWAY_O05,Away over 0.5 goals,0.6189,,,,Atlético San Luis vs Pachuca,Mexico Liga MX,2026-08-23,UNKNOWN,,NO_SCORELINE,,
2,Home or draw + Home over 1.5 goals,"80%, 51%",0.4899,0.4105,1.194,2.04,2.44,SCORE_MATRIX_EXACT,OK,1X,Home or draw,0.803,HOME_O15,Home over 1.5 goals,0.5112,,,,Atlético San Luis vs Pachuca,Mexico Liga MX,2026-08-23,UNKNOWN,,NO_SCORELINE,,
2,Over 1.5 goals + Under 3.5 goals,"76%, 72%",0.4841,0.5503,0.88,2.07,1.82,SCORE_MATRIX_EXACT,OK,O15,Over 1.5 goals,0.7612,U35,Under 3.5 goals,0.723,,,,Atlético San Luis vs Pachuca,Mexico Liga MX,2026-08-23,UNKNOWN,,NO_SCORELINE,,
2,Over 2.5 goals + Home over 0.5 goals,"50%, 82%",0.4838,0.4067,1.19,2.07,2.46,SCORE_MATRIX_EXACT,OK,O25,Over 2.5 goals,0.4965,HOME_O05,Home over 0.5 goals,0.8192,,,,Atlético San Luis vs Pachuca,Mexico Liga MX,2026-08-23,UNKNOWN,,NO_SCORELINE,,
2,Under 3.5 goals + Both teams to score - No,"72%, 48%",0.4416,0.3481,1.269,2.26,2.87,SCORE_MATRIX_EXACT,OK,U35,Under 3.5 goals,0.723,BTTS_NO,Both teams to score - No,0.4815,,,,Atlético San Luis vs Pachuca,Mexico Liga MX,2026-08-23,UNKNOWN,,NO_SCORELINE,,
2,Over 1.5 goals + Home win,"76%, 54%",0.4348,0.4086,1.064,2.3,2.45,SCORE_MATRIX_EXACT,OK,O15,Over 1.5 goals,0.7612,HOME,Home win,0.5368,,,,Atlético San Luis vs Pachuca,Mexico Liga MX,2026-08-23,UNKNOWN,,NO_SCORELINE,,
2,Home win + Home over 1.5 goals,"54%, 51%",0.4348,0.2744,1.584,2.3,3.64,SCORE_MATRIX_EXACT,OK,HOME,Home win,0.5368,HOME_O15,Home over 1.5 goals,0.5112,,,,Atlético San Luis vs Pachuca,Mexico Liga MX,2026-08-23,UNKNOWN,,NO_SCORELINE,,
2,Both teams to score + Home or draw,"52%, 80%",0.4218,0.4164,1.013,2.37,2.4,SCORE_MATRIX_EXACT,OK,BTTS,Both teams to score,0.5185,1X,Home or draw,0.803,,,,Atlético San Luis vs Pachuca,Mexico Liga MX,2026-08-23,UNKNOWN,,NO_SCORELINE,,
2,Home or draw + Away over 0.5 goals,"80%, 62%",0.4218,0.4969,0.849,2.37,2.01,SCORE_MATRIX_EXACT,OK,1X,Home or draw,0.803,AWAY_O05,Away over 0.5 goals,0.6189,,,,Atlético San Luis vs Pachuca,Mexico Liga MX,2026-08-23,UNKNOWN,,NO_SCORELINE,,
2,Under 2.5 goals + Home or draw,"50%, 80%",0.4159,0.4043,1.029,2.4,2.47,SCORE_MATRIX_EXACT,OK,U25,Under 2.5 goals,0.5035,1X,Home or draw,0.803,,,,Atlético San Luis vs Pachuca,Mexico Liga MX,2026-08-23,UNKNOWN,,NO_SCORELINE,,
2,Over 2.5 goals + Home over 1.5 goals,"50%, 51%",0.4084,0.2538,1.609,2.45,3.94,SCORE_MATRIX_EXACT,OK,O25,Over 2.5 goals,0.4965,HOME_O15,Home over 1.5 goals,0.5112,,,,Atlético San Luis vs Pachuca,Mexico Liga MX,2026-08-23,UNKNOWN,,NO_SCORELINE,,
2,Draw or away + Away over 0.5 goals,"61%, 70%",0.5281,0.4265,1.238,1.89,2.34,SCORE_MATRIX_EXACT,OK,X2,Draw or away,0.6083,AWAY_O05,Away over 0.5 goals,0.7011,,,,Nancy vs USL Dunkerque,Ligue 2,2026-08-28,UNKNOWN,,NO_SCORELINE,,
2,Home over 0.5 goals + Away over 0.5 goals,"73%, 70%",0.5132,0.5132,1.0,1.95,1.95,SCORE_MATRIX_EXACT,OK,HOME_O05,Home over 0.5 goals,0.7319,AWAY_O05,Away over 0.5 goals,0.7011,,,,Nancy vs USL Dunkerque,Ligue 2,2026-08-28,UNKNOWN,,NO_SCORELINE,,
2,Under 3.5 goals + Home or draw,"75%, 66%",0.4967,0.4964,1.001,2.01,2.01,SCORE_MATRIX_EXACT,OK,U35,Under 3.5 goals,0.7524,1X,Home or draw,0.6598,,,,Nancy vs USL Dunkerque,Ligue 2,2026-08-28,UNKNOWN,,NO_SCORELINE,,
2,Under 3.5 goals + Home over 0.5 goals,"75%, 73%",0.4935,0.5507,0.896,2.03,1.82,SCORE_MATRIX_EXACT,OK,U35,Under 3.5 goals,0.7524,HOME_O05,Home over 0.5 goals,0.7319,,,,Nancy vs USL Dunkerque,Ligue 2,2026-08-28,UNKNOWN,,NO_SCORELINE,,
2,Over 1.5 goals + Home or draw,"72%, 66%",0.4742,0.4735,1.001,2.11,2.11,SCORE_MATRIX_EXACT,OK,O15,Over 1.5 goals,0.7176,1X,Home or draw,0.6598,,,,Nancy vs USL Dunkerque,Ligue 2,2026-08-28,UNKNOWN,,NO_SCORELINE,,
2,Over 1.5 goals + Under 3.5 goals,"72%, 75%",0.47,0.5399,0.871,2.13,1.85,SCORE_MATRIX_EXACT,OK,O15,Over 1.5 goals,0.7176,U35,Under 3.5 goals,0.7524,,,,Nancy vs USL Dunkerque,Ligue 2,2026-08-28,UNKNOWN,,NO_SCORELINE,,
2,Under 3.5 goals + Away over 0.5 goals,"75%, 70%",0.4669,0.5275,0.885,2.14,1.9,SCORE_MATRIX_EXACT,OK,U35,Under 3.5 goals,0.7524,AWAY_O05,Away over 0.5 goals,0.7011,,,,Nancy vs USL Dunkerque,Ligue 2,2026-08-28,UNKNOWN,,NO_SCORELINE,,
2,Under 3.5 goals + Both teams to score - No,"75%, 49%",0.4642,0.3663,1.267,2.15,2.73,SCORE_MATRIX_EXACT,OK,U35,Under 3.5 goals,0.7524,BTTS_NO,Both teams to score - No,0.4868,,,,Nancy vs USL Dunkerque,Ligue 2,2026-08-28,UNKNOWN,,NO_SCORELINE,,
2,Under 3.5 goals + Draw or away,"75%, 61%",0.4632,0.4576,1.012,2.16,2.19,SCORE_MATRIX_EXACT,OK,U35,Under 3.5 goals,0.7524,X2,Draw or away,0.6083,,,,Nancy vs USL Dunkerque,Ligue 2,2026-08-28,UNKNOWN,,NO_SCORELINE,,
2,Over 1.5 goals + Draw or away,"72%, 61%",0.4314,0.4365,0.988,2.32,2.29,SCORE_MATRIX_EXACT,OK,O15,Over 1.5 goals,0.7176,X2,Draw or away,0.6083,,,,Nancy vs USL Dunkerque,Ligue 2,2026-08-28,UNKNOWN,,NO_SCORELINE,,
2,Over 2.5 goals + Home over 0.5 goals,"46%, 73%",0.4296,0.3384,1.269,2.33,2.95,SCORE_MATRIX_EXACT,OK,O25,Over 2.5 goals,0.4624,HOME_O05,Home over 0.5 goals,0.7319,,,,Nancy vs USL Dunkerque,Ligue 2,2026-08-28,UNKNOWN,,NO_SCORELINE,,
2,Over 2.5 goals + Away over 0.5 goals,"46%, 70%",0.4185,0.3242,1.291,2.39,3.08,SCORE_MATRIX_EXACT,OK,O25,Over 2.5 goals,0.4624,AWAY_O05,Away over 0.5 goals,0.7011,,,,Nancy vs USL Dunkerque,Ligue 2,2026-08-28,UNKNOWN,,NO_SCORELINE,,
2,Home or draw + Home over 0.5 goals,"62%, 72%",0.5531,0.4477,1.235,1.81,2.23,SCORE_MATRIX_EXACT,OK,1X,Home or draw,0.6236,HOME_O05,Home over 0.5 goals,0.7179,,,,D.C. United vs New England Revolution,USA MLS,2026-08-19,UNKNOWN,,NO_SCORELINE,,
2,Draw or away + Away over 0.5 goals,"62%, 72%",0.5526,0.4472,1.236,1.81,2.24,SCORE_MATRIX_EXACT,OK,X2,Draw or away,0.6231,AWAY_O05,Away over 0.5 goals,0.7177,,,,D.C. United vs New England Revolution,USA MLS,2026-08-19,UNKNOWN,,NO_SCORELINE,,
2,Home over 0.5 goals + Away over 0.5 goals,"72%, 72%",0.5061,0.5152,0.982,1.98,1.94,SCORE_MATRIX_EXACT,OK,HOME_O05,Home over 0.5 goals,0.7179,AWAY_O05,Away over 0.5 goals,0.7177,,,,D.C. United vs New England Revolution,USA MLS,2026-08-19,UNKNOWN,,NO_SCORELINE,,
2,Under 3.5 goals + Home over 0.5 goals,"75%, 72%",0.4767,0.5366,0.888,2.1,1.86,SCORE_MATRIX_EXACT,OK,U35,Under 3.5 goals,0.7474,HOME_O05,Home over 0.5 goals,0.7179,,,,D.C. United vs New England Revolution,USA MLS,2026-08-19,UNKNOWN,,NO_SCORELINE,,
2,Under 3.5 goals + Away over 0.5 goals,"75%, 72%",0.4764,0.5364,0.888,2.1,1.86,SCORE_MATRIX_EXACT,OK,U35,Under 3.5 goals,0.7474,AWAY_O05,Away over 0.5 goals,0.7177,,,,D.C. United vs New England Revolution,USA MLS,2026-08-19,UNKNOWN,,NO_SCORELINE,,
2,Under 3.5 goals + Both teams to score - No,"75%, 49%",0.4712,0.3691,1.277,2.12,2.71,SCORE_MATRIX_EXACT,OK,U35,Under 3.5 goals,0.7474,BTTS_NO,Both teams to score - No,0.4939,,,,D.C. United vs New England Revolution,USA MLS,2026-08-19,UNKNOWN,,NO_SCORELINE,,
2,Under 3.5 goals + Home or draw,"75%, 62%",0.4663,0.4661,1.001,2.14,2.15,SCORE_MATRIX_EXACT,OK,U35,Under 3.5 goals,0.7474,1X,Home or draw,0.6236,,,,D.C. United vs New England Revolution,USA MLS,2026-08-19,UNKNOWN,,NO_SCORELINE,,
2,Under 3.5 goals + Draw or away,"75%, 62%",0.466,0.4657,1.001,2.15,2.15,SCORE_MATRIX_EXACT,OK,U35,Under 3.5 goals,0.7474,X2,Draw or away,0.6231,,,,D.C. United vs New England Revolution,USA MLS,2026-08-19,UNKNOWN,,NO_SCORELINE,,
2,Over 1.5 goals + Under 3.5 goals,"71%, 75%",0.4573,0.5306,0.862,2.19,1.88,SCORE_MATRIX_EXACT,OK,O15,Over 1.5 goals,0.7099,U35,Under 3.5 goals,0.7474,,,,D.C. United vs New England Revolution,USA MLS,2026-08-19,UNKNOWN,,NO_SCORELINE,,
2,Over 1.5 goals + Home or draw,"71%, 62%",0.4432,0.4427,1.001,2.26,2.26,SCORE_MATRIX_EXACT,OK,O15,Over 1.5 goals,0.7099,1X,Home or draw,0.6236,,,,D.C. United vs New England Revolution,USA MLS,2026-08-19,UNKNOWN,,NO_SCORELINE,,
2,Over 1.5 goals + Draw or away,"71%, 62%",0.4428,0.4423,1.001,2.26,2.26,SCORE_MATRIX_EXACT,OK,O15,Over 1.5 goals,0.7099,X2,Draw or away,0.6231,,,,D.C. United vs New England Revolution,USA MLS,2026-08-19,UNKNOWN,,NO_SCORELINE,,
2,Over 2.5 goals + Home over 0.5 goals,"47%, 72%",0.4301,0.3363,1.279,2.32,2.97,SCORE_MATRIX_EXACT,OK,O25,Over 2.5 goals,0.4684,HOME_O05,Home over 0.5 goals,0.7179,,,,D.C. United vs New England Revolution,USA MLS,2026-08-19,UNKNOWN,,NO_SCORELINE,,
2,Home over 0.5 goals + Away over 0.5 goals,"81%, 69%",0.5548,0.5616,0.988,1.8,1.78,SCORE_MATRIX_EXACT,OK,HOME_O05,Home over 0.5 goals,0.8125,AWAY_O05,Away over 0.5 goals,0.6912,,,,FC Cincinnati vs Seattle Sounders FC,USA MLS,2026-08-22,UNKNOWN,,NO_SCORELINE,,
2,Over 2.5 goals + Home over 0.5 goals,"55%, 81%",0.5252,0.4446,1.181,1.9,2.25,SCORE_MATRIX_EXACT,OK,O25,Over 2.5 goals,0.5472,HOME_O05,Home over 0.5 goals,0.8125,,,,FC Cincinnati vs Seattle Sounders FC,USA MLS,2026-08-22,UNKNOWN,,NO_SCORELINE,,
2,Under 3.5 goals + Home over 0.5 goals,"68%, 81%",0.495,0.5495,0.901,2.02,1.82,SCORE_MATRIX_EXACT,OK,U35,Under 3.5 goals,0.6763,HOME_O05,Home over 0.5 goals,0.8125,,,,FC Cincinnati vs Seattle Sounders FC,USA MLS,2026-08-22,UNKNOWN,,NO_SCORELINE,,
2,Under 3.5 goals + Home or draw,"68%, 72%",0.4787,0.4889,0.979,2.09,2.05,SCORE_MATRIX_EXACT,OK,U35,Under 3.5 goals,0.6763,1X,Home or draw,0.7229,,,,FC Cincinnati vs Seattle Sounders FC,USA MLS,2026-08-22,UNKNOWN,,NO_SCORELINE,,
2,Over 2.5 goals + Away over 0.5 goals,"55%, 69%",0.4747,0.3782,1.255,2.11,2.64,SCORE_MATRIX_EXACT,OK,O25,Over 2.5 goals,0.5472,AWAY_O05,Away over 0.5 goals,0.6912,,,,FC Cincinnati vs Seattle Sounders FC,USA MLS,2026-08-22,UNKNOWN,,NO_SCORELINE,,
2,Home or draw + Home over 1.5 goals,"72%, 50%",0.4647,0.3623,1.283,2.15,2.76,SCORE_MATRIX_EXACT,OK,1X,Home or draw,0.7229,HOME_O15,Home over 1.5 goals,0.5011,,,,FC Cincinnati vs Seattle Sounders FC,USA MLS,2026-08-22,UNKNOWN,,NO_SCORELINE,,
2,Over 2.5 goals + Both teams to score,"55%, 55%",0.4527,0.3036,1.491,2.21,3.29,SCORE_MATRIX_EXACT,OK,O25,Over 2.5 goals,0.5472,BTTS,Both teams to score,0.5548,,,,FC Cincinnati vs Seattle Sounders FC,USA MLS,2026-08-22,UNKNOWN,,NO_SCORELINE,,
2,Draw or away + Away over 0.5 goals,"50%, 69%",0.4501,0.3464,1.299,2.22,2.89,SCORE_MATRIX_EXACT,OK,X2,Draw or away,0.5012,AWAY_O05,Away over 0.5 goals,0.6912,,,,FC Cincinnati vs Seattle Sounders FC,USA MLS,2026-08-22,UNKNOWN,,NO_SCORELINE,,
2,Over 1.5 goals + Under 3.5 goals,"77%, 68%",0.446,0.5205,0.857,2.24,1.92,SCORE_MATRIX_EXACT,OK,O15,Over 1.5 goals,0.7696,U35,Under 3.5 goals,0.6763,,,,FC Cincinnati vs Seattle Sounders FC,USA MLS,2026-08-22,UNKNOWN,,NO_SCORELINE,,
2,Over 2.5 goals + Home over 1.5 goals,"55%, 50%",0.4209,0.2742,1.535,2.38,3.65,SCORE_MATRIX_EXACT,OK,O25,Over 2.5 goals,0.5472,HOME_O15,Home over 1.5 goals,0.5011,,,,FC Cincinnati vs Seattle Sounders FC,USA MLS,2026-08-22,UNKNOWN,,NO_SCORELINE,,
2,Both teams to score + Home or draw,"55%, 72%",0.4141,0.4011,1.032,2.41,2.49,SCORE_MATRIX_EXACT,OK,BTTS,Both teams to score,0.5548,1X,Home or draw,0.7229,,,,FC Cincinnati vs Seattle Sounders FC,USA MLS,2026-08-22,UNKNOWN,,NO_SCORELINE,,
2,Home or draw + Away over 0.5 goals,"72%, 69%",0.4141,0.4997,0.829,2.41,2.0,SCORE_MATRIX_EXACT,OK,1X,Home or draw,0.7229,AWAY_O05,Away over 0.5 goals,0.6912,,,,FC Cincinnati vs Seattle Sounders FC,USA MLS,2026-08-22,UNKNOWN,,NO_SCORELINE,,
2,Over 2.5 goals + Home over 0.5 goals,"55%, 84%",0.5353,0.4618,1.159,1.87,2.17,SCORE_MATRIX_EXACT,OK,O25,Over 2.5 goals,0.5492,HOME_O05,Home over 0.5 goals,0.8409,,,,Portland Timbers vs San Diego FC,USA MLS,2026-08-20,UNKNOWN,,NO_SCORELINE,,
2,Home over 0.5 goals + Away over 0.5 goals,"84%, 64%",0.5329,0.5394,0.988,1.88,1.85,SCORE_MATRIX_EXACT,OK,HOME_O05,Home over 0.5 goals,0.8409,AWAY_O05,Away over 0.5 goals,0.6414,,,,Portland Timbers vs San Diego FC,USA MLS,2026-08-20,UNKNOWN,,NO_SCORELINE,,
2,Home or draw + Home over 1.5 goals,"78%, 55%",0.5215,0.4296,1.214,1.92,2.33,SCORE_MATRIX_EXACT,OK,1X,Home or draw,0.7826,HOME_O15,Home over 1.5 goals,0.549,,,,Portland Timbers vs San Diego FC,USA MLS,2026-08-20,UNKNOWN,,NO_SCORELINE,,
2,Under 3.5 goals + Home over 0.5 goals,"67%, 84%",0.5186,0.567,0.915,1.93,1.76,SCORE_MATRIX_EXACT,OK,U35,Under 3.5 goals,0.6743,HOME_O05,Home over 0.5 goals,0.8409,,,,Portland Timbers vs San Diego FC,USA MLS,2026-08-20,UNKNOWN,,NO_SCORELINE,,
2,Under 3.5 goals + Home or draw,"67%, 78%",0.5134,0.5277,0.973,1.95,1.89,SCORE_MATRIX_EXACT,OK,U35,Under 3.5 goals,0.6743,1X,Home or draw,0.7826,,,,Portland Timbers vs San Diego FC,USA MLS,2026-08-20,UNKNOWN,,NO_SCORELINE,,
2,Over 1.5 goals + Home win,"77%, 57%",0.4578,0.4409,1.038,2.18,2.27,SCORE_MATRIX_EXACT,OK,O15,Over 1.5 goals,0.7714,HOME,Home win,0.5716,,,,Portland Timbers vs San Diego FC,USA MLS,2026-08-20,UNKNOWN,,NO_SCORELINE,,
2,Home win + Home over 1.5 goals,"57%, 55%",0.4578,0.3138,1.459,2.18,3.19,SCORE_MATRIX_EXACT,OK,HOME,Home win,0.5716,HOME_O15,Home over 1.5 goals,0.549,,,,Portland Timbers vs San Diego FC,USA MLS,2026-08-20,UNKNOWN,,NO_SCORELINE,,
2,Over 2.5 goals + Home over 1.5 goals,"55%, 55%",0.4538,0.3015,1.505,2.2,3.32,SCORE_MATRIX_EXACT,OK,O25,Over 2.5 goals,0.5492,HOME_O15,Home over 1.5 goals,0.549,,,,Portland Timbers vs San Diego FC,USA MLS,2026-08-20,UNKNOWN,,NO_SCORELINE,,
2,Over 2.5 goals + Away over 0.5 goals,"55%, 64%",0.4501,0.3523,1.278,2.22,2.84,SCORE_MATRIX_EXACT,OK,O25,Over 2.5 goals,0.5492,AWAY_O05,Away over 0.5 goals,0.6414,,,,Portland Timbers vs San Diego FC,USA MLS,2026-08-20,UNKNOWN,,NO_SCORELINE,,
2,Over 1.5 goals + Under 3.5 goals,"77%, 67%",0.4457,0.5202,0.857,2.24,1.92,SCORE_MATRIX_EXACT,OK,O15,Over 1.5 goals,0.7714,U35,Under 3.5 goals,0.6743,,,,Portland Timbers vs San Diego FC,USA MLS,2026-08-20,UNKNOWN,,NO_SCORELINE,,
2,Over 2.5 goals + Both teams to score,"55%, 53%",0.4362,0.2927,1.49,2.29,3.42,SCORE_MATRIX_EXACT,OK,O25,Over 2.5 goals,0.5492,BTTS,Both teams to score,0.5329,,,,Portland Timbers vs San Diego FC,USA MLS,2026-08-20,UNKNOWN,,NO_SCORELINE,,
2,Over 2.5 goals + Home or draw,"55%, 78%",0.4264,0.4298,0.992,2.35,2.33,SCORE_MATRIX_EXACT,OK,O25,Over 2.5 goals,0.5492,1X,Home or draw,0.7826,,,,Portland Timbers vs San Diego FC,USA MLS,2026-08-20,UNKNOWN,,NO_SCORELINE,,
2,Draw or away + Away over 0.5 goals,"60%, 71%",0.5297,0.4234,1.251,1.89,2.36,SCORE_MATRIX_EXACT,OK,X2,Draw or away,0.597,AWAY_O05,Away over 0.5 goals,0.7091,,,,Cerezo Osaka vs Shimizu S Pulse,Japan J-League,2026-08-22,UNKNOWN,,NO_SCORELINE,,
2,Home over 0.5 goals + Away over 0.5 goals,"74%, 71%",0.515,0.5237,0.983,1.94,1.91,SCORE_MATRIX_EXACT,OK,HOME_O05,Home over 0.5 goals,0.7386,AWAY_O05,Away over 0.5 goals,0.7091,,,,Cerezo Osaka vs Shimizu S Pulse,Japan J-League,2026-08-22,UNKNOWN,,NO_SCORELINE,,
2,Under 3.5 goals + Home over 0.5 goals,"74%, 74%",0.4856,0.5445,0.892,2.06,1.84,SCORE_MATRIX_EXACT,OK,U35,Under 3.5 goals,0.7372,HOME_O05,Home over 0.5 goals,0.7386,,,,Cerezo Osaka vs Shimizu S Pulse,Japan J-League,2026-08-22,UNKNOWN,,NO_SCORELINE,,
2,Under 3.5 goals + Home or draw,"74%, 65%",0.4747,0.4769,0.995,2.11,2.1,SCORE_MATRIX_EXACT,OK,U35,Under 3.5 goals,0.7372,1X,Home or draw,0.6469,,,,Cerezo Osaka vs Shimizu S Pulse,Japan J-League,2026-08-22,UNKNOWN,,NO_SCORELINE,,
2,Over 1.5 goals + Home or draw,"72%, 65%",0.4686,0.4654,1.007,2.13,2.15,SCORE_MATRIX_EXACT,OK,O15,Over 1.5 goals,0.7193,1X,Home or draw,0.6469,,,,Cerezo Osaka vs Shimizu S Pulse,Japan J-League,2026-08-22,UNKNOWN,,NO_SCORELINE,,
2,Under 3.5 goals + Both teams to score - No,"74%, 49%",0.4613,0.3575,1.29,2.17,2.8,SCORE_MATRIX_EXACT,OK,U35,Under 3.5 goals,0.7372,BTTS_NO,Both teams to score - No,0.485,,,,Cerezo Osaka vs Shimizu S Pulse,Japan J-League,2026-08-22,UNKNOWN,,NO_SCORELINE,,
2,Under 3.5 goals + Away over 0.5 goals,"74%, 71%",0.4602,0.5228,0.88,2.17,1.91,SCORE_MATRIX_EXACT,OK,U35,Under 3.5 goals,0.7372,AWAY_O05,Away over 0.5 goals,0.7091,,,,Cerezo Osaka vs Shimizu S Pulse,Japan J-League,2026-08-22,UNKNOWN,,NO_SCORELINE,,
2,Over 1.5 goals + Under 3.5 goals,"72%, 74%",0.4565,0.5303,0.861,2.19,1.89,SCORE_MATRIX_EXACT,OK,O15,Over 1.5 goals,0.7193,U35,Under 3.5 goals,0.7372,,,,Cerezo Osaka vs Shimizu S Pulse,Japan J-League,2026-08-22,UNKNOWN,,NO_SCORELINE,,
2,Over 2.5 goals + Home over 0.5 goals,"48%, 74%",0.4465,0.3547,1.259,2.24,2.82,SCORE_MATRIX_EXACT,OK,O25,Over 2.5 goals,0.4803,HOME_O05,Home over 0.5 goals,0.7386,,,,Cerezo Osaka vs Shimizu S Pulse,Japan J-League,2026-08-22,UNKNOWN,,NO_SCORELINE,,
2,Under 3.5 goals + Draw or away,"74%, 60%",0.4428,0.4401,1.006,2.26,2.27,SCORE_MATRIX_EXACT,OK,U35,Under 3.5 goals,0.7372,X2,Draw or away,0.597,,,,Cerezo Osaka vs Shimizu S Pulse,Japan J-League,2026-08-22,UNKNOWN,,NO_SCORELINE,,
2,Over 2.5 goals + Away over 0.5 goals,"48%, 71%",0.4358,0.3406,1.28,2.29,2.94,SCORE_MATRIX_EXACT,OK,O25,Over 2.5 goals,0.4803,AWAY_O05,Away over 0.5 goals,0.7091,,,,Cerezo Osaka vs Shimizu S Pulse,Japan J-League,2026-08-22,UNKNOWN,,NO_SCORELINE,,
2,Over 1.5 goals + Draw or away,"72%, 60%",0.4274,0.4295,0.995,2.34,2.33,SCORE_MATRIX_EXACT,OK,O15,Over 1.5 goals,0.7193,X2,Draw or away,0.597,,,,Cerezo Osaka vs Shimizu S Pulse,Japan J-League,2026-08-22,UNKNOWN,,NO_SCORELINE,,
2,Under 3.5 goals + Home over 0.5 goals,"69%, 83%",0.5243,0.5732,0.915,1.91,1.74,SCORE_MATRIX_EXACT,OK,U35,Under 3.5 goals,0.6903,HOME_O05,Home over 0.5 goals,0.8304,,,,Orlando City SC vs Real Salt Lake,USA MLS,2026-08-22,WON,U35=WON | HOME_O05=WON,OK,2-1,1.0.0
2,Home over 0.5 goals + Away over 0.5 goals,"83%, 64%",0.5235,0.5305,0.987,1.91,1.89,SCORE_MATRIX_EXACT,OK,HOME_O05,Home over 0.5 goals,0.8304,AWAY_O05,Away over 0.5 goals,0.6388,,,,Orlando City SC vs Real Salt Lake,USA MLS,2026-08-22,WON,HOME_O05=WON | AWAY_O05=WON,OK,2-1,1.0.0
2,Under 3.5 goals + Home or draw,"69%, 78%",0.5216,0.5351,0.975,1.92,1.87,SCORE_MATRIX_EXACT,OK,U35,Under 3.5 goals,0.6903,1X,Home or draw,0.7752,,,,Orlando City SC vs Real Salt Lake,USA MLS,2026-08-22,WON,U35=WON | 1X=WON,OK,2-1,1.0.0
2,Over 2.5 goals + Home over 0.5 goals,"53%, 83%",0.5177,0.4421,1.171,1.93,2.26,SCORE_MATRIX_EXACT,OK,O25,Over 2.5 goals,0.5323,HOME_O05,Home over 0.5 goals,0.8304,,,,Orlando City SC vs Real Salt Lake,USA MLS,2026-08-22,WON,O25=WON | HOME_O05=WON,OK,2-1,1.0.0
2,Home or draw + Home over 1.5 goals,"78%, 53%",0.5034,0.4108,1.225,1.99,2.43,SCORE_MATRIX_EXACT,OK,1X,Home or draw,0.7752,HOME_O15,Home over 1.5 goals,0.53,,,,Orlando City SC vs Real Salt Lake,USA MLS,2026-08-22,WON,1X=WON | HOME_O15=WON,OK,2-1,1.0.0
2,Over 1.5 goals + Under 3.5 goals,"76%, 69%",0.4495,0.5241,0.858,2.22,1.91,SCORE_MATRIX_EXACT,OK,O15,Over 1.5 goals,0.7592,U35,Under 3.5 goals,0.6903,,,,Orlando City SC vs Real Salt Lake,USA MLS,2026-08-22,WON,O15=WON | U35=WON,OK,2-1,1.0.0
2,Over 1.5 goals + Home win,"76%, 56%",0.4411,0.4245,1.039,2.27,2.36,SCORE_MATRIX_EXACT,OK,O15,Over 1.5 goals,0.7592,HOME,Home win,0.5591,,,,Orlando City SC vs Real Salt Lake,USA MLS,2026-08-22,WON,O15=WON | HOME=WON,OK,2-1,1.0.0
2,Home win + Home over 1.5 goals,"56%, 53%",0.4411,0.2963,1.489,2.27,3.37,SCORE_MATRIX_EXACT,OK,HOME,Home win,0.5591,HOME_O15,Home over 1.5 goals,0.53,,,,Orlando City SC vs Real Salt Lake,USA MLS,2026-08-22,WON,HOME=WON | HOME_O15=WON,OK,2-1,1.0.0
2,Over 2.5 goals + Away over 0.5 goals,"53%, 64%",0.4386,0.34,1.29,2.28,2.94,SCORE_MATRIX_EXACT,OK,O25,Over 2.5 goals,0.5323,AWAY_O05,Away over 0.5 goals,0.6388,,,,Orlando City SC vs Real Salt Lake,USA MLS,2026-08-22,WON,O25=WON | AWAY_O05=WON,OK,2-1,1.0.0
2,Over 2.5 goals + Home over 1.5 goals,"53%, 53%",0.4348,0.2821,1.541,2.3,3.54,SCORE_MATRIX_EXACT,OK,O25,Over 2.5 goals,0.5323,HOME_O15,Home over 1.5 goals,0.53,,,,Orlando City SC vs Real Salt Lake,USA MLS,2026-08-22,WON,O25=WON | HOME_O15=WON,OK,2-1,1.0.0
2,Under 3.5 goals + Both teams to score - No,"69%, 48%",0.4355,0.3289,1.324,2.3,3.04,SCORE_MATRIX_EXACT,OK,U35,Under 3.5 goals,0.6903,BTTS_NO,Both teams to score - No,0.4765,,,,Orlando City SC vs Real Salt Lake,USA MLS,2026-08-22,LOST,U35=WON | BTTS_NO=LOST,OK,2-1,1.0.0
2,Over 2.5 goals + Both teams to score,"53%, 52%",0.424,0.2787,1.521,2.36,3.59,SCORE_MATRIX_EXACT,OK,O25,Over 2.5 goals,0.5323,BTTS,Both teams to score,0.5235,,,,Orlando City SC vs Real Salt Lake,USA MLS,2026-08-22,WON,O25=WON | BTTS=WON,OK,2-1,1.0.0
2,Over 1.5 goals + Home win,"80%, 66%",0.5493,0.528,1.04,1.82,1.89,SCORE_MATRIX_EXACT,OK,O15,Over 1.5 goals,0.804,HOME,Home win,0.6567,,,,Orlando City SC vs Chicago Fire,USA MLS,2026-08-19,LOST,O15=WON | HOME=LOST,OK,1-2,1.0.0
2,Home win + Home over 1.5 goals,"66%, 63%",0.5493,0.4141,1.327,1.82,2.42,SCORE_MATRIX_EXACT,OK,HOME,Home win,0.6567,HOME_O15,Home over 1.5 goals,0.6305,,,,Orlando City SC vs Chicago Fire,USA MLS,2026-08-19,LOST,HOME=LOST | HOME_O15=LOST,OK,1-2,1.0.0
2,Home over 0.5 goals + Away over 0.5 goals,"88%, 61%",0.5305,0.5355,0.991,1.89,1.87,SCORE_MATRIX_EXACT,OK,HOME_O05,Home over 0.5 goals,0.8827,AWAY_O05,Away over 0.5 goals,0.6067,,,,Orlando City SC vs Chicago Fire,USA MLS,2026-08-19,WON,HOME_O05=WON | AWAY_O05=WON,OK,1-2,1.0.0
2,Over 2.5 goals + Home over 1.5 goals,"60%, 63%",0.5259,0.3756,1.4,1.9,2.66,SCORE_MATRIX_EXACT,OK,O25,Over 2.5 goals,0.5958,HOME_O15,Home over 1.5 goals,0.6305,,,,Orlando City SC vs Chicago Fire,USA MLS,2026-08-19,LOST,O25=WON | HOME_O15=LOST,OK,1-2,1.0.0
2,Under 3.5 goals + Home over 0.5 goals,"63%, 88%",0.5125,0.5543,0.925,1.95,1.8,SCORE_MATRIX_EXACT,OK,U35,Under 3.5 goals,0.6279,HOME_O05,Home over 0.5 goals,0.8827,,,,Orlando City SC vs Chicago Fire,USA MLS,2026-08-19,WON,U35=WON | HOME_O05=WON,OK,1-2,1.0.0
2,Under 3.5 goals + Home or draw,"63%, 84%",0.5098,0.5273,0.967,1.96,1.9,SCORE_MATRIX_EXACT,OK,U35,Under 3.5 goals,0.6279,1X,Home or draw,0.8398,,,,Orlando City SC vs Chicago Fire,USA MLS,2026-08-19,LOST,U35=WON | 1X=LOST,OK,1-2,1.0.0
2,Over 2.5 goals + Home or draw,"60%, 84%",0.5035,0.5003,1.006,1.99,2.0,SCORE_MATRIX_EXACT,OK,O25,Over 2.5 goals,0.5958,1X,Home or draw,0.8398,,,,Orlando City SC vs Chicago Fire,USA MLS,2026-08-19,LOST,O25=WON | 1X=LOST,OK,1-2,1.0.0
2,Over 2.5 goals + Away over 0.5 goals,"60%, 61%",0.4556,0.3615,1.26,2.19,2.77,SCORE_MATRIX_EXACT,OK,O25,Over 2.5 goals,0.5958,AWAY_O05,Away over 0.5 goals,0.6067,,,,Orlando City SC vs Chicago Fire,USA MLS,2026-08-19,WON,O25=WON | AWAY_O05=WON,OK,1-2,1.0.0
2,Over 2.5 goals + Both teams to score,"60%, 53%",0.4473,0.316,1.415,2.24,3.16,SCORE_MATRIX_EXACT,OK,O25,Over 2.5 goals,0.5958,BTTS,Both teams to score,0.5305,,,,Orlando City SC vs Chicago Fire,USA MLS,2026-08-19,WON,O25=WON | BTTS=WON,OK,1-2,1.0.0
2,Both teams to score + Home or draw,"53%, 84%",0.4465,0.4455,1.002,2.24,2.24,SCORE_MATRIX_EXACT,OK,BTTS,Both teams to score,0.5305,1X,Home or draw,0.8398,,,,Orlando City SC vs Chicago Fire,USA MLS,2026-08-19,LOST,BTTS=WON | 1X=LOST,OK,1-2,1.0.0
2,Home or draw + Away over 0.5 goals,"84%, 61%",0.4465,0.5095,0.876,2.24,1.96,SCORE_MATRIX_EXACT,OK,1X,Home or draw,0.8398,AWAY_O05,Away over 0.5 goals,0.6067,,,,Orlando City SC vs Chicago Fire,USA MLS,2026-08-19,LOST,1X=LOST | AWAY_O05=WON,OK,1-2,1.0.0
2,Over 2.5 goals + Home win,"60%, 66%",0.4447,0.3913,1.137,2.25,2.56,SCORE_MATRIX_EXACT,OK,O25,Over 2.5 goals,0.5958,HOME,Home win,0.6567,,,,Orlando City SC vs Chicago Fire,USA MLS,2026-08-19,LOST,O25=WON | HOME=LOST,OK,1-2,1.0.0
2,Draw or away + Away over 0.5 goals,"66%, 68%",0.5423,0.4502,1.205,1.84,2.22,SCORE_MATRIX_EXACT,OK,X2,Draw or away,0.6608,AWAY_O05,Away over 0.5 goals,0.6813,,,,Gimnasia Mendoza vs Talleres,Argentina Primera Division,2026-08-18,UNKNOWN,,NO_SCORELINE,,
2,Home or draw + Home over 0.5 goals,"66%, 68%",0.5418,0.4496,1.205,1.85,2.22,SCORE_MATRIX_EXACT,OK,1X,Home or draw,0.6603,HOME_O05,Home over 0.5 goals,0.681,,,,Gimnasia Mendoza vs Talleres,Argentina Primera Division,2026-08-18,UNKNOWN,,NO_SCORELINE,,
2,Under 3.5 goals + Home or draw,"81%, 66%",0.5381,0.5316,1.012,1.86,1.88,SCORE_MATRIX_EXACT,OK,U35,Under 3.5 goals,0.8051,1X,Home or draw,0.6603,,,,Gimnasia Mendoza vs Talleres,Argentina Primera Division,2026-08-18,UNKNOWN,,NO_SCORELINE,,
2,Under 3.5 goals + Draw or away,"81%, 66%",0.5384,0.532,1.012,1.86,1.88,SCORE_MATRIX_EXACT,OK,U35,Under 3.5 goals,0.8051,X2,Draw or away,0.6608,,,,Gimnasia Mendoza vs Talleres,Argentina Primera Division,2026-08-18,UNKNOWN,,NO_SCORELINE,,
2,Under 3.5 goals + Both teams to score - No,"81%, 52%",0.501,0.418,1.198,2.0,2.39,SCORE_MATRIX_EXACT,OK,U35,Under 3.5 goals,0.8051,BTTS_NO,Both teams to score - No,0.5193,,,,Gimnasia Mendoza vs Talleres,Argentina Primera Division,2026-08-18,UNKNOWN,,NO_SCORELINE,,
2,Under 3.5 goals + Home over 0.5 goals,"81%, 68%",0.4952,0.5482,0.903,2.02,1.82,SCORE_MATRIX_EXACT,OK,U35,Under 3.5 goals,0.8051,HOME_O05,Home over 0.5 goals,0.681,,,,Gimnasia Mendoza vs Talleres,Argentina Primera Division,2026-08-18,UNKNOWN,,NO_SCORELINE,,
2,Under 3.5 goals + Away over 0.5 goals,"81%, 68%",0.4954,0.5484,0.903,2.02,1.82,SCORE_MATRIX_EXACT,OK,U35,Under 3.5 goals,0.8051,AWAY_O05,Away over 0.5 goals,0.6813,,,,Gimnasia Mendoza vs Talleres,Argentina Primera Division,2026-08-18,UNKNOWN,,NO_SCORELINE,,
2,Over 1.5 goals + Under 3.5 goals,"68%, 81%",0.4875,0.5494,0.887,2.05,1.82,SCORE_MATRIX_EXACT,OK,O15,Over 1.5 goals,0.6824,U35,Under 3.5 goals,0.8051,,,,Gimnasia Mendoza vs Talleres,Argentina Primera Division,2026-08-18,UNKNOWN,,NO_SCORELINE,,
2,Home over 0.5 goals + Away over 0.5 goals,"68%, 68%",0.4807,0.4639,1.036,2.08,2.16,SCORE_MATRIX_EXACT,OK,HOME_O05,Home over 0.5 goals,0.681,AWAY_O05,Away over 0.5 goals,0.6813,,,,Gimnasia Mendoza vs Talleres,Argentina Primera Division,2026-08-18,UNKNOWN,,NO_SCORELINE,,
2,Under 2.5 goals + Both teams to score - No,"60%, 52%",0.4506,0.3134,1.438,2.22,3.19,SCORE_MATRIX_EXACT,OK,U25,Under 2.5 goals,0.6036,BTTS_NO,Both teams to score - No,0.5193,,,,Gimnasia Mendoza vs Talleres,Argentina Primera Division,2026-08-18,UNKNOWN,,NO_SCORELINE,,
2,Over 1.5 goals + Home or draw,"68%, 66%",0.4423,0.4506,0.982,2.26,2.22,SCORE_MATRIX_EXACT,OK,O15,Over 1.5 goals,0.6824,1X,Home or draw,0.6603,,,,Gimnasia Mendoza vs Talleres,Argentina Primera Division,2026-08-18,UNKNOWN,,NO_SCORELINE,,
2,Over 1.5 goals + Draw or away,"68%, 66%",0.4427,0.4509,0.982,2.26,2.22,SCORE_MATRIX_EXACT,OK,O15,Over 1.5 goals,0.6824,X2,Draw or away,0.6608,,,,Gimnasia Mendoza vs Talleres,Argentina Primera Division,2026-08-18,UNKNOWN,,NO_SCORELINE,,
2,Home over 0.5 goals + Away over 0.5 goals,"76%, 70%",0.5306,0.5306,1.0,1.88,1.88,SCORE_MATRIX_EXACT,OK,HOME_O05,Home over 0.5 goals,0.7579,AWAY_O05,Away over 0.5 goals,0.7001,,,,AGF Aarhus vs OB Odense BK,Denmark Superliga,2026-08-23,UNKNOWN,,NO_SCORELINE,,
2,Draw or away + Away over 0.5 goals,"58%, 70%",0.5079,0.4064,1.25,1.97,2.46,SCORE_MATRIX_EXACT,OK,X2,Draw or away,0.5805,AWAY_O05,Away over 0.5 goals,0.7001,,,,AGF Aarhus vs OB Odense BK,Denmark Superliga,2026-08-23,UNKNOWN,,NO_SCORELINE,,
2,Over 1.5 goals + Home or draw,"74%, 68%",0.5047,0.5013,1.007,1.98,1.99,SCORE_MATRIX_EXACT,OK,O15,Over 1.5 goals,0.737,1X,Home or draw,0.6803,,,,AGF Aarhus vs OB Odense BK,Denmark Superliga,2026-08-23,UNKNOWN,,NO_SCORELINE,,
2,Under 3.5 goals + Home over 0.5 goals,"73%, 76%",0.4972,0.5541,0.897,2.01,1.8,SCORE_MATRIX_EXACT,OK,U35,Under 3.5 goals,0.7311,HOME_O05,Home over 0.5 goals,0.7579,,,,AGF Aarhus vs OB Odense BK,Denmark Superliga,2026-08-23,UNKNOWN,,NO_SCORELINE,,
2,Under 3.5 goals + Home or draw,"73%, 68%",0.4951,0.4973,0.996,2.02,2.01,SCORE_MATRIX_EXACT,OK,U35,Under 3.5 goals,0.7311,1X,Home or draw,0.6803,,,,AGF Aarhus vs OB Odense BK,Denmark Superliga,2026-08-23,UNKNOWN,,NO_SCORELINE,,
2,Over 1.5 goals + Under 3.5 goals,"74%, 73%",0.468,0.5388,0.869,2.14,1.86,SCORE_MATRIX_EXACT,OK,O15,Over 1.5 goals,0.737,U35,Under 3.5 goals,0.7311,,,,AGF Aarhus vs OB Odense BK,Denmark Superliga,2026-08-23,UNKNOWN,,NO_SCORELINE,,
2,Over 2.5 goals + Home over 0.5 goals,"49%, 76%",0.4578,0.3693,1.24,2.18,2.71,SCORE_MATRIX_EXACT,OK,O25,Over 2.5 goals,0.4872,HOME_O05,Home over 0.5 goals,0.7579,,,,AGF Aarhus vs OB Odense BK,Denmark Superliga,2026-08-23,UNKNOWN,,NO_SCORELINE,,
2,Under 3.5 goals + Away over 0.5 goals,"73%, 70%",0.4479,0.5118,0.875,2.23,1.95,SCORE_MATRIX_EXACT,OK,U35,Under 3.5 goals,0.7311,AWAY_O05,Away over 0.5 goals,0.7001,,,,AGF Aarhus vs OB Odense BK,Denmark Superliga,2026-08-23,UNKNOWN,,NO_SCORELINE,,
2,Under 3.5 goals + Both teams to score - No,"73%, 47%",0.4444,0.3432,1.295,2.25,2.91,SCORE_MATRIX_EXACT,OK,U35,Under 3.5 goals,0.7311,BTTS_NO,Both teams to score - No,0.4694,,,,AGF Aarhus vs OB Odense BK,Denmark Superliga,2026-08-23,UNKNOWN,,NO_SCORELINE,,
2,Over 2.5 goals + Away over 0.5 goals,"49%, 70%",0.436,0.3411,1.278,2.29,2.93,SCORE_MATRIX_EXACT,OK,O25,Over 2.5 goals,0.4872,AWAY_O05,Away over 0.5 goals,0.7001,,,,AGF Aarhus vs OB Odense BK,Denmark Superliga,2026-08-23,UNKNOWN,,NO_SCORELINE,,
2,Under 3.5 goals + Draw or away,"73%, 58%",0.4326,0.4244,1.019,2.31,2.36,SCORE_MATRIX_EXACT,OK,U35,Under 3.5 goals,0.7311,X2,Draw or away,0.5805,,,,AGF Aarhus vs OB Odense BK,Denmark Superliga,2026-08-23,UNKNOWN,,NO_SCORELINE,,
2,Over 1.5 goals + Draw or away,"74%, 58%",0.4205,0.4278,0.983,2.38,2.34,SCORE_MATRIX_EXACT,OK,O15,Over 1.5 goals,0.737,X2,Draw or away,0.5805,,,,AGF Aarhus vs OB Odense BK,Denmark Superliga,2026-08-23,UNKNOWN,,NO_SCORELINE,,
2,Under 3.5 goals + Home over 0.5 goals,"74%, 81%",0.5551,0.6012,0.923,1.8,1.66,SCORE_MATRIX_EXACT,OK,U35,Under 3.5 goals,0.7393,HOME_O05,Home over 0.5 goals,0.8133,,,,Bohemians vs Derry City,Ireland Premier Division,2026-08-21,LOST,U35=LOST | HOME_O05=WON,OK,5-3,1.0.0
2,Over 1.5 goals + Away over 0.5 goals,"74%, 60%",0.5378,0.4442,1.211,1.86,2.25,SCORE_MATRIX_EXACT,OK,O15,Over 1.5 goals,0.7414,AWAY_O05,Away over 0.5 goals,0.5991,,,,Bohemians vs Derry City,Ireland Premier Division,2026-08-21,WON,O15=WON | AWAY_O05=WON,OK,5-3,1.0.0
2,Home over 0.5 goals + Away over 0.5 goals,"81%, 60%",0.4954,0.4872,1.017,2.02,2.05,SCORE_MATRIX_EXACT,OK,HOME_O05,Home over 0.5 goals,0.8133,AWAY_O05,Away over 0.5 goals,0.5991,,,,Bohemians vs Derry City,Ireland Premier Division,2026-08-21,WON,HOME_O05=WON | AWAY_O05=WON,OK,5-3,1.0.0
2,Home or draw + Home over 1.5 goals,"81%, 50%",0.4828,0.4043,1.194,2.07,2.47,SCORE_MATRIX_EXACT,OK,1X,Home or draw,0.8061,HOME_O15,Home over 1.5 goals,0.5016,,,,Bohemians vs Derry City,Ireland Premier Division,2026-08-21,WON,1X=WON | HOME_O15=WON,OK,5-3,1.0.0
2,Over 1.5 goals + Under 3.5 goals,"74%, 74%",0.4807,0.5481,0.877,2.08,1.82,SCORE_MATRIX_EXACT,OK,O15,Over 1.5 goals,0.7414,U35,Under 3.5 goals,0.7393,,,,Bohemians vs Derry City,Ireland Premier Division,2026-08-21,LOST,O15=WON | U35=LOST,OK,5-3,1.0.0
2,Over 2.5 goals + Home over 0.5 goals,"48%, 81%",0.4661,0.3887,1.199,2.15,2.57,SCORE_MATRIX_EXACT,OK,O25,Over 2.5 goals,0.4779,HOME_O05,Home over 0.5 goals,0.8133,,,,Bohemians vs Derry City,Ireland Premier Division,2026-08-21,WON,O25=WON | HOME_O05=WON,OK,5-3,1.0.0
2,Under 3.5 goals + Both teams to score - No,"74%, 50%",0.4653,0.373,1.247,2.15,2.68,SCORE_MATRIX_EXACT,OK,U35,Under 3.5 goals,0.7393,BTTS_NO,Both teams to score - No,0.5046,,,,Bohemians vs Derry City,Ireland Premier Division,2026-08-21,LOST,U35=LOST | BTTS_NO=LOST,OK,5-3,1.0.0
2,Over 1.5 goals + Home win,"74%, 55%",0.4313,0.4045,1.066,2.32,2.47,SCORE_MATRIX_EXACT,OK,O15,Over 1.5 goals,0.7414,HOME,Home win,0.5456,,,,Bohemians vs Derry City,Ireland Premier Division,2026-08-21,WON,O15=WON | HOME=WON,OK,5-3,1.0.0
2,Under 2.5 goals + Home or draw,"52%, 81%",0.4302,0.4209,1.022,2.32,2.38,SCORE_MATRIX_EXACT,OK,U25,Under 2.5 goals,0.5221,1X,Home or draw,0.8061,,,,Bohemians vs Derry City,Ireland Premier Division,2026-08-21,LOST,U25=LOST | 1X=WON,OK,5-3,1.0.0
2,Home win + Home over 1.5 goals,"55%, 50%",0.4313,0.2737,1.576,2.32,3.65,SCORE_MATRIX_EXACT,OK,HOME,Home win,0.5456,HOME_O15,Home over 1.5 goals,0.5016,,,,Bohemians vs Derry City,Ireland Premier Division,2026-08-21,WON,HOME=WON | HOME_O15=WON,OK,5-3,1.0.0
2,Both teams to score + Home or draw,"50%, 81%",0.4052,0.3994,1.015,2.47,2.5,SCORE_MATRIX_EXACT,OK,BTTS,Both teams to score,0.4954,1X,Home or draw,0.8061,,,,Bohemians vs Derry City,Ireland Premier Division,2026-08-21,WON,BTTS=WON | 1X=WON,OK,5-3,1.0.0
2,Home or draw + Away over 0.5 goals,"81%, 60%",0.4052,0.4829,0.839,2.47,2.07,SCORE_MATRIX_EXACT,OK,1X,Home or draw,0.8061,AWAY_O05,Away over 0.5 goals,0.5991,,,,Bohemians vs Derry City,Ireland Premier Division,2026-08-21,WON,1X=WON | AWAY_O05=WON,OK,5-3,1.0.0
2,Home over 0.5 goals + Away over 0.5 goals,"75%, 69%",0.5229,0.5229,1.0,1.91,1.91,SCORE_MATRIX_EXACT,OK,HOME_O05,Home over 0.5 goals,0.7541,AWAY_O05,Away over 0.5 goals,0.6935,,,,Salford City vs Chesterfield FC,League Two,2026-08-22,UNKNOWN,,NO_SCORELINE,,
2,Draw or away + Away over 0.5 goals,"58%, 69%",0.5044,0.4021,1.255,1.98,2.49,SCORE_MATRIX_EXACT,OK,X2,Draw or away,0.5798,AWAY_O05,Away over 0.5 goals,0.6935,,,,Salford City vs Chesterfield FC,League Two,2026-08-22,UNKNOWN,,NO_SCORELINE,,
2,Over 1.5 goals + Home or draw,"73%, 68%",0.5019,0.4985,1.007,1.99,2.01,SCORE_MATRIX_EXACT,OK,O15,Over 1.5 goals,0.7297,1X,Home or draw,0.6831,,,,Salford City vs Chesterfield FC,League Two,2026-08-22,UNKNOWN,,NO_SCORELINE,,
2,Under 3.5 goals + Home or draw,"74%, 68%",0.5027,0.5049,0.996,1.99,1.98,SCORE_MATRIX_EXACT,OK,U35,Under 3.5 goals,0.7392,1X,Home or draw,0.6831,,,,Salford City vs Chesterfield FC,League Two,2026-08-22,UNKNOWN,,NO_SCORELINE,,
2,Under 3.5 goals + Home over 0.5 goals,"74%, 75%",0.5012,0.5574,0.899,2.0,1.79,SCORE_MATRIX_EXACT,OK,U35,Under 3.5 goals,0.7392,HOME_O05,Home over 0.5 goals,0.7541,,,,Salford City vs Chesterfield FC,League Two,2026-08-22,UNKNOWN,,NO_SCORELINE,,
2,Over 1.5 goals + Under 3.5 goals,"73%, 74%",0.469,0.5394,0.869,2.13,1.85,SCORE_MATRIX_EXACT,OK,O15,Over 1.5 goals,0.7297,U35,Under 3.5 goals,0.7392,,,,Salford City vs Chesterfield FC,League Two,2026-08-22,UNKNOWN,,NO_SCORELINE,,
2,Under 3.5 goals + Both teams to score - No,"74%, 48%",0.4526,0.3527,1.283,2.21,2.84,SCORE_MATRIX_EXACT,OK,U35,Under 3.5 goals,0.7392,BTTS_NO,Both teams to score - No,0.4771,,,,Salford City vs Chesterfield FC,League Two,2026-08-22,UNKNOWN,,NO_SCORELINE,,
2,Over 2.5 goals + Home over 0.5 goals,"48%, 75%",0.4491,0.3603,1.246,2.23,2.78,SCORE_MATRIX_EXACT,OK,O25,Over 2.5 goals,0.4778,HOME_O05,Home over 0.5 goals,0.7541,,,,Salford City vs Chesterfield FC,League Two,2026-08-22,UNKNOWN,,NO_SCORELINE,,
2,Under 3.5 goals + Away over 0.5 goals,"74%, 69%",0.4493,0.5126,0.876,2.23,1.95,SCORE_MATRIX_EXACT,OK,U35,Under 3.5 goals,0.7392,AWAY_O05,Away over 0.5 goals,0.6935,,,,Salford City vs Chesterfield FC,League Two,2026-08-22,UNKNOWN,,NO_SCORELINE,,
2,Under 3.5 goals + Draw or away,"74%, 58%",0.4369,0.4286,1.019,2.29,2.33,SCORE_MATRIX_EXACT,OK,U35,Under 3.5 goals,0.7392,X2,Draw or away,0.5798,,,,Salford City vs Chesterfield FC,League Two,2026-08-22,UNKNOWN,,NO_SCORELINE,,
2,Over 2.5 goals + Away over 0.5 goals,"48%, 69%",0.4266,0.3314,1.287,2.34,3.02,SCORE_MATRIX_EXACT,OK,O25,Over 2.5 goals,0.4778,AWAY_O05,Away over 0.5 goals,0.6935,,,,Salford City vs Chesterfield FC,League Two,2026-08-22,UNKNOWN,,NO_SCORELINE,,
2,Over 1.5 goals + Draw or away,"73%, 58%",0.4153,0.4231,0.982,2.41,2.36,SCORE_MATRIX_EXACT,OK,O15,Over 1.5 goals,0.7297,X2,Draw or away,0.5798,,,,Salford City vs Chesterfield FC,League Two,2026-08-22,UNKNOWN,,NO_SCORELINE,,
2,Over 1.5 goals + Home or draw,"74%, 74%",0.5546,0.5426,1.022,1.8,1.84,SCORE_MATRIX_EXACT,OK,O15,Over 1.5 goals,0.7354,1X,Home or draw,0.7378,,,,Vancouver Whitecaps FC vs FC Dallas,USA MLS,2026-08-23,UNKNOWN,,NO_SCORELINE,,
2,Under 3.5 goals + Home or draw,"72%, 74%",0.5203,0.5306,0.981,1.92,1.88,SCORE_MATRIX_EXACT,OK,U35,Under 3.5 goals,0.7192,1X,Home or draw,0.7378,,,,Vancouver Whitecaps FC vs FC Dallas,USA MLS,2026-08-23,UNKNOWN,,NO_SCORELINE,,
2,Under 3.5 goals + Home over 0.5 goals,"72%, 80%",0.522,0.5739,0.91,1.92,1.74,SCORE_MATRIX_EXACT,OK,U35,Under 3.5 goals,0.7192,HOME_O05,Home over 0.5 goals,0.798,,,,Vancouver Whitecaps FC vs FC Dallas,USA MLS,2026-08-23,UNKNOWN,,NO_SCORELINE,,
2,Home over 0.5 goals + Away over 0.5 goals,"80%, 65%",0.5141,0.522,0.985,1.95,1.92,SCORE_MATRIX_EXACT,OK,HOME_O05,Home over 0.5 goals,0.798,AWAY_O05,Away over 0.5 goals,0.6542,,,,Vancouver Whitecaps FC vs FC Dallas,USA MLS,2026-08-23,UNKNOWN,,NO_SCORELINE,,
2,Over 2.5 goals + Home over 0.5 goals,"50%, 80%",0.4817,0.3996,1.206,2.08,2.5,SCORE_MATRIX_EXACT,OK,O25,Over 2.5 goals,0.5008,HOME_O05,Home over 0.5 goals,0.798,,,,Vancouver Whitecaps FC vs FC Dallas,USA MLS,2026-08-23,UNKNOWN,,NO_SCORELINE,,
2,Over 1.5 goals + Under 3.5 goals,"74%, 72%",0.4546,0.5289,0.86,2.2,1.89,SCORE_MATRIX_EXACT,OK,O15,Over 1.5 goals,0.7354,U35,Under 3.5 goals,0.7192,,,,Vancouver Whitecaps FC vs FC Dallas,USA MLS,2026-08-23,UNKNOWN,,NO_SCORELINE,,
2,Under 3.5 goals + Both teams to score - No,"72%, 49%",0.454,0.3494,1.299,2.2,2.86,SCORE_MATRIX_EXACT,OK,U35,Under 3.5 goals,0.7192,BTTS_NO,Both teams to score - No,0.4859,,,,Vancouver Whitecaps FC vs FC Dallas,USA MLS,2026-08-23,UNKNOWN,,NO_SCORELINE,,
2,Home or draw + Home over 1.5 goals,"74%, 48%",0.448,0.3512,1.276,2.23,2.85,SCORE_MATRIX_EXACT,OK,1X,Home or draw,0.7378,HOME_O15,Home over 1.5 goals,0.476,,,,Vancouver Whitecaps FC vs FC Dallas,USA MLS,2026-08-23,UNKNOWN,,NO_SCORELINE,,
2,Draw or away + Away over 0.5 goals,"49%, 65%",0.4307,0.3222,1.336,2.32,3.1,SCORE_MATRIX_EXACT,OK,X2,Draw or away,0.4926,AWAY_O05,Away over 0.5 goals,0.6542,,,,Vancouver Whitecaps FC vs FC Dallas,USA MLS,2026-08-23,UNKNOWN,,NO_SCORELINE,,
2,Over 2.5 goals + Away over 0.5 goals,"50%, 65%",0.4265,0.3276,1.302,2.34,3.05,SCORE_MATRIX_EXACT,OK,O25,Over 2.5 goals,0.5008,AWAY_O05,Away over 0.5 goals,0.6542,,,,Vancouver Whitecaps FC vs FC Dallas,USA MLS,2026-08-23,UNKNOWN,,NO_SCORELINE,,
2,Over 2.5 goals + Both teams to score,"50%, 51%",0.4075,0.2575,1.583,2.45,3.88,SCORE_MATRIX_EXACT,OK,O25,Over 2.5 goals,0.5008,BTTS,Both teams to score,0.5141,,,,Vancouver Whitecaps FC vs FC Dallas,USA MLS,2026-08-23,UNKNOWN,,NO_SCORELINE,,
2,Under 3.5 goals + Away over 0.5 goals,"72%, 65%",0.4004,0.4705,0.851,2.5,2.13,SCORE_MATRIX_EXACT,OK,U35,Under 3.5 goals,0.7192,AWAY_O05,Away over 0.5 goals,0.6542,,,,Vancouver Whitecaps FC vs FC Dallas,USA MLS,2026-08-23,UNKNOWN,,NO_SCORELINE,,
2,Draw or away + Away over 0.5 goals,"62%, 70%",0.5273,0.4345,1.213,1.9,2.3,SCORE_MATRIX_EXACT,OK,X2,Draw or away,0.623,AWAY_O05,Away over 0.5 goals,0.6975,,,,Velez Sarsfield BA vs Defensa y Justicia,Argentina Primera Division,2026-08-17,UNKNOWN,,NO_SCORELINE,,
2,Home over 0.5 goals + Away over 0.5 goals,"73%, 70%",0.5239,0.5096,1.028,1.91,1.96,SCORE_MATRIX_EXACT,OK,HOME_O05,Home over 0.5 goals,0.7307,AWAY_O05,Away over 0.5 goals,0.6975,,,,Velez Sarsfield BA vs Defensa y Justicia,Argentina Primera Division,2026-08-17,UNKNOWN,,NO_SCORELINE,,
2,Under 3.5 goals + Home or draw,"76%, 68%",0.5203,0.5166,1.007,1.92,1.94,SCORE_MATRIX_EXACT,OK,U35,Under 3.5 goals,0.7609,1X,Home or draw,0.6789,,,,Velez Sarsfield BA vs Defensa y Justicia,Argentina Primera Division,2026-08-17,UNKNOWN,,NO_SCORELINE,,
2,Under 3.5 goals + Home over 0.5 goals,"76%, 73%",0.5004,0.556,0.9,2.0,1.8,SCORE_MATRIX_EXACT,OK,U35,Under 3.5 goals,0.7609,HOME_O05,Home over 0.5 goals,0.7307,,,,Velez Sarsfield BA vs Defensa y Justicia,Argentina Primera Division,2026-08-17,UNKNOWN,,NO_SCORELINE,,
2,Over 1.5 goals + Under 3.5 goals,"73%, 76%",0.4893,0.5542,0.883,2.04,1.8,SCORE_MATRIX_EXACT,OK,O15,Over 1.5 goals,0.7284,U35,Under 3.5 goals,0.7609,,,,Velez Sarsfield BA vs Defensa y Justicia,Argentina Primera Division,2026-08-17,UNKNOWN,,NO_SCORELINE,,
2,Over 1.5 goals + Home or draw,"73%, 68%",0.491,0.4945,0.993,2.04,2.02,SCORE_MATRIX_EXACT,OK,O15,Over 1.5 goals,0.7284,1X,Home or draw,0.6789,,,,Velez Sarsfield BA vs Defensa y Justicia,Argentina Primera Division,2026-08-17,UNKNOWN,,NO_SCORELINE,,
2,Under 3.5 goals + Draw or away,"76%, 62%",0.4839,0.4741,1.021,2.07,2.11,SCORE_MATRIX_EXACT,OK,U35,Under 3.5 goals,0.7609,X2,Draw or away,0.623,,,,Velez Sarsfield BA vs Defensa y Justicia,Argentina Primera Division,2026-08-17,UNKNOWN,,NO_SCORELINE,,
2,Under 3.5 goals + Away over 0.5 goals,"76%, 70%",0.4717,0.5307,0.889,2.12,1.88,SCORE_MATRIX_EXACT,OK,U35,Under 3.5 goals,0.7609,AWAY_O05,Away over 0.5 goals,0.6975,,,,Velez Sarsfield BA vs Defensa y Justicia,Argentina Primera Division,2026-08-17,UNKNOWN,,NO_SCORELINE,,
2,Under 3.5 goals + Both teams to score - No,"76%, 48%",0.4541,0.3623,1.253,2.2,2.76,SCORE_MATRIX_EXACT,OK,U35,Under 3.5 goals,0.7609,BTTS_NO,Both teams to score - No,0.4761,,,,Velez Sarsfield BA vs Defensa y Justicia,Argentina Primera Division,2026-08-17,UNKNOWN,,NO_SCORELINE,,
2,Over 1.5 goals + Draw or away,"73%, 62%",0.4436,0.4538,0.978,2.25,2.2,SCORE_MATRIX_EXACT,OK,O15,Over 1.5 goals,0.7284,X2,Draw or away,0.623,,,,Velez Sarsfield BA vs Defensa y Justicia,Argentina Primera Division,2026-08-17,UNKNOWN,,NO_SCORELINE,,
2,Over 2.5 goals + Home over 0.5 goals,"45%, 73%",0.4204,0.3303,1.273,2.38,3.03,SCORE_MATRIX_EXACT,OK,O25,Over 2.5 goals,0.4521,HOME_O05,Home over 0.5 goals,0.7307,,,,Velez Sarsfield BA vs Defensa y Justicia,Argentina Primera Division,2026-08-17,UNKNOWN,,NO_SCORELINE,,
2,Over 2.5 goals + Away over 0.5 goals,"45%, 70%",0.4081,0.3153,1.294,2.45,3.17,SCORE_MATRIX_EXACT,OK,O25,Over 2.5 goals,0.4521,AWAY_O05,Away over 0.5 goals,0.6975,,,,Velez Sarsfield BA vs Defensa y Justicia,Argentina Primera Division,2026-08-17,UNKNOWN,,NO_SCORELINE,,
2,Draw or away + Away over 0.5 goals,"62%, 72%",0.5528,0.448,1.234,1.81,2.23,SCORE_MATRIX_EXACT,OK,X2,Draw or away,0.6212,AWAY_O05,Away over 0.5 goals,0.7212,,,,Vitoria vs Bahia,Brazil Serie A,2026-08-23,WON,X2=WON | AWAY_O05=WON,OK,0-2,1.0.0
2,Home over 0.5 goals + Away over 0.5 goals,"72%, 72%",0.5125,0.5213,0.983,1.95,1.92,SCORE_MATRIX_EXACT,OK,HOME_O05,Home over 0.5 goals,0.7229,AWAY_O05,Away over 0.5 goals,0.7212,,,,Vitoria vs Bahia,Brazil Serie A,2026-08-23,LOST,HOME_O05=LOST | AWAY_O05=WON,OK,0-2,1.0.0
2,Under 3.5 goals + Home over 0.5 goals,"74%, 72%",0.475,0.5354,0.887,2.11,1.87,SCORE_MATRIX_EXACT,OK,U35,Under 3.5 goals,0.7407,HOME_O05,Home over 0.5 goals,0.7229,,,,Vitoria vs Bahia,Brazil Serie A,2026-08-23,LOST,U35=WON | HOME_O05=LOST,OK,0-2,1.0.0
2,Under 3.5 goals + Away over 0.5 goals,"74%, 72%",0.4736,0.5342,0.887,2.11,1.87,SCORE_MATRIX_EXACT,OK,U35,Under 3.5 goals,0.7407,AWAY_O05,Away over 0.5 goals,0.7212,,,,Vitoria vs Bahia,Brazil Serie A,2026-08-23,WON,U35=WON | AWAY_O05=WON,OK,0-2,1.0.0
2,Under 3.5 goals + Both teams to score - No,"74%, 49%",0.4644,0.3611,1.286,2.15,2.77,SCORE_MATRIX_EXACT,OK,U35,Under 3.5 goals,0.7407,BTTS_NO,Both teams to score - No,0.4875,,,,Vitoria vs Bahia,Brazil Serie A,2026-08-23,WON,U35=WON | BTTS_NO=WON,OK,0-2,1.0.0
2,Under 3.5 goals + Home or draw,"74%, 62%",0.4622,0.4622,1.0,2.16,2.16,SCORE_MATRIX_EXACT,OK,U35,Under 3.5 goals,0.7407,1X,Home or draw,0.624,,,,Vitoria vs Bahia,Brazil Serie A,2026-08-23,LOST,U35=WON | 1X=LOST,OK,0-2,1.0.0
2,Under 3.5 goals + Draw or away,"74%, 62%",0.4604,0.4601,1.001,2.17,2.17,SCORE_MATRIX_EXACT,OK,U35,Under 3.5 goals,0.7407,X2,Draw or away,0.6212,,,,Vitoria vs Bahia,Brazil Serie A,2026-08-23,WON,U35=WON | X2=WON,OK,0-2,1.0.0
2,Over 1.5 goals + Under 3.5 goals,"72%, 74%",0.4568,0.5304,0.861,2.19,1.89,SCORE_MATRIX_EXACT,OK,O15,Over 1.5 goals,0.7161,U35,Under 3.5 goals,0.7407,,,,Vitoria vs Bahia,Brazil Serie A,2026-08-23,WON,O15=WON | U35=WON,OK,0-2,1.0.0
2,Over 1.5 goals + Home or draw,"72%, 62%",0.4476,0.4469,1.002,2.23,2.24,SCORE_MATRIX_EXACT,OK,O15,Over 1.5 goals,0.7161,1X,Home or draw,0.624,,,,Vitoria vs Bahia,Brazil Serie A,2026-08-23,LOST,O15=WON | 1X=LOST,OK,0-2,1.0.0
2,Over 1.5 goals + Draw or away,"72%, 62%",0.4453,0.4449,1.001,2.25,2.25,SCORE_MATRIX_EXACT,OK,O15,Over 1.5 goals,0.7161,X2,Draw or away,0.6212,,,,Vitoria vs Bahia,Brazil Serie A,2026-08-23,WON,O15=WON | X2=WON,OK,0-2,1.0.0
2,Over 2.5 goals + Home over 0.5 goals,"48%, 72%",0.4379,0.3443,1.272,2.28,2.9,SCORE_MATRIX_EXACT,OK,O25,Over 2.5 goals,0.4763,HOME_O05,Home over 0.5 goals,0.7229,,,,Vitoria vs Bahia,Brazil Serie A,2026-08-23,LOST,O25=LOST | HOME_O05=LOST,OK,0-2,1.0.0
2,Over 2.5 goals + Away over 0.5 goals,"48%, 72%",0.4373,0.3435,1.273,2.29,2.91,SCORE_MATRIX_EXACT,OK,O25,Over 2.5 goals,0.4763,AWAY_O05,Away over 0.5 goals,0.7212,,,,Vitoria vs Bahia,Brazil Serie A,2026-08-23,LOST,O25=LOST | AWAY_O05=WON,OK,0-2,1.0.0
2,Under 3.5 goals + Home or draw,"75%, 70%",0.5213,0.5249,0.993,1.92,1.91,SCORE_MATRIX_EXACT,OK,U35,Under 3.5 goals,0.7493,1X,Home or draw,0.7006,,,,Kashiwa Reysol vs V-Varen Nagasaki,Japan J-League,2026-08-21,UNKNOWN,,NO_SCORELINE,,
2,Under 3.5 goals + Home over 0.5 goals,"75%, 76%",0.5129,0.5672,0.904,1.95,1.76,SCORE_MATRIX_EXACT,OK,U35,Under 3.5 goals,0.7493,HOME_O05,Home over 0.5 goals,0.7569,,,,Kashiwa Reysol vs V-Varen Nagasaki,Japan J-League,2026-08-21,UNKNOWN,,NO_SCORELINE,,
2,Over 1.5 goals + Home or draw,"72%, 70%",0.5099,0.5048,1.01,1.96,1.98,SCORE_MATRIX_EXACT,OK,O15,Over 1.5 goals,0.7205,1X,Home or draw,0.7006,,,,Kashiwa Reysol vs V-Varen Nagasaki,Japan J-League,2026-08-21,UNKNOWN,,NO_SCORELINE,,
2,Home over 0.5 goals + Away over 0.5 goals,"76%, 68%",0.511,0.511,1.0,1.96,1.96,SCORE_MATRIX_EXACT,OK,HOME_O05,Home over 0.5 goals,0.7569,AWAY_O05,Away over 0.5 goals,0.6751,,,,Kashiwa Reysol vs V-Varen Nagasaki,Japan J-League,2026-08-21,UNKNOWN,,NO_SCORELINE,,
2,Draw or away + Away over 0.5 goals,"56%, 68%",0.4847,0.3805,1.274,2.06,2.63,SCORE_MATRIX_EXACT,OK,X2,Draw or away,0.5637,AWAY_O05,Away over 0.5 goals,0.6751,,,,Kashiwa Reysol vs V-Varen Nagasaki,Japan J-League,2026-08-21,UNKNOWN,,NO_SCORELINE,,
2,Over 1.5 goals + Under 3.5 goals,"72%, 75%",0.4698,0.5399,0.87,2.13,1.85,SCORE_MATRIX_EXACT,OK,O15,Over 1.5 goals,0.7205,U35,Under 3.5 goals,0.7493,,,,Kashiwa Reysol vs V-Varen Nagasaki,Japan J-League,2026-08-21,UNKNOWN,,NO_SCORELINE,,
2,Under 3.5 goals + Both teams to score - No,"75%, 49%",0.4643,0.3664,1.267,2.15,2.73,SCORE_MATRIX_EXACT,OK,U35,Under 3.5 goals,0.7493,BTTS_NO,Both teams to score - No,0.489,,,,Kashiwa Reysol vs V-Varen Nagasaki,Japan J-League,2026-08-21,UNKNOWN,,NO_SCORELINE,,
2,Under 3.5 goals + Away over 0.5 goals,"75%, 68%",0.4424,0.5058,0.875,2.26,1.98,SCORE_MATRIX_EXACT,OK,U35,Under 3.5 goals,0.7493,AWAY_O05,Away over 0.5 goals,0.6751,,,,Kashiwa Reysol vs V-Varen Nagasaki,Japan J-League,2026-08-21,UNKNOWN,,NO_SCORELINE,,
2,Over 2.5 goals + Home over 0.5 goals,"47%, 76%",0.4407,0.3528,1.249,2.27,2.83,SCORE_MATRIX_EXACT,OK,O25,Over 2.5 goals,0.4661,HOME_O05,Home over 0.5 goals,0.7569,,,,Kashiwa Reysol vs V-Varen Nagasaki,Japan J-League,2026-08-21,UNKNOWN,,NO_SCORELINE,,
2,Under 3.5 goals + Draw or away,"75%, 56%",0.4325,0.4223,1.024,2.31,2.37,SCORE_MATRIX_EXACT,OK,U35,Under 3.5 goals,0.7493,X2,Draw or away,0.5637,,,,Kashiwa Reysol vs V-Varen Nagasaki,Japan J-League,2026-08-21,UNKNOWN,,NO_SCORELINE,,
2,Over 2.5 goals + Away over 0.5 goals,"47%, 68%",0.4108,0.3146,1.306,2.43,3.18,SCORE_MATRIX_EXACT,OK,O25,Over 2.5 goals,0.4661,AWAY_O05,Away over 0.5 goals,0.6751,,,,Kashiwa Reysol vs V-Varen Nagasaki,Japan J-League,2026-08-21,UNKNOWN,,NO_SCORELINE,,
2,Under 2.5 goals + Both teams to score - No,"53%, 49%",0.4084,0.2611,1.564,2.45,3.83,SCORE_MATRIX_EXACT,OK,U25,Under 2.5 goals,0.5339,BTTS_NO,Both teams to score - No,0.489,,,,Kashiwa Reysol vs V-Varen Nagasaki,Japan J-League,2026-08-21,UNKNOWN,,NO_SCORELINE,,
2,Under 3.5 goals + Home over 0.5 goals,"70%, 85%",0.5482,0.5923,0.926,1.82,1.69,SCORE_MATRIX_EXACT,OK,U35,Under 3.5 goals,0.6993,HOME_O05,Home over 0.5 goals,0.8469,,,,Puebla vs Santos Laguna,Mexico Liga MX,2026-08-23,LOST,U35=LOST | HOME_O05=WON,OK,3-2,1.0.0
2,Home or draw + Home over 1.5 goals,"83%, 56%",0.5418,0.4655,1.164,1.85,2.15,SCORE_MATRIX_EXACT,OK,1X,Home or draw,0.8303,HOME_O15,Home over 1.5 goals,0.5606,,,,Puebla vs Santos Laguna,Mexico Liga MX,2026-08-23,WON,1X=WON | HOME_O15=WON,OK,3-2,1.0.0
2,Over 1.5 goals + Away over 0.5 goals,"77%, 59%",0.5377,0.454,1.184,1.86,2.2,SCORE_MATRIX_EXACT,OK,O15,Over 1.5 goals,0.7686,AWAY_O05,Away over 0.5 goals,0.5907,,,,Puebla vs Santos Laguna,Mexico Liga MX,2026-08-23,WON,O15=WON | AWAY_O05=WON,OK,3-2,1.0.0
2,Over 2.5 goals + Home over 0.5 goals,"52%, 85%",0.5134,0.4427,1.16,1.95,2.26,SCORE_MATRIX_EXACT,OK,O25,Over 2.5 goals,0.5227,HOME_O05,Home over 0.5 goals,0.8469,,,,Puebla vs Santos Laguna,Mexico Liga MX,2026-08-23,WON,O25=WON | HOME_O05=WON,OK,3-2,1.0.0
2,Home over 0.5 goals + Away over 0.5 goals,"85%, 59%",0.5037,0.5003,1.007,1.99,2.0,SCORE_MATRIX_EXACT,OK,HOME_O05,Home over 0.5 goals,0.8469,AWAY_O05,Away over 0.5 goals,0.5907,,,,Puebla vs Santos Laguna,Mexico Liga MX,2026-08-23,WON,HOME_O05=WON | AWAY_O05=WON,OK,3-2,1.0.0
2,Over 1.5 goals + Home win,"77%, 60%",0.4891,0.4623,1.058,2.04,2.16,SCORE_MATRIX_EXACT,OK,O15,Over 1.5 goals,0.7686,HOME,Home win,0.6015,,,,Puebla vs Santos Laguna,Mexico Liga MX,2026-08-23,WON,O15=WON | HOME=WON,OK,3-2,1.0.0
2,Home win + Home over 1.5 goals,"60%, 56%",0.4891,0.3372,1.451,2.04,2.97,SCORE_MATRIX_EXACT,OK,HOME,Home win,0.6015,HOME_O15,Home over 1.5 goals,0.5606,,,,Puebla vs Santos Laguna,Mexico Liga MX,2026-08-23,WON,HOME=WON | HOME_O15=WON,OK,3-2,1.0.0
2,Over 1.5 goals + Under 3.5 goals,"77%, 70%",0.4679,0.5375,0.871,2.14,1.86,SCORE_MATRIX_EXACT,OK,O15,Over 1.5 goals,0.7686,U35,Under 3.5 goals,0.6993,,,,Puebla vs Santos Laguna,Mexico Liga MX,2026-08-23,LOST,O15=WON | U35=LOST,OK,3-2,1.0.0
2,Over 2.5 goals + Home over 1.5 goals,"52%, 56%",0.4495,0.293,1.534,2.22,3.41,SCORE_MATRIX_EXACT,OK,O25,Over 2.5 goals,0.5227,HOME_O15,Home over 1.5 goals,0.5606,,,,Puebla vs Santos Laguna,Mexico Liga MX,2026-08-23,WON,O25=WON | HOME_O15=WON,OK,3-2,1.0.0
2,Under 3.5 goals + Both teams to score - No,"70%, 50%",0.4442,0.3471,1.28,2.25,2.88,SCORE_MATRIX_EXACT,OK,U35,Under 3.5 goals,0.6993,BTTS_NO,Both teams to score - No,0.4963,,,,Puebla vs Santos Laguna,Mexico Liga MX,2026-08-23,LOST,U35=LOST | BTTS_NO=LOST,OK,3-2,1.0.0
2,Over 2.5 goals + Home or draw,"52%, 83%",0.4307,0.434,0.993,2.32,2.3,SCORE_MATRIX_EXACT,OK,O25,Over 2.5 goals,0.5227,1X,Home or draw,0.8303,,,,Puebla vs Santos Laguna,Mexico Liga MX,2026-08-23,WON,O25=WON | 1X=WON,OK,3-2,1.0.0
2,Both teams to score + Home or draw,"50%, 83%",0.421,0.4182,1.007,2.38,2.39,SCORE_MATRIX_EXACT,OK,BTTS,Both teams to score,0.5037,1X,Home or draw,0.8303,,,,Puebla vs Santos Laguna,Mexico Liga MX,2026-08-23,WON,BTTS=WON | 1X=WON,OK,3-2,1.0.0
2,Under 3.5 goals + Home or draw,"76%, 72%",0.5463,0.5466,0.999,1.83,1.83,SCORE_MATRIX_EXACT,OK,U35,Under 3.5 goals,0.7617,1X,Home or draw,0.7177,,,,Cruzeiro vs Flamengo,Brazil Serie A,2026-08-22,WON,U35=WON | 1X=WON,OK,2-1,1.0.0
2,Over 1.5 goals + Home or draw,"73%, 72%",0.5229,0.5221,1.002,1.91,1.92,SCORE_MATRIX_EXACT,OK,O15,Over 1.5 goals,0.7275,1X,Home or draw,0.7177,,,,Cruzeiro vs Flamengo,Brazil Serie A,2026-08-22,WON,O15=WON | 1X=WON,OK,2-1,1.0.0
2,Under 3.5 goals + Home over 0.5 goals,"76%, 75%",0.5196,0.5725,0.908,1.92,1.75,SCORE_MATRIX_EXACT,OK,U35,Under 3.5 goals,0.7617,HOME_O05,Home over 0.5 goals,0.7516,,,,Cruzeiro vs Flamengo,Brazil Serie A,2026-08-22,WON,U35=WON | HOME_O05=WON,OK,2-1,1.0.0
2,Home over 0.5 goals + Away over 0.5 goals,"75%, 67%",0.5178,0.5036,1.028,1.93,1.99,SCORE_MATRIX_EXACT,OK,HOME_O05,Home over 0.5 goals,0.7516,AWAY_O05,Away over 0.5 goals,0.6701,,,,Cruzeiro vs Flamengo,Brazil Serie A,2026-08-22,WON,HOME_O05=WON | AWAY_O05=WON,OK,2-1,1.0.0
2,Over 1.5 goals + Under 3.5 goals,"73%, 76%",0.4892,0.5542,0.883,2.04,1.8,SCORE_MATRIX_EXACT,OK,O15,Over 1.5 goals,0.7275,U35,Under 3.5 goals,0.7617,,,,Cruzeiro vs Flamengo,Brazil Serie A,2026-08-22,WON,O15=WON | U35=WON,OK,2-1,1.0.0
2,Draw or away + Away over 0.5 goals,"58%, 67%",0.4853,0.3896,1.246,2.06,2.57,SCORE_MATRIX_EXACT,OK,X2,Draw or away,0.5815,AWAY_O05,Away over 0.5 goals,0.6701,,,,Cruzeiro vs Flamengo,Brazil Serie A,2026-08-22,LOST,X2=LOST | AWAY_O05=WON,OK,2-1,1.0.0
2,Under 3.5 goals + Both teams to score - No,"76%, 48%",0.4584,0.3673,1.248,2.18,2.72,SCORE_MATRIX_EXACT,OK,U35,Under 3.5 goals,0.7617,BTTS_NO,Both teams to score - No,0.4822,,,,Cruzeiro vs Flamengo,Brazil Serie A,2026-08-22,LOST,U35=WON | BTTS_NO=LOST,OK,2-1,1.0.0
2,Under 3.5 goals + Draw or away,"76%, 58%",0.4574,0.4429,1.033,2.19,2.26,SCORE_MATRIX_EXACT,OK,U35,Under 3.5 goals,0.7617,X2,Draw or away,0.5815,,,,Cruzeiro vs Flamengo,Brazil Serie A,2026-08-22,LOST,U35=WON | X2=LOST,OK,2-1,1.0.0
2,Under 3.5 goals + Away over 0.5 goals,"76%, 67%",0.4493,0.5104,0.88,2.23,1.96,SCORE_MATRIX_EXACT,OK,U35,Under 3.5 goals,0.7617,AWAY_O05,Away over 0.5 goals,0.6701,,,,Cruzeiro vs Flamengo,Brazil Serie A,2026-08-22,WON,U35=WON | AWAY_O05=WON,OK,2-1,1.0.0
2,Over 2.5 goals + Home over 0.5 goals,"45%, 75%",0.4266,0.3391,1.258,2.34,2.95,SCORE_MATRIX_EXACT,OK,O25,Over 2.5 goals,0.4512,HOME_O05,Home over 0.5 goals,0.7516,,,,Cruzeiro vs Flamengo,Brazil Serie A,2026-08-22,WON,O25=WON | HOME_O05=WON,OK,2-1,1.0.0
2,Under 2.5 goals + Home or draw,"55%, 72%",0.4211,0.3939,1.069,2.37,2.54,SCORE_MATRIX_EXACT,OK,U25,Under 2.5 goals,0.5488,1X,Home or draw,0.7177,,,,Cruzeiro vs Flamengo,Brazil Serie A,2026-08-22,LOST,U25=LOST | 1X=WON,OK,2-1,1.0.0
2,Over 1.5 goals + Draw or away,"73%, 58%",0.4076,0.423,0.964,2.45,2.36,SCORE_MATRIX_EXACT,OK,O15,Over 1.5 goals,0.7275,X2,Draw or away,0.5815,,,,Cruzeiro vs Flamengo,Brazil Serie A,2026-08-22,LOST,O15=WON | X2=LOST,OK,2-1,1.0.0
2,Over 1.5 goals + Away over 0.5 goals,"73%, 59%",0.5329,0.4349,1.225,1.88,2.3,SCORE_MATRIX_EXACT,OK,O15,Over 1.5 goals,0.7313,AWAY_O05,Away over 0.5 goals,0.5947,,,,Rheindorf Altach vs Hartberg,Austrian Bundesliga,2026-08-22,UNKNOWN,,NO_SCORELINE,,
2,Over 1.5 goals + Under 3.5 goals,"73%, 76%",0.4883,0.5536,0.882,2.05,1.81,SCORE_MATRIX_EXACT,OK,O15,Over 1.5 goals,0.7313,U35,Under 3.5 goals,0.7569,,,,Rheindorf Altach vs Hartberg,Austrian Bundesliga,2026-08-22,UNKNOWN,,NO_SCORELINE,,
2,Home over 0.5 goals + Away over 0.5 goals,"80%, 59%",0.4888,0.4756,1.028,2.05,2.1,SCORE_MATRIX_EXACT,OK,HOME_O05,Home over 0.5 goals,0.7998,AWAY_O05,Away over 0.5 goals,0.5947,,,,Rheindorf Altach vs Hartberg,Austrian Bundesliga,2026-08-22,UNKNOWN,,NO_SCORELINE,,
2,Under 3.5 goals + Both teams to score - No,"76%, 51%",0.4752,0.387,1.228,2.1,2.58,SCORE_MATRIX_EXACT,OK,U35,Under 3.5 goals,0.7569,BTTS_NO,Both teams to score - No,0.5112,,,,Rheindorf Altach vs Hartberg,Austrian Bundesliga,2026-08-22,UNKNOWN,,NO_SCORELINE,,
2,Home or draw + Home over 1.5 goals,"81%, 48%",0.4632,0.3871,1.197,2.16,2.58,SCORE_MATRIX_EXACT,OK,1X,Home or draw,0.8051,HOME_O15,Home over 1.5 goals,0.4808,,,,Rheindorf Altach vs Hartberg,Austrian Bundesliga,2026-08-22,UNKNOWN,,NO_SCORELINE,,
2,Under 2.5 goals + Home or draw,"54%, 81%",0.4491,0.4371,1.027,2.23,2.29,SCORE_MATRIX_EXACT,OK,U25,Under 2.5 goals,0.5429,1X,Home or draw,0.8051,,,,Rheindorf Altach vs Hartberg,Austrian Bundesliga,2026-08-22,UNKNOWN,,NO_SCORELINE,,
2,Over 2.5 goals + Home over 0.5 goals,"46%, 80%",0.4451,0.3656,1.217,2.25,2.74,SCORE_MATRIX_EXACT,OK,O25,Over 2.5 goals,0.4571,HOME_O05,Home over 0.5 goals,0.7998,,,,Rheindorf Altach vs Hartberg,Austrian Bundesliga,2026-08-22,UNKNOWN,,NO_SCORELINE,,
2,Over 1.5 goals + Home win,"73%, 53%",0.4139,0.3851,1.075,2.42,2.6,SCORE_MATRIX_EXACT,OK,O15,Over 1.5 goals,0.7313,HOME,Home win,0.5266,,,,Rheindorf Altach vs Hartberg,Austrian Bundesliga,2026-08-22,UNKNOWN,,NO_SCORELINE,,
2,Home win + Home over 1.5 goals,"53%, 48%",0.4139,0.2532,1.635,2.42,3.95,SCORE_MATRIX_EXACT,OK,HOME,Home win,0.5266,HOME_O15,Home over 1.5 goals,0.4808,,,,Rheindorf Altach vs Hartberg,Austrian Bundesliga,2026-08-22,UNKNOWN,,NO_SCORELINE,,
2,Under 2.5 goals + Both teams to score - No,"54%, 51%",0.408,0.2775,1.47,2.45,3.6,SCORE_MATRIX_EXACT,OK,U25,Under 2.5 goals,0.5429,BTTS_NO,Both teams to score - No,0.5112,,,,Rheindorf Altach vs Hartberg,Austrian Bundesliga,2026-08-22,UNKNOWN,,NO_SCORELINE,,
2,Both teams to score - No + Home or draw,"51%, 81%",0.4053,0.4116,0.985,2.47,2.43,SCORE_MATRIX_EXACT,OK,BTTS_NO,Both teams to score - No,0.5112,1X,Home or draw,0.8051,,,,Rheindorf Altach vs Hartberg,Austrian Bundesliga,2026-08-22,UNKNOWN,,NO_SCORELINE,,
2,Both teams to score + Home or draw,"49%, 81%",0.3998,0.3936,1.016,2.5,2.54,SCORE_MATRIX_EXACT,OK,BTTS,Both teams to score,0.4888,1X,Home or draw,0.8051,,,,Rheindorf Altach vs Hartberg,Austrian Bundesliga,2026-08-22,UNKNOWN,,NO_SCORELINE,,
2,Under 3.5 goals + Home or draw,"75%, 71%",0.5298,0.5325,0.995,1.89,1.88,SCORE_MATRIX_EXACT,OK,U35,Under 3.5 goals,0.7524,1X,Home or draw,0.7077,,,,Milton Keynes Dons vs Huddersfield Town,League One,2026-08-22,UNKNOWN,,NO_SCORELINE,,
2,Over 1.5 goals + Home or draw,"72%, 71%",0.5161,0.5122,1.008,1.94,1.95,SCORE_MATRIX_EXACT,OK,O15,Over 1.5 goals,0.7238,1X,Home or draw,0.7077,,,,Milton Keynes Dons vs Huddersfield Town,League One,2026-08-22,UNKNOWN,,NO_SCORELINE,,
2,Under 3.5 goals + Home over 0.5 goals,"75%, 76%",0.5157,0.5694,0.906,1.94,1.76,SCORE_MATRIX_EXACT,OK,U35,Under 3.5 goals,0.7524,HOME_O05,Home over 0.5 goals,0.7568,,,,Milton Keynes Dons vs Huddersfield Town,League One,2026-08-22,UNKNOWN,,NO_SCORELINE,,
2,Home over 0.5 goals + Away over 0.5 goals,"76%, 67%",0.5139,0.5093,1.009,1.95,1.96,SCORE_MATRIX_EXACT,OK,HOME_O05,Home over 0.5 goals,0.7568,AWAY_O05,Away over 0.5 goals,0.673,,,,Milton Keynes Dons vs Huddersfield Town,League One,2026-08-22,UNKNOWN,,NO_SCORELINE,,
2,Draw or away + Away over 0.5 goals,"57%, 67%",0.4833,0.3819,1.266,2.07,2.62,SCORE_MATRIX_EXACT,OK,X2,Draw or away,0.5674,AWAY_O05,Away over 0.5 goals,0.673,,,,Milton Keynes Dons vs Huddersfield Town,League One,2026-08-22,UNKNOWN,,NO_SCORELINE,,
2,Over 1.5 goals + Under 3.5 goals,"72%, 75%",0.4762,0.5446,0.874,2.1,1.84,SCORE_MATRIX_EXACT,OK,O15,Over 1.5 goals,0.7238,U35,Under 3.5 goals,0.7524,,,,Milton Keynes Dons vs Huddersfield Town,League One,2026-08-22,UNKNOWN,,NO_SCORELINE,,
2,Under 3.5 goals + Both teams to score - No,"75%, 49%",0.4615,0.3658,1.262,2.17,2.73,SCORE_MATRIX_EXACT,OK,U35,Under 3.5 goals,0.7524,BTTS_NO,Both teams to score - No,0.4861,,,,Milton Keynes Dons vs Huddersfield Town,League One,2026-08-22,UNKNOWN,,NO_SCORELINE,,
2,Under 3.5 goals + Away over 0.5 goals,"75%, 67%",0.4435,0.5064,0.876,2.25,1.97,SCORE_MATRIX_EXACT,OK,U35,Under 3.5 goals,0.7524,AWAY_O05,Away over 0.5 goals,0.673,,,,Milton Keynes Dons vs Huddersfield Town,League One,2026-08-22,UNKNOWN,,NO_SCORELINE,,
2,Under 3.5 goals + Draw or away,"75%, 57%",0.4388,0.427,1.028,2.28,2.34,SCORE_MATRIX_EXACT,OK,U35,Under 3.5 goals,0.7524,X2,Draw or away,0.5674,,,,Milton Keynes Dons vs Huddersfield Town,League One,2026-08-22,UNKNOWN,,NO_SCORELINE,,
2,Over 2.5 goals + Home over 0.5 goals,"46%, 76%",0.4374,0.3499,1.25,2.29,2.86,SCORE_MATRIX_EXACT,OK,O25,Over 2.5 goals,0.4623,HOME_O05,Home over 0.5 goals,0.7568,,,,Milton Keynes Dons vs Huddersfield Town,League One,2026-08-22,UNKNOWN,,NO_SCORELINE,,
2,Over 2.5 goals + Away over 0.5 goals,"46%, 67%",0.4066,0.3111,1.307,2.46,3.21,SCORE_MATRIX_EXACT,OK,O25,Over 2.5 goals,0.4623,AWAY_O05,Away over 0.5 goals,0.673,,,,Milton Keynes Dons vs Huddersfield Town,League One,2026-08-22,UNKNOWN,,NO_SCORELINE,,
2,Under 2.5 goals + Both teams to score - No,"54%, 49%",0.4056,0.2614,1.552,2.47,3.83,SCORE_MATRIX_EXACT,OK,U25,Under 2.5 goals,0.5377,BTTS_NO,Both teams to score - No,0.4861,,,,Milton Keynes Dons vs Huddersfield Town,League One,2026-08-22,UNKNOWN,,NO_SCORELINE,,
2,Under 3.5 goals + Home over 0.5 goals,"74%, 80%",0.5462,0.5942,0.919,1.83,1.68,SCORE_MATRIX_EXACT,OK,U35,Under 3.5 goals,0.7396,HOME_O05,Home over 0.5 goals,0.8034,,,,Querétaro vs Toluca,Mexico Liga MX,2026-08-22,UNKNOWN,,NO_SCORELINE,,
2,Home over 0.5 goals + Away over 0.5 goals,"80%, 62%",0.5119,0.4994,1.025,1.95,2.0,SCORE_MATRIX_EXACT,OK,HOME_O05,Home over 0.5 goals,0.8034,AWAY_O05,Away over 0.5 goals,0.6216,,,,Querétaro vs Toluca,Mexico Liga MX,2026-08-22,UNKNOWN,,NO_SCORELINE,,
2,Over 1.5 goals + Under 3.5 goals,"75%, 74%",0.4868,0.5526,0.881,2.05,1.81,SCORE_MATRIX_EXACT,OK,O15,Over 1.5 goals,0.7472,U35,Under 3.5 goals,0.7396,,,,Querétaro vs Toluca,Mexico Liga MX,2026-08-22,UNKNOWN,,NO_SCORELINE,,
2,Over 2.5 goals + Home over 0.5 goals,"48%, 80%",0.4634,0.3836,1.208,2.16,2.61,SCORE_MATRIX_EXACT,OK,O25,Over 2.5 goals,0.4775,HOME_O05,Home over 0.5 goals,0.8034,,,,Querétaro vs Toluca,Mexico Liga MX,2026-08-22,UNKNOWN,,NO_SCORELINE,,
2,Home or draw + Home over 1.5 goals,"79%, 48%",0.4635,0.383,1.21,2.16,2.61,SCORE_MATRIX_EXACT,OK,1X,Home or draw,0.7901,HOME_O15,Home over 1.5 goals,0.4848,,,,Querétaro vs Toluca,Mexico Liga MX,2026-08-22,UNKNOWN,,NO_SCORELINE,,
2,Under 3.5 goals + Both teams to score - No,"74%, 49%",0.4529,0.361,1.255,2.21,2.77,SCORE_MATRIX_EXACT,OK,U35,Under 3.5 goals,0.7396,BTTS_NO,Both teams to score - No,0.4881,,,,Querétaro vs Toluca,Mexico Liga MX,2026-08-22,UNKNOWN,,NO_SCORELINE,,
2,Under 2.5 goals + Home or draw,"52%, 79%",0.4269,0.4128,1.034,2.34,2.42,SCORE_MATRIX_EXACT,OK,U25,Under 2.5 goals,0.5225,1X,Home or draw,0.7901,,,,Querétaro vs Toluca,Mexico Liga MX,2026-08-22,UNKNOWN,,NO_SCORELINE,,
2,Both teams to score + Home or draw,"51%, 79%",0.4118,0.4045,1.018,2.43,2.47,SCORE_MATRIX_EXACT,OK,BTTS,Both teams to score,0.5119,1X,Home or draw,0.7901,,,,Querétaro vs Toluca,Mexico Liga MX,2026-08-22,UNKNOWN,,NO_SCORELINE,,
2,Home or draw + Away over 0.5 goals,"79%, 62%",0.4118,0.4912,0.838,2.43,2.04,SCORE_MATRIX_EXACT,OK,1X,Home or draw,0.7901,AWAY_O05,Away over 0.5 goals,0.6216,,,,Querétaro vs Toluca,Mexico Liga MX,2026-08-22,UNKNOWN,,NO_SCORELINE,,
2,Over 1.5 goals + Home win,"75%, 51%",0.4092,0.384,1.066,2.44,2.6,SCORE_MATRIX_EXACT,OK,O15,Over 1.5 goals,0.7472,HOME,Home win,0.5139,,,,Querétaro vs Toluca,Mexico Liga MX,2026-08-22,UNKNOWN,,NO_SCORELINE,,
2,Home win + Home over 1.5 goals,"51%, 48%",0.4092,0.2491,1.643,2.44,4.01,SCORE_MATRIX_EXACT,OK,HOME,Home win,0.5139,HOME_O15,Home over 1.5 goals,0.4848,,,,Querétaro vs Toluca,Mexico Liga MX,2026-08-22,UNKNOWN,,NO_SCORELINE,,
2,Draw or away + Away over 0.5 goals,"49%, 62%",0.3992,0.3022,1.321,2.51,3.31,SCORE_MATRIX_EXACT,OK,X2,Draw or away,0.4861,AWAY_O05,Away over 0.5 goals,0.6216,,,,Querétaro vs Toluca,Mexico Liga MX,2026-08-22,UNKNOWN,,NO_SCORELINE,,
2,Draw or away + Away over 0.5 goals,"60%, 70%",0.5315,0.4239,1.254,1.88,2.36,SCORE_MATRIX_EXACT,OK,X2,Draw or away,0.6036,AWAY_O05,Away over 0.5 goals,0.7023,,,,Wimbledon vs Reading,League One,2026-08-22,UNKNOWN,,NO_SCORELINE,,
2,Home over 0.5 goals + Away over 0.5 goals,"73%, 70%",0.501,0.5103,0.982,2.0,1.96,SCORE_MATRIX_EXACT,OK,HOME_O05,Home over 0.5 goals,0.7266,AWAY_O05,Away over 0.5 goals,0.7023,,,,Wimbledon vs Reading,League One,2026-08-22,UNKNOWN,,NO_SCORELINE,,
2,Under 3.5 goals + Home over 0.5 goals,"75%, 73%",0.4885,0.5466,0.894,2.05,1.83,SCORE_MATRIX_EXACT,OK,U35,Under 3.5 goals,0.7523,HOME_O05,Home over 0.5 goals,0.7266,,,,Wimbledon vs Reading,League One,2026-08-22,UNKNOWN,,NO_SCORELINE,,
2,Under 3.5 goals + Home or draw,"75%, 64%",0.4829,0.4844,0.997,2.07,2.06,SCORE_MATRIX_EXACT,OK,U35,Under 3.5 goals,0.7523,1X,Home or draw,0.644,,,,Wimbledon vs Reading,League One,2026-08-22,UNKNOWN,,NO_SCORELINE,,
2,Under 3.5 goals + Both teams to score - No,"75%, 50%",0.4765,0.3753,1.269,2.1,2.66,SCORE_MATRIX_EXACT,OK,U35,Under 3.5 goals,0.7523,BTTS_NO,Both teams to score - No,0.499,,,,Wimbledon vs Reading,League One,2026-08-22,UNKNOWN,,NO_SCORELINE,,
2,Under 3.5 goals + Away over 0.5 goals,"75%, 70%",0.4674,0.5283,0.885,2.14,1.89,SCORE_MATRIX_EXACT,OK,U35,Under 3.5 goals,0.7523,AWAY_O05,Away over 0.5 goals,0.7023,,,,Wimbledon vs Reading,League One,2026-08-22,UNKNOWN,,NO_SCORELINE,,
2,Over 1.5 goals + Under 3.5 goals,"71%, 75%",0.4575,0.5305,0.862,2.19,1.88,SCORE_MATRIX_EXACT,OK,O15,Over 1.5 goals,0.7053,U35,Under 3.5 goals,0.7523,,,,Wimbledon vs Reading,League One,2026-08-22,UNKNOWN,,NO_SCORELINE,,
2,Over 1.5 goals + Home or draw,"71%, 64%",0.4569,0.4542,1.006,2.19,2.2,SCORE_MATRIX_EXACT,OK,O15,Over 1.5 goals,0.7053,1X,Home or draw,0.644,,,,Wimbledon vs Reading,League One,2026-08-22,UNKNOWN,,NO_SCORELINE,,
2,Under 3.5 goals + Draw or away,"75%, 60%",0.4564,0.4541,1.005,2.19,2.2,SCORE_MATRIX_EXACT,OK,U35,Under 3.5 goals,0.7523,X2,Draw or away,0.6036,,,,Wimbledon vs Reading,League One,2026-08-22,UNKNOWN,,NO_SCORELINE,,
2,Over 2.5 goals + Home over 0.5 goals,"46%, 73%",0.4287,0.3362,1.275,2.33,2.97,SCORE_MATRIX_EXACT,OK,O25,Over 2.5 goals,0.4626,HOME_O05,Home over 0.5 goals,0.7266,,,,Wimbledon vs Reading,League One,2026-08-22,UNKNOWN,,NO_SCORELINE,,
2,Over 1.5 goals + Draw or away,"71%, 60%",0.4239,0.4257,0.996,2.36,2.35,SCORE_MATRIX_EXACT,OK,O15,Over 1.5 goals,0.7053,X2,Draw or away,0.6036,,,,Wimbledon vs Reading,League One,2026-08-22,UNKNOWN,,NO_SCORELINE,,
2,Under 2.5 goals + Both teams to score - No,"54%, 50%",0.4226,0.2681,1.576,2.37,3.73,SCORE_MATRIX_EXACT,OK,U25,Under 2.5 goals,0.5374,BTTS_NO,Both teams to score - No,0.499,,,,Wimbledon vs Reading,League One,2026-08-22,UNKNOWN,,NO_SCORELINE,,
2,Draw or away + Away over 0.5 goals,"61%, 71%",0.5431,0.4374,1.242,1.84,2.29,SCORE_MATRIX_EXACT,OK,X2,Draw or away,0.6118,AWAY_O05,Away over 0.5 goals,0.715,,,,Bristol Rovers vs Newport County,League Two,2026-08-22,LOST,X2=LOST | AWAY_O05=WON,OK,5-3,1.0.0
2,Home over 0.5 goals + Away over 0.5 goals,"73%, 71%",0.5115,0.5204,0.983,1.96,1.92,SCORE_MATRIX_EXACT,OK,HOME_O05,Home over 0.5 goals,0.7278,AWAY_O05,Away over 0.5 goals,0.715,,,,Bristol Rovers vs Newport County,League Two,2026-08-22,WON,HOME_O05=WON | AWAY_O05=WON,OK,5-3,1.0.0
2,Under 3.5 goals + Home over 0.5 goals,"74%, 73%",0.4801,0.5398,0.89,2.08,1.85,SCORE_MATRIX_EXACT,OK,U35,Under 3.5 goals,0.7416,HOME_O05,Home over 0.5 goals,0.7278,,,,Bristol Rovers vs Newport County,League Two,2026-08-22,LOST,U35=LOST | HOME_O05=WON,OK,5-3,1.0.0
2,Under 3.5 goals + Home or draw,"74%, 63%",0.469,0.4698,0.998,2.13,2.13,SCORE_MATRIX_EXACT,OK,U35,Under 3.5 goals,0.7416,1X,Home or draw,0.6335,,,,Bristol Rovers vs Newport County,League Two,2026-08-22,LOST,U35=LOST | 1X=WON,OK,5-3,1.0.0
2,Under 3.5 goals + Away over 0.5 goals,"74%, 71%",0.469,0.5302,0.885,2.13,1.89,SCORE_MATRIX_EXACT,OK,U35,Under 3.5 goals,0.7416,AWAY_O05,Away over 0.5 goals,0.715,,,,Bristol Rovers vs Newport County,League Two,2026-08-22,LOST,U35=LOST | AWAY_O05=WON,OK,5-3,1.0.0
2,Under 3.5 goals + Both teams to score - No,"74%, 49%",0.4654,0.3623,1.285,2.15,2.76,SCORE_MATRIX_EXACT,OK,U35,Under 3.5 goals,0.7416,BTTS_NO,Both teams to score - No,0.4885,,,,Bristol Rovers vs Newport County,League Two,2026-08-22,LOST,U35=LOST | BTTS_NO=LOST,OK,5-3,1.0.0
2,Over 1.5 goals + Under 3.5 goals,"72%, 74%",0.4569,0.5304,0.861,2.19,1.89,SCORE_MATRIX_EXACT,OK,O15,Over 1.5 goals,0.7153,U35,Under 3.5 goals,0.7416,,,,Bristol Rovers vs Newport County,League Two,2026-08-22,LOST,O15=WON | U35=LOST,OK,5-3,1.0.0
2,Over 1.5 goals + Home or draw,"72%, 63%",0.4549,0.4531,1.004,2.2,2.21,SCORE_MATRIX_EXACT,OK,O15,Over 1.5 goals,0.7153,1X,Home or draw,0.6335,,,,Bristol Rovers vs Newport County,League Two,2026-08-22,WON,O15=WON | 1X=WON,OK,5-3,1.0.0
2,Under 3.5 goals + Draw or away,"74%, 61%",0.455,0.4537,1.003,2.2,2.2,SCORE_MATRIX_EXACT,OK,U35,Under 3.5 goals,0.7416,X2,Draw or away,0.6118,,,,Bristol Rovers vs Newport County,League Two,2026-08-22,LOST,U35=LOST | X2=LOST,OK,5-3,1.0.0
2,Over 2.5 goals + Home over 0.5 goals,"48%, 73%",0.4388,0.3458,1.269,2.28,2.89,SCORE_MATRIX_EXACT,OK,O25,Over 2.5 goals,0.4752,HOME_O05,Home over 0.5 goals,0.7278,,,,Bristol Rovers vs Newport County,League Two,2026-08-22,WON,O25=WON | HOME_O05=WON,OK,5-3,1.0.0
2,Over 1.5 goals + Draw or away,"72%, 61%",0.437,0.4376,0.999,2.29,2.29,SCORE_MATRIX_EXACT,OK,O15,Over 1.5 goals,0.7153,X2,Draw or away,0.6118,,,,Bristol Rovers vs Newport County,League Two,2026-08-22,LOST,O15=WON | X2=LOST,OK,5-3,1.0.0
2,Over 2.5 goals + Away over 0.5 goals,"48%, 71%",0.4342,0.3397,1.278,2.3,2.94,SCORE_MATRIX_EXACT,OK,O25,Over 2.5 goals,0.4752,AWAY_O05,Away over 0.5 goals,0.715,,,,Bristol Rovers vs Newport County,League Two,2026-08-22,WON,O25=WON | AWAY_O05=WON,OK,5-3,1.0.0
2,Over 1.5 goals + Home or draw,"72%, 77%",0.5542,0.5485,1.01,1.8,1.82,SCORE_MATRIX_EXACT,OK,O15,Over 1.5 goals,0.7155,1X,Home or draw,0.7666,,,,Sturm Graz vs Austria Lustenau,Austrian Bundesliga,2026-08-22,WON,O15=WON | 1X=WON,OK,1-1,1.0.0
2,Over 1.5 goals + Away over 0.5 goals,"72%, 62%",0.5497,0.4449,1.236,1.82,2.25,SCORE_MATRIX_EXACT,OK,O15,Over 1.5 goals,0.7155,AWAY_O05,Away over 0.5 goals,0.6218,,,,Sturm Graz vs Austria Lustenau,Austrian Bundesliga,2026-08-22,WON,O15=WON | AWAY_O05=WON,OK,1-1,1.0.0
2,Under 3.5 goals + Home over 0.5 goals,"77%, 77%",0.5463,0.5948,0.918,1.83,1.68,SCORE_MATRIX_EXACT,OK,U35,Under 3.5 goals,0.7737,HOME_O05,Home over 0.5 goals,0.7688,,,,Sturm Graz vs Austria Lustenau,Austrian Bundesliga,2026-08-22,WON,U35=WON | HOME_O05=WON,OK,1-1,1.0.0
2,Home over 0.5 goals + Away over 0.5 goals,"77%, 62%",0.4925,0.478,1.03,2.03,2.09,SCORE_MATRIX_EXACT,OK,HOME_O05,Home over 0.5 goals,0.7688,AWAY_O05,Away over 0.5 goals,0.6218,,,,Sturm Graz vs Austria Lustenau,Austrian Bundesliga,2026-08-22,WON,HOME_O05=WON | AWAY_O05=WON,OK,1-1,1.0.0
2,Over 1.5 goals + Under 3.5 goals,"72%, 77%",0.4892,0.5536,0.884,2.04,1.81,SCORE_MATRIX_EXACT,OK,O15,Over 1.5 goals,0.7155,U35,Under 3.5 goals,0.7737,,,,Sturm Graz vs Austria Lustenau,Austrian Bundesliga,2026-08-22,WON,O15=WON | U35=WON,OK,1-1,1.0.0
2,Under 3.5 goals + Both teams to score - No,"77%, 51%",0.48,0.3927,1.222,2.08,2.55,SCORE_MATRIX_EXACT,OK,U35,Under 3.5 goals,0.7737,BTTS_NO,Both teams to score - No,0.5075,,,,Sturm Graz vs Austria Lustenau,Austrian Bundesliga,2026-08-22,LOST,U35=WON | BTTS_NO=LOST,OK,1-1,1.0.0
2,Under 2.5 goals + Home or draw,"56%, 77%",0.4509,0.432,1.044,2.22,2.31,SCORE_MATRIX_EXACT,OK,U25,Under 2.5 goals,0.5635,1X,Home or draw,0.7666,,,,Sturm Graz vs Austria Lustenau,Austrian Bundesliga,2026-08-22,WON,U25=WON | 1X=WON,OK,1-1,1.0.0
2,Under 3.5 goals + Draw or away,"77%, 53%",0.4299,0.4096,1.05,2.33,2.44,SCORE_MATRIX_EXACT,OK,U35,Under 3.5 goals,0.7737,X2,Draw or away,0.5294,,,,Sturm Graz vs Austria Lustenau,Austrian Bundesliga,2026-08-22,WON,U35=WON | X2=WON,OK,1-1,1.0.0
2,Draw or away + Away over 0.5 goals,"53%, 62%",0.4274,0.3292,1.299,2.34,3.04,SCORE_MATRIX_EXACT,OK,X2,Draw or away,0.5294,AWAY_O05,Away over 0.5 goals,0.6218,,,,Sturm Graz vs Austria Lustenau,Austrian Bundesliga,2026-08-22,WON,X2=WON | AWAY_O05=WON,OK,1-1,1.0.0
2,Over 2.5 goals + Home over 0.5 goals,"44%, 77%",0.4198,0.3356,1.251,2.38,2.98,SCORE_MATRIX_EXACT,OK,O25,Over 2.5 goals,0.4365,HOME_O05,Home over 0.5 goals,0.7688,,,,Sturm Graz vs Austria Lustenau,Austrian Bundesliga,2026-08-22,LOST,O25=LOST | HOME_O05=WON,OK,1-1,1.0.0
2,Under 2.5 goals + Both teams to score - No,"56%, 51%",0.4205,0.286,1.47,2.38,3.5,SCORE_MATRIX_EXACT,OK,U25,Under 2.5 goals,0.5635,BTTS_NO,Both teams to score - No,0.5075,,,,Sturm Graz vs Austria Lustenau,Austrian Bundesliga,2026-08-22,LOST,U25=WON | BTTS_NO=LOST,OK,1-1,1.0.0
2,Under 3.5 goals + Away over 0.5 goals,"77%, 62%",0.4192,0.4811,0.871,2.39,2.08,SCORE_MATRIX_EXACT,OK,U35,Under 3.5 goals,0.7737,AWAY_O05,Away over 0.5 goals,0.6218,,,,Sturm Graz vs Austria Lustenau,Austrian Bundesliga,2026-08-22,WON,U35=WON | AWAY_O05=WON,OK,1-1,1.0.0
