fixture_key,match_date,market,player,side,entry_ts,entry_odds,entry_fair_probability,close_ts,close_odds,close_fair_probability,minutes_close_before_kickoff,clv_pct,clv_pct_normalised,clean_clv_pct,clv_quality,clv_source,result
7bf6cd9c79eada9e,,goals,Victor Muñoz,over,2026-07-13T02:28:33.319043+00:00,5.75,0.17391304347826086,,5.75,0.17391304347826086,,0.0,0.0,0.0,CLOSE_EQUALS_ENTRY,v9_clv_records,
7bf6cd9c79eada9e,,sot,Adrien Rabiot,over,2026-07-13T02:28:33.319241+00:00,3.75,0.26666666666666666,,3.75,0.26666666666666666,,0.0,0.0,0.0,CLOSE_EQUALS_ENTRY,v9_clv_records,
46a91e2229dbb8eb,,sot,Nico O'Reilly,over,2026-07-13T02:28:33.319451+00:00,3.6,0.2777777777777778,,3.6,0.2777777777777778,,0.0,0.0,0.0,CLOSE_EQUALS_ENTRY,v9_clv_records,
46a91e2229dbb8eb,,goals,Noni Madueke,over,2026-07-13T02:28:33.320084+00:00,6.0,0.16666666666666666,,6.0,0.16666666666666666,,0.0,0.0,0.0,CLOSE_EQUALS_ENTRY,v9_clv_records,
7bf6cd9c79eada9e,,sot,Rodri,over,2026-07-13T02:28:33.320633+00:00,5.8,0.1724137931034483,,5.8,0.1724137931034483,,0.0,0.0,0.0,CLOSE_EQUALS_ENTRY,v9_clv_records,
46a91e2229dbb8eb,,sot,Noni Madueke,over,2026-07-14T17:15:55.485881+00:00,2.25,0.4444444444444444,,2.0,0.5,,0.125,12.5,12.5,OK,v9_clv_records,
46a91e2229dbb8eb,,goals,Harry Kane,over,2026-07-14T19:18:31.682451+00:00,2.51,0.39840637450199207,,2.65,0.37735849056603776,,-0.0528,-5.28,-5.283,OK,v9_clv_records,
46a91e2229dbb8eb,,sot,Declan Rice,over,2026-07-14T19:18:31.683400+00:00,3.6,0.2777777777777778,,3.6,0.2777777777777778,,0.0,0.0,0.0,CLOSE_EQUALS_ENTRY,v9_clv_records,
348ff97ab1f5a682,,goals,Giuliano Simeone,over,2026-07-15T02:09:31.349072+00:00,5.0,0.2,,,,,,,,NO_CLOSE,,
46a91e2229dbb8eb,,goals,Lionel Messi,over,2026-07-15T05:15:39.249899+00:00,2.56,0.390625,,2.68,0.3731343283582089,,-0.0448,-4.48,-4.4776,OK,v9_clv_records,
348ff97ab1f5a682,2026-08-19,sot,Giuliano Simeone,over,2026-07-15T18:10:09.575129+00:00,1.91,0.5235602094240838,2026-08-19 07:07:07+00:00,1.64,0.6097560975609756,-427.1,,,16.4634,CLOSE_NOT_PROVEN_PRE_KICKOFF,player_props_last_prekickoff,
46a91e2229dbb8eb,,sot,Anthony Gordon,over,2026-07-15T18:10:09.575633+00:00,2.25,0.4444444444444444,,2.25,0.4444444444444444,,0.0,0.0,0.0,CLOSE_EQUALS_ENTRY,v9_clv_records,
f76ea6b089da6541,,goals,Lionel Messi,over,2026-07-15T22:03:13.280178+00:00,2.45,0.4081632653061224,,2.94,0.3401360544217687,,-0.1667,-16.67,-16.6667,OK,v9_clv_records,
f76ea6b089da6541,,goals,Victor Muñoz,over,2026-07-15T22:03:13.280615+00:00,4.8,0.20833333333333334,,5.0,0.2,,-0.04,-4.0,-4.0,OK,v9_clv_records,
20f50bb196a5f825,,goals,Harry Kane,over,2026-07-15T22:03:13.281004+00:00,2.55,0.3921568627450981,,2.19,0.4566210045662101,,0.1644,16.44,16.4384,OK,v9_clv_records,
20f50bb196a5f825,,goals,Ousmane Dembélé,over,2026-07-15T22:03:13.281858+00:00,3.3,0.30303030303030304,,3.0,0.3333333333333333,,0.1,10.0,10.0,OK,v9_clv_records,
20f50bb196a5f825,,goals,Noni Madueke,over,2026-07-15T22:03:13.282796+00:00,6.2,0.16129032258064516,,5.1,0.19607843137254904,,0.2157,21.57,21.5686,OK,v9_clv_records,
56a6067c55ee0cda,,goals,Giuliano Simeone,over,2026-07-16T02:25:20.929261+00:00,6.2,0.16129032258064516,,,,,,,,NO_CLOSE,,
f76ea6b089da6541,,sot,Rodri,over,2026-07-16T11:12:42.178356+00:00,3.65,0.273972602739726,,4.0,0.25,,-0.0875,-8.75,-8.75,OK,v9_clv_records,
f76ea6b089da6541,,sot2,Victor Muñoz,over,2026-07-16T11:12:42.179103+00:00,3.7,0.27027027027027023,,5.5,0.18181818181818182,,-0.3273,-32.73,,CLV_IMPLAUSIBLE,v9_clv_records,
f76ea6b089da6541,,sot,Victor Muñoz,over,2026-07-16T15:14:51.068102+00:00,2.0,0.5,,2.0,0.5,,0.0,0.0,0.0,CLOSE_EQUALS_ENTRY,v9_clv_records,
521c3d8017cab5ab,,sot,Aurélien Tchouaméni,over,2026-07-16T23:19:45.410589+00:00,3.55,0.28169014084507044,,,,,,,,NO_CLOSE,,
521c3d8017cab5ab,,goals,Aurélien Tchouaméni,over,2026-07-16T23:19:45.419219+00:00,9.0,0.1111111111111111,,,,,,,,NO_CLOSE,,
20f50bb196a5f825,,sot,Marcus Rashford,over,2026-07-18T20:22:22.086785+00:00,2.0,0.5,,2.0,0.5,,0.0,0.0,0.0,CLOSE_EQUALS_ENTRY,v9_clv_records,
20f50bb196a5f825,,goals,Marcus Rashford,over,2026-07-18T20:22:22.088044+00:00,5.18,0.19305019305019305,,5.18,0.19305019305019305,,0.0,0.0,0.0,CLOSE_EQUALS_ENTRY,v9_clv_records,
64031e877f12ff77,,sot,Martín Satriano,over,2026-08-13T15:40:27.756789+00:00,1.67,0.5988023952095809,,1.76,0.5681818181818182,,-0.0511,-5.11,-5.1136,OK,v9_clv_records,
4a901c10060c0f32,,sot,Isi Palazón,over,2026-08-13T15:40:27.757157+00:00,1.91,0.5235602094240838,,1.91,0.5235602094240838,,0.0,0.0,0.0,CLOSE_EQUALS_ENTRY,v9_clv_records,
4a901c10060c0f32,,sot,Álvaro García,over,2026-08-13T15:40:27.836473+00:00,1.67,0.5988023952095809,,1.95,0.5128205128205129,,-0.1436,-14.36,-14.359,OK,v9_clv_records,
fa5f7b8579c507ac,,sot,Iván Romero,over,2026-08-13T15:40:27.912353+00:00,2.0,0.5,,1.53,0.6535947712418301,,0.3072,30.72,,CLV_IMPLAUSIBLE,v9_clv_records,
64031e877f12ff77,,sot,Jon Guridi,over,2026-08-13T15:40:27.914011+00:00,1.83,0.5464480874316939,,2.05,0.48780487804878053,,-0.1073,-10.73,-10.7317,OK,v9_clv_records,
fa5f7b8579c507ac,,sot,Jon Ander Olasagasti,over,2026-08-13T15:40:27.914403+00:00,4.0,0.25,,2.75,0.36363636363636365,,0.4545,45.45,,CLV_IMPLAUSIBLE,v9_clv_records,
64031e877f12ff77,,sot,Lucas Boyé,over,2026-08-13T15:40:27.915035+00:00,1.4,0.7142857142857143,,1.52,0.6578947368421053,,-0.0789,-7.89,-7.8947,OK,v9_clv_records,
4a901c10060c0f32,,sot,Sergio Camello,over,2026-08-13T15:40:27.915510+00:00,1.53,0.6535947712418301,,1.53,0.6535947712418301,,0.0,0.0,0.0,CLOSE_EQUALS_ENTRY,v9_clv_records,
fa5f7b8579c507ac,,sot,Tyrhys Dolan,over,2026-08-13T15:40:27.916765+00:00,1.71,0.5847953216374269,,1.91,0.5235602094240838,,-0.1047,-10.47,-10.4712,OK,v9_clv_records,
4a901c10060c0f32,,sot,Jorge de Frutos,over,2026-08-13T15:40:27.917064+00:00,1.44,0.6944444444444444,,1.8,0.5555555555555556,,-0.2,-20.0,-20.0,OK,v9_clv_records,
4a901c10060c0f32,,goals,Isi Palazón,over,2026-08-13T15:40:27.918496+00:00,6.0,0.16666666666666666,,5.8,0.1724137931034483,,0.0345,3.45,3.4483,OK,v9_clv_records,
fba606529648a222,2026-08-22,sot,Tyrhys Dolan,over,2026-08-13T15:40:27.919316+00:00,1.71,0.5847953216374269,2026-08-22 07:01:23+00:00,2.25,0.4444444444444444,-421.4,,,-24.0,CLOSE_NOT_PROVEN_PRE_KICKOFF,player_props_last_prekickoff,
fa5f7b8579c507ac,,goals,Iván Romero,over,2026-08-13T15:40:27.921427+00:00,3.8,0.2631578947368421,,4.5,0.2222222222222222,,-0.1556,-15.56,-15.5556,OK,v9_clv_records,
4a901c10060c0f32,,sot,Florian Lejeune,over,2026-08-13T15:40:27.923214+00:00,2.3,0.4347826086956522,,2.7,0.37037037037037035,,-0.1481,-14.81,-14.8148,OK,v9_clv_records,
4a901c10060c0f32,,goals,Álvaro García,over,2026-08-13T15:40:27.923962+00:00,4.75,0.21052631578947367,,4.6,0.2173913043478261,,0.0326,3.26,3.2609,OK,v9_clv_records,
64031e877f12ff77,,sot,Zaid Romero,over,2026-08-13T15:40:27.924403+00:00,7.0,0.14285714285714285,,6.5,0.15384615384615385,,0.0769,7.69,7.6923,OK,v9_clv_records,
64031e877f12ff77,,sot,Antonio Blanco,over,2026-08-13T15:40:27.926399+00:00,2.25,0.4444444444444444,,3.15,0.31746031746031744,,-0.2857,-28.57,,CLV_IMPLAUSIBLE,v9_clv_records,
64031e877f12ff77,,goals,Martín Satriano,over,2026-08-13T15:40:27.927571+00:00,2.9,0.3448275862068966,,6.0,0.16666666666666666,,-0.5167,-51.67,,CLV_IMPLAUSIBLE,v9_clv_records,
fa5f7b8579c507ac,,goals,Jon Ander Olasagasti,over,2026-08-13T15:40:27.927948+00:00,8.5,0.11764705882352941,,11.0,0.09090909090909091,,-0.2273,-22.73,-22.7273,OK,v9_clv_records,
4a901c10060c0f32,,sot,Kike Salas,over,2026-08-13T15:40:27.929511+00:00,2.88,0.3472222222222222,,5.0,0.2,,-0.424,-42.4,,CLV_IMPLAUSIBLE,v9_clv_records,
9e86f819a6c59be2,2026-08-17,sot,Lucas Boyé,over,2026-08-14T04:02:42.046106+00:00,1.51,0.6622516556291391,2026-08-17 13:56:29+00:00,1.51,0.6622516556291391,-836.5,,,0.0,CLOSE_NOT_PROVEN_PRE_KICKOFF,player_props_last_prekickoff,
4a901c10060c0f32,,cards,Gabriel Suazo,over,2026-08-14T16:28:36.101067+00:00,4.33,0.23094688221709006,,4.33,0.23094688221709006,,0.0,0.0,0.0,CLOSE_EQUALS_ENTRY,v9_clv_records,
64031e877f12ff77,,cards,Antonio Blanco,over,2026-08-14T16:28:36.108050+00:00,2.8,0.35714285714285715,,2.8,0.35714285714285715,,0.0,0.0,0.0,CLOSE_EQUALS_ENTRY,v9_clv_records,
64031e877f12ff77,,cards,Martín Satriano,over,2026-08-14T16:28:36.111797+00:00,3.8,0.2631578947368421,,3.8,0.2631578947368421,,0.0,0.0,0.0,CLOSE_EQUALS_ENTRY,v9_clv_records,
7bf6cd9c79eada9e,,goals,Victor Muñoz,over,2026-07-13T02:28:33.319043+00:00,5.75,0.17391304347826086,,5.75,0.17391304347826086,,0.0,0.0,0.0,CLOSE_EQUALS_ENTRY,v9_clv_records,
7bf6cd9c79eada9e,,sot,Adrien Rabiot,over,2026-07-13T02:28:33.319241+00:00,3.75,0.26666666666666666,,3.75,0.26666666666666666,,0.0,0.0,0.0,CLOSE_EQUALS_ENTRY,v9_clv_records,
46a91e2229dbb8eb,,sot,Nico O'Reilly,over,2026-07-13T02:28:33.319451+00:00,3.6,0.2777777777777778,,3.6,0.2777777777777778,,0.0,0.0,0.0,CLOSE_EQUALS_ENTRY,v9_clv_records,
46a91e2229dbb8eb,,goals,Noni Madueke,over,2026-07-13T02:28:33.320084+00:00,6.0,0.16666666666666666,,6.0,0.16666666666666666,,0.0,0.0,0.0,CLOSE_EQUALS_ENTRY,v9_clv_records,
7bf6cd9c79eada9e,,sot,Rodri,over,2026-07-13T02:28:33.320633+00:00,5.8,0.1724137931034483,,5.8,0.1724137931034483,,0.0,0.0,0.0,CLOSE_EQUALS_ENTRY,v9_clv_records,
46a91e2229dbb8eb,,sot,Noni Madueke,over,2026-07-14T17:15:55.485881+00:00,2.25,0.4444444444444444,,2.0,0.5,,0.125,12.5,12.5,OK,v9_clv_records,
46a91e2229dbb8eb,,goals,Harry Kane,over,2026-07-14T19:18:31.682451+00:00,2.51,0.39840637450199207,,2.65,0.37735849056603776,,-0.0528,-5.28,-5.283,OK,v9_clv_records,
46a91e2229dbb8eb,,sot,Declan Rice,over,2026-07-14T19:18:31.683400+00:00,3.6,0.2777777777777778,,3.6,0.2777777777777778,,0.0,0.0,0.0,CLOSE_EQUALS_ENTRY,v9_clv_records,
348ff97ab1f5a682,,goals,Giuliano Simeone,over,2026-07-15T02:09:31.349072+00:00,5.0,0.2,,,,,,,,NO_CLOSE,,
46a91e2229dbb8eb,,goals,Lionel Messi,over,2026-07-15T05:15:39.249899+00:00,2.56,0.390625,,2.68,0.3731343283582089,,-0.0448,-4.48,-4.4776,OK,v9_clv_records,
348ff97ab1f5a682,2026-08-19,sot,Giuliano Simeone,over,2026-07-15T18:10:09.575129+00:00,1.91,0.5235602094240838,2026-08-19 07:07:07+00:00,1.64,0.6097560975609756,-427.1,,,16.4634,CLOSE_NOT_PROVEN_PRE_KICKOFF,player_props_last_prekickoff,
46a91e2229dbb8eb,,sot,Anthony Gordon,over,2026-07-15T18:10:09.575633+00:00,2.25,0.4444444444444444,,2.25,0.4444444444444444,,0.0,0.0,0.0,CLOSE_EQUALS_ENTRY,v9_clv_records,
f76ea6b089da6541,,goals,Lionel Messi,over,2026-07-15T22:03:13.280178+00:00,2.45,0.4081632653061224,,2.94,0.3401360544217687,,-0.1667,-16.67,-16.6667,OK,v9_clv_records,
f76ea6b089da6541,,goals,Victor Muñoz,over,2026-07-15T22:03:13.280615+00:00,4.8,0.20833333333333334,,5.0,0.2,,-0.04,-4.0,-4.0,OK,v9_clv_records,
20f50bb196a5f825,,goals,Harry Kane,over,2026-07-15T22:03:13.281004+00:00,2.55,0.3921568627450981,,2.19,0.4566210045662101,,0.1644,16.44,16.4384,OK,v9_clv_records,
20f50bb196a5f825,,goals,Ousmane Dembélé,over,2026-07-15T22:03:13.281858+00:00,3.3,0.30303030303030304,,3.0,0.3333333333333333,,0.1,10.0,10.0,OK,v9_clv_records,
20f50bb196a5f825,,goals,Noni Madueke,over,2026-07-15T22:03:13.282796+00:00,6.2,0.16129032258064516,,5.1,0.19607843137254904,,0.2157,21.57,21.5686,OK,v9_clv_records,
56a6067c55ee0cda,,goals,Giuliano Simeone,over,2026-07-16T02:25:20.929261+00:00,6.2,0.16129032258064516,,,,,,,,NO_CLOSE,,
f76ea6b089da6541,,sot,Rodri,over,2026-07-16T11:12:42.178356+00:00,3.65,0.273972602739726,,4.0,0.25,,-0.0875,-8.75,-8.75,OK,v9_clv_records,
f76ea6b089da6541,,sot2,Victor Muñoz,over,2026-07-16T11:12:42.179103+00:00,3.7,0.27027027027027023,,5.5,0.18181818181818182,,-0.3273,-32.73,,CLV_IMPLAUSIBLE,v9_clv_records,
f76ea6b089da6541,,sot,Victor Muñoz,over,2026-07-16T15:14:51.068102+00:00,2.0,0.5,,2.0,0.5,,0.0,0.0,0.0,CLOSE_EQUALS_ENTRY,v9_clv_records,
521c3d8017cab5ab,,sot,Aurélien Tchouaméni,over,2026-07-16T23:19:45.410589+00:00,3.55,0.28169014084507044,,,,,,,,NO_CLOSE,,
521c3d8017cab5ab,,goals,Aurélien Tchouaméni,over,2026-07-16T23:19:45.419219+00:00,9.0,0.1111111111111111,,,,,,,,NO_CLOSE,,
20f50bb196a5f825,,sot,Marcus Rashford,over,2026-07-18T20:22:22.086785+00:00,2.0,0.5,,2.0,0.5,,0.0,0.0,0.0,CLOSE_EQUALS_ENTRY,v9_clv_records,
20f50bb196a5f825,,goals,Marcus Rashford,over,2026-07-18T20:22:22.088044+00:00,5.18,0.19305019305019305,,5.18,0.19305019305019305,,0.0,0.0,0.0,CLOSE_EQUALS_ENTRY,v9_clv_records,
64031e877f12ff77,,sot,Martín Satriano,over,2026-08-13T15:40:27.756789+00:00,1.67,0.5988023952095809,,1.76,0.5681818181818182,,-0.0511,-5.11,-5.1136,OK,v9_clv_records,
4a901c10060c0f32,,sot,Isi Palazón,over,2026-08-13T15:40:27.757157+00:00,1.91,0.5235602094240838,,1.91,0.5235602094240838,,0.0,0.0,0.0,CLOSE_EQUALS_ENTRY,v9_clv_records,
4a901c10060c0f32,,sot,Álvaro García,over,2026-08-13T15:40:27.836473+00:00,1.67,0.5988023952095809,,1.95,0.5128205128205129,,-0.1436,-14.36,-14.359,OK,v9_clv_records,
fa5f7b8579c507ac,,sot,Iván Romero,over,2026-08-13T15:40:27.912353+00:00,2.0,0.5,,1.53,0.6535947712418301,,0.3072,30.72,,CLV_IMPLAUSIBLE,v9_clv_records,
64031e877f12ff77,,sot,Jon Guridi,over,2026-08-13T15:40:27.914011+00:00,1.83,0.5464480874316939,,2.05,0.48780487804878053,,-0.1073,-10.73,-10.7317,OK,v9_clv_records,
fa5f7b8579c507ac,,sot,Jon Ander Olasagasti,over,2026-08-13T15:40:27.914403+00:00,4.0,0.25,,2.75,0.36363636363636365,,0.4545,45.45,,CLV_IMPLAUSIBLE,v9_clv_records,
64031e877f12ff77,,sot,Lucas Boyé,over,2026-08-13T15:40:27.915035+00:00,1.4,0.7142857142857143,,1.52,0.6578947368421053,,-0.0789,-7.89,-7.8947,OK,v9_clv_records,
4a901c10060c0f32,,sot,Sergio Camello,over,2026-08-13T15:40:27.915510+00:00,1.53,0.6535947712418301,,1.53,0.6535947712418301,,0.0,0.0,0.0,CLOSE_EQUALS_ENTRY,v9_clv_records,
fa5f7b8579c507ac,,sot,Tyrhys Dolan,over,2026-08-13T15:40:27.916765+00:00,1.71,0.5847953216374269,,1.91,0.5235602094240838,,-0.1047,-10.47,-10.4712,OK,v9_clv_records,
4a901c10060c0f32,,sot,Jorge de Frutos,over,2026-08-13T15:40:27.917064+00:00,1.44,0.6944444444444444,,1.8,0.5555555555555556,,-0.2,-20.0,-20.0,OK,v9_clv_records,
4a901c10060c0f32,,goals,Isi Palazón,over,2026-08-13T15:40:27.918496+00:00,6.0,0.16666666666666666,,5.8,0.1724137931034483,,0.0345,3.45,3.4483,OK,v9_clv_records,
fba606529648a222,2026-08-22,sot,Tyrhys Dolan,over,2026-08-13T15:40:27.919316+00:00,1.71,0.5847953216374269,2026-08-22 07:01:23+00:00,2.25,0.4444444444444444,-421.4,,,-24.0,CLOSE_NOT_PROVEN_PRE_KICKOFF,player_props_last_prekickoff,
fa5f7b8579c507ac,,goals,Iván Romero,over,2026-08-13T15:40:27.921427+00:00,3.8,0.2631578947368421,,4.5,0.2222222222222222,,-0.1556,-15.56,-15.5556,OK,v9_clv_records,
4a901c10060c0f32,,sot,Florian Lejeune,over,2026-08-13T15:40:27.923214+00:00,2.3,0.4347826086956522,,2.7,0.37037037037037035,,-0.1481,-14.81,-14.8148,OK,v9_clv_records,
4a901c10060c0f32,,goals,Álvaro García,over,2026-08-13T15:40:27.923962+00:00,4.75,0.21052631578947367,,4.6,0.2173913043478261,,0.0326,3.26,3.2609,OK,v9_clv_records,
64031e877f12ff77,,sot,Zaid Romero,over,2026-08-13T15:40:27.924403+00:00,7.0,0.14285714285714285,,6.5,0.15384615384615385,,0.0769,7.69,7.6923,OK,v9_clv_records,
64031e877f12ff77,,sot,Antonio Blanco,over,2026-08-13T15:40:27.926399+00:00,2.25,0.4444444444444444,,3.15,0.31746031746031744,,-0.2857,-28.57,,CLV_IMPLAUSIBLE,v9_clv_records,
64031e877f12ff77,,goals,Martín Satriano,over,2026-08-13T15:40:27.927571+00:00,2.9,0.3448275862068966,,6.0,0.16666666666666666,,-0.5167,-51.67,,CLV_IMPLAUSIBLE,v9_clv_records,
fa5f7b8579c507ac,,goals,Jon Ander Olasagasti,over,2026-08-13T15:40:27.927948+00:00,8.5,0.11764705882352941,,11.0,0.09090909090909091,,-0.2273,-22.73,-22.7273,OK,v9_clv_records,
4a901c10060c0f32,,sot,Kike Salas,over,2026-08-13T15:40:27.929511+00:00,2.88,0.3472222222222222,,5.0,0.2,,-0.424,-42.4,,CLV_IMPLAUSIBLE,v9_clv_records,
9e86f819a6c59be2,2026-08-17,sot,Lucas Boyé,over,2026-08-14T04:02:42.046106+00:00,1.51,0.6622516556291391,2026-08-17 13:56:29+00:00,1.51,0.6622516556291391,-836.5,,,0.0,CLOSE_NOT_PROVEN_PRE_KICKOFF,player_props_last_prekickoff,
4a901c10060c0f32,,cards,Gabriel Suazo,over,2026-08-14T16:28:36.101067+00:00,4.33,0.23094688221709006,,4.33,0.23094688221709006,,0.0,0.0,0.0,CLOSE_EQUALS_ENTRY,v9_clv_records,
64031e877f12ff77,,cards,Antonio Blanco,over,2026-08-14T16:28:36.108050+00:00,2.8,0.35714285714285715,,2.8,0.35714285714285715,,0.0,0.0,0.0,CLOSE_EQUALS_ENTRY,v9_clv_records,
64031e877f12ff77,,cards,Martín Satriano,over,2026-08-14T16:28:36.111797+00:00,3.8,0.2631578947368421,,3.8,0.2631578947368421,,0.0,0.0,0.0,CLOSE_EQUALS_ENTRY,v9_clv_records,
7bf6cd9c79eada9e,,goals,Victor Muñoz,over,2026-07-13T02:28:33.319043+00:00,5.75,0.17391304347826086,,5.75,0.17391304347826086,,0.0,0.0,0.0,CLOSE_EQUALS_ENTRY,v9_clv_records,
7bf6cd9c79eada9e,,sot,Adrien Rabiot,over,2026-07-13T02:28:33.319241+00:00,3.75,0.26666666666666666,,3.75,0.26666666666666666,,0.0,0.0,0.0,CLOSE_EQUALS_ENTRY,v9_clv_records,
46a91e2229dbb8eb,,sot,Nico O'Reilly,over,2026-07-13T02:28:33.319451+00:00,3.6,0.2777777777777778,,3.6,0.2777777777777778,,0.0,0.0,0.0,CLOSE_EQUALS_ENTRY,v9_clv_records,
46a91e2229dbb8eb,,goals,Noni Madueke,over,2026-07-13T02:28:33.320084+00:00,6.0,0.16666666666666666,,6.0,0.16666666666666666,,0.0,0.0,0.0,CLOSE_EQUALS_ENTRY,v9_clv_records,
7bf6cd9c79eada9e,,sot,Rodri,over,2026-07-13T02:28:33.320633+00:00,5.8,0.1724137931034483,,5.8,0.1724137931034483,,0.0,0.0,0.0,CLOSE_EQUALS_ENTRY,v9_clv_records,
46a91e2229dbb8eb,,sot,Noni Madueke,over,2026-07-14T17:15:55.485881+00:00,2.25,0.4444444444444444,,2.0,0.5,,0.125,12.5,12.5,OK,v9_clv_records,
46a91e2229dbb8eb,,goals,Harry Kane,over,2026-07-14T19:18:31.682451+00:00,2.51,0.39840637450199207,,2.65,0.37735849056603776,,-0.0528,-5.28,-5.283,OK,v9_clv_records,
46a91e2229dbb8eb,,sot,Declan Rice,over,2026-07-14T19:18:31.683400+00:00,3.6,0.2777777777777778,,3.6,0.2777777777777778,,0.0,0.0,0.0,CLOSE_EQUALS_ENTRY,v9_clv_records,
348ff97ab1f5a682,,goals,Giuliano Simeone,over,2026-07-15T02:09:31.349072+00:00,5.0,0.2,,,,,,,,NO_CLOSE,,
46a91e2229dbb8eb,,goals,Lionel Messi,over,2026-07-15T05:15:39.249899+00:00,2.56,0.390625,,2.68,0.3731343283582089,,-0.0448,-4.48,-4.4776,OK,v9_clv_records,
348ff97ab1f5a682,2026-08-19,sot,Giuliano Simeone,over,2026-07-15T18:10:09.575129+00:00,1.91,0.5235602094240838,2026-08-19 07:07:07+00:00,1.64,0.6097560975609756,-427.1,,,16.4634,CLOSE_NOT_PROVEN_PRE_KICKOFF,player_props_last_prekickoff,
46a91e2229dbb8eb,,sot,Anthony Gordon,over,2026-07-15T18:10:09.575633+00:00,2.25,0.4444444444444444,,2.25,0.4444444444444444,,0.0,0.0,0.0,CLOSE_EQUALS_ENTRY,v9_clv_records,
f76ea6b089da6541,,goals,Lionel Messi,over,2026-07-15T22:03:13.280178+00:00,2.45,0.4081632653061224,,2.94,0.3401360544217687,,-0.1667,-16.67,-16.6667,OK,v9_clv_records,
f76ea6b089da6541,,goals,Victor Muñoz,over,2026-07-15T22:03:13.280615+00:00,4.8,0.20833333333333334,,5.0,0.2,,-0.04,-4.0,-4.0,OK,v9_clv_records,
20f50bb196a5f825,,goals,Harry Kane,over,2026-07-15T22:03:13.281004+00:00,2.55,0.3921568627450981,,2.19,0.4566210045662101,,0.1644,16.44,16.4384,OK,v9_clv_records,
20f50bb196a5f825,,goals,Ousmane Dembélé,over,2026-07-15T22:03:13.281858+00:00,3.3,0.30303030303030304,,3.0,0.3333333333333333,,0.1,10.0,10.0,OK,v9_clv_records,
20f50bb196a5f825,,goals,Noni Madueke,over,2026-07-15T22:03:13.282796+00:00,6.2,0.16129032258064516,,5.1,0.19607843137254904,,0.2157,21.57,21.5686,OK,v9_clv_records,
56a6067c55ee0cda,,goals,Giuliano Simeone,over,2026-07-16T02:25:20.929261+00:00,6.2,0.16129032258064516,,,,,,,,NO_CLOSE,,
f76ea6b089da6541,,sot,Rodri,over,2026-07-16T11:12:42.178356+00:00,3.65,0.273972602739726,,4.0,0.25,,-0.0875,-8.75,-8.75,OK,v9_clv_records,
f76ea6b089da6541,,sot2,Victor Muñoz,over,2026-07-16T11:12:42.179103+00:00,3.7,0.27027027027027023,,5.5,0.18181818181818182,,-0.3273,-32.73,,CLV_IMPLAUSIBLE,v9_clv_records,
f76ea6b089da6541,,sot,Victor Muñoz,over,2026-07-16T15:14:51.068102+00:00,2.0,0.5,,2.0,0.5,,0.0,0.0,0.0,CLOSE_EQUALS_ENTRY,v9_clv_records,
521c3d8017cab5ab,,sot,Aurélien Tchouaméni,over,2026-07-16T23:19:45.410589+00:00,3.55,0.28169014084507044,,,,,,,,NO_CLOSE,,
521c3d8017cab5ab,,goals,Aurélien Tchouaméni,over,2026-07-16T23:19:45.419219+00:00,9.0,0.1111111111111111,,,,,,,,NO_CLOSE,,
20f50bb196a5f825,,sot,Marcus Rashford,over,2026-07-18T20:22:22.086785+00:00,2.0,0.5,,2.0,0.5,,0.0,0.0,0.0,CLOSE_EQUALS_ENTRY,v9_clv_records,
20f50bb196a5f825,,goals,Marcus Rashford,over,2026-07-18T20:22:22.088044+00:00,5.18,0.19305019305019305,,5.18,0.19305019305019305,,0.0,0.0,0.0,CLOSE_EQUALS_ENTRY,v9_clv_records,
64031e877f12ff77,,sot,Martín Satriano,over,2026-08-13T15:40:27.756789+00:00,1.67,0.5988023952095809,,1.76,0.5681818181818182,,-0.0511,-5.11,-5.1136,OK,v9_clv_records,
4a901c10060c0f32,,sot,Isi Palazón,over,2026-08-13T15:40:27.757157+00:00,1.91,0.5235602094240838,,1.91,0.5235602094240838,,0.0,0.0,0.0,CLOSE_EQUALS_ENTRY,v9_clv_records,
4a901c10060c0f32,,sot,Álvaro García,over,2026-08-13T15:40:27.836473+00:00,1.67,0.5988023952095809,,1.95,0.5128205128205129,,-0.1436,-14.36,-14.359,OK,v9_clv_records,
fa5f7b8579c507ac,,sot,Iván Romero,over,2026-08-13T15:40:27.912353+00:00,2.0,0.5,,1.53,0.6535947712418301,,0.3072,30.72,,CLV_IMPLAUSIBLE,v9_clv_records,
64031e877f12ff77,,sot,Jon Guridi,over,2026-08-13T15:40:27.914011+00:00,1.83,0.5464480874316939,,2.05,0.48780487804878053,,-0.1073,-10.73,-10.7317,OK,v9_clv_records,
fa5f7b8579c507ac,,sot,Jon Ander Olasagasti,over,2026-08-13T15:40:27.914403+00:00,4.0,0.25,,2.75,0.36363636363636365,,0.4545,45.45,,CLV_IMPLAUSIBLE,v9_clv_records,
64031e877f12ff77,,sot,Lucas Boyé,over,2026-08-13T15:40:27.915035+00:00,1.4,0.7142857142857143,,1.52,0.6578947368421053,,-0.0789,-7.89,-7.8947,OK,v9_clv_records,
4a901c10060c0f32,,sot,Sergio Camello,over,2026-08-13T15:40:27.915510+00:00,1.53,0.6535947712418301,,1.53,0.6535947712418301,,0.0,0.0,0.0,CLOSE_EQUALS_ENTRY,v9_clv_records,
fa5f7b8579c507ac,,sot,Tyrhys Dolan,over,2026-08-13T15:40:27.916765+00:00,1.71,0.5847953216374269,,1.91,0.5235602094240838,,-0.1047,-10.47,-10.4712,OK,v9_clv_records,
4a901c10060c0f32,,sot,Jorge de Frutos,over,2026-08-13T15:40:27.917064+00:00,1.44,0.6944444444444444,,1.8,0.5555555555555556,,-0.2,-20.0,-20.0,OK,v9_clv_records,
4a901c10060c0f32,,goals,Isi Palazón,over,2026-08-13T15:40:27.918496+00:00,6.0,0.16666666666666666,,5.8,0.1724137931034483,,0.0345,3.45,3.4483,OK,v9_clv_records,
fba606529648a222,2026-08-22,sot,Tyrhys Dolan,over,2026-08-13T15:40:27.919316+00:00,1.71,0.5847953216374269,2026-08-22 07:01:23+00:00,2.25,0.4444444444444444,-421.4,,,-24.0,CLOSE_NOT_PROVEN_PRE_KICKOFF,player_props_last_prekickoff,
fa5f7b8579c507ac,,goals,Iván Romero,over,2026-08-13T15:40:27.921427+00:00,3.8,0.2631578947368421,,4.5,0.2222222222222222,,-0.1556,-15.56,-15.5556,OK,v9_clv_records,
4a901c10060c0f32,,sot,Florian Lejeune,over,2026-08-13T15:40:27.923214+00:00,2.3,0.4347826086956522,,2.7,0.37037037037037035,,-0.1481,-14.81,-14.8148,OK,v9_clv_records,
4a901c10060c0f32,,goals,Álvaro García,over,2026-08-13T15:40:27.923962+00:00,4.75,0.21052631578947367,,4.6,0.2173913043478261,,0.0326,3.26,3.2609,OK,v9_clv_records,
64031e877f12ff77,,sot,Zaid Romero,over,2026-08-13T15:40:27.924403+00:00,7.0,0.14285714285714285,,6.5,0.15384615384615385,,0.0769,7.69,7.6923,OK,v9_clv_records,
64031e877f12ff77,,sot,Antonio Blanco,over,2026-08-13T15:40:27.926399+00:00,2.25,0.4444444444444444,,3.15,0.31746031746031744,,-0.2857,-28.57,,CLV_IMPLAUSIBLE,v9_clv_records,
64031e877f12ff77,,goals,Martín Satriano,over,2026-08-13T15:40:27.927571+00:00,2.9,0.3448275862068966,,6.0,0.16666666666666666,,-0.5167,-51.67,,CLV_IMPLAUSIBLE,v9_clv_records,
fa5f7b8579c507ac,,goals,Jon Ander Olasagasti,over,2026-08-13T15:40:27.927948+00:00,8.5,0.11764705882352941,,11.0,0.09090909090909091,,-0.2273,-22.73,-22.7273,OK,v9_clv_records,
4a901c10060c0f32,,sot,Kike Salas,over,2026-08-13T15:40:27.929511+00:00,2.88,0.3472222222222222,,5.0,0.2,,-0.424,-42.4,,CLV_IMPLAUSIBLE,v9_clv_records,
9e86f819a6c59be2,2026-08-17,sot,Lucas Boyé,over,2026-08-14T04:02:42.046106+00:00,1.51,0.6622516556291391,2026-08-17 13:56:29+00:00,1.51,0.6622516556291391,-836.5,,,0.0,CLOSE_NOT_PROVEN_PRE_KICKOFF,player_props_last_prekickoff,
4a901c10060c0f32,,cards,Gabriel Suazo,over,2026-08-14T16:28:36.101067+00:00,4.33,0.23094688221709006,,4.33,0.23094688221709006,,0.0,0.0,0.0,CLOSE_EQUALS_ENTRY,v9_clv_records,
64031e877f12ff77,,cards,Antonio Blanco,over,2026-08-14T16:28:36.108050+00:00,2.8,0.35714285714285715,,2.8,0.35714285714285715,,0.0,0.0,0.0,CLOSE_EQUALS_ENTRY,v9_clv_records,
64031e877f12ff77,,cards,Martín Satriano,over,2026-08-14T16:28:36.111797+00:00,3.8,0.2631578947368421,,3.8,0.2631578947368421,,0.0,0.0,0.0,CLOSE_EQUALS_ENTRY,v9_clv_records,
7bf6cd9c79eada9e,,goals,Victor Muñoz,over,2026-07-13T02:28:33.319043+00:00,5.75,0.17391304347826086,,5.75,0.17391304347826086,,0.0,0.0,0.0,CLOSE_EQUALS_ENTRY,v9_clv_records,
7bf6cd9c79eada9e,,sot,Adrien Rabiot,over,2026-07-13T02:28:33.319241+00:00,3.75,0.26666666666666666,,3.75,0.26666666666666666,,0.0,0.0,0.0,CLOSE_EQUALS_ENTRY,v9_clv_records,LOSS
46a91e2229dbb8eb,,sot,Nico O'Reilly,over,2026-07-13T02:28:33.319451+00:00,3.6,0.2777777777777778,,3.6,0.2777777777777778,,0.0,0.0,0.0,CLOSE_EQUALS_ENTRY,v9_clv_records,
46a91e2229dbb8eb,,goals,Noni Madueke,over,2026-07-13T02:28:33.320084+00:00,6.0,0.16666666666666666,,6.0,0.16666666666666666,,0.0,0.0,0.0,CLOSE_EQUALS_ENTRY,v9_clv_records,
7bf6cd9c79eada9e,,sot,Rodri,over,2026-07-13T02:28:33.320633+00:00,5.8,0.1724137931034483,,5.8,0.1724137931034483,,0.0,0.0,0.0,CLOSE_EQUALS_ENTRY,v9_clv_records,LOSS
46a91e2229dbb8eb,,sot,Noni Madueke,over,2026-07-14T17:15:55.485881+00:00,2.25,0.4444444444444444,,2.0,0.5,,0.125,12.5,12.5,OK,v9_clv_records,
46a91e2229dbb8eb,,goals,Harry Kane,over,2026-07-14T19:18:31.682451+00:00,2.51,0.39840637450199207,,2.65,0.37735849056603776,,-0.0528,-5.28,-5.283,OK,v9_clv_records,LOSS
46a91e2229dbb8eb,,sot,Declan Rice,over,2026-07-14T19:18:31.683400+00:00,3.6,0.2777777777777778,,3.6,0.2777777777777778,,0.0,0.0,0.0,CLOSE_EQUALS_ENTRY,v9_clv_records,WIN
348ff97ab1f5a682,,goals,Giuliano Simeone,over,2026-07-15T02:09:31.349072+00:00,5.0,0.2,,,,,,,,NO_CLOSE,,
46a91e2229dbb8eb,,goals,Lionel Messi,over,2026-07-15T05:15:39.249899+00:00,2.56,0.390625,,2.68,0.3731343283582089,,-0.0448,-4.48,-4.4776,OK,v9_clv_records,LOSS
348ff97ab1f5a682,2026-08-19,sot,Giuliano Simeone,over,2026-07-15T18:10:09.575129+00:00,1.91,0.5235602094240838,2026-08-19 07:07:07+00:00,1.64,0.6097560975609756,-427.1,,,16.4634,CLOSE_NOT_PROVEN_PRE_KICKOFF,player_props_last_prekickoff,
46a91e2229dbb8eb,,sot,Anthony Gordon,over,2026-07-15T18:10:09.575633+00:00,2.25,0.4444444444444444,,2.25,0.4444444444444444,,0.0,0.0,0.0,CLOSE_EQUALS_ENTRY,v9_clv_records,WIN
f76ea6b089da6541,,goals,Lionel Messi,over,2026-07-15T22:03:13.280178+00:00,2.45,0.4081632653061224,,2.94,0.3401360544217687,,-0.1667,-16.67,-16.6667,OK,v9_clv_records,LOSS
f76ea6b089da6541,,goals,Victor Muñoz,over,2026-07-15T22:03:13.280615+00:00,4.8,0.20833333333333334,,5.0,0.2,,-0.04,-4.0,-4.0,OK,v9_clv_records,
20f50bb196a5f825,,goals,Harry Kane,over,2026-07-15T22:03:13.281004+00:00,2.55,0.3921568627450981,,2.19,0.4566210045662101,,0.1644,16.44,16.4384,OK,v9_clv_records,
20f50bb196a5f825,,goals,Ousmane Dembélé,over,2026-07-15T22:03:13.281858+00:00,3.3,0.30303030303030304,,3.0,0.3333333333333333,,0.1,10.0,10.0,OK,v9_clv_records,WIN
20f50bb196a5f825,,goals,Noni Madueke,over,2026-07-15T22:03:13.282796+00:00,6.2,0.16129032258064516,,5.1,0.19607843137254904,,0.2157,21.57,21.5686,OK,v9_clv_records,
56a6067c55ee0cda,,goals,Giuliano Simeone,over,2026-07-16T02:25:20.929261+00:00,6.2,0.16129032258064516,,,,,,,,NO_CLOSE,,
f76ea6b089da6541,,sot,Rodri,over,2026-07-16T11:12:42.178356+00:00,3.65,0.273972602739726,,4.0,0.25,,-0.0875,-8.75,-8.75,OK,v9_clv_records,LOSS
f76ea6b089da6541,,sot2,Victor Muñoz,over,2026-07-16T11:12:42.179103+00:00,3.7,0.27027027027027023,,5.5,0.18181818181818182,,-0.3273,-32.73,,CLV_IMPLAUSIBLE,v9_clv_records,
f76ea6b089da6541,,sot,Victor Muñoz,over,2026-07-16T15:14:51.068102+00:00,2.0,0.5,,2.0,0.5,,0.0,0.0,0.0,CLOSE_EQUALS_ENTRY,v9_clv_records,
521c3d8017cab5ab,,sot,Aurélien Tchouaméni,over,2026-07-16T23:19:45.410589+00:00,3.55,0.28169014084507044,,,,,,,,NO_CLOSE,,
521c3d8017cab5ab,,goals,Aurélien Tchouaméni,over,2026-07-16T23:19:45.419219+00:00,9.0,0.1111111111111111,,,,,,,,NO_CLOSE,,
20f50bb196a5f825,,sot,Marcus Rashford,over,2026-07-18T20:22:22.086785+00:00,2.0,0.5,,2.0,0.5,,0.0,0.0,0.0,CLOSE_EQUALS_ENTRY,v9_clv_records,WIN
20f50bb196a5f825,,goals,Marcus Rashford,over,2026-07-18T20:22:22.088044+00:00,5.18,0.19305019305019305,,5.18,0.19305019305019305,,0.0,0.0,0.0,CLOSE_EQUALS_ENTRY,v9_clv_records,LOSS
64031e877f12ff77,,sot,Martín Satriano,over,2026-08-13T15:40:27.756789+00:00,1.67,0.5988023952095809,,1.76,0.5681818181818182,,-0.0511,-5.11,-5.1136,OK,v9_clv_records,WIN
4a901c10060c0f32,,sot,Isi Palazón,over,2026-08-13T15:40:27.757157+00:00,1.91,0.5235602094240838,,1.91,0.5235602094240838,,0.0,0.0,0.0,CLOSE_EQUALS_ENTRY,v9_clv_records,LOSS
4a901c10060c0f32,,sot,Álvaro García,over,2026-08-13T15:40:27.836473+00:00,1.67,0.5988023952095809,,1.95,0.5128205128205129,,-0.1436,-14.36,-14.359,OK,v9_clv_records,WIN
fa5f7b8579c507ac,,sot,Iván Romero,over,2026-08-13T15:40:27.912353+00:00,2.0,0.5,,1.53,0.6535947712418301,,0.3072,30.72,,CLV_IMPLAUSIBLE,v9_clv_records,LOSS
64031e877f12ff77,,sot,Jon Guridi,over,2026-08-13T15:40:27.914011+00:00,1.83,0.5464480874316939,,2.05,0.48780487804878053,,-0.1073,-10.73,-10.7317,OK,v9_clv_records,WIN
fa5f7b8579c507ac,,sot,Jon Ander Olasagasti,over,2026-08-13T15:40:27.914403+00:00,4.0,0.25,,2.75,0.36363636363636365,,0.4545,45.45,,CLV_IMPLAUSIBLE,v9_clv_records,LOSS
64031e877f12ff77,,sot,Lucas Boyé,over,2026-08-13T15:40:27.915035+00:00,1.4,0.7142857142857143,,1.52,0.6578947368421053,,-0.0789,-7.89,-7.8947,OK,v9_clv_records,
4a901c10060c0f32,,sot,Sergio Camello,over,2026-08-13T15:40:27.915510+00:00,1.53,0.6535947712418301,,1.53,0.6535947712418301,,0.0,0.0,0.0,CLOSE_EQUALS_ENTRY,v9_clv_records,LOSS
fa5f7b8579c507ac,,sot,Tyrhys Dolan,over,2026-08-13T15:40:27.916765+00:00,1.71,0.5847953216374269,,1.91,0.5235602094240838,,-0.1047,-10.47,-10.4712,OK,v9_clv_records,WIN
4a901c10060c0f32,,sot,Jorge de Frutos,over,2026-08-13T15:40:27.917064+00:00,1.44,0.6944444444444444,,1.8,0.5555555555555556,,-0.2,-20.0,-20.0,OK,v9_clv_records,LOSS
4a901c10060c0f32,,goals,Isi Palazón,over,2026-08-13T15:40:27.918496+00:00,6.0,0.16666666666666666,,5.8,0.1724137931034483,,0.0345,3.45,3.4483,OK,v9_clv_records,LOSS
fba606529648a222,2026-08-22,sot,Tyrhys Dolan,over,2026-08-13T15:40:27.919316+00:00,1.71,0.5847953216374269,2026-08-22 07:01:23+00:00,2.25,0.4444444444444444,-421.4,,,-24.0,CLOSE_NOT_PROVEN_PRE_KICKOFF,player_props_last_prekickoff,
fa5f7b8579c507ac,,goals,Iván Romero,over,2026-08-13T15:40:27.921427+00:00,3.8,0.2631578947368421,,4.5,0.2222222222222222,,-0.1556,-15.56,-15.5556,OK,v9_clv_records,LOSS
4a901c10060c0f32,,sot,Florian Lejeune,over,2026-08-13T15:40:27.923214+00:00,2.3,0.4347826086956522,,2.7,0.37037037037037035,,-0.1481,-14.81,-14.8148,OK,v9_clv_records,WIN
4a901c10060c0f32,,goals,Álvaro García,over,2026-08-13T15:40:27.923962+00:00,4.75,0.21052631578947367,,4.6,0.2173913043478261,,0.0326,3.26,3.2609,OK,v9_clv_records,WIN
64031e877f12ff77,,sot,Zaid Romero,over,2026-08-13T15:40:27.924403+00:00,7.0,0.14285714285714285,,6.5,0.15384615384615385,,0.0769,7.69,7.6923,OK,v9_clv_records,LOSS
64031e877f12ff77,,sot,Antonio Blanco,over,2026-08-13T15:40:27.926399+00:00,2.25,0.4444444444444444,,3.15,0.31746031746031744,,-0.2857,-28.57,,CLV_IMPLAUSIBLE,v9_clv_records,LOSS
64031e877f12ff77,,goals,Martín Satriano,over,2026-08-13T15:40:27.927571+00:00,2.9,0.3448275862068966,,6.0,0.16666666666666666,,-0.5167,-51.67,,CLV_IMPLAUSIBLE,v9_clv_records,LOSS
fa5f7b8579c507ac,,goals,Jon Ander Olasagasti,over,2026-08-13T15:40:27.927948+00:00,8.5,0.11764705882352941,,11.0,0.09090909090909091,,-0.2273,-22.73,-22.7273,OK,v9_clv_records,LOSS
4a901c10060c0f32,,sot,Kike Salas,over,2026-08-13T15:40:27.929511+00:00,2.88,0.3472222222222222,,5.0,0.2,,-0.424,-42.4,,CLV_IMPLAUSIBLE,v9_clv_records,LOSS
9e86f819a6c59be2,2026-08-17,sot,Lucas Boyé,over,2026-08-14T04:02:42.046106+00:00,1.51,0.6622516556291391,2026-08-17 13:56:29+00:00,1.51,0.6622516556291391,-836.5,,,0.0,CLOSE_NOT_PROVEN_PRE_KICKOFF,player_props_last_prekickoff,
4a901c10060c0f32,,cards,Gabriel Suazo,over,2026-08-14T16:28:36.101067+00:00,4.33,0.23094688221709006,,4.33,0.23094688221709006,,0.0,0.0,0.0,CLOSE_EQUALS_ENTRY,v9_clv_records,WIN
64031e877f12ff77,,cards,Antonio Blanco,over,2026-08-14T16:28:36.108050+00:00,2.8,0.35714285714285715,,2.8,0.35714285714285715,,0.0,0.0,0.0,CLOSE_EQUALS_ENTRY,v9_clv_records,WIN
64031e877f12ff77,,cards,Martín Satriano,over,2026-08-14T16:28:36.111797+00:00,3.8,0.2631578947368421,,3.8,0.2631578947368421,,0.0,0.0,0.0,CLOSE_EQUALS_ENTRY,v9_clv_records,LOSS
4ab97e5dc4a391e1,2026-08-21,sot,Viktor Gyökeres,over,2026-08-18T07:37:52.852298+00:00,1.22,0.819672131147541,2026-08-21 07:09:27+00:00,1.22,0.819672131147541,-429.4,,,0.0,CLOSE_NOT_PROVEN_PRE_KICKOFF,player_props_last_prekickoff,
4ab97e5dc4a391e1,2026-08-21,sot,Kai Havertz,over,2026-08-18T07:37:52.852853+00:00,1.25,0.8,2026-08-21 07:09:27+00:00,1.25,0.8,-429.4,,,0.0,CLOSE_NOT_PROVEN_PRE_KICKOFF,player_props_last_prekickoff,
05dd40a7548cbad2,2026-08-21,sot,Mikel Oyarzabal,over,2026-08-18T07:37:52.853614+00:00,1.83,0.5464480874316939,2026-08-21 07:09:27+00:00,1.83,0.5464480874316939,-429.4,,,0.0,CLOSE_NOT_PROVEN_PRE_KICKOFF,player_props_last_prekickoff,
4c99d792bc59970c,2026-08-20,sot,Sergio Camello,over,2026-08-18T07:37:52.854120+00:00,1.4,0.7142857142857143,2026-08-20 07:08:01+00:00,1.4,0.7142857142857143,-428.0,,,0.0,CLOSE_NOT_PROVEN_PRE_KICKOFF,player_props_last_prekickoff,
3df0b6a730e3c8cc,2026-08-22,sot,Nicolò Zaniolo,over,2026-08-18T07:37:52.854536+00:00,1.71,0.5847953216374269,2026-08-22 07:01:23+00:00,1.71,0.5847953216374269,-421.4,,,0.0,CLOSE_NOT_PROVEN_PRE_KICKOFF,player_props_last_prekickoff,
11a6307d91d1c2fd,2026-08-22,sot,Kevin De Bruyne,over,2026-08-18T07:37:52.854961+00:00,1.64,0.6097560975609756,2026-08-22 07:01:23+00:00,1.64,0.6097560975609756,-421.4,,,0.0,CLOSE_NOT_PROVEN_PRE_KICKOFF,player_props_last_prekickoff,
4c99d792bc59970c,2026-08-20,sot,Isi Palazón,over,2026-08-18T07:37:52.855402+00:00,1.73,0.5780346820809249,2026-08-20 07:08:01+00:00,1.73,0.5780346820809249,-428.0,,,0.0,CLOSE_NOT_PROVEN_PRE_KICKOFF,player_props_last_prekickoff,
4c99d792bc59970c,2026-08-20,sot,Jorge de Frutos,over,2026-08-18T07:37:52.856067+00:00,1.53,0.6535947712418301,2026-08-20 07:08:01+00:00,1.53,0.6535947712418301,-428.0,,,0.0,CLOSE_NOT_PROVEN_PRE_KICKOFF,player_props_last_prekickoff,
3df0b6a730e3c8cc,2026-08-22,sot,Anastasios Douvikas,over,2026-08-18T07:37:52.856651+00:00,1.4,0.7142857142857143,2026-08-22 07:01:23+00:00,1.4,0.7142857142857143,-421.4,,,0.0,CLOSE_NOT_PROVEN_PRE_KICKOFF,player_props_last_prekickoff,
b82e04db70ea34e1,2026-08-22,sot,Lorenzo Lucca,over,2026-08-18T07:37:52.857093+00:00,1.4,0.7142857142857143,2026-08-22 07:01:23+00:00,1.4,0.7142857142857143,-421.4,,,0.0,CLOSE_NOT_PROVEN_PRE_KICKOFF,player_props_last_prekickoff,
3df0b6a730e3c8cc,2026-08-22,sot,Keinan Davis,over,2026-08-18T07:37:52.857546+00:00,1.74,0.5747126436781609,2026-08-22 07:01:23+00:00,1.74,0.5747126436781609,-421.4,,,0.0,CLOSE_NOT_PROVEN_PRE_KICKOFF,player_props_last_prekickoff,
4b422a036ac74789,2026-08-22,sot,Sebastiano Esposito,over,2026-08-18T07:37:52.858147+00:00,1.66,0.6024096385542169,2026-08-22 07:01:23+00:00,1.66,0.6024096385542169,-421.4,,,0.0,CLOSE_NOT_PROVEN_PRE_KICKOFF,player_props_last_prekickoff,
11a6307d91d1c2fd,2026-08-22,sot,Lorenzo Colombo,over,2026-08-18T07:37:52.858609+00:00,1.54,0.6493506493506493,2026-08-22 07:01:23+00:00,1.54,0.6493506493506493,-421.4,,,0.0,CLOSE_NOT_PROVEN_PRE_KICKOFF,player_props_last_prekickoff,
3df0b6a730e3c8cc,2026-08-22,sot,Jürgen Ekkelenkamp,over,2026-08-18T07:37:52.859269+00:00,2.4,0.4166666666666667,2026-08-22 07:01:23+00:00,2.4,0.4166666666666667,-421.4,,,0.0,CLOSE_NOT_PROVEN_PRE_KICKOFF,player_props_last_prekickoff,
4ab97e5dc4a391e1,2026-08-21,sot,Noni Madueke,over,2026-08-18T07:37:52.860367+00:00,1.47,0.6802721088435374,2026-08-21 07:09:27+00:00,1.47,0.6802721088435374,-429.4,,,0.0,CLOSE_NOT_PROVEN_PRE_KICKOFF,player_props_last_prekickoff,
4c99d792bc59970c,2026-08-20,sot,Álvaro García,over,2026-08-18T07:37:52.860938+00:00,1.67,0.5988023952095809,2026-08-20 07:08:01+00:00,1.67,0.5988023952095809,-428.0,,,0.0,CLOSE_NOT_PROVEN_PRE_KICKOFF,player_props_last_prekickoff,
4ab97e5dc4a391e1,2026-08-21,sot,Declan Rice,over,2026-08-18T07:37:52.861457+00:00,2.2,0.45454545454545453,2026-08-21 07:09:27+00:00,2.2,0.45454545454545453,-429.4,,,0.0,CLOSE_NOT_PROVEN_PRE_KICKOFF,player_props_last_prekickoff,
9bb885fe41e5f679,2026-08-22,sot,Federico Dimarco,over,2026-08-18T07:37:52.862092+00:00,1.66,0.6024096385542169,2026-08-22 07:01:23+00:00,1.66,0.6024096385542169,-421.4,,,0.0,CLOSE_NOT_PROVEN_PRE_KICKOFF,player_props_last_prekickoff,
4ab97e5dc4a391e1,2026-08-21,goals,Kai Havertz,over,2026-08-18T07:37:52.862581+00:00,2.4,0.4166666666666667,2026-08-21 07:09:27+00:00,2.4,0.4166666666666667,-429.4,,,0.0,CLOSE_NOT_PROVEN_PRE_KICKOFF,player_props_last_prekickoff,
4c99d792bc59970c,2026-08-20,sot,Lucas Boyé,over,2026-08-18T07:37:52.863236+00:00,1.57,0.6369426751592356,2026-08-20 07:08:01+00:00,1.57,0.6369426751592356,-428.0,,,0.0,CLOSE_NOT_PROVEN_PRE_KICKOFF,player_props_last_prekickoff,
11a6307d91d1c2fd,2026-08-22,sot,Scott McTominay,over,2026-08-18T07:37:52.863854+00:00,1.46,0.684931506849315,2026-08-22 07:01:23+00:00,1.46,0.684931506849315,-421.4,,,0.0,CLOSE_NOT_PROVEN_PRE_KICKOFF,player_props_last_prekickoff,
05dd40a7548cbad2,2026-08-21,sot,Takefusa Kubo,over,2026-08-18T07:37:52.864411+00:00,2.05,0.48780487804878053,2026-08-21 07:09:27+00:00,2.05,0.48780487804878053,-429.4,,,0.0,CLOSE_NOT_PROVEN_PRE_KICKOFF,player_props_last_prekickoff,
9bb885fe41e5f679,2026-08-22,sot,Nicolò Barella,over,2026-08-18T07:37:52.864883+00:00,2.1,0.47619047619047616,2026-08-22 07:01:23+00:00,2.1,0.47619047619047616,-421.4,,,0.0,CLOSE_NOT_PROVEN_PRE_KICKOFF,player_props_last_prekickoff,
05dd40a7548cbad2,2026-08-21,sot,Pablo Fornals,over,2026-08-18T07:37:52.865372+00:00,2.6,0.3846153846153846,2026-08-21 07:09:27+00:00,2.6,0.3846153846153846,-429.4,,,0.0,CLOSE_NOT_PROVEN_PRE_KICKOFF,player_props_last_prekickoff,
4ab97e5dc4a391e1,2026-08-21,goals,Viktor Gyökeres,over,2026-08-18T07:37:52.866063+00:00,1.94,0.5154639175257733,2026-08-21 07:09:27+00:00,1.94,0.5154639175257733,-429.4,,,0.0,CLOSE_NOT_PROVEN_PRE_KICKOFF,player_props_last_prekickoff,
4c99d792bc59970c,2026-08-20,sot,Florian Lejeune,over,2026-08-18T07:37:52.866565+00:00,2.2,0.45454545454545453,2026-08-20 07:08:01+00:00,2.2,0.45454545454545453,-428.0,,,0.0,CLOSE_NOT_PROVEN_PRE_KICKOFF,player_props_last_prekickoff,
11a6307d91d1c2fd,2026-08-22,sot,Matteo Politano,over,2026-08-18T07:37:52.867058+00:00,1.57,0.6369426751592356,2026-08-22 07:01:23+00:00,1.57,0.6369426751592356,-421.4,,,0.0,CLOSE_NOT_PROVEN_PRE_KICKOFF,player_props_last_prekickoff,
3df0b6a730e3c8cc,2026-08-22,sot,Lucas Da Cunha,over,2026-08-18T07:37:52.867652+00:00,2.25,0.4444444444444444,2026-08-22 07:01:23+00:00,2.25,0.4444444444444444,-421.4,,,0.0,CLOSE_NOT_PROVEN_PRE_KICKOFF,player_props_last_prekickoff,
dfc98c9085cbc0fb,2026-08-19,sot,Giuliano Simeone,over,2026-08-18T07:37:52.868378+00:00,1.64,0.6097560975609756,2026-08-19 07:07:07+00:00,1.64,0.6097560975609756,-427.1,,,0.0,CLOSE_NOT_PROVEN_PRE_KICKOFF,player_props_last_prekickoff,
9bb885fe41e5f679,2026-08-22,sot,Petar Sučić,over,2026-08-18T07:37:52.868991+00:00,1.46,0.684931506849315,2026-08-22 07:01:23+00:00,1.46,0.684931506849315,-421.4,,,0.0,CLOSE_NOT_PROVEN_PRE_KICKOFF,player_props_last_prekickoff,
1c30bcfdbcf38325,2026-08-22,goals,Ismaïla Sarr,over,2026-08-18T07:37:52.869718+00:00,3.55,0.28169014084507044,2026-08-22 07:01:23+00:00,3.55,0.28169014084507044,-421.4,,,0.0,CLOSE_NOT_PROVEN_PRE_KICKOFF,player_props_last_prekickoff,
3df0b6a730e3c8cc,2026-08-22,sot,Martin Baturina,over,2026-08-18T07:37:52.870236+00:00,1.9,0.5263157894736842,2026-08-22 07:01:23+00:00,1.9,0.5263157894736842,-421.4,,,0.0,CLOSE_NOT_PROVEN_PRE_KICKOFF,player_props_last_prekickoff,
4b422a036ac74789,2026-08-22,sot,Emanuele Valeri,over,2026-08-18T07:37:52.871106+00:00,3.2,0.3125,2026-08-22 07:01:23+00:00,3.2,0.3125,-421.4,,,0.0,CLOSE_NOT_PROVEN_PRE_KICKOFF,player_props_last_prekickoff,
4ab97e5dc4a391e1,2026-08-21,sot,Riccardo Calafiori,over,2026-08-18T07:37:52.872102+00:00,2.45,0.4081632653061224,2026-08-21 07:09:27+00:00,2.45,0.4081632653061224,-429.4,,,0.0,CLOSE_NOT_PROVEN_PRE_KICKOFF,player_props_last_prekickoff,
3df0b6a730e3c8cc,2026-08-22,sot,Hassane Kamara,over,2026-08-18T07:37:52.872712+00:00,4.7,0.2127659574468085,2026-08-22 07:01:23+00:00,4.7,0.2127659574468085,-421.4,,,0.0,CLOSE_NOT_PROVEN_PRE_KICKOFF,player_props_last_prekickoff,
3df0b6a730e3c8cc,2026-08-22,sot,Oumar Solet,over,2026-08-18T07:37:52.873517+00:00,6.0,0.16666666666666666,2026-08-22 07:01:23+00:00,6.0,0.16666666666666666,-421.4,,,0.0,CLOSE_NOT_PROVEN_PRE_KICKOFF,player_props_last_prekickoff,
b82e04db70ea34e1,2026-08-22,goals,Dominic Calvert-Lewin,over,2026-08-18T07:37:52.874287+00:00,2.88,0.3472222222222222,2026-08-22 07:01:23+00:00,2.88,0.3472222222222222,-421.4,,,0.0,CLOSE_NOT_PROVEN_PRE_KICKOFF,player_props_last_prekickoff,
05dd40a7548cbad2,2026-08-21,sot,Carlos Soler,over,2026-08-18T07:37:52.875076+00:00,2.25,0.4444444444444444,2026-08-21 07:09:27+00:00,2.25,0.4444444444444444,-429.4,,,0.0,CLOSE_NOT_PROVEN_PRE_KICKOFF,player_props_last_prekickoff,
4b422a036ac74789,2026-08-22,sot,Mandela Keita,over,2026-08-18T07:37:52.876365+00:00,3.75,0.26666666666666666,2026-08-22 07:01:23+00:00,3.75,0.26666666666666666,-421.4,,,0.0,CLOSE_NOT_PROVEN_PRE_KICKOFF,player_props_last_prekickoff,
dfc98c9085cbc0fb,2026-08-19,sot,Johnny Cardoso,over,2026-08-18T07:37:52.877078+00:00,3.05,0.3278688524590164,2026-08-19 07:07:07+00:00,3.05,0.3278688524590164,-427.1,,,0.0,CLOSE_NOT_PROVEN_PRE_KICKOFF,player_props_last_prekickoff,
4c99d792bc59970c,2026-08-20,goals,Sergio Camello,over,2026-08-18T07:37:52.877691+00:00,4.0,0.25,2026-08-20 07:08:01+00:00,4.0,0.25,-428.0,,,0.0,CLOSE_NOT_PROVEN_PRE_KICKOFF,player_props_last_prekickoff,
b82e04db70ea34e1,2026-08-22,goals,Chris Wood,over,2026-08-18T07:37:52.878568+00:00,2.61,0.3831417624521073,2026-08-22 07:01:23+00:00,2.61,0.3831417624521073,-421.4,,,0.0,CLOSE_NOT_PROVEN_PRE_KICKOFF,player_props_last_prekickoff,
3df0b6a730e3c8cc,2026-08-22,goals,Anastasios Douvikas,over,2026-08-18T07:37:52.879325+00:00,2.75,0.36363636363636365,2026-08-22 07:01:23+00:00,2.75,0.36363636363636365,-421.4,,,0.0,CLOSE_NOT_PROVEN_PRE_KICKOFF,player_props_last_prekickoff,
05dd40a7548cbad2,2026-08-21,sot,Abdessamad Ezzalzouli,over,2026-08-18T07:37:52.879999+00:00,1.54,0.6493506493506493,2026-08-21 07:09:27+00:00,1.54,0.6493506493506493,-429.4,,,0.0,CLOSE_NOT_PROVEN_PRE_KICKOFF,player_props_last_prekickoff,
4b422a036ac74789,2026-08-22,sot,Adrián Bernabé,over,2026-08-18T07:37:52.880724+00:00,2.25,0.4444444444444444,2026-08-22 07:01:23+00:00,2.25,0.4444444444444444,-421.4,,,0.0,CLOSE_NOT_PROVEN_PRE_KICKOFF,player_props_last_prekickoff,
4ab97e5dc4a391e1,2026-08-21,sot,Myles Lewis-Skelly,over,2026-08-18T07:37:52.889044+00:00,2.9,0.3448275862068966,2026-08-21 07:09:27+00:00,2.9,0.3448275862068966,-429.4,,,0.0,CLOSE_NOT_PROVEN_PRE_KICKOFF,player_props_last_prekickoff,
05dd40a7548cbad2,2026-08-21,goals,Mikel Oyarzabal,over,2026-08-18T07:37:52.889739+00:00,3.0,0.3333333333333333,2026-08-21 07:09:27+00:00,3.0,0.3333333333333333,-429.4,,,0.0,CLOSE_NOT_PROVEN_PRE_KICKOFF,player_props_last_prekickoff,
3df0b6a730e3c8cc,2026-08-22,sot,Assane Diao,over,2026-08-18T07:37:52.890924+00:00,1.74,0.5747126436781609,2026-08-22 07:01:23+00:00,1.74,0.5747126436781609,-421.4,,,0.0,CLOSE_NOT_PROVEN_PRE_KICKOFF,player_props_last_prekickoff,
11a6307d91d1c2fd,2026-08-22,sot,Morten Frendrup,over,2026-08-18T07:37:52.892014+00:00,4.4,0.22727272727272727,2026-08-22 07:01:23+00:00,4.4,0.22727272727272727,-421.4,,,0.0,CLOSE_NOT_PROVEN_PRE_KICKOFF,player_props_last_prekickoff,
dfc98c9085cbc0fb,2026-08-19,sot,Julián Alvarez,over,2026-08-18T11:23:16.487948+00:00,1.3,0.7692307692307692,2026-08-19 07:07:07+00:00,1.3,0.7692307692307692,-427.1,,,0.0,CLOSE_NOT_PROVEN_PRE_KICKOFF,player_props_last_prekickoff,
4ab97e5dc4a391e1,2026-08-21,sot,Bukayo Saka,over,2026-08-18T11:23:16.489475+00:00,1.3,0.7692307692307692,2026-08-21 07:09:27+00:00,1.3,0.7692307692307692,-429.4,,,0.0,CLOSE_NOT_PROVEN_PRE_KICKOFF,player_props_last_prekickoff,
4c99d792bc59970c,2026-08-20,sot,Randy Nteka,over,2026-08-18T11:23:16.494647+00:00,1.57,0.6369426751592356,2026-08-20 07:08:01+00:00,1.57,0.6369426751592356,-428.0,,,0.0,CLOSE_NOT_PROVEN_PRE_KICKOFF,player_props_last_prekickoff,
dfc98c9085cbc0fb,2026-08-19,goals,Julián Alvarez,over,2026-08-18T11:23:16.499322+00:00,2.05,0.48780487804878053,2026-08-19 07:07:07+00:00,2.05,0.48780487804878053,-427.1,,,0.0,CLOSE_NOT_PROVEN_PRE_KICKOFF,player_props_last_prekickoff,
3df0b6a730e3c8cc,2026-08-22,goals,Nicolò Zaniolo,over,2026-08-18T11:23:16.502604+00:00,4.4,0.22727272727272727,2026-08-22 07:01:23+00:00,4.4,0.22727272727272727,-421.4,,,0.0,CLOSE_NOT_PROVEN_PRE_KICKOFF,player_props_last_prekickoff,
dfc98c9085cbc0fb,2026-08-19,sot,Marcos Llorente,over,2026-08-18T11:23:16.504221+00:00,3.7,0.27027027027027023,2026-08-19 07:07:07+00:00,3.7,0.27027027027027023,-427.1,,,0.0,CLOSE_NOT_PROVEN_PRE_KICKOFF,player_props_last_prekickoff,
4ab97e5dc4a391e1,2026-08-21,sot2,Kai Havertz,over,2026-08-18T11:23:16.507462+00:00,2.15,0.46511627906976744,2026-08-21 07:09:27+00:00,2.15,0.46511627906976744,-429.4,,,0.0,CLOSE_NOT_PROVEN_PRE_KICKOFF,player_props_last_prekickoff,
9bb885fe41e5f679,2026-08-22,sot,Carlos Augusto,over,2026-08-18T11:23:16.509593+00:00,2.4,0.4166666666666667,2026-08-22 07:01:23+00:00,2.4,0.4166666666666667,-421.4,,,0.0,CLOSE_NOT_PROVEN_PRE_KICKOFF,player_props_last_prekickoff,
b82e04db70ea34e1,,sot,Dominic Calvert-Lewin,over,2026-08-18T21:27:03.400350+00:00,1.43,0.6993006993006994,,,,,,,,NO_CLOSE,,
b82e04db70ea34e1,,sot,Morgan Gibbs-White,over,2026-08-18T21:27:03.401895+00:00,1.77,0.5649717514124294,,,,,,,,NO_CLOSE,,
b82e04db70ea34e1,,sot,Anton Stach,over,2026-08-18T21:27:03.407966+00:00,2.07,0.48309178743961356,,,,,,,,NO_CLOSE,,
50830b12373d633b,2026-08-23,sot,Jonathan David,over,2026-08-19T01:04:37.618363+00:00,1.31,0.7633587786259541,2026-08-23 07:02:38+00:00,1.31,0.7633587786259541,-422.6,,,0.0,CLOSE_NOT_PROVEN_PRE_KICKOFF,player_props_last_prekickoff,
c01ed155192b3c59,,sot,Bruno Fernandes,over,2026-08-19T01:04:37.620998+00:00,1.44,0.6944444444444444,,,,,,,,NO_CLOSE,,
50830b12373d633b,2026-08-23,goals,Jonathan David,over,2026-08-19T01:04:37.624387+00:00,2.4,0.4166666666666667,2026-08-23 07:02:38+00:00,2.4,0.4166666666666667,-422.6,,,0.0,CLOSE_NOT_PROVEN_PRE_KICKOFF,player_props_last_prekickoff,
50830b12373d633b,2026-08-23,sot,Manuel Locatelli,over,2026-08-19T01:04:37.625559+00:00,2.9,0.3448275862068966,2026-08-23 07:02:38+00:00,2.9,0.3448275862068966,-422.6,,,0.0,CLOSE_NOT_PROVEN_PRE_KICKOFF,player_props_last_prekickoff,
50830b12373d633b,2026-08-23,sot,Weston McKennie,over,2026-08-19T01:04:37.626491+00:00,2.15,0.46511627906976744,2026-08-23 07:02:38+00:00,2.15,0.46511627906976744,-422.6,,,0.0,CLOSE_NOT_PROVEN_PRE_KICKOFF,player_props_last_prekickoff,
50830b12373d633b,2026-08-23,sot,Andrea Cambiaso,over,2026-08-19T01:04:37.628610+00:00,2.7,0.37037037037037035,2026-08-23 07:02:38+00:00,2.7,0.37037037037037035,-422.6,,,0.0,CLOSE_NOT_PROVEN_PRE_KICKOFF,player_props_last_prekickoff,
4ab97e5dc4a391e1,,sot,Ephron Mason-Clark,over,2026-08-19T03:48:29.387810+00:00,3.05,0.3278688524590164,,,,,,,,NO_CLOSE,,
4ab97e5dc4a391e1,,sot,Tatsuhiro Sakamoto,over,2026-08-19T03:48:29.394647+00:00,3.5,0.2857142857142857,,,,,,,,NO_CLOSE,,
4ab97e5dc4a391e1,,goals,Ephron Mason-Clark,over,2026-08-19T03:48:29.398435+00:00,9.5,0.10526315789473684,,,,,,,,NO_CLOSE,,
4ab97e5dc4a391e1,,sot,Bobby Thomas,over,2026-08-19T03:48:29.402975+00:00,4.8,0.20833333333333334,,,,,,,,NO_CLOSE,,
4ab97e5dc4a391e1,,sot,Matt Grimes,over,2026-08-19T03:48:29.405876+00:00,7.5,0.13333333333333333,,,,,,,,NO_CLOSE,,
2f320f59a0339941,,sot,Igor Paixão,over,2026-08-19T06:42:08.364956+00:00,1.36,0.7352941176470588,,,,,,,,NO_CLOSE,,
2f320f59a0339941,,sot,Martial Godo,over,2026-08-19T06:42:08.366505+00:00,1.8,0.5555555555555556,,,,,,,,NO_CLOSE,,
2f320f59a0339941,,sot,Amine Gouiri,over,2026-08-19T06:42:08.367904+00:00,1.3,0.7692307692307692,,,,,,,,NO_CLOSE,,
fbd090b35d5ab77b,,sot,Sofiane Diop,over,2026-08-19T06:42:08.369127+00:00,1.68,0.5952380952380952,,,,,,,,NO_CLOSE,,
2f320f59a0339941,,sot,Samuel Amo-Ameyaw,over,2026-08-19T06:42:08.370233+00:00,2.05,0.48780487804878053,,,,,,,,NO_CLOSE,,
a8544fb1bffd1f75,,sot,Santiago Hidalgo,over,2026-08-19T06:42:08.371368+00:00,1.52,0.6578947368421053,,,,,,,,NO_CLOSE,,
e0ce14f7650df5f1,,sot,Neal Maupay,over,2026-08-19T06:42:08.372428+00:00,1.27,0.7874015748031495,,,,,,,,NO_CLOSE,,
a8544fb1bffd1f75,2026-08-26,sot,Corentin Tolisso,over,2026-08-19T06:42:08.373460+00:00,1.74,0.5747126436781609,2026-08-23 07:02:38+00:00,1.74,0.5747126436781609,3897.4,,,0.0,CLOSE_NOT_PROVEN_PRE_KICKOFF,player_props_last_prekickoff,
131481d2c69202b2,,sot,Danny Namaso,over,2026-08-19T06:42:08.375177+00:00,2.0,0.5,,,,,,,,NO_CLOSE,,
a8544fb1bffd1f75,2026-08-26,sot,Pavel Šulc,over,2026-08-19T06:42:08.376393+00:00,1.74,0.5747126436781609,2026-08-23 07:02:38+00:00,1.74,0.5747126436781609,3897.4,,,0.0,CLOSE_NOT_PROVEN_PRE_KICKOFF,player_props_last_prekickoff,
fbd090b35d5ab77b,,sot,Jonathan Clauss,over,2026-08-19T06:42:08.377804+00:00,3.3,0.30303030303030304,,,,,,,,NO_CLOSE,,
fbd090b35d5ab77b,,sot,Panos Katseris,over,2026-08-19T06:42:08.378972+00:00,2.65,0.37735849056603776,,,,,,,,NO_CLOSE,,
da15eb75bc2e9e33,,sot,Jonathan Ikoné,over,2026-08-19T06:42:08.380698+00:00,1.8,0.5555555555555556,,,,,,,,NO_CLOSE,,
fbd090b35d5ab77b,,sot,Morgan Sanson,over,2026-08-19T06:42:08.382079+00:00,2.3,0.4347826086956522,,,,,,,,NO_CLOSE,,
fbd090b35d5ab77b,,sot,Noah Cadiou,over,2026-08-19T06:42:08.383210+00:00,3.1,0.3225806451612903,,,,,,,,NO_CLOSE,,
131481d2c69202b2,,sot,Matthieu Udol,over,2026-08-19T06:42:08.384849+00:00,2.55,0.3921568627450981,,,,,,,,NO_CLOSE,,
fbd090b35d5ab77b,,sot,Arsène Kouassi,over,2026-08-19T06:42:08.386068+00:00,4.0,0.25,,,,,,,,NO_CLOSE,,
131481d2c69202b2,,sot,Kévin Danois,over,2026-08-19T06:42:08.388975+00:00,3.8,0.2631578947368421,,,,,,,,NO_CLOSE,,
a8544fb1bffd1f75,2026-08-26,sot,Tyler Morton,over,2026-08-19T06:42:08.390379+00:00,3.7,0.27027027027027023,2026-08-23 07:02:38+00:00,3.7,0.27027027027027023,3897.4,,,0.0,CLOSE_NOT_PROVEN_PRE_KICKOFF,player_props_last_prekickoff,
fbd090b35d5ab77b,,sot,Youssouf Ndayishimiye,over,2026-08-19T06:42:08.391648+00:00,4.3,0.23255813953488372,,,,,,,,NO_CLOSE,,
fbd090b35d5ab77b,,sot,Melvin Bard,over,2026-08-19T06:42:08.392885+00:00,3.55,0.28169014084507044,,,,,,,,NO_CLOSE,,
7bf6cd9c79eada9e,,goals,Victor Muñoz,over,2026-07-13T02:28:33.319043+00:00,5.75,0.17391304347826086,,5.75,0.17391304347826086,,0.0,0.0,0.0,CLOSE_EQUALS_ENTRY,v9_clv_records,
7bf6cd9c79eada9e,,sot,Adrien Rabiot,over,2026-07-13T02:28:33.319241+00:00,3.75,0.26666666666666666,,3.75,0.26666666666666666,,0.0,0.0,0.0,CLOSE_EQUALS_ENTRY,v9_clv_records,LOSS
46a91e2229dbb8eb,,sot,Nico O'Reilly,over,2026-07-13T02:28:33.319451+00:00,3.6,0.2777777777777778,,3.6,0.2777777777777778,,0.0,0.0,0.0,CLOSE_EQUALS_ENTRY,v9_clv_records,
46a91e2229dbb8eb,,goals,Noni Madueke,over,2026-07-13T02:28:33.320084+00:00,6.0,0.16666666666666666,,6.0,0.16666666666666666,,0.0,0.0,0.0,CLOSE_EQUALS_ENTRY,v9_clv_records,
7bf6cd9c79eada9e,,sot,Rodri,over,2026-07-13T02:28:33.320633+00:00,5.8,0.1724137931034483,,5.8,0.1724137931034483,,0.0,0.0,0.0,CLOSE_EQUALS_ENTRY,v9_clv_records,LOSS
46a91e2229dbb8eb,,sot,Noni Madueke,over,2026-07-14T17:15:55.485881+00:00,2.25,0.4444444444444444,,2.0,0.5,,0.125,12.5,12.5,OK,v9_clv_records,
46a91e2229dbb8eb,,goals,Harry Kane,over,2026-07-14T19:18:31.682451+00:00,2.51,0.39840637450199207,,2.65,0.37735849056603776,,-0.0528,-5.28,-5.283,OK,v9_clv_records,LOSS
46a91e2229dbb8eb,,sot,Declan Rice,over,2026-07-14T19:18:31.683400+00:00,3.6,0.2777777777777778,,3.6,0.2777777777777778,,0.0,0.0,0.0,CLOSE_EQUALS_ENTRY,v9_clv_records,WIN
348ff97ab1f5a682,,goals,Giuliano Simeone,over,2026-07-15T02:09:31.349072+00:00,5.0,0.2,,,,,,,,NO_CLOSE,,
46a91e2229dbb8eb,,goals,Lionel Messi,over,2026-07-15T05:15:39.249899+00:00,2.56,0.390625,,2.68,0.3731343283582089,,-0.0448,-4.48,-4.4776,OK,v9_clv_records,LOSS
348ff97ab1f5a682,2026-08-19,sot,Giuliano Simeone,over,2026-07-15T18:10:09.575129+00:00,1.91,0.5235602094240838,2026-08-19 07:07:07+00:00,1.64,0.6097560975609756,-427.1,,,16.4634,CLOSE_NOT_PROVEN_PRE_KICKOFF,player_props_last_prekickoff,
46a91e2229dbb8eb,,sot,Anthony Gordon,over,2026-07-15T18:10:09.575633+00:00,2.25,0.4444444444444444,,2.25,0.4444444444444444,,0.0,0.0,0.0,CLOSE_EQUALS_ENTRY,v9_clv_records,WIN
f76ea6b089da6541,,goals,Lionel Messi,over,2026-07-15T22:03:13.280178+00:00,2.45,0.4081632653061224,,2.94,0.3401360544217687,,-0.1667,-16.67,-16.6667,OK,v9_clv_records,LOSS
f76ea6b089da6541,,goals,Victor Muñoz,over,2026-07-15T22:03:13.280615+00:00,4.8,0.20833333333333334,,5.0,0.2,,-0.04,-4.0,-4.0,OK,v9_clv_records,
20f50bb196a5f825,,goals,Harry Kane,over,2026-07-15T22:03:13.281004+00:00,2.55,0.3921568627450981,,2.19,0.4566210045662101,,0.1644,16.44,16.4384,OK,v9_clv_records,
20f50bb196a5f825,,goals,Ousmane Dembélé,over,2026-07-15T22:03:13.281858+00:00,3.3,0.30303030303030304,,3.0,0.3333333333333333,,0.1,10.0,10.0,OK,v9_clv_records,WIN
20f50bb196a5f825,,goals,Noni Madueke,over,2026-07-15T22:03:13.282796+00:00,6.2,0.16129032258064516,,5.1,0.19607843137254904,,0.2157,21.57,21.5686,OK,v9_clv_records,
56a6067c55ee0cda,,goals,Giuliano Simeone,over,2026-07-16T02:25:20.929261+00:00,6.2,0.16129032258064516,,,,,,,,NO_CLOSE,,
f76ea6b089da6541,,sot,Rodri,over,2026-07-16T11:12:42.178356+00:00,3.65,0.273972602739726,,4.0,0.25,,-0.0875,-8.75,-8.75,OK,v9_clv_records,LOSS
f76ea6b089da6541,,sot2,Victor Muñoz,over,2026-07-16T11:12:42.179103+00:00,3.7,0.27027027027027023,,5.5,0.18181818181818182,,-0.3273,-32.73,,CLV_IMPLAUSIBLE,v9_clv_records,
f76ea6b089da6541,,sot,Victor Muñoz,over,2026-07-16T15:14:51.068102+00:00,2.0,0.5,,2.0,0.5,,0.0,0.0,0.0,CLOSE_EQUALS_ENTRY,v9_clv_records,
521c3d8017cab5ab,,sot,Aurélien Tchouaméni,over,2026-07-16T23:19:45.410589+00:00,3.55,0.28169014084507044,,,,,,,,NO_CLOSE,,
521c3d8017cab5ab,,goals,Aurélien Tchouaméni,over,2026-07-16T23:19:45.419219+00:00,9.0,0.1111111111111111,,,,,,,,NO_CLOSE,,
20f50bb196a5f825,,sot,Marcus Rashford,over,2026-07-18T20:22:22.086785+00:00,2.0,0.5,,2.0,0.5,,0.0,0.0,0.0,CLOSE_EQUALS_ENTRY,v9_clv_records,WIN
20f50bb196a5f825,,goals,Marcus Rashford,over,2026-07-18T20:22:22.088044+00:00,5.18,0.19305019305019305,,5.18,0.19305019305019305,,0.0,0.0,0.0,CLOSE_EQUALS_ENTRY,v9_clv_records,LOSS
64031e877f12ff77,,sot,Martín Satriano,over,2026-08-13T15:40:27.756789+00:00,1.67,0.5988023952095809,,1.76,0.5681818181818182,,-0.0511,-5.11,-5.1136,OK,v9_clv_records,WIN
4a901c10060c0f32,,sot,Isi Palazón,over,2026-08-13T15:40:27.757157+00:00,1.91,0.5235602094240838,,1.91,0.5235602094240838,,0.0,0.0,0.0,CLOSE_EQUALS_ENTRY,v9_clv_records,LOSS
4a901c10060c0f32,,sot,Álvaro García,over,2026-08-13T15:40:27.836473+00:00,1.67,0.5988023952095809,,1.95,0.5128205128205129,,-0.1436,-14.36,-14.359,OK,v9_clv_records,WIN
fa5f7b8579c507ac,,sot,Iván Romero,over,2026-08-13T15:40:27.912353+00:00,2.0,0.5,,1.53,0.6535947712418301,,0.3072,30.72,,CLV_IMPLAUSIBLE,v9_clv_records,LOSS
64031e877f12ff77,,sot,Jon Guridi,over,2026-08-13T15:40:27.914011+00:00,1.83,0.5464480874316939,,2.05,0.48780487804878053,,-0.1073,-10.73,-10.7317,OK,v9_clv_records,WIN
fa5f7b8579c507ac,,sot,Jon Ander Olasagasti,over,2026-08-13T15:40:27.914403+00:00,4.0,0.25,,2.75,0.36363636363636365,,0.4545,45.45,,CLV_IMPLAUSIBLE,v9_clv_records,LOSS
64031e877f12ff77,,sot,Lucas Boyé,over,2026-08-13T15:40:27.915035+00:00,1.4,0.7142857142857143,,1.52,0.6578947368421053,,-0.0789,-7.89,-7.8947,OK,v9_clv_records,
4a901c10060c0f32,,sot,Sergio Camello,over,2026-08-13T15:40:27.915510+00:00,1.53,0.6535947712418301,,1.53,0.6535947712418301,,0.0,0.0,0.0,CLOSE_EQUALS_ENTRY,v9_clv_records,LOSS
fa5f7b8579c507ac,,sot,Tyrhys Dolan,over,2026-08-13T15:40:27.916765+00:00,1.71,0.5847953216374269,,1.91,0.5235602094240838,,-0.1047,-10.47,-10.4712,OK,v9_clv_records,WIN
4a901c10060c0f32,,sot,Jorge de Frutos,over,2026-08-13T15:40:27.917064+00:00,1.44,0.6944444444444444,,1.8,0.5555555555555556,,-0.2,-20.0,-20.0,OK,v9_clv_records,LOSS
4a901c10060c0f32,,goals,Isi Palazón,over,2026-08-13T15:40:27.918496+00:00,6.0,0.16666666666666666,,5.8,0.1724137931034483,,0.0345,3.45,3.4483,OK,v9_clv_records,LOSS
fba606529648a222,2026-08-22,sot,Tyrhys Dolan,over,2026-08-13T15:40:27.919316+00:00,1.71,0.5847953216374269,2026-08-22 07:01:23+00:00,2.25,0.4444444444444444,-421.4,,,-24.0,CLOSE_NOT_PROVEN_PRE_KICKOFF,player_props_last_prekickoff,
fa5f7b8579c507ac,,goals,Iván Romero,over,2026-08-13T15:40:27.921427+00:00,3.8,0.2631578947368421,,4.5,0.2222222222222222,,-0.1556,-15.56,-15.5556,OK,v9_clv_records,LOSS
4a901c10060c0f32,,sot,Florian Lejeune,over,2026-08-13T15:40:27.923214+00:00,2.3,0.4347826086956522,,2.7,0.37037037037037035,,-0.1481,-14.81,-14.8148,OK,v9_clv_records,WIN
4a901c10060c0f32,,goals,Álvaro García,over,2026-08-13T15:40:27.923962+00:00,4.75,0.21052631578947367,,4.6,0.2173913043478261,,0.0326,3.26,3.2609,OK,v9_clv_records,WIN
64031e877f12ff77,,sot,Zaid Romero,over,2026-08-13T15:40:27.924403+00:00,7.0,0.14285714285714285,,6.5,0.15384615384615385,,0.0769,7.69,7.6923,OK,v9_clv_records,LOSS
64031e877f12ff77,,sot,Antonio Blanco,over,2026-08-13T15:40:27.926399+00:00,2.25,0.4444444444444444,,3.15,0.31746031746031744,,-0.2857,-28.57,,CLV_IMPLAUSIBLE,v9_clv_records,LOSS
64031e877f12ff77,,goals,Martín Satriano,over,2026-08-13T15:40:27.927571+00:00,2.9,0.3448275862068966,,6.0,0.16666666666666666,,-0.5167,-51.67,,CLV_IMPLAUSIBLE,v9_clv_records,LOSS
fa5f7b8579c507ac,,goals,Jon Ander Olasagasti,over,2026-08-13T15:40:27.927948+00:00,8.5,0.11764705882352941,,11.0,0.09090909090909091,,-0.2273,-22.73,-22.7273,OK,v9_clv_records,LOSS
4a901c10060c0f32,,sot,Kike Salas,over,2026-08-13T15:40:27.929511+00:00,2.88,0.3472222222222222,,5.0,0.2,,-0.424,-42.4,,CLV_IMPLAUSIBLE,v9_clv_records,LOSS
9e86f819a6c59be2,2026-08-17,sot,Lucas Boyé,over,2026-08-14T04:02:42.046106+00:00,1.51,0.6622516556291391,2026-08-17 13:56:29+00:00,1.51,0.6622516556291391,-836.5,,,0.0,CLOSE_NOT_PROVEN_PRE_KICKOFF,player_props_last_prekickoff,
4a901c10060c0f32,,cards,Gabriel Suazo,over,2026-08-14T16:28:36.101067+00:00,4.33,0.23094688221709006,,4.33,0.23094688221709006,,0.0,0.0,0.0,CLOSE_EQUALS_ENTRY,v9_clv_records,WIN
64031e877f12ff77,,cards,Antonio Blanco,over,2026-08-14T16:28:36.108050+00:00,2.8,0.35714285714285715,,2.8,0.35714285714285715,,0.0,0.0,0.0,CLOSE_EQUALS_ENTRY,v9_clv_records,WIN
64031e877f12ff77,,cards,Martín Satriano,over,2026-08-14T16:28:36.111797+00:00,3.8,0.2631578947368421,,3.8,0.2631578947368421,,0.0,0.0,0.0,CLOSE_EQUALS_ENTRY,v9_clv_records,LOSS
4ab97e5dc4a391e1,2026-08-21,sot,Viktor Gyökeres,over,2026-08-18T07:37:52.852298+00:00,1.22,0.819672131147541,2026-08-21 07:09:27+00:00,1.22,0.819672131147541,-429.4,,,0.0,CLOSE_NOT_PROVEN_PRE_KICKOFF,player_props_last_prekickoff,
4ab97e5dc4a391e1,2026-08-21,sot,Kai Havertz,over,2026-08-18T07:37:52.852853+00:00,1.25,0.8,2026-08-21 07:09:27+00:00,1.25,0.8,-429.4,,,0.0,CLOSE_NOT_PROVEN_PRE_KICKOFF,player_props_last_prekickoff,
05dd40a7548cbad2,2026-08-21,sot,Mikel Oyarzabal,over,2026-08-18T07:37:52.853614+00:00,1.83,0.5464480874316939,2026-08-21 07:09:27+00:00,1.83,0.5464480874316939,-429.4,,,0.0,CLOSE_NOT_PROVEN_PRE_KICKOFF,player_props_last_prekickoff,
4c99d792bc59970c,2026-08-20,sot,Sergio Camello,over,2026-08-18T07:37:52.854120+00:00,1.4,0.7142857142857143,2026-08-20 07:08:01+00:00,1.4,0.7142857142857143,-428.0,,,0.0,CLOSE_NOT_PROVEN_PRE_KICKOFF,player_props_last_prekickoff,
3df0b6a730e3c8cc,2026-08-22,sot,Nicolò Zaniolo,over,2026-08-18T07:37:52.854536+00:00,1.71,0.5847953216374269,2026-08-22 07:01:23+00:00,1.71,0.5847953216374269,-421.4,,,0.0,CLOSE_NOT_PROVEN_PRE_KICKOFF,player_props_last_prekickoff,
11a6307d91d1c2fd,2026-08-22,sot,Kevin De Bruyne,over,2026-08-18T07:37:52.854961+00:00,1.64,0.6097560975609756,2026-08-22 07:01:23+00:00,1.64,0.6097560975609756,-421.4,,,0.0,CLOSE_NOT_PROVEN_PRE_KICKOFF,player_props_last_prekickoff,
4c99d792bc59970c,2026-08-20,sot,Isi Palazón,over,2026-08-18T07:37:52.855402+00:00,1.73,0.5780346820809249,2026-08-20 07:08:01+00:00,1.73,0.5780346820809249,-428.0,,,0.0,CLOSE_NOT_PROVEN_PRE_KICKOFF,player_props_last_prekickoff,
4c99d792bc59970c,2026-08-20,sot,Jorge de Frutos,over,2026-08-18T07:37:52.856067+00:00,1.53,0.6535947712418301,2026-08-20 07:08:01+00:00,1.53,0.6535947712418301,-428.0,,,0.0,CLOSE_NOT_PROVEN_PRE_KICKOFF,player_props_last_prekickoff,
3df0b6a730e3c8cc,2026-08-22,sot,Anastasios Douvikas,over,2026-08-18T07:37:52.856651+00:00,1.4,0.7142857142857143,2026-08-22 07:01:23+00:00,1.4,0.7142857142857143,-421.4,,,0.0,CLOSE_NOT_PROVEN_PRE_KICKOFF,player_props_last_prekickoff,
b82e04db70ea34e1,2026-08-22,sot,Lorenzo Lucca,over,2026-08-18T07:37:52.857093+00:00,1.4,0.7142857142857143,2026-08-22 07:01:23+00:00,1.4,0.7142857142857143,-421.4,,,0.0,CLOSE_NOT_PROVEN_PRE_KICKOFF,player_props_last_prekickoff,
3df0b6a730e3c8cc,2026-08-22,sot,Keinan Davis,over,2026-08-18T07:37:52.857546+00:00,1.74,0.5747126436781609,2026-08-22 07:01:23+00:00,1.74,0.5747126436781609,-421.4,,,0.0,CLOSE_NOT_PROVEN_PRE_KICKOFF,player_props_last_prekickoff,
4b422a036ac74789,2026-08-22,sot,Sebastiano Esposito,over,2026-08-18T07:37:52.858147+00:00,1.66,0.6024096385542169,2026-08-22 07:01:23+00:00,1.66,0.6024096385542169,-421.4,,,0.0,CLOSE_NOT_PROVEN_PRE_KICKOFF,player_props_last_prekickoff,
11a6307d91d1c2fd,2026-08-22,sot,Lorenzo Colombo,over,2026-08-18T07:37:52.858609+00:00,1.54,0.6493506493506493,2026-08-22 07:01:23+00:00,1.54,0.6493506493506493,-421.4,,,0.0,CLOSE_NOT_PROVEN_PRE_KICKOFF,player_props_last_prekickoff,
3df0b6a730e3c8cc,2026-08-22,sot,Jürgen Ekkelenkamp,over,2026-08-18T07:37:52.859269+00:00,2.4,0.4166666666666667,2026-08-22 07:01:23+00:00,2.4,0.4166666666666667,-421.4,,,0.0,CLOSE_NOT_PROVEN_PRE_KICKOFF,player_props_last_prekickoff,
4ab97e5dc4a391e1,2026-08-21,sot,Noni Madueke,over,2026-08-18T07:37:52.860367+00:00,1.47,0.6802721088435374,2026-08-21 07:09:27+00:00,1.47,0.6802721088435374,-429.4,,,0.0,CLOSE_NOT_PROVEN_PRE_KICKOFF,player_props_last_prekickoff,
4c99d792bc59970c,2026-08-20,sot,Álvaro García,over,2026-08-18T07:37:52.860938+00:00,1.67,0.5988023952095809,2026-08-20 07:08:01+00:00,1.67,0.5988023952095809,-428.0,,,0.0,CLOSE_NOT_PROVEN_PRE_KICKOFF,player_props_last_prekickoff,
4ab97e5dc4a391e1,2026-08-21,sot,Declan Rice,over,2026-08-18T07:37:52.861457+00:00,2.2,0.45454545454545453,2026-08-21 07:09:27+00:00,2.2,0.45454545454545453,-429.4,,,0.0,CLOSE_NOT_PROVEN_PRE_KICKOFF,player_props_last_prekickoff,
9bb885fe41e5f679,2026-08-22,sot,Federico Dimarco,over,2026-08-18T07:37:52.862092+00:00,1.66,0.6024096385542169,2026-08-22 07:01:23+00:00,1.66,0.6024096385542169,-421.4,,,0.0,CLOSE_NOT_PROVEN_PRE_KICKOFF,player_props_last_prekickoff,
4ab97e5dc4a391e1,2026-08-21,goals,Kai Havertz,over,2026-08-18T07:37:52.862581+00:00,2.4,0.4166666666666667,2026-08-21 07:09:27+00:00,2.4,0.4166666666666667,-429.4,,,0.0,CLOSE_NOT_PROVEN_PRE_KICKOFF,player_props_last_prekickoff,
4c99d792bc59970c,2026-08-20,sot,Lucas Boyé,over,2026-08-18T07:37:52.863236+00:00,1.57,0.6369426751592356,2026-08-20 07:08:01+00:00,1.57,0.6369426751592356,-428.0,,,0.0,CLOSE_NOT_PROVEN_PRE_KICKOFF,player_props_last_prekickoff,
11a6307d91d1c2fd,2026-08-22,sot,Scott McTominay,over,2026-08-18T07:37:52.863854+00:00,1.46,0.684931506849315,2026-08-22 07:01:23+00:00,1.46,0.684931506849315,-421.4,,,0.0,CLOSE_NOT_PROVEN_PRE_KICKOFF,player_props_last_prekickoff,
05dd40a7548cbad2,2026-08-21,sot,Takefusa Kubo,over,2026-08-18T07:37:52.864411+00:00,2.05,0.48780487804878053,2026-08-21 07:09:27+00:00,2.05,0.48780487804878053,-429.4,,,0.0,CLOSE_NOT_PROVEN_PRE_KICKOFF,player_props_last_prekickoff,
9bb885fe41e5f679,2026-08-22,sot,Nicolò Barella,over,2026-08-18T07:37:52.864883+00:00,2.1,0.47619047619047616,2026-08-22 07:01:23+00:00,2.1,0.47619047619047616,-421.4,,,0.0,CLOSE_NOT_PROVEN_PRE_KICKOFF,player_props_last_prekickoff,
05dd40a7548cbad2,2026-08-21,sot,Pablo Fornals,over,2026-08-18T07:37:52.865372+00:00,2.6,0.3846153846153846,2026-08-21 07:09:27+00:00,2.6,0.3846153846153846,-429.4,,,0.0,CLOSE_NOT_PROVEN_PRE_KICKOFF,player_props_last_prekickoff,
4ab97e5dc4a391e1,2026-08-21,goals,Viktor Gyökeres,over,2026-08-18T07:37:52.866063+00:00,1.94,0.5154639175257733,2026-08-21 07:09:27+00:00,1.94,0.5154639175257733,-429.4,,,0.0,CLOSE_NOT_PROVEN_PRE_KICKOFF,player_props_last_prekickoff,
4c99d792bc59970c,2026-08-20,sot,Florian Lejeune,over,2026-08-18T07:37:52.866565+00:00,2.2,0.45454545454545453,2026-08-20 07:08:01+00:00,2.2,0.45454545454545453,-428.0,,,0.0,CLOSE_NOT_PROVEN_PRE_KICKOFF,player_props_last_prekickoff,
11a6307d91d1c2fd,2026-08-22,sot,Matteo Politano,over,2026-08-18T07:37:52.867058+00:00,1.57,0.6369426751592356,2026-08-22 07:01:23+00:00,1.57,0.6369426751592356,-421.4,,,0.0,CLOSE_NOT_PROVEN_PRE_KICKOFF,player_props_last_prekickoff,
3df0b6a730e3c8cc,2026-08-22,sot,Lucas Da Cunha,over,2026-08-18T07:37:52.867652+00:00,2.25,0.4444444444444444,2026-08-22 07:01:23+00:00,2.25,0.4444444444444444,-421.4,,,0.0,CLOSE_NOT_PROVEN_PRE_KICKOFF,player_props_last_prekickoff,
dfc98c9085cbc0fb,,sot,Giuliano Simeone,over,2026-08-18T07:37:52.868378+00:00,1.64,0.6097560975609756,,2.15,0.46511627906976744,,-0.2372,-23.72,-23.7209,OK,v9_clv_records,
9bb885fe41e5f679,2026-08-22,sot,Petar Sučić,over,2026-08-18T07:37:52.868991+00:00,1.46,0.684931506849315,2026-08-22 07:01:23+00:00,1.46,0.684931506849315,-421.4,,,0.0,CLOSE_NOT_PROVEN_PRE_KICKOFF,player_props_last_prekickoff,
1c30bcfdbcf38325,2026-08-22,goals,Ismaïla Sarr,over,2026-08-18T07:37:52.869718+00:00,3.55,0.28169014084507044,2026-08-22 07:01:23+00:00,3.55,0.28169014084507044,-421.4,,,0.0,CLOSE_NOT_PROVEN_PRE_KICKOFF,player_props_last_prekickoff,
3df0b6a730e3c8cc,2026-08-22,sot,Martin Baturina,over,2026-08-18T07:37:52.870236+00:00,1.9,0.5263157894736842,2026-08-22 07:01:23+00:00,1.9,0.5263157894736842,-421.4,,,0.0,CLOSE_NOT_PROVEN_PRE_KICKOFF,player_props_last_prekickoff,
4b422a036ac74789,2026-08-22,sot,Emanuele Valeri,over,2026-08-18T07:37:52.871106+00:00,3.2,0.3125,2026-08-22 07:01:23+00:00,3.2,0.3125,-421.4,,,0.0,CLOSE_NOT_PROVEN_PRE_KICKOFF,player_props_last_prekickoff,
4ab97e5dc4a391e1,2026-08-21,sot,Riccardo Calafiori,over,2026-08-18T07:37:52.872102+00:00,2.45,0.4081632653061224,2026-08-21 07:09:27+00:00,2.45,0.4081632653061224,-429.4,,,0.0,CLOSE_NOT_PROVEN_PRE_KICKOFF,player_props_last_prekickoff,
3df0b6a730e3c8cc,2026-08-22,sot,Hassane Kamara,over,2026-08-18T07:37:52.872712+00:00,4.7,0.2127659574468085,2026-08-22 07:01:23+00:00,4.7,0.2127659574468085,-421.4,,,0.0,CLOSE_NOT_PROVEN_PRE_KICKOFF,player_props_last_prekickoff,
3df0b6a730e3c8cc,2026-08-22,sot,Oumar Solet,over,2026-08-18T07:37:52.873517+00:00,6.0,0.16666666666666666,2026-08-22 07:01:23+00:00,6.0,0.16666666666666666,-421.4,,,0.0,CLOSE_NOT_PROVEN_PRE_KICKOFF,player_props_last_prekickoff,
b82e04db70ea34e1,2026-08-22,goals,Dominic Calvert-Lewin,over,2026-08-18T07:37:52.874287+00:00,2.88,0.3472222222222222,2026-08-22 07:01:23+00:00,2.88,0.3472222222222222,-421.4,,,0.0,CLOSE_NOT_PROVEN_PRE_KICKOFF,player_props_last_prekickoff,
05dd40a7548cbad2,2026-08-21,sot,Carlos Soler,over,2026-08-18T07:37:52.875076+00:00,2.25,0.4444444444444444,2026-08-21 07:09:27+00:00,2.25,0.4444444444444444,-429.4,,,0.0,CLOSE_NOT_PROVEN_PRE_KICKOFF,player_props_last_prekickoff,
4b422a036ac74789,2026-08-22,sot,Mandela Keita,over,2026-08-18T07:37:52.876365+00:00,3.75,0.26666666666666666,2026-08-22 07:01:23+00:00,3.75,0.26666666666666666,-421.4,,,0.0,CLOSE_NOT_PROVEN_PRE_KICKOFF,player_props_last_prekickoff,
dfc98c9085cbc0fb,,sot,Johnny Cardoso,over,2026-08-18T07:37:52.877078+00:00,3.05,0.3278688524590164,,3.8,0.2631578947368421,,-0.1974,-19.74,-19.7368,OK,v9_clv_records,
4c99d792bc59970c,2026-08-20,goals,Sergio Camello,over,2026-08-18T07:37:52.877691+00:00,4.0,0.25,2026-08-20 07:08:01+00:00,4.0,0.25,-428.0,,,0.0,CLOSE_NOT_PROVEN_PRE_KICKOFF,player_props_last_prekickoff,
b82e04db70ea34e1,2026-08-22,goals,Chris Wood,over,2026-08-18T07:37:52.878568+00:00,2.61,0.3831417624521073,2026-08-22 07:01:23+00:00,2.61,0.3831417624521073,-421.4,,,0.0,CLOSE_NOT_PROVEN_PRE_KICKOFF,player_props_last_prekickoff,
3df0b6a730e3c8cc,2026-08-22,goals,Anastasios Douvikas,over,2026-08-18T07:37:52.879325+00:00,2.75,0.36363636363636365,2026-08-22 07:01:23+00:00,2.75,0.36363636363636365,-421.4,,,0.0,CLOSE_NOT_PROVEN_PRE_KICKOFF,player_props_last_prekickoff,
05dd40a7548cbad2,2026-08-21,sot,Abdessamad Ezzalzouli,over,2026-08-18T07:37:52.879999+00:00,1.54,0.6493506493506493,2026-08-21 07:09:27+00:00,1.54,0.6493506493506493,-429.4,,,0.0,CLOSE_NOT_PROVEN_PRE_KICKOFF,player_props_last_prekickoff,
4b422a036ac74789,2026-08-22,sot,Adrián Bernabé,over,2026-08-18T07:37:52.880724+00:00,2.25,0.4444444444444444,2026-08-22 07:01:23+00:00,2.25,0.4444444444444444,-421.4,,,0.0,CLOSE_NOT_PROVEN_PRE_KICKOFF,player_props_last_prekickoff,
4ab97e5dc4a391e1,2026-08-21,sot,Myles Lewis-Skelly,over,2026-08-18T07:37:52.889044+00:00,2.9,0.3448275862068966,2026-08-21 07:09:27+00:00,2.9,0.3448275862068966,-429.4,,,0.0,CLOSE_NOT_PROVEN_PRE_KICKOFF,player_props_last_prekickoff,
05dd40a7548cbad2,2026-08-21,goals,Mikel Oyarzabal,over,2026-08-18T07:37:52.889739+00:00,3.0,0.3333333333333333,2026-08-21 07:09:27+00:00,3.0,0.3333333333333333,-429.4,,,0.0,CLOSE_NOT_PROVEN_PRE_KICKOFF,player_props_last_prekickoff,
3df0b6a730e3c8cc,2026-08-22,sot,Assane Diao,over,2026-08-18T07:37:52.890924+00:00,1.74,0.5747126436781609,2026-08-22 07:01:23+00:00,1.74,0.5747126436781609,-421.4,,,0.0,CLOSE_NOT_PROVEN_PRE_KICKOFF,player_props_last_prekickoff,
11a6307d91d1c2fd,2026-08-22,sot,Morten Frendrup,over,2026-08-18T07:37:52.892014+00:00,4.4,0.22727272727272727,2026-08-22 07:01:23+00:00,4.4,0.22727272727272727,-421.4,,,0.0,CLOSE_NOT_PROVEN_PRE_KICKOFF,player_props_last_prekickoff,
dfc98c9085cbc0fb,,sot,Julián Alvarez,over,2026-08-18T11:23:16.487948+00:00,1.3,0.7692307692307692,,1.15,0.8695652173913044,,0.1304,13.04,13.0435,OK,v9_clv_records,
4ab97e5dc4a391e1,2026-08-21,sot,Bukayo Saka,over,2026-08-18T11:23:16.489475+00:00,1.3,0.7692307692307692,2026-08-21 07:09:27+00:00,1.3,0.7692307692307692,-429.4,,,0.0,CLOSE_NOT_PROVEN_PRE_KICKOFF,player_props_last_prekickoff,
4c99d792bc59970c,2026-08-20,sot,Randy Nteka,over,2026-08-18T11:23:16.494647+00:00,1.57,0.6369426751592356,2026-08-20 07:08:01+00:00,1.57,0.6369426751592356,-428.0,,,0.0,CLOSE_NOT_PROVEN_PRE_KICKOFF,player_props_last_prekickoff,
dfc98c9085cbc0fb,,goals,Julián Alvarez,over,2026-08-18T11:23:16.499322+00:00,2.05,0.48780487804878053,,2.14,0.4672897196261682,,-0.0421,-4.21,-4.2056,OK,v9_clv_records,
3df0b6a730e3c8cc,2026-08-22,goals,Nicolò Zaniolo,over,2026-08-18T11:23:16.502604+00:00,4.4,0.22727272727272727,2026-08-22 07:01:23+00:00,4.4,0.22727272727272727,-421.4,,,0.0,CLOSE_NOT_PROVEN_PRE_KICKOFF,player_props_last_prekickoff,
dfc98c9085cbc0fb,,sot,Marcos Llorente,over,2026-08-18T11:23:16.504221+00:00,3.7,0.27027027027027023,,3.7,0.27027027027027023,,0.0,0.0,0.0,CLOSE_EQUALS_ENTRY,v9_clv_records,
4ab97e5dc4a391e1,2026-08-21,sot2,Kai Havertz,over,2026-08-18T11:23:16.507462+00:00,2.15,0.46511627906976744,2026-08-21 07:09:27+00:00,2.15,0.46511627906976744,-429.4,,,0.0,CLOSE_NOT_PROVEN_PRE_KICKOFF,player_props_last_prekickoff,
9bb885fe41e5f679,2026-08-22,sot,Carlos Augusto,over,2026-08-18T11:23:16.509593+00:00,2.4,0.4166666666666667,2026-08-22 07:01:23+00:00,2.4,0.4166666666666667,-421.4,,,0.0,CLOSE_NOT_PROVEN_PRE_KICKOFF,player_props_last_prekickoff,
b82e04db70ea34e1,,sot,Dominic Calvert-Lewin,over,2026-08-18T21:27:03.400350+00:00,1.43,0.6993006993006994,,,,,,,,NO_CLOSE,,
b82e04db70ea34e1,,sot,Morgan Gibbs-White,over,2026-08-18T21:27:03.401895+00:00,1.77,0.5649717514124294,,,,,,,,NO_CLOSE,,
b82e04db70ea34e1,,sot,Anton Stach,over,2026-08-18T21:27:03.407966+00:00,2.07,0.48309178743961356,,,,,,,,NO_CLOSE,,
50830b12373d633b,2026-08-23,sot,Jonathan David,over,2026-08-19T01:04:37.618363+00:00,1.31,0.7633587786259541,2026-08-23 07:02:38+00:00,1.31,0.7633587786259541,-422.6,,,0.0,CLOSE_NOT_PROVEN_PRE_KICKOFF,player_props_last_prekickoff,
c01ed155192b3c59,,sot,Bruno Fernandes,over,2026-08-19T01:04:37.620998+00:00,1.44,0.6944444444444444,,,,,,,,NO_CLOSE,,
50830b12373d633b,2026-08-23,goals,Jonathan David,over,2026-08-19T01:04:37.624387+00:00,2.4,0.4166666666666667,2026-08-23 07:02:38+00:00,2.4,0.4166666666666667,-422.6,,,0.0,CLOSE_NOT_PROVEN_PRE_KICKOFF,player_props_last_prekickoff,
50830b12373d633b,2026-08-23,sot,Manuel Locatelli,over,2026-08-19T01:04:37.625559+00:00,2.9,0.3448275862068966,2026-08-23 07:02:38+00:00,2.9,0.3448275862068966,-422.6,,,0.0,CLOSE_NOT_PROVEN_PRE_KICKOFF,player_props_last_prekickoff,
50830b12373d633b,2026-08-23,sot,Weston McKennie,over,2026-08-19T01:04:37.626491+00:00,2.15,0.46511627906976744,2026-08-23 07:02:38+00:00,2.15,0.46511627906976744,-422.6,,,0.0,CLOSE_NOT_PROVEN_PRE_KICKOFF,player_props_last_prekickoff,
50830b12373d633b,2026-08-23,sot,Andrea Cambiaso,over,2026-08-19T01:04:37.628610+00:00,2.7,0.37037037037037035,2026-08-23 07:02:38+00:00,2.7,0.37037037037037035,-422.6,,,0.0,CLOSE_NOT_PROVEN_PRE_KICKOFF,player_props_last_prekickoff,
4ab97e5dc4a391e1,,sot,Ephron Mason-Clark,over,2026-08-19T03:48:29.387810+00:00,3.05,0.3278688524590164,,,,,,,,NO_CLOSE,,
4ab97e5dc4a391e1,,sot,Tatsuhiro Sakamoto,over,2026-08-19T03:48:29.394647+00:00,3.5,0.2857142857142857,,,,,,,,NO_CLOSE,,
4ab97e5dc4a391e1,,goals,Ephron Mason-Clark,over,2026-08-19T03:48:29.398435+00:00,9.5,0.10526315789473684,,,,,,,,NO_CLOSE,,
4ab97e5dc4a391e1,,sot,Bobby Thomas,over,2026-08-19T03:48:29.402975+00:00,4.8,0.20833333333333334,,,,,,,,NO_CLOSE,,
4ab97e5dc4a391e1,,sot,Matt Grimes,over,2026-08-19T03:48:29.405876+00:00,7.5,0.13333333333333333,,,,,,,,NO_CLOSE,,
2f320f59a0339941,,sot,Igor Paixão,over,2026-08-19T06:42:08.364956+00:00,1.36,0.7352941176470588,,,,,,,,NO_CLOSE,,
2f320f59a0339941,,sot,Martial Godo,over,2026-08-19T06:42:08.366505+00:00,1.8,0.5555555555555556,,,,,,,,NO_CLOSE,,
2f320f59a0339941,,sot,Amine Gouiri,over,2026-08-19T06:42:08.367904+00:00,1.3,0.7692307692307692,,,,,,,,NO_CLOSE,,
fbd090b35d5ab77b,,sot,Sofiane Diop,over,2026-08-19T06:42:08.369127+00:00,1.68,0.5952380952380952,,,,,,,,NO_CLOSE,,
2f320f59a0339941,,sot,Samuel Amo-Ameyaw,over,2026-08-19T06:42:08.370233+00:00,2.05,0.48780487804878053,,,,,,,,NO_CLOSE,,
a8544fb1bffd1f75,,sot,Santiago Hidalgo,over,2026-08-19T06:42:08.371368+00:00,1.52,0.6578947368421053,,,,,,,,NO_CLOSE,,
e0ce14f7650df5f1,,sot,Neal Maupay,over,2026-08-19T06:42:08.372428+00:00,1.27,0.7874015748031495,,,,,,,,NO_CLOSE,,
a8544fb1bffd1f75,2026-08-26,sot,Corentin Tolisso,over,2026-08-19T06:42:08.373460+00:00,1.74,0.5747126436781609,2026-08-23 07:02:38+00:00,1.74,0.5747126436781609,3897.4,,,0.0,CLOSE_NOT_PROVEN_PRE_KICKOFF,player_props_last_prekickoff,
131481d2c69202b2,,sot,Danny Namaso,over,2026-08-19T06:42:08.375177+00:00,2.0,0.5,,,,,,,,NO_CLOSE,,
a8544fb1bffd1f75,2026-08-26,sot,Pavel Šulc,over,2026-08-19T06:42:08.376393+00:00,1.74,0.5747126436781609,2026-08-23 07:02:38+00:00,1.74,0.5747126436781609,3897.4,,,0.0,CLOSE_NOT_PROVEN_PRE_KICKOFF,player_props_last_prekickoff,
fbd090b35d5ab77b,,sot,Jonathan Clauss,over,2026-08-19T06:42:08.377804+00:00,3.3,0.30303030303030304,,,,,,,,NO_CLOSE,,
fbd090b35d5ab77b,,sot,Panos Katseris,over,2026-08-19T06:42:08.378972+00:00,2.65,0.37735849056603776,,,,,,,,NO_CLOSE,,
da15eb75bc2e9e33,,sot,Jonathan Ikoné,over,2026-08-19T06:42:08.380698+00:00,1.8,0.5555555555555556,,,,,,,,NO_CLOSE,,
fbd090b35d5ab77b,,sot,Morgan Sanson,over,2026-08-19T06:42:08.382079+00:00,2.3,0.4347826086956522,,,,,,,,NO_CLOSE,,
fbd090b35d5ab77b,,sot,Noah Cadiou,over,2026-08-19T06:42:08.383210+00:00,3.1,0.3225806451612903,,,,,,,,NO_CLOSE,,
131481d2c69202b2,,sot,Matthieu Udol,over,2026-08-19T06:42:08.384849+00:00,2.55,0.3921568627450981,,,,,,,,NO_CLOSE,,
fbd090b35d5ab77b,,sot,Arsène Kouassi,over,2026-08-19T06:42:08.386068+00:00,4.0,0.25,,,,,,,,NO_CLOSE,,
131481d2c69202b2,,sot,Kévin Danois,over,2026-08-19T06:42:08.388975+00:00,3.8,0.2631578947368421,,,,,,,,NO_CLOSE,,
a8544fb1bffd1f75,2026-08-26,sot,Tyler Morton,over,2026-08-19T06:42:08.390379+00:00,3.7,0.27027027027027023,2026-08-23 07:02:38+00:00,3.7,0.27027027027027023,3897.4,,,0.0,CLOSE_NOT_PROVEN_PRE_KICKOFF,player_props_last_prekickoff,
fbd090b35d5ab77b,,sot,Youssouf Ndayishimiye,over,2026-08-19T06:42:08.391648+00:00,4.3,0.23255813953488372,,,,,,,,NO_CLOSE,,
fbd090b35d5ab77b,,sot,Melvin Bard,over,2026-08-19T06:42:08.392885+00:00,3.55,0.28169014084507044,,,,,,,,NO_CLOSE,,
1c30bcfdbcf38325,,sot,Ismaïla Sarr,over,2026-08-19T12:44:08.553699+00:00,1.74,0.5747126436781609,,,,,,,,NO_CLOSE,,
b82e04db70ea34e1,,sot,Chris Wood,over,2026-08-19T12:44:08.555384+00:00,1.43,0.6993006993006994,,,,,,,,NO_CLOSE,,
c01ed155192b3c59,,sot,Benjamin Šeško,over,2026-08-19T12:44:08.557522+00:00,1.18,0.8474576271186441,,,,,,,,NO_CLOSE,,
c01ed155192b3c59,,sot,Bryan Mbeumo,over,2026-08-19T12:44:08.558976+00:00,1.32,0.7575757575757576,,,,,,,,NO_CLOSE,,
b82e04db70ea34e1,,sot,Dan Ndoye,over,2026-08-19T12:44:08.560858+00:00,1.6,0.625,,,,,,,,NO_CLOSE,,
1c30bcfdbcf38325,,sot,Kiernan Dewsbury-Hall,over,2026-08-19T12:44:08.563560+00:00,1.83,0.5464480874316939,,,,,,,,NO_CLOSE,,
1c30bcfdbcf38325,,sot,Dwight McNeil,over,2026-08-19T12:44:08.566366+00:00,1.95,0.5128205128205129,,,,,,,,NO_CLOSE,,
b82e04db70ea34e1,,sot,Callum Hudson-Odoi,over,2026-08-19T12:44:08.568346+00:00,1.74,0.5747126436781609,,,,,,,,NO_CLOSE,,
df76fcaf84d93182,,sot,Granit Xhaka,over,2026-08-19T12:44:08.569879+00:00,2.7,0.37037037037037035,,,,,,,,NO_CLOSE,,
1c30bcfdbcf38325,,sot,James Garner,over,2026-08-19T12:44:08.571300+00:00,2.5,0.4,,,,,,,,NO_CLOSE,,
df76fcaf84d93182,,sot,Enzo Le Fée,over,2026-08-19T12:44:08.572872+00:00,1.86,0.5376344086021505,,,,,,,,NO_CLOSE,,
c01ed155192b3c59,,sot,Matt Crooks,over,2026-08-19T12:44:08.574759+00:00,2.7,0.37037037037037035,,,,,,,,NO_CLOSE,,
1c30bcfdbcf38325,,cards,Daniel Muñoz,over,2026-08-19T12:44:08.576613+00:00,3.0,0.3333333333333333,,,,,,,,NO_CLOSE,,
1c30bcfdbcf38325,,sot,Merlin Röhl,over,2026-08-19T12:44:08.578227+00:00,1.9,0.5263157894736842,,,,,,,,NO_CLOSE,,
b82e04db70ea34e1,,sot,Neco Williams,over,2026-08-19T12:44:08.580777+00:00,2.9,0.3448275862068966,,,,,,,,NO_CLOSE,,
df76fcaf84d93182,,sot,Darnell Furlong,over,2026-08-19T12:44:08.582459+00:00,5.75,0.17391304347826086,,,,,,,,NO_CLOSE,,
1c30bcfdbcf38325,,sot,Justin Devenny,over,2026-08-19T12:44:08.583999+00:00,1.86,0.5376344086021505,,,,,,,,NO_CLOSE,,
df76fcaf84d93182,,sot,Dara O'Shea,over,2026-08-19T12:44:08.585486+00:00,3.1,0.3225806451612903,,,,,,,,NO_CLOSE,,
b82e04db70ea34e1,,sot,Ethan Ampadu,over,2026-08-19T12:44:08.586927+00:00,5.0,0.2,,,,,,,,NO_CLOSE,,
1c30bcfdbcf38325,,sot,Daichi Kamada,over,2026-08-19T12:44:08.589039+00:00,3.1,0.3225806451612903,,,,,,,,NO_CLOSE,,
1c30bcfdbcf38325,,cards,Chris Richards,over,2026-08-19T12:44:08.590732+00:00,4.8,0.20833333333333334,,,,,,,,NO_CLOSE,,
df76fcaf84d93182,,sot,Trai Hume,over,2026-08-19T12:44:08.592323+00:00,3.5,0.2857142857142857,,,,,,,,NO_CLOSE,,
1c30bcfdbcf38325,,sot,Michael Keane,over,2026-08-19T12:44:08.594083+00:00,4.4,0.22727272727272727,,,,,,,,NO_CLOSE,,
c01ed155192b3c59,,cards,Bruno Fernandes,over,2026-08-19T12:44:08.595779+00:00,4.2,0.23809523809523808,,,,,,,,NO_CLOSE,,
1c30bcfdbcf38325,,sot,Jefferson Lerma,over,2026-08-19T12:44:08.597486+00:00,3.8,0.2631578947368421,,,,,,,,NO_CLOSE,,
df76fcaf84d93182,,sot,Azor Matusiwa,over,2026-08-19T12:44:08.599177+00:00,3.9,0.25641025641025644,,,,,,,,NO_CLOSE,,
df76fcaf84d93182,,sot,Jacob Greaves,over,2026-08-19T12:44:08.601375+00:00,6.0,0.16666666666666666,,,,,,,,NO_CLOSE,,
c01ed155192b3c59,,sot,Regan Slater,over,2026-08-19T12:44:08.602877+00:00,4.4,0.22727272727272727,,,,,,,,NO_CLOSE,,
dfc98c9085cbc0fb,,sot,Ademola Lookman,over,2026-08-19T18:36:19.826009+00:00,1.37,0.7299270072992701,,1.2,0.8333333333333334,,0.1417,14.17,14.1667,OK,v9_clv_records,
dfc98c9085cbc0fb,,goals,Ademola Lookman,over,2026-08-19T18:36:19.834141+00:00,2.6,0.3846153846153846,,2.38,0.42016806722689076,,0.0924,9.24,9.2437,OK,v9_clv_records,
9c5144070d360a75,2026-08-22,sot,Kylian Mbappé,over,2026-08-19T19:27:45.567532+00:00,1.11,0.9009009009009008,2026-08-22 07:01:23+00:00,1.11,0.9009009009009008,-421.4,,,0.0,CLOSE_NOT_PROVEN_PRE_KICKOFF,player_props_last_prekickoff,
9c5144070d360a75,2026-08-22,sot,Vinícius Júnior,over,2026-08-19T19:27:45.569328+00:00,1.16,0.8620689655172414,2026-08-22 07:01:23+00:00,1.16,0.8620689655172414,-421.4,,,0.0,CLOSE_NOT_PROVEN_PRE_KICKOFF,player_props_last_prekickoff,
9c5144070d360a75,2026-08-22,goals,Kylian Mbappé,over,2026-08-19T19:27:45.571074+00:00,1.67,0.5988023952095809,2026-08-22 07:01:23+00:00,1.67,0.5988023952095809,-421.4,,,0.0,CLOSE_NOT_PROVEN_PRE_KICKOFF,player_props_last_prekickoff,
9c5144070d360a75,2026-08-22,sot2,Kylian Mbappé,over,2026-08-19T19:27:45.572879+00:00,1.55,0.6451612903225806,2026-08-22 07:01:23+00:00,1.55,0.6451612903225806,-421.4,,,0.0,CLOSE_NOT_PROVEN_PRE_KICKOFF,player_props_last_prekickoff,
9c5144070d360a75,2026-08-22,sot,Jude Bellingham,over,2026-08-19T19:27:45.575285+00:00,1.39,0.7194244604316548,2026-08-22 07:01:23+00:00,1.39,0.7194244604316548,-421.4,,,0.0,CLOSE_NOT_PROVEN_PRE_KICKOFF,player_props_last_prekickoff,
9c5144070d360a75,2026-08-22,sot,Arda Güler,over,2026-08-19T19:27:45.578414+00:00,1.33,0.7518796992481203,2026-08-22 07:01:23+00:00,1.33,0.7518796992481203,-421.4,,,0.0,CLOSE_NOT_PROVEN_PRE_KICKOFF,player_props_last_prekickoff,
9c5144070d360a75,2026-08-22,goals,Vinícius Júnior,over,2026-08-19T19:27:45.582125+00:00,2.75,0.36363636363636365,2026-08-22 07:01:23+00:00,2.75,0.36363636363636365,-421.4,,,0.0,CLOSE_NOT_PROVEN_PRE_KICKOFF,player_props_last_prekickoff,
9c5144070d360a75,2026-08-22,sot,Federico Valverde,over,2026-08-19T19:27:45.584311+00:00,1.46,0.684931506849315,2026-08-22 07:01:23+00:00,1.46,0.684931506849315,-421.4,,,0.0,CLOSE_NOT_PROVEN_PRE_KICKOFF,player_props_last_prekickoff,
9c5144070d360a75,2026-08-22,sot2,Vinícius Júnior,over,2026-08-19T19:27:45.586997+00:00,1.76,0.5681818181818182,2026-08-22 07:01:23+00:00,1.76,0.5681818181818182,-421.4,,,0.0,CLOSE_NOT_PROVEN_PRE_KICKOFF,player_props_last_prekickoff,
9c5144070d360a75,2026-08-22,goals,Jude Bellingham,over,2026-08-19T19:27:45.589257+00:00,4.0,0.25,2026-08-22 07:01:23+00:00,4.0,0.25,-421.4,,,0.0,CLOSE_NOT_PROVEN_PRE_KICKOFF,player_props_last_prekickoff,
9c5144070d360a75,2026-08-22,sot,Tyrhys Dolan,over,2026-08-19T19:27:45.591949+00:00,2.25,0.4444444444444444,2026-08-22 07:01:23+00:00,2.25,0.4444444444444444,-421.4,,,0.0,CLOSE_NOT_PROVEN_PRE_KICKOFF,player_props_last_prekickoff,
9c5144070d360a75,2026-08-22,sot,Brahim Díaz,over,2026-08-19T19:27:45.595910+00:00,1.44,0.6944444444444444,2026-08-22 07:01:23+00:00,1.44,0.6944444444444444,-421.4,,,0.0,CLOSE_NOT_PROVEN_PRE_KICKOFF,player_props_last_prekickoff,
9c5144070d360a75,2026-08-22,goals,Arda Güler,over,2026-08-19T19:27:45.598962+00:00,5.0,0.2,2026-08-22 07:01:23+00:00,5.0,0.2,-421.4,,,0.0,CLOSE_NOT_PROVEN_PRE_KICKOFF,player_props_last_prekickoff,
9c5144070d360a75,2026-08-22,sot,Leandro Cabrera,over,2026-08-19T19:27:45.605088+00:00,4.0,0.25,2026-08-22 07:01:23+00:00,4.0,0.25,-421.4,,,0.0,CLOSE_NOT_PROVEN_PRE_KICKOFF,player_props_last_prekickoff,
e0ce14f7650df5f1,,goals,Gorka Guruzeta,over,2026-08-20T01:05:42.136591+00:00,2.63,0.3802281368821293,,,,,,,,NO_CLOSE,,
7bf6cd9c79eada9e,,goals,Victor Muñoz,over,2026-07-13T02:28:33.319043+00:00,5.75,0.17391304347826086,,5.75,0.17391304347826086,,0.0,0.0,0.0,CLOSE_EQUALS_ENTRY,v9_clv_records,
7bf6cd9c79eada9e,,sot,Adrien Rabiot,over,2026-07-13T02:28:33.319241+00:00,3.75,0.26666666666666666,,3.75,0.26666666666666666,,0.0,0.0,0.0,CLOSE_EQUALS_ENTRY,v9_clv_records,LOSS
46a91e2229dbb8eb,,sot,Nico O'Reilly,over,2026-07-13T02:28:33.319451+00:00,3.6,0.2777777777777778,,3.6,0.2777777777777778,,0.0,0.0,0.0,CLOSE_EQUALS_ENTRY,v9_clv_records,
46a91e2229dbb8eb,,goals,Noni Madueke,over,2026-07-13T02:28:33.320084+00:00,6.0,0.16666666666666666,,6.0,0.16666666666666666,,0.0,0.0,0.0,CLOSE_EQUALS_ENTRY,v9_clv_records,
7bf6cd9c79eada9e,,sot,Rodri,over,2026-07-13T02:28:33.320633+00:00,5.8,0.1724137931034483,,5.8,0.1724137931034483,,0.0,0.0,0.0,CLOSE_EQUALS_ENTRY,v9_clv_records,LOSS
46a91e2229dbb8eb,,sot,Noni Madueke,over,2026-07-14T17:15:55.485881+00:00,2.25,0.4444444444444444,,2.0,0.5,,0.125,12.5,12.5,OK,v9_clv_records,
46a91e2229dbb8eb,,goals,Harry Kane,over,2026-07-14T19:18:31.682451+00:00,2.51,0.39840637450199207,,2.65,0.37735849056603776,,-0.0528,-5.28,-5.283,OK,v9_clv_records,LOSS
46a91e2229dbb8eb,,sot,Declan Rice,over,2026-07-14T19:18:31.683400+00:00,3.6,0.2777777777777778,,3.6,0.2777777777777778,,0.0,0.0,0.0,CLOSE_EQUALS_ENTRY,v9_clv_records,WIN
348ff97ab1f5a682,,goals,Giuliano Simeone,over,2026-07-15T02:09:31.349072+00:00,5.0,0.2,,,,,,,,NO_CLOSE,,
46a91e2229dbb8eb,,goals,Lionel Messi,over,2026-07-15T05:15:39.249899+00:00,2.56,0.390625,,2.68,0.3731343283582089,,-0.0448,-4.48,-4.4776,OK,v9_clv_records,LOSS
348ff97ab1f5a682,2026-08-19,sot,Giuliano Simeone,over,2026-07-15T18:10:09.575129+00:00,1.91,0.5235602094240838,2026-08-19 07:07:07+00:00,1.64,0.6097560975609756,-427.1,,,16.4634,CLOSE_NOT_PROVEN_PRE_KICKOFF,player_props_last_prekickoff,
46a91e2229dbb8eb,,sot,Anthony Gordon,over,2026-07-15T18:10:09.575633+00:00,2.25,0.4444444444444444,,2.25,0.4444444444444444,,0.0,0.0,0.0,CLOSE_EQUALS_ENTRY,v9_clv_records,WIN
f76ea6b089da6541,,goals,Lionel Messi,over,2026-07-15T22:03:13.280178+00:00,2.45,0.4081632653061224,,2.94,0.3401360544217687,,-0.1667,-16.67,-16.6667,OK,v9_clv_records,LOSS
f76ea6b089da6541,,goals,Victor Muñoz,over,2026-07-15T22:03:13.280615+00:00,4.8,0.20833333333333334,,5.0,0.2,,-0.04,-4.0,-4.0,OK,v9_clv_records,
20f50bb196a5f825,,goals,Harry Kane,over,2026-07-15T22:03:13.281004+00:00,2.55,0.3921568627450981,,2.19,0.4566210045662101,,0.1644,16.44,16.4384,OK,v9_clv_records,
20f50bb196a5f825,,goals,Ousmane Dembélé,over,2026-07-15T22:03:13.281858+00:00,3.3,0.30303030303030304,,3.0,0.3333333333333333,,0.1,10.0,10.0,OK,v9_clv_records,WIN
20f50bb196a5f825,,goals,Noni Madueke,over,2026-07-15T22:03:13.282796+00:00,6.2,0.16129032258064516,,5.1,0.19607843137254904,,0.2157,21.57,21.5686,OK,v9_clv_records,
56a6067c55ee0cda,,goals,Giuliano Simeone,over,2026-07-16T02:25:20.929261+00:00,6.2,0.16129032258064516,,,,,,,,NO_CLOSE,,
f76ea6b089da6541,,sot,Rodri,over,2026-07-16T11:12:42.178356+00:00,3.65,0.273972602739726,,4.0,0.25,,-0.0875,-8.75,-8.75,OK,v9_clv_records,LOSS
f76ea6b089da6541,,sot2,Victor Muñoz,over,2026-07-16T11:12:42.179103+00:00,3.7,0.27027027027027023,,5.5,0.18181818181818182,,-0.3273,-32.73,,CLV_IMPLAUSIBLE,v9_clv_records,
f76ea6b089da6541,,sot,Victor Muñoz,over,2026-07-16T15:14:51.068102+00:00,2.0,0.5,,2.0,0.5,,0.0,0.0,0.0,CLOSE_EQUALS_ENTRY,v9_clv_records,
521c3d8017cab5ab,,sot,Aurélien Tchouaméni,over,2026-07-16T23:19:45.410589+00:00,3.55,0.28169014084507044,,,,,,,,NO_CLOSE,,
521c3d8017cab5ab,,goals,Aurélien Tchouaméni,over,2026-07-16T23:19:45.419219+00:00,9.0,0.1111111111111111,,,,,,,,NO_CLOSE,,
20f50bb196a5f825,,sot,Marcus Rashford,over,2026-07-18T20:22:22.086785+00:00,2.0,0.5,,2.0,0.5,,0.0,0.0,0.0,CLOSE_EQUALS_ENTRY,v9_clv_records,WIN
20f50bb196a5f825,,goals,Marcus Rashford,over,2026-07-18T20:22:22.088044+00:00,5.18,0.19305019305019305,,5.18,0.19305019305019305,,0.0,0.0,0.0,CLOSE_EQUALS_ENTRY,v9_clv_records,LOSS
64031e877f12ff77,,sot,Martín Satriano,over,2026-08-13T15:40:27.756789+00:00,1.67,0.5988023952095809,,1.76,0.5681818181818182,,-0.0511,-5.11,-5.1136,OK,v9_clv_records,WIN
4a901c10060c0f32,,sot,Isi Palazón,over,2026-08-13T15:40:27.757157+00:00,1.91,0.5235602094240838,,1.91,0.5235602094240838,,0.0,0.0,0.0,CLOSE_EQUALS_ENTRY,v9_clv_records,LOSS
4a901c10060c0f32,,sot,Álvaro García,over,2026-08-13T15:40:27.836473+00:00,1.67,0.5988023952095809,,1.95,0.5128205128205129,,-0.1436,-14.36,-14.359,OK,v9_clv_records,WIN
fa5f7b8579c507ac,,sot,Iván Romero,over,2026-08-13T15:40:27.912353+00:00,2.0,0.5,,1.53,0.6535947712418301,,0.3072,30.72,,CLV_IMPLAUSIBLE,v9_clv_records,LOSS
64031e877f12ff77,,sot,Jon Guridi,over,2026-08-13T15:40:27.914011+00:00,1.83,0.5464480874316939,,2.05,0.48780487804878053,,-0.1073,-10.73,-10.7317,OK,v9_clv_records,WIN
fa5f7b8579c507ac,,sot,Jon Ander Olasagasti,over,2026-08-13T15:40:27.914403+00:00,4.0,0.25,,2.75,0.36363636363636365,,0.4545,45.45,,CLV_IMPLAUSIBLE,v9_clv_records,LOSS
64031e877f12ff77,,sot,Lucas Boyé,over,2026-08-13T15:40:27.915035+00:00,1.4,0.7142857142857143,,1.52,0.6578947368421053,,-0.0789,-7.89,-7.8947,OK,v9_clv_records,
4a901c10060c0f32,,sot,Sergio Camello,over,2026-08-13T15:40:27.915510+00:00,1.53,0.6535947712418301,,1.53,0.6535947712418301,,0.0,0.0,0.0,CLOSE_EQUALS_ENTRY,v9_clv_records,LOSS
fa5f7b8579c507ac,,sot,Tyrhys Dolan,over,2026-08-13T15:40:27.916765+00:00,1.71,0.5847953216374269,,1.91,0.5235602094240838,,-0.1047,-10.47,-10.4712,OK,v9_clv_records,WIN
4a901c10060c0f32,,sot,Jorge de Frutos,over,2026-08-13T15:40:27.917064+00:00,1.44,0.6944444444444444,,1.8,0.5555555555555556,,-0.2,-20.0,-20.0,OK,v9_clv_records,LOSS
4a901c10060c0f32,,goals,Isi Palazón,over,2026-08-13T15:40:27.918496+00:00,6.0,0.16666666666666666,,5.8,0.1724137931034483,,0.0345,3.45,3.4483,OK,v9_clv_records,LOSS
fba606529648a222,2026-08-22,sot,Tyrhys Dolan,over,2026-08-13T15:40:27.919316+00:00,1.71,0.5847953216374269,2026-08-22 07:01:23+00:00,2.25,0.4444444444444444,-421.4,,,-24.0,CLOSE_NOT_PROVEN_PRE_KICKOFF,player_props_last_prekickoff,
fa5f7b8579c507ac,,goals,Iván Romero,over,2026-08-13T15:40:27.921427+00:00,3.8,0.2631578947368421,,4.5,0.2222222222222222,,-0.1556,-15.56,-15.5556,OK,v9_clv_records,LOSS
4a901c10060c0f32,,sot,Florian Lejeune,over,2026-08-13T15:40:27.923214+00:00,2.3,0.4347826086956522,,2.7,0.37037037037037035,,-0.1481,-14.81,-14.8148,OK,v9_clv_records,WIN
4a901c10060c0f32,,goals,Álvaro García,over,2026-08-13T15:40:27.923962+00:00,4.75,0.21052631578947367,,4.6,0.2173913043478261,,0.0326,3.26,3.2609,OK,v9_clv_records,WIN
64031e877f12ff77,,sot,Zaid Romero,over,2026-08-13T15:40:27.924403+00:00,7.0,0.14285714285714285,,6.5,0.15384615384615385,,0.0769,7.69,7.6923,OK,v9_clv_records,LOSS
64031e877f12ff77,,sot,Antonio Blanco,over,2026-08-13T15:40:27.926399+00:00,2.25,0.4444444444444444,,3.15,0.31746031746031744,,-0.2857,-28.57,,CLV_IMPLAUSIBLE,v9_clv_records,LOSS
64031e877f12ff77,,goals,Martín Satriano,over,2026-08-13T15:40:27.927571+00:00,2.9,0.3448275862068966,,6.0,0.16666666666666666,,-0.5167,-51.67,,CLV_IMPLAUSIBLE,v9_clv_records,LOSS
fa5f7b8579c507ac,,goals,Jon Ander Olasagasti,over,2026-08-13T15:40:27.927948+00:00,8.5,0.11764705882352941,,11.0,0.09090909090909091,,-0.2273,-22.73,-22.7273,OK,v9_clv_records,LOSS
4a901c10060c0f32,,sot,Kike Salas,over,2026-08-13T15:40:27.929511+00:00,2.88,0.3472222222222222,,5.0,0.2,,-0.424,-42.4,,CLV_IMPLAUSIBLE,v9_clv_records,LOSS
9e86f819a6c59be2,2026-08-17,sot,Lucas Boyé,over,2026-08-14T04:02:42.046106+00:00,1.51,0.6622516556291391,2026-08-17 13:56:29+00:00,1.51,0.6622516556291391,-836.5,,,0.0,CLOSE_NOT_PROVEN_PRE_KICKOFF,player_props_last_prekickoff,
4a901c10060c0f32,,cards,Gabriel Suazo,over,2026-08-14T16:28:36.101067+00:00,4.33,0.23094688221709006,,4.33,0.23094688221709006,,0.0,0.0,0.0,CLOSE_EQUALS_ENTRY,v9_clv_records,WIN
64031e877f12ff77,,cards,Antonio Blanco,over,2026-08-14T16:28:36.108050+00:00,2.8,0.35714285714285715,,2.8,0.35714285714285715,,0.0,0.0,0.0,CLOSE_EQUALS_ENTRY,v9_clv_records,WIN
64031e877f12ff77,,cards,Martín Satriano,over,2026-08-14T16:28:36.111797+00:00,3.8,0.2631578947368421,,3.8,0.2631578947368421,,0.0,0.0,0.0,CLOSE_EQUALS_ENTRY,v9_clv_records,LOSS
4ab97e5dc4a391e1,2026-08-21,sot,Viktor Gyökeres,over,2026-08-18T07:37:52.852298+00:00,1.22,0.819672131147541,2026-08-21 07:09:27+00:00,1.22,0.819672131147541,-429.4,,,0.0,CLOSE_NOT_PROVEN_PRE_KICKOFF,player_props_last_prekickoff,
4ab97e5dc4a391e1,2026-08-21,sot,Kai Havertz,over,2026-08-18T07:37:52.852853+00:00,1.25,0.8,2026-08-21 07:09:27+00:00,1.25,0.8,-429.4,,,0.0,CLOSE_NOT_PROVEN_PRE_KICKOFF,player_props_last_prekickoff,
05dd40a7548cbad2,2026-08-21,sot,Mikel Oyarzabal,over,2026-08-18T07:37:52.853614+00:00,1.83,0.5464480874316939,2026-08-21 07:09:27+00:00,1.83,0.5464480874316939,-429.4,,,0.0,CLOSE_NOT_PROVEN_PRE_KICKOFF,player_props_last_prekickoff,
4c99d792bc59970c,,sot,Sergio Camello,over,2026-08-18T07:37:52.854120+00:00,1.4,0.7142857142857143,,1.45,0.6896551724137931,,-0.0345,-3.45,-3.4483,OK,v9_clv_records,
3df0b6a730e3c8cc,2026-08-22,sot,Nicolò Zaniolo,over,2026-08-18T07:37:52.854536+00:00,1.71,0.5847953216374269,2026-08-22 07:01:23+00:00,1.71,0.5847953216374269,-421.4,,,0.0,CLOSE_NOT_PROVEN_PRE_KICKOFF,player_props_last_prekickoff,
11a6307d91d1c2fd,2026-08-22,sot,Kevin De Bruyne,over,2026-08-18T07:37:52.854961+00:00,1.64,0.6097560975609756,2026-08-22 07:01:23+00:00,1.64,0.6097560975609756,-421.4,,,0.0,CLOSE_NOT_PROVEN_PRE_KICKOFF,player_props_last_prekickoff,
4c99d792bc59970c,,sot,Isi Palazón,over,2026-08-18T07:37:52.855402+00:00,1.73,0.5780346820809249,,1.83,0.5464480874316939,,-0.0546,-5.46,-5.4645,OK,v9_clv_records,
4c99d792bc59970c,,sot,Jorge de Frutos,over,2026-08-18T07:37:52.856067+00:00,1.53,0.6535947712418301,,1.6,0.625,,-0.0438,-4.38,-4.375,OK,v9_clv_records,
3df0b6a730e3c8cc,2026-08-22,sot,Anastasios Douvikas,over,2026-08-18T07:37:52.856651+00:00,1.4,0.7142857142857143,2026-08-22 07:01:23+00:00,1.4,0.7142857142857143,-421.4,,,0.0,CLOSE_NOT_PROVEN_PRE_KICKOFF,player_props_last_prekickoff,
b82e04db70ea34e1,2026-08-22,sot,Lorenzo Lucca,over,2026-08-18T07:37:52.857093+00:00,1.4,0.7142857142857143,2026-08-22 07:01:23+00:00,1.4,0.7142857142857143,-421.4,,,0.0,CLOSE_NOT_PROVEN_PRE_KICKOFF,player_props_last_prekickoff,
3df0b6a730e3c8cc,2026-08-22,sot,Keinan Davis,over,2026-08-18T07:37:52.857546+00:00,1.74,0.5747126436781609,2026-08-22 07:01:23+00:00,1.74,0.5747126436781609,-421.4,,,0.0,CLOSE_NOT_PROVEN_PRE_KICKOFF,player_props_last_prekickoff,
4b422a036ac74789,2026-08-22,sot,Sebastiano Esposito,over,2026-08-18T07:37:52.858147+00:00,1.66,0.6024096385542169,2026-08-22 07:01:23+00:00,1.66,0.6024096385542169,-421.4,,,0.0,CLOSE_NOT_PROVEN_PRE_KICKOFF,player_props_last_prekickoff,
11a6307d91d1c2fd,2026-08-22,sot,Lorenzo Colombo,over,2026-08-18T07:37:52.858609+00:00,1.54,0.6493506493506493,2026-08-22 07:01:23+00:00,1.54,0.6493506493506493,-421.4,,,0.0,CLOSE_NOT_PROVEN_PRE_KICKOFF,player_props_last_prekickoff,
3df0b6a730e3c8cc,2026-08-22,sot,Jürgen Ekkelenkamp,over,2026-08-18T07:37:52.859269+00:00,2.4,0.4166666666666667,2026-08-22 07:01:23+00:00,2.4,0.4166666666666667,-421.4,,,0.0,CLOSE_NOT_PROVEN_PRE_KICKOFF,player_props_last_prekickoff,
4ab97e5dc4a391e1,2026-08-21,sot,Noni Madueke,over,2026-08-18T07:37:52.860367+00:00,1.47,0.6802721088435374,2026-08-21 07:09:27+00:00,1.47,0.6802721088435374,-429.4,,,0.0,CLOSE_NOT_PROVEN_PRE_KICKOFF,player_props_last_prekickoff,
4c99d792bc59970c,,sot,Álvaro García,over,2026-08-18T07:37:52.860938+00:00,1.67,0.5988023952095809,,1.64,0.6097560975609756,,0.0183,1.83,1.8293,OK,v9_clv_records,
4ab97e5dc4a391e1,2026-08-21,sot,Declan Rice,over,2026-08-18T07:37:52.861457+00:00,2.2,0.45454545454545453,2026-08-21 07:09:27+00:00,2.2,0.45454545454545453,-429.4,,,0.0,CLOSE_NOT_PROVEN_PRE_KICKOFF,player_props_last_prekickoff,
9bb885fe41e5f679,2026-08-22,sot,Federico Dimarco,over,2026-08-18T07:37:52.862092+00:00,1.66,0.6024096385542169,2026-08-22 07:01:23+00:00,1.66,0.6024096385542169,-421.4,,,0.0,CLOSE_NOT_PROVEN_PRE_KICKOFF,player_props_last_prekickoff,
4ab97e5dc4a391e1,2026-08-21,goals,Kai Havertz,over,2026-08-18T07:37:52.862581+00:00,2.4,0.4166666666666667,2026-08-21 07:09:27+00:00,2.4,0.4166666666666667,-429.4,,,0.0,CLOSE_NOT_PROVEN_PRE_KICKOFF,player_props_last_prekickoff,
4c99d792bc59970c,,sot,Lucas Boyé,over,2026-08-18T07:37:52.863236+00:00,1.57,0.6369426751592356,,1.36,0.7352941176470588,,0.1544,15.44,15.4412,OK,v9_clv_records,
11a6307d91d1c2fd,2026-08-22,sot,Scott McTominay,over,2026-08-18T07:37:52.863854+00:00,1.46,0.684931506849315,2026-08-22 07:01:23+00:00,1.46,0.684931506849315,-421.4,,,0.0,CLOSE_NOT_PROVEN_PRE_KICKOFF,player_props_last_prekickoff,
05dd40a7548cbad2,2026-08-21,sot,Takefusa Kubo,over,2026-08-18T07:37:52.864411+00:00,2.05,0.48780487804878053,2026-08-21 07:09:27+00:00,2.05,0.48780487804878053,-429.4,,,0.0,CLOSE_NOT_PROVEN_PRE_KICKOFF,player_props_last_prekickoff,
9bb885fe41e5f679,2026-08-22,sot,Nicolò Barella,over,2026-08-18T07:37:52.864883+00:00,2.1,0.47619047619047616,2026-08-22 07:01:23+00:00,2.1,0.47619047619047616,-421.4,,,0.0,CLOSE_NOT_PROVEN_PRE_KICKOFF,player_props_last_prekickoff,
05dd40a7548cbad2,2026-08-21,sot,Pablo Fornals,over,2026-08-18T07:37:52.865372+00:00,2.6,0.3846153846153846,2026-08-21 07:09:27+00:00,2.6,0.3846153846153846,-429.4,,,0.0,CLOSE_NOT_PROVEN_PRE_KICKOFF,player_props_last_prekickoff,
4ab97e5dc4a391e1,2026-08-21,goals,Viktor Gyökeres,over,2026-08-18T07:37:52.866063+00:00,1.94,0.5154639175257733,2026-08-21 07:09:27+00:00,1.94,0.5154639175257733,-429.4,,,0.0,CLOSE_NOT_PROVEN_PRE_KICKOFF,player_props_last_prekickoff,
4c99d792bc59970c,,sot,Florian Lejeune,over,2026-08-18T07:37:52.866565+00:00,2.2,0.45454545454545453,,2.45,0.4081632653061224,,-0.102,-10.2,-10.2041,OK,v9_clv_records,
11a6307d91d1c2fd,2026-08-22,sot,Matteo Politano,over,2026-08-18T07:37:52.867058+00:00,1.57,0.6369426751592356,2026-08-22 07:01:23+00:00,1.57,0.6369426751592356,-421.4,,,0.0,CLOSE_NOT_PROVEN_PRE_KICKOFF,player_props_last_prekickoff,
3df0b6a730e3c8cc,2026-08-22,sot,Lucas Da Cunha,over,2026-08-18T07:37:52.867652+00:00,2.25,0.4444444444444444,2026-08-22 07:01:23+00:00,2.25,0.4444444444444444,-421.4,,,0.0,CLOSE_NOT_PROVEN_PRE_KICKOFF,player_props_last_prekickoff,
dfc98c9085cbc0fb,,sot,Giuliano Simeone,over,2026-08-18T07:37:52.868378+00:00,1.64,0.6097560975609756,,2.15,0.46511627906976744,,-0.2372,-23.72,-23.7209,OK,v9_clv_records,
9bb885fe41e5f679,2026-08-22,sot,Petar Sučić,over,2026-08-18T07:37:52.868991+00:00,1.46,0.684931506849315,2026-08-22 07:01:23+00:00,1.46,0.684931506849315,-421.4,,,0.0,CLOSE_NOT_PROVEN_PRE_KICKOFF,player_props_last_prekickoff,
1c30bcfdbcf38325,2026-08-22,goals,Ismaïla Sarr,over,2026-08-18T07:37:52.869718+00:00,3.55,0.28169014084507044,2026-08-22 07:01:23+00:00,3.55,0.28169014084507044,-421.4,,,0.0,CLOSE_NOT_PROVEN_PRE_KICKOFF,player_props_last_prekickoff,
3df0b6a730e3c8cc,2026-08-22,sot,Martin Baturina,over,2026-08-18T07:37:52.870236+00:00,1.9,0.5263157894736842,2026-08-22 07:01:23+00:00,1.9,0.5263157894736842,-421.4,,,0.0,CLOSE_NOT_PROVEN_PRE_KICKOFF,player_props_last_prekickoff,
4b422a036ac74789,2026-08-22,sot,Emanuele Valeri,over,2026-08-18T07:37:52.871106+00:00,3.2,0.3125,2026-08-22 07:01:23+00:00,3.2,0.3125,-421.4,,,0.0,CLOSE_NOT_PROVEN_PRE_KICKOFF,player_props_last_prekickoff,
4ab97e5dc4a391e1,2026-08-21,sot,Riccardo Calafiori,over,2026-08-18T07:37:52.872102+00:00,2.45,0.4081632653061224,2026-08-21 07:09:27+00:00,2.45,0.4081632653061224,-429.4,,,0.0,CLOSE_NOT_PROVEN_PRE_KICKOFF,player_props_last_prekickoff,
3df0b6a730e3c8cc,2026-08-22,sot,Hassane Kamara,over,2026-08-18T07:37:52.872712+00:00,4.7,0.2127659574468085,2026-08-22 07:01:23+00:00,4.7,0.2127659574468085,-421.4,,,0.0,CLOSE_NOT_PROVEN_PRE_KICKOFF,player_props_last_prekickoff,
3df0b6a730e3c8cc,2026-08-22,sot,Oumar Solet,over,2026-08-18T07:37:52.873517+00:00,6.0,0.16666666666666666,2026-08-22 07:01:23+00:00,6.0,0.16666666666666666,-421.4,,,0.0,CLOSE_NOT_PROVEN_PRE_KICKOFF,player_props_last_prekickoff,
b82e04db70ea34e1,2026-08-22,goals,Dominic Calvert-Lewin,over,2026-08-18T07:37:52.874287+00:00,2.88,0.3472222222222222,2026-08-22 07:01:23+00:00,2.88,0.3472222222222222,-421.4,,,0.0,CLOSE_NOT_PROVEN_PRE_KICKOFF,player_props_last_prekickoff,
05dd40a7548cbad2,2026-08-21,sot,Carlos Soler,over,2026-08-18T07:37:52.875076+00:00,2.25,0.4444444444444444,2026-08-21 07:09:27+00:00,2.25,0.4444444444444444,-429.4,,,0.0,CLOSE_NOT_PROVEN_PRE_KICKOFF,player_props_last_prekickoff,
4b422a036ac74789,2026-08-22,sot,Mandela Keita,over,2026-08-18T07:37:52.876365+00:00,3.75,0.26666666666666666,2026-08-22 07:01:23+00:00,3.75,0.26666666666666666,-421.4,,,0.0,CLOSE_NOT_PROVEN_PRE_KICKOFF,player_props_last_prekickoff,
dfc98c9085cbc0fb,,sot,Johnny Cardoso,over,2026-08-18T07:37:52.877078+00:00,3.05,0.3278688524590164,,3.8,0.2631578947368421,,-0.1974,-19.74,-19.7368,OK,v9_clv_records,
4c99d792bc59970c,,goals,Sergio Camello,over,2026-08-18T07:37:52.877691+00:00,4.0,0.25,,5.5,0.18181818181818182,,-0.2727,-27.27,,CLV_IMPLAUSIBLE,v9_clv_records,
b82e04db70ea34e1,2026-08-22,goals,Chris Wood,over,2026-08-18T07:37:52.878568+00:00,2.61,0.3831417624521073,2026-08-22 07:01:23+00:00,2.61,0.3831417624521073,-421.4,,,0.0,CLOSE_NOT_PROVEN_PRE_KICKOFF,player_props_last_prekickoff,
3df0b6a730e3c8cc,2026-08-22,goals,Anastasios Douvikas,over,2026-08-18T07:37:52.879325+00:00,2.75,0.36363636363636365,2026-08-22 07:01:23+00:00,2.75,0.36363636363636365,-421.4,,,0.0,CLOSE_NOT_PROVEN_PRE_KICKOFF,player_props_last_prekickoff,
05dd40a7548cbad2,2026-08-21,sot,Abdessamad Ezzalzouli,over,2026-08-18T07:37:52.879999+00:00,1.54,0.6493506493506493,2026-08-21 07:09:27+00:00,1.54,0.6493506493506493,-429.4,,,0.0,CLOSE_NOT_PROVEN_PRE_KICKOFF,player_props_last_prekickoff,
4b422a036ac74789,2026-08-22,sot,Adrián Bernabé,over,2026-08-18T07:37:52.880724+00:00,2.25,0.4444444444444444,2026-08-22 07:01:23+00:00,2.25,0.4444444444444444,-421.4,,,0.0,CLOSE_NOT_PROVEN_PRE_KICKOFF,player_props_last_prekickoff,
4ab97e5dc4a391e1,2026-08-21,sot,Myles Lewis-Skelly,over,2026-08-18T07:37:52.889044+00:00,2.9,0.3448275862068966,2026-08-21 07:09:27+00:00,2.9,0.3448275862068966,-429.4,,,0.0,CLOSE_NOT_PROVEN_PRE_KICKOFF,player_props_last_prekickoff,
05dd40a7548cbad2,2026-08-21,goals,Mikel Oyarzabal,over,2026-08-18T07:37:52.889739+00:00,3.0,0.3333333333333333,2026-08-21 07:09:27+00:00,3.0,0.3333333333333333,-429.4,,,0.0,CLOSE_NOT_PROVEN_PRE_KICKOFF,player_props_last_prekickoff,
3df0b6a730e3c8cc,2026-08-22,sot,Assane Diao,over,2026-08-18T07:37:52.890924+00:00,1.74,0.5747126436781609,2026-08-22 07:01:23+00:00,1.74,0.5747126436781609,-421.4,,,0.0,CLOSE_NOT_PROVEN_PRE_KICKOFF,player_props_last_prekickoff,
11a6307d91d1c2fd,2026-08-22,sot,Morten Frendrup,over,2026-08-18T07:37:52.892014+00:00,4.4,0.22727272727272727,2026-08-22 07:01:23+00:00,4.4,0.22727272727272727,-421.4,,,0.0,CLOSE_NOT_PROVEN_PRE_KICKOFF,player_props_last_prekickoff,
dfc98c9085cbc0fb,,sot,Julián Alvarez,over,2026-08-18T11:23:16.487948+00:00,1.3,0.7692307692307692,,1.15,0.8695652173913044,,0.1304,13.04,13.0435,OK,v9_clv_records,
4ab97e5dc4a391e1,2026-08-21,sot,Bukayo Saka,over,2026-08-18T11:23:16.489475+00:00,1.3,0.7692307692307692,2026-08-21 07:09:27+00:00,1.3,0.7692307692307692,-429.4,,,0.0,CLOSE_NOT_PROVEN_PRE_KICKOFF,player_props_last_prekickoff,
4c99d792bc59970c,,sot,Randy Nteka,over,2026-08-18T11:23:16.494647+00:00,1.57,0.6369426751592356,,1.73,0.5780346820809249,,-0.0925,-9.25,-9.2486,OK,v9_clv_records,
dfc98c9085cbc0fb,,goals,Julián Alvarez,over,2026-08-18T11:23:16.499322+00:00,2.05,0.48780487804878053,,2.14,0.4672897196261682,,-0.0421,-4.21,-4.2056,OK,v9_clv_records,
3df0b6a730e3c8cc,2026-08-22,goals,Nicolò Zaniolo,over,2026-08-18T11:23:16.502604+00:00,4.4,0.22727272727272727,2026-08-22 07:01:23+00:00,4.4,0.22727272727272727,-421.4,,,0.0,CLOSE_NOT_PROVEN_PRE_KICKOFF,player_props_last_prekickoff,
dfc98c9085cbc0fb,,sot,Marcos Llorente,over,2026-08-18T11:23:16.504221+00:00,3.7,0.27027027027027023,,3.7,0.27027027027027023,,0.0,0.0,0.0,CLOSE_EQUALS_ENTRY,v9_clv_records,
4ab97e5dc4a391e1,2026-08-21,sot2,Kai Havertz,over,2026-08-18T11:23:16.507462+00:00,2.15,0.46511627906976744,2026-08-21 07:09:27+00:00,2.15,0.46511627906976744,-429.4,,,0.0,CLOSE_NOT_PROVEN_PRE_KICKOFF,player_props_last_prekickoff,
9bb885fe41e5f679,2026-08-22,sot,Carlos Augusto,over,2026-08-18T11:23:16.509593+00:00,2.4,0.4166666666666667,2026-08-22 07:01:23+00:00,2.4,0.4166666666666667,-421.4,,,0.0,CLOSE_NOT_PROVEN_PRE_KICKOFF,player_props_last_prekickoff,
b82e04db70ea34e1,,sot,Dominic Calvert-Lewin,over,2026-08-18T21:27:03.400350+00:00,1.43,0.6993006993006994,,,,,,,,NO_CLOSE,,
b82e04db70ea34e1,,sot,Morgan Gibbs-White,over,2026-08-18T21:27:03.401895+00:00,1.77,0.5649717514124294,,,,,,,,NO_CLOSE,,
b82e04db70ea34e1,,sot,Anton Stach,over,2026-08-18T21:27:03.407966+00:00,2.07,0.48309178743961356,,,,,,,,NO_CLOSE,,
50830b12373d633b,2026-08-23,sot,Jonathan David,over,2026-08-19T01:04:37.618363+00:00,1.31,0.7633587786259541,2026-08-23 07:02:38+00:00,1.31,0.7633587786259541,-422.6,,,0.0,CLOSE_NOT_PROVEN_PRE_KICKOFF,player_props_last_prekickoff,
c01ed155192b3c59,,sot,Bruno Fernandes,over,2026-08-19T01:04:37.620998+00:00,1.44,0.6944444444444444,,,,,,,,NO_CLOSE,,
50830b12373d633b,2026-08-23,goals,Jonathan David,over,2026-08-19T01:04:37.624387+00:00,2.4,0.4166666666666667,2026-08-23 07:02:38+00:00,2.4,0.4166666666666667,-422.6,,,0.0,CLOSE_NOT_PROVEN_PRE_KICKOFF,player_props_last_prekickoff,
50830b12373d633b,2026-08-23,sot,Manuel Locatelli,over,2026-08-19T01:04:37.625559+00:00,2.9,0.3448275862068966,2026-08-23 07:02:38+00:00,2.9,0.3448275862068966,-422.6,,,0.0,CLOSE_NOT_PROVEN_PRE_KICKOFF,player_props_last_prekickoff,
50830b12373d633b,2026-08-23,sot,Weston McKennie,over,2026-08-19T01:04:37.626491+00:00,2.15,0.46511627906976744,2026-08-23 07:02:38+00:00,2.15,0.46511627906976744,-422.6,,,0.0,CLOSE_NOT_PROVEN_PRE_KICKOFF,player_props_last_prekickoff,
50830b12373d633b,2026-08-23,sot,Andrea Cambiaso,over,2026-08-19T01:04:37.628610+00:00,2.7,0.37037037037037035,2026-08-23 07:02:38+00:00,2.7,0.37037037037037035,-422.6,,,0.0,CLOSE_NOT_PROVEN_PRE_KICKOFF,player_props_last_prekickoff,
4ab97e5dc4a391e1,,sot,Ephron Mason-Clark,over,2026-08-19T03:48:29.387810+00:00,3.05,0.3278688524590164,,,,,,,,NO_CLOSE,,
4ab97e5dc4a391e1,,sot,Tatsuhiro Sakamoto,over,2026-08-19T03:48:29.394647+00:00,3.5,0.2857142857142857,,,,,,,,NO_CLOSE,,
4ab97e5dc4a391e1,,goals,Ephron Mason-Clark,over,2026-08-19T03:48:29.398435+00:00,9.5,0.10526315789473684,,,,,,,,NO_CLOSE,,
4ab97e5dc4a391e1,,sot,Bobby Thomas,over,2026-08-19T03:48:29.402975+00:00,4.8,0.20833333333333334,,,,,,,,NO_CLOSE,,
4ab97e5dc4a391e1,,sot,Matt Grimes,over,2026-08-19T03:48:29.405876+00:00,7.5,0.13333333333333333,,,,,,,,NO_CLOSE,,
2f320f59a0339941,,sot,Igor Paixão,over,2026-08-19T06:42:08.364956+00:00,1.36,0.7352941176470588,,,,,,,,NO_CLOSE,,
2f320f59a0339941,,sot,Martial Godo,over,2026-08-19T06:42:08.366505+00:00,1.8,0.5555555555555556,,,,,,,,NO_CLOSE,,
2f320f59a0339941,,sot,Amine Gouiri,over,2026-08-19T06:42:08.367904+00:00,1.3,0.7692307692307692,,,,,,,,NO_CLOSE,,
fbd090b35d5ab77b,,sot,Sofiane Diop,over,2026-08-19T06:42:08.369127+00:00,1.68,0.5952380952380952,,,,,,,,NO_CLOSE,,
2f320f59a0339941,,sot,Samuel Amo-Ameyaw,over,2026-08-19T06:42:08.370233+00:00,2.05,0.48780487804878053,,,,,,,,NO_CLOSE,,
a8544fb1bffd1f75,,sot,Santiago Hidalgo,over,2026-08-19T06:42:08.371368+00:00,1.52,0.6578947368421053,,,,,,,,NO_CLOSE,,
e0ce14f7650df5f1,,sot,Neal Maupay,over,2026-08-19T06:42:08.372428+00:00,1.27,0.7874015748031495,,,,,,,,NO_CLOSE,,
a8544fb1bffd1f75,2026-08-26,sot,Corentin Tolisso,over,2026-08-19T06:42:08.373460+00:00,1.74,0.5747126436781609,2026-08-23 07:02:38+00:00,1.74,0.5747126436781609,3897.4,,,0.0,CLOSE_NOT_PROVEN_PRE_KICKOFF,player_props_last_prekickoff,
131481d2c69202b2,,sot,Danny Namaso,over,2026-08-19T06:42:08.375177+00:00,2.0,0.5,,,,,,,,NO_CLOSE,,
a8544fb1bffd1f75,2026-08-26,sot,Pavel Šulc,over,2026-08-19T06:42:08.376393+00:00,1.74,0.5747126436781609,2026-08-23 07:02:38+00:00,1.74,0.5747126436781609,3897.4,,,0.0,CLOSE_NOT_PROVEN_PRE_KICKOFF,player_props_last_prekickoff,
fbd090b35d5ab77b,,sot,Jonathan Clauss,over,2026-08-19T06:42:08.377804+00:00,3.3,0.30303030303030304,,,,,,,,NO_CLOSE,,
fbd090b35d5ab77b,,sot,Panos Katseris,over,2026-08-19T06:42:08.378972+00:00,2.65,0.37735849056603776,,,,,,,,NO_CLOSE,,
da15eb75bc2e9e33,,sot,Jonathan Ikoné,over,2026-08-19T06:42:08.380698+00:00,1.8,0.5555555555555556,,,,,,,,NO_CLOSE,,
fbd090b35d5ab77b,,sot,Morgan Sanson,over,2026-08-19T06:42:08.382079+00:00,2.3,0.4347826086956522,,,,,,,,NO_CLOSE,,
fbd090b35d5ab77b,,sot,Noah Cadiou,over,2026-08-19T06:42:08.383210+00:00,3.1,0.3225806451612903,,,,,,,,NO_CLOSE,,
131481d2c69202b2,,sot,Matthieu Udol,over,2026-08-19T06:42:08.384849+00:00,2.55,0.3921568627450981,,,,,,,,NO_CLOSE,,
fbd090b35d5ab77b,,sot,Arsène Kouassi,over,2026-08-19T06:42:08.386068+00:00,4.0,0.25,,,,,,,,NO_CLOSE,,
131481d2c69202b2,,sot,Kévin Danois,over,2026-08-19T06:42:08.388975+00:00,3.8,0.2631578947368421,,,,,,,,NO_CLOSE,,
a8544fb1bffd1f75,2026-08-26,sot,Tyler Morton,over,2026-08-19T06:42:08.390379+00:00,3.7,0.27027027027027023,2026-08-23 07:02:38+00:00,3.7,0.27027027027027023,3897.4,,,0.0,CLOSE_NOT_PROVEN_PRE_KICKOFF,player_props_last_prekickoff,
fbd090b35d5ab77b,,sot,Youssouf Ndayishimiye,over,2026-08-19T06:42:08.391648+00:00,4.3,0.23255813953488372,,,,,,,,NO_CLOSE,,
fbd090b35d5ab77b,,sot,Melvin Bard,over,2026-08-19T06:42:08.392885+00:00,3.55,0.28169014084507044,,,,,,,,NO_CLOSE,,
1c30bcfdbcf38325,,sot,Ismaïla Sarr,over,2026-08-19T12:44:08.553699+00:00,1.74,0.5747126436781609,,,,,,,,NO_CLOSE,,
b82e04db70ea34e1,,sot,Chris Wood,over,2026-08-19T12:44:08.555384+00:00,1.43,0.6993006993006994,,,,,,,,NO_CLOSE,,
c01ed155192b3c59,,sot,Benjamin Šeško,over,2026-08-19T12:44:08.557522+00:00,1.18,0.8474576271186441,,,,,,,,NO_CLOSE,,
c01ed155192b3c59,,sot,Bryan Mbeumo,over,2026-08-19T12:44:08.558976+00:00,1.32,0.7575757575757576,,,,,,,,NO_CLOSE,,
b82e04db70ea34e1,,sot,Dan Ndoye,over,2026-08-19T12:44:08.560858+00:00,1.6,0.625,,,,,,,,NO_CLOSE,,
1c30bcfdbcf38325,,sot,Kiernan Dewsbury-Hall,over,2026-08-19T12:44:08.563560+00:00,1.83,0.5464480874316939,,,,,,,,NO_CLOSE,,
1c30bcfdbcf38325,,sot,Dwight McNeil,over,2026-08-19T12:44:08.566366+00:00,1.95,0.5128205128205129,,,,,,,,NO_CLOSE,,
b82e04db70ea34e1,,sot,Callum Hudson-Odoi,over,2026-08-19T12:44:08.568346+00:00,1.74,0.5747126436781609,,,,,,,,NO_CLOSE,,
df76fcaf84d93182,,sot,Granit Xhaka,over,2026-08-19T12:44:08.569879+00:00,2.7,0.37037037037037035,,,,,,,,NO_CLOSE,,
1c30bcfdbcf38325,,sot,James Garner,over,2026-08-19T12:44:08.571300+00:00,2.5,0.4,,,,,,,,NO_CLOSE,,
df76fcaf84d93182,,sot,Enzo Le Fée,over,2026-08-19T12:44:08.572872+00:00,1.86,0.5376344086021505,,,,,,,,NO_CLOSE,,
c01ed155192b3c59,,sot,Matt Crooks,over,2026-08-19T12:44:08.574759+00:00,2.7,0.37037037037037035,,,,,,,,NO_CLOSE,,
1c30bcfdbcf38325,,cards,Daniel Muñoz,over,2026-08-19T12:44:08.576613+00:00,3.0,0.3333333333333333,,,,,,,,NO_CLOSE,,
1c30bcfdbcf38325,,sot,Merlin Röhl,over,2026-08-19T12:44:08.578227+00:00,1.9,0.5263157894736842,,,,,,,,NO_CLOSE,,
b82e04db70ea34e1,,sot,Neco Williams,over,2026-08-19T12:44:08.580777+00:00,2.9,0.3448275862068966,,,,,,,,NO_CLOSE,,
df76fcaf84d93182,,sot,Darnell Furlong,over,2026-08-19T12:44:08.582459+00:00,5.75,0.17391304347826086,,,,,,,,NO_CLOSE,,
1c30bcfdbcf38325,,sot,Justin Devenny,over,2026-08-19T12:44:08.583999+00:00,1.86,0.5376344086021505,,,,,,,,NO_CLOSE,,
df76fcaf84d93182,,sot,Dara O'Shea,over,2026-08-19T12:44:08.585486+00:00,3.1,0.3225806451612903,,,,,,,,NO_CLOSE,,
b82e04db70ea34e1,,sot,Ethan Ampadu,over,2026-08-19T12:44:08.586927+00:00,5.0,0.2,,,,,,,,NO_CLOSE,,
1c30bcfdbcf38325,,sot,Daichi Kamada,over,2026-08-19T12:44:08.589039+00:00,3.1,0.3225806451612903,,,,,,,,NO_CLOSE,,
1c30bcfdbcf38325,,cards,Chris Richards,over,2026-08-19T12:44:08.590732+00:00,4.8,0.20833333333333334,,,,,,,,NO_CLOSE,,
df76fcaf84d93182,,sot,Trai Hume,over,2026-08-19T12:44:08.592323+00:00,3.5,0.2857142857142857,,,,,,,,NO_CLOSE,,
1c30bcfdbcf38325,,sot,Michael Keane,over,2026-08-19T12:44:08.594083+00:00,4.4,0.22727272727272727,,,,,,,,NO_CLOSE,,
c01ed155192b3c59,,cards,Bruno Fernandes,over,2026-08-19T12:44:08.595779+00:00,4.2,0.23809523809523808,,,,,,,,NO_CLOSE,,
1c30bcfdbcf38325,,sot,Jefferson Lerma,over,2026-08-19T12:44:08.597486+00:00,3.8,0.2631578947368421,,,,,,,,NO_CLOSE,,
df76fcaf84d93182,,sot,Azor Matusiwa,over,2026-08-19T12:44:08.599177+00:00,3.9,0.25641025641025644,,,,,,,,NO_CLOSE,,
df76fcaf84d93182,,sot,Jacob Greaves,over,2026-08-19T12:44:08.601375+00:00,6.0,0.16666666666666666,,,,,,,,NO_CLOSE,,
c01ed155192b3c59,,sot,Regan Slater,over,2026-08-19T12:44:08.602877+00:00,4.4,0.22727272727272727,,,,,,,,NO_CLOSE,,
dfc98c9085cbc0fb,,sot,Ademola Lookman,over,2026-08-19T18:36:19.826009+00:00,1.37,0.7299270072992701,,1.2,0.8333333333333334,,0.1417,14.17,14.1667,OK,v9_clv_records,
dfc98c9085cbc0fb,,goals,Ademola Lookman,over,2026-08-19T18:36:19.834141+00:00,2.6,0.3846153846153846,,2.38,0.42016806722689076,,0.0924,9.24,9.2437,OK,v9_clv_records,
9c5144070d360a75,2026-08-22,sot,Kylian Mbappé,over,2026-08-19T19:27:45.567532+00:00,1.11,0.9009009009009008,2026-08-22 07:01:23+00:00,1.11,0.9009009009009008,-421.4,,,0.0,CLOSE_NOT_PROVEN_PRE_KICKOFF,player_props_last_prekickoff,
9c5144070d360a75,2026-08-22,sot,Vinícius Júnior,over,2026-08-19T19:27:45.569328+00:00,1.16,0.8620689655172414,2026-08-22 07:01:23+00:00,1.16,0.8620689655172414,-421.4,,,0.0,CLOSE_NOT_PROVEN_PRE_KICKOFF,player_props_last_prekickoff,
9c5144070d360a75,2026-08-22,goals,Kylian Mbappé,over,2026-08-19T19:27:45.571074+00:00,1.67,0.5988023952095809,2026-08-22 07:01:23+00:00,1.67,0.5988023952095809,-421.4,,,0.0,CLOSE_NOT_PROVEN_PRE_KICKOFF,player_props_last_prekickoff,
9c5144070d360a75,2026-08-22,sot2,Kylian Mbappé,over,2026-08-19T19:27:45.572879+00:00,1.55,0.6451612903225806,2026-08-22 07:01:23+00:00,1.55,0.6451612903225806,-421.4,,,0.0,CLOSE_NOT_PROVEN_PRE_KICKOFF,player_props_last_prekickoff,
9c5144070d360a75,2026-08-22,sot,Jude Bellingham,over,2026-08-19T19:27:45.575285+00:00,1.39,0.7194244604316548,2026-08-22 07:01:23+00:00,1.39,0.7194244604316548,-421.4,,,0.0,CLOSE_NOT_PROVEN_PRE_KICKOFF,player_props_last_prekickoff,
9c5144070d360a75,2026-08-22,sot,Arda Güler,over,2026-08-19T19:27:45.578414+00:00,1.33,0.7518796992481203,2026-08-22 07:01:23+00:00,1.33,0.7518796992481203,-421.4,,,0.0,CLOSE_NOT_PROVEN_PRE_KICKOFF,player_props_last_prekickoff,
9c5144070d360a75,2026-08-22,goals,Vinícius Júnior,over,2026-08-19T19:27:45.582125+00:00,2.75,0.36363636363636365,2026-08-22 07:01:23+00:00,2.75,0.36363636363636365,-421.4,,,0.0,CLOSE_NOT_PROVEN_PRE_KICKOFF,player_props_last_prekickoff,
9c5144070d360a75,2026-08-22,sot,Federico Valverde,over,2026-08-19T19:27:45.584311+00:00,1.46,0.684931506849315,2026-08-22 07:01:23+00:00,1.46,0.684931506849315,-421.4,,,0.0,CLOSE_NOT_PROVEN_PRE_KICKOFF,player_props_last_prekickoff,
9c5144070d360a75,2026-08-22,sot2,Vinícius Júnior,over,2026-08-19T19:27:45.586997+00:00,1.76,0.5681818181818182,2026-08-22 07:01:23+00:00,1.76,0.5681818181818182,-421.4,,,0.0,CLOSE_NOT_PROVEN_PRE_KICKOFF,player_props_last_prekickoff,
9c5144070d360a75,2026-08-22,goals,Jude Bellingham,over,2026-08-19T19:27:45.589257+00:00,4.0,0.25,2026-08-22 07:01:23+00:00,4.0,0.25,-421.4,,,0.0,CLOSE_NOT_PROVEN_PRE_KICKOFF,player_props_last_prekickoff,
9c5144070d360a75,2026-08-22,sot,Tyrhys Dolan,over,2026-08-19T19:27:45.591949+00:00,2.25,0.4444444444444444,2026-08-22 07:01:23+00:00,2.25,0.4444444444444444,-421.4,,,0.0,CLOSE_NOT_PROVEN_PRE_KICKOFF,player_props_last_prekickoff,
9c5144070d360a75,2026-08-22,sot,Brahim Díaz,over,2026-08-19T19:27:45.595910+00:00,1.44,0.6944444444444444,2026-08-22 07:01:23+00:00,1.44,0.6944444444444444,-421.4,,,0.0,CLOSE_NOT_PROVEN_PRE_KICKOFF,player_props_last_prekickoff,
9c5144070d360a75,2026-08-22,goals,Arda Güler,over,2026-08-19T19:27:45.598962+00:00,5.0,0.2,2026-08-22 07:01:23+00:00,5.0,0.2,-421.4,,,0.0,CLOSE_NOT_PROVEN_PRE_KICKOFF,player_props_last_prekickoff,
9c5144070d360a75,2026-08-22,sot,Leandro Cabrera,over,2026-08-19T19:27:45.605088+00:00,4.0,0.25,2026-08-22 07:01:23+00:00,4.0,0.25,-421.4,,,0.0,CLOSE_NOT_PROVEN_PRE_KICKOFF,player_props_last_prekickoff,
e0ce14f7650df5f1,,goals,Gorka Guruzeta,over,2026-08-20T01:05:42.136591+00:00,2.63,0.3802281368821293,,,,,,,,NO_CLOSE,,
e0ce14f7650df5f1,,sot,Gorka Guruzeta,over,2026-08-20T12:45:08.343280+00:00,1.36,0.7352941176470588,,,,,,,,NO_CLOSE,,
e0ce14f7650df5f1,,sot,Iñaki Williams,over,2026-08-20T12:45:08.346429+00:00,1.57,0.6369426751592356,,,,,,,,NO_CLOSE,,
e0ce14f7650df5f1,,sot,Robert Navarro,over,2026-08-20T12:45:08.351666+00:00,1.62,0.6172839506172839,,,,,,,,NO_CLOSE,,
b82e04db70ea34e1,,cards,Ao Tanaka,over,2026-08-20T12:45:08.355856+00:00,6.0,0.16666666666666666,,,,,,,,NO_CLOSE,,
e0ce14f7650df5f1,,sot,Yuri Berchiche,over,2026-08-20T12:45:08.360939+00:00,3.6,0.2777777777777778,,,,,,,,NO_CLOSE,,
b82e04db70ea34e1,,cards,Ethan Ampadu,over,2026-08-20T12:45:08.362796+00:00,3.25,0.3076923076923077,,,,,,,,NO_CLOSE,,
df76fcaf84d93182,,cards,Nordi Mukiele,over,2026-08-20T12:45:08.366764+00:00,4.75,0.21052631578947367,,,,,,,,NO_CLOSE,,
df76fcaf84d93182,,cards,Reinildo Mandava,over,2026-08-20T12:45:08.368782+00:00,3.4,0.29411764705882354,,,,,,,,NO_CLOSE,,
b82e04db70ea34e1,,cards,Gabriel Gudmundsson,over,2026-08-20T12:45:08.370788+00:00,5.5,0.18181818181818182,,,,,,,,NO_CLOSE,,
b82e04db70ea34e1,,cards,Dan Ndoye,over,2026-08-20T12:45:08.373283+00:00,4.8,0.20833333333333334,,,,,,,,NO_CLOSE,,
df76fcaf84d93182,,cards,Granit Xhaka,over,2026-08-20T12:45:08.375802+00:00,3.6,0.2777777777777778,,,,,,,,NO_CLOSE,,
32caaca7d50cbf82,,sot,Luis Rioja,over,2026-08-20T15:36:44.663961+00:00,2.0,0.5,,,,,,,,NO_CLOSE,,
e0ce14f7650df5f1,,cards,Arouna Sangante,over,2026-08-20T15:36:44.669750+00:00,3.25,0.3076923076923077,,,,,,,,NO_CLOSE,,
32caaca7d50cbf82,,cards,Yoel Lago,over,2026-08-20T15:36:44.672057+00:00,3.4,0.29411764705882354,,,,,,,,NO_CLOSE,,
fae4cb17f8cb5292,2026-08-23,sot,Julián Alvarez,over,2026-08-20T19:33:18.495858+00:00,1.45,0.6896551724137931,2026-08-23 07:02:38+00:00,1.45,0.6896551724137931,-422.6,,,0.0,CLOSE_NOT_PROVEN_PRE_KICKOFF,player_props_last_prekickoff,
fae4cb17f8cb5292,2026-08-23,sot,Georges Mikautadze,over,2026-08-20T19:33:18.499338+00:00,1.64,0.6097560975609756,2026-08-23 07:02:38+00:00,1.64,0.6097560975609756,-422.6,,,0.0,CLOSE_NOT_PROVEN_PRE_KICKOFF,player_props_last_prekickoff,
fae4cb17f8cb5292,2026-08-23,sot,Nicolas Pépé,over,2026-08-20T19:33:18.503143+00:00,2.0,0.5,2026-08-23 07:02:38+00:00,2.0,0.5,-422.6,,,0.0,CLOSE_NOT_PROVEN_PRE_KICKOFF,player_props_last_prekickoff,
fae4cb17f8cb5292,2026-08-23,sot,Giuliano Simeone,over,2026-08-20T19:33:18.506130+00:00,1.9,0.5263157894736842,2026-08-23 07:02:38+00:00,1.9,0.5263157894736842,-422.6,,,0.0,CLOSE_NOT_PROVEN_PRE_KICKOFF,player_props_last_prekickoff,
fae4cb17f8cb5292,2026-08-23,goals,Julián Alvarez,over,2026-08-20T19:33:18.514144+00:00,2.88,0.3472222222222222,2026-08-23 07:02:38+00:00,2.88,0.3472222222222222,-422.6,,,0.0,CLOSE_NOT_PROVEN_PRE_KICKOFF,player_props_last_prekickoff,
fae4cb17f8cb5292,2026-08-23,sot,Marcos Llorente,over,2026-08-20T19:33:18.517462+00:00,4.1,0.24390243902439027,2026-08-23 07:02:38+00:00,4.1,0.24390243902439027,-422.6,,,0.0,CLOSE_NOT_PROVEN_PRE_KICKOFF,player_props_last_prekickoff,
2f320f59a0339941,,cards,Guéla Doué,over,2026-08-20T21:29:55.204706+00:00,1.01,0.9900990099009901,,,,,,,,NO_CLOSE,,
7bf6cd9c79eada9e,,goals,Victor Muñoz,over,2026-07-13T02:28:33.319043+00:00,5.75,0.17391304347826086,,5.75,0.17391304347826086,,0.0,0.0,0.0,CLOSE_EQUALS_ENTRY,v9_clv_records,
7bf6cd9c79eada9e,,sot,Adrien Rabiot,over,2026-07-13T02:28:33.319241+00:00,3.75,0.26666666666666666,,3.75,0.26666666666666666,,0.0,0.0,0.0,CLOSE_EQUALS_ENTRY,v9_clv_records,LOSS
46a91e2229dbb8eb,,sot,Nico O'Reilly,over,2026-07-13T02:28:33.319451+00:00,3.6,0.2777777777777778,,3.6,0.2777777777777778,,0.0,0.0,0.0,CLOSE_EQUALS_ENTRY,v9_clv_records,
46a91e2229dbb8eb,,goals,Noni Madueke,over,2026-07-13T02:28:33.320084+00:00,6.0,0.16666666666666666,,6.0,0.16666666666666666,,0.0,0.0,0.0,CLOSE_EQUALS_ENTRY,v9_clv_records,
7bf6cd9c79eada9e,,sot,Rodri,over,2026-07-13T02:28:33.320633+00:00,5.8,0.1724137931034483,,5.8,0.1724137931034483,,0.0,0.0,0.0,CLOSE_EQUALS_ENTRY,v9_clv_records,LOSS
46a91e2229dbb8eb,,sot,Noni Madueke,over,2026-07-14T17:15:55.485881+00:00,2.25,0.4444444444444444,,2.0,0.5,,0.125,12.5,12.5,OK,v9_clv_records,
46a91e2229dbb8eb,,goals,Harry Kane,over,2026-07-14T19:18:31.682451+00:00,2.51,0.39840637450199207,,2.65,0.37735849056603776,,-0.0528,-5.28,-5.283,OK,v9_clv_records,LOSS
46a91e2229dbb8eb,,sot,Declan Rice,over,2026-07-14T19:18:31.683400+00:00,3.6,0.2777777777777778,,3.6,0.2777777777777778,,0.0,0.0,0.0,CLOSE_EQUALS_ENTRY,v9_clv_records,WIN
348ff97ab1f5a682,,goals,Giuliano Simeone,over,2026-07-15T02:09:31.349072+00:00,5.0,0.2,,,,,,,,NO_CLOSE,,
46a91e2229dbb8eb,,goals,Lionel Messi,over,2026-07-15T05:15:39.249899+00:00,2.56,0.390625,,2.68,0.3731343283582089,,-0.0448,-4.48,-4.4776,OK,v9_clv_records,LOSS
348ff97ab1f5a682,2026-08-19,sot,Giuliano Simeone,over,2026-07-15T18:10:09.575129+00:00,1.91,0.5235602094240838,2026-08-19 07:07:07+00:00,1.64,0.6097560975609756,-427.1,,,16.4634,CLOSE_NOT_PROVEN_PRE_KICKOFF,player_props_last_prekickoff,
46a91e2229dbb8eb,,sot,Anthony Gordon,over,2026-07-15T18:10:09.575633+00:00,2.25,0.4444444444444444,,2.25,0.4444444444444444,,0.0,0.0,0.0,CLOSE_EQUALS_ENTRY,v9_clv_records,WIN
f76ea6b089da6541,,goals,Lionel Messi,over,2026-07-15T22:03:13.280178+00:00,2.45,0.4081632653061224,,2.94,0.3401360544217687,,-0.1667,-16.67,-16.6667,OK,v9_clv_records,LOSS
f76ea6b089da6541,,goals,Victor Muñoz,over,2026-07-15T22:03:13.280615+00:00,4.8,0.20833333333333334,,5.0,0.2,,-0.04,-4.0,-4.0,OK,v9_clv_records,
20f50bb196a5f825,,goals,Harry Kane,over,2026-07-15T22:03:13.281004+00:00,2.55,0.3921568627450981,,2.19,0.4566210045662101,,0.1644,16.44,16.4384,OK,v9_clv_records,
20f50bb196a5f825,,goals,Ousmane Dembélé,over,2026-07-15T22:03:13.281858+00:00,3.3,0.30303030303030304,,3.0,0.3333333333333333,,0.1,10.0,10.0,OK,v9_clv_records,WIN
20f50bb196a5f825,,goals,Noni Madueke,over,2026-07-15T22:03:13.282796+00:00,6.2,0.16129032258064516,,5.1,0.19607843137254904,,0.2157,21.57,21.5686,OK,v9_clv_records,
56a6067c55ee0cda,,goals,Giuliano Simeone,over,2026-07-16T02:25:20.929261+00:00,6.2,0.16129032258064516,,,,,,,,NO_CLOSE,,
f76ea6b089da6541,,sot,Rodri,over,2026-07-16T11:12:42.178356+00:00,3.65,0.273972602739726,,4.0,0.25,,-0.0875,-8.75,-8.75,OK,v9_clv_records,LOSS
f76ea6b089da6541,,sot2,Victor Muñoz,over,2026-07-16T11:12:42.179103+00:00,3.7,0.27027027027027023,,5.5,0.18181818181818182,,-0.3273,-32.73,,CLV_IMPLAUSIBLE,v9_clv_records,
f76ea6b089da6541,,sot,Victor Muñoz,over,2026-07-16T15:14:51.068102+00:00,2.0,0.5,,2.0,0.5,,0.0,0.0,0.0,CLOSE_EQUALS_ENTRY,v9_clv_records,
521c3d8017cab5ab,,sot,Aurélien Tchouaméni,over,2026-07-16T23:19:45.410589+00:00,3.55,0.28169014084507044,,,,,,,,NO_CLOSE,,
521c3d8017cab5ab,,goals,Aurélien Tchouaméni,over,2026-07-16T23:19:45.419219+00:00,9.0,0.1111111111111111,,,,,,,,NO_CLOSE,,
20f50bb196a5f825,,sot,Marcus Rashford,over,2026-07-18T20:22:22.086785+00:00,2.0,0.5,,2.0,0.5,,0.0,0.0,0.0,CLOSE_EQUALS_ENTRY,v9_clv_records,WIN
20f50bb196a5f825,,goals,Marcus Rashford,over,2026-07-18T20:22:22.088044+00:00,5.18,0.19305019305019305,,5.18,0.19305019305019305,,0.0,0.0,0.0,CLOSE_EQUALS_ENTRY,v9_clv_records,LOSS
64031e877f12ff77,,sot,Martín Satriano,over,2026-08-13T15:40:27.756789+00:00,1.67,0.5988023952095809,,1.76,0.5681818181818182,,-0.0511,-5.11,-5.1136,OK,v9_clv_records,WIN
4a901c10060c0f32,,sot,Isi Palazón,over,2026-08-13T15:40:27.757157+00:00,1.91,0.5235602094240838,,1.91,0.5235602094240838,,0.0,0.0,0.0,CLOSE_EQUALS_ENTRY,v9_clv_records,LOSS
4a901c10060c0f32,,sot,Álvaro García,over,2026-08-13T15:40:27.836473+00:00,1.67,0.5988023952095809,,1.95,0.5128205128205129,,-0.1436,-14.36,-14.359,OK,v9_clv_records,WIN
fa5f7b8579c507ac,,sot,Iván Romero,over,2026-08-13T15:40:27.912353+00:00,2.0,0.5,,1.53,0.6535947712418301,,0.3072,30.72,,CLV_IMPLAUSIBLE,v9_clv_records,LOSS
64031e877f12ff77,,sot,Jon Guridi,over,2026-08-13T15:40:27.914011+00:00,1.83,0.5464480874316939,,2.05,0.48780487804878053,,-0.1073,-10.73,-10.7317,OK,v9_clv_records,WIN
fa5f7b8579c507ac,,sot,Jon Ander Olasagasti,over,2026-08-13T15:40:27.914403+00:00,4.0,0.25,,2.75,0.36363636363636365,,0.4545,45.45,,CLV_IMPLAUSIBLE,v9_clv_records,LOSS
64031e877f12ff77,,sot,Lucas Boyé,over,2026-08-13T15:40:27.915035+00:00,1.4,0.7142857142857143,,1.52,0.6578947368421053,,-0.0789,-7.89,-7.8947,OK,v9_clv_records,
4a901c10060c0f32,,sot,Sergio Camello,over,2026-08-13T15:40:27.915510+00:00,1.53,0.6535947712418301,,1.53,0.6535947712418301,,0.0,0.0,0.0,CLOSE_EQUALS_ENTRY,v9_clv_records,LOSS
fa5f7b8579c507ac,,sot,Tyrhys Dolan,over,2026-08-13T15:40:27.916765+00:00,1.71,0.5847953216374269,,1.91,0.5235602094240838,,-0.1047,-10.47,-10.4712,OK,v9_clv_records,WIN
4a901c10060c0f32,,sot,Jorge de Frutos,over,2026-08-13T15:40:27.917064+00:00,1.44,0.6944444444444444,,1.8,0.5555555555555556,,-0.2,-20.0,-20.0,OK,v9_clv_records,LOSS
4a901c10060c0f32,,goals,Isi Palazón,over,2026-08-13T15:40:27.918496+00:00,6.0,0.16666666666666666,,5.8,0.1724137931034483,,0.0345,3.45,3.4483,OK,v9_clv_records,LOSS
fba606529648a222,2026-08-22,sot,Tyrhys Dolan,over,2026-08-13T15:40:27.919316+00:00,1.71,0.5847953216374269,2026-08-22 07:01:23+00:00,2.25,0.4444444444444444,-421.4,,,-24.0,CLOSE_NOT_PROVEN_PRE_KICKOFF,player_props_last_prekickoff,
fa5f7b8579c507ac,,goals,Iván Romero,over,2026-08-13T15:40:27.921427+00:00,3.8,0.2631578947368421,,4.5,0.2222222222222222,,-0.1556,-15.56,-15.5556,OK,v9_clv_records,LOSS
4a901c10060c0f32,,sot,Florian Lejeune,over,2026-08-13T15:40:27.923214+00:00,2.3,0.4347826086956522,,2.7,0.37037037037037035,,-0.1481,-14.81,-14.8148,OK,v9_clv_records,WIN
4a901c10060c0f32,,goals,Álvaro García,over,2026-08-13T15:40:27.923962+00:00,4.75,0.21052631578947367,,4.6,0.2173913043478261,,0.0326,3.26,3.2609,OK,v9_clv_records,WIN
64031e877f12ff77,,sot,Zaid Romero,over,2026-08-13T15:40:27.924403+00:00,7.0,0.14285714285714285,,6.5,0.15384615384615385,,0.0769,7.69,7.6923,OK,v9_clv_records,LOSS
64031e877f12ff77,,sot,Antonio Blanco,over,2026-08-13T15:40:27.926399+00:00,2.25,0.4444444444444444,,3.15,0.31746031746031744,,-0.2857,-28.57,,CLV_IMPLAUSIBLE,v9_clv_records,LOSS
64031e877f12ff77,,goals,Martín Satriano,over,2026-08-13T15:40:27.927571+00:00,2.9,0.3448275862068966,,6.0,0.16666666666666666,,-0.5167,-51.67,,CLV_IMPLAUSIBLE,v9_clv_records,LOSS
fa5f7b8579c507ac,,goals,Jon Ander Olasagasti,over,2026-08-13T15:40:27.927948+00:00,8.5,0.11764705882352941,,11.0,0.09090909090909091,,-0.2273,-22.73,-22.7273,OK,v9_clv_records,LOSS
4a901c10060c0f32,,sot,Kike Salas,over,2026-08-13T15:40:27.929511+00:00,2.88,0.3472222222222222,,5.0,0.2,,-0.424,-42.4,,CLV_IMPLAUSIBLE,v9_clv_records,LOSS
9e86f819a6c59be2,2026-08-17,sot,Lucas Boyé,over,2026-08-14T04:02:42.046106+00:00,1.51,0.6622516556291391,2026-08-17 13:56:29+00:00,1.51,0.6622516556291391,-836.5,,,0.0,CLOSE_NOT_PROVEN_PRE_KICKOFF,player_props_last_prekickoff,
4a901c10060c0f32,,cards,Gabriel Suazo,over,2026-08-14T16:28:36.101067+00:00,4.33,0.23094688221709006,,4.33,0.23094688221709006,,0.0,0.0,0.0,CLOSE_EQUALS_ENTRY,v9_clv_records,WIN
64031e877f12ff77,,cards,Antonio Blanco,over,2026-08-14T16:28:36.108050+00:00,2.8,0.35714285714285715,,2.8,0.35714285714285715,,0.0,0.0,0.0,CLOSE_EQUALS_ENTRY,v9_clv_records,WIN
64031e877f12ff77,,cards,Martín Satriano,over,2026-08-14T16:28:36.111797+00:00,3.8,0.2631578947368421,,3.8,0.2631578947368421,,0.0,0.0,0.0,CLOSE_EQUALS_ENTRY,v9_clv_records,LOSS
4ab97e5dc4a391e1,,sot,Viktor Gyökeres,over,2026-08-18T07:37:52.852298+00:00,1.22,0.819672131147541,,1.33,0.7518796992481203,,-0.0827,-8.27,-8.2707,OK,v9_clv_records,
4ab97e5dc4a391e1,,sot,Kai Havertz,over,2026-08-18T07:37:52.852853+00:00,1.25,0.8,,1.45,0.6896551724137931,,-0.1379,-13.79,-13.7931,OK,v9_clv_records,
05dd40a7548cbad2,,sot,Mikel Oyarzabal,over,2026-08-18T07:37:52.853614+00:00,1.83,0.5464480874316939,,1.52,0.6578947368421053,,0.2039,20.39,20.3947,OK,v9_clv_records,
4c99d792bc59970c,,sot,Sergio Camello,over,2026-08-18T07:37:52.854120+00:00,1.4,0.7142857142857143,,1.45,0.6896551724137931,,-0.0345,-3.45,-3.4483,OK,v9_clv_records,
3df0b6a730e3c8cc,2026-08-22,sot,Nicolò Zaniolo,over,2026-08-18T07:37:52.854536+00:00,1.71,0.5847953216374269,2026-08-22 07:01:23+00:00,1.71,0.5847953216374269,-421.4,,,0.0,CLOSE_NOT_PROVEN_PRE_KICKOFF,player_props_last_prekickoff,
11a6307d91d1c2fd,2026-08-22,sot,Kevin De Bruyne,over,2026-08-18T07:37:52.854961+00:00,1.64,0.6097560975609756,2026-08-22 07:01:23+00:00,1.64,0.6097560975609756,-421.4,,,0.0,CLOSE_NOT_PROVEN_PRE_KICKOFF,player_props_last_prekickoff,
4c99d792bc59970c,,sot,Isi Palazón,over,2026-08-18T07:37:52.855402+00:00,1.73,0.5780346820809249,,1.83,0.5464480874316939,,-0.0546,-5.46,-5.4645,OK,v9_clv_records,
4c99d792bc59970c,,sot,Jorge de Frutos,over,2026-08-18T07:37:52.856067+00:00,1.53,0.6535947712418301,,1.6,0.625,,-0.0438,-4.38,-4.375,OK,v9_clv_records,
3df0b6a730e3c8cc,2026-08-22,sot,Anastasios Douvikas,over,2026-08-18T07:37:52.856651+00:00,1.4,0.7142857142857143,2026-08-22 07:01:23+00:00,1.4,0.7142857142857143,-421.4,,,0.0,CLOSE_NOT_PROVEN_PRE_KICKOFF,player_props_last_prekickoff,
b82e04db70ea34e1,2026-08-22,sot,Lorenzo Lucca,over,2026-08-18T07:37:52.857093+00:00,1.4,0.7142857142857143,2026-08-22 07:01:23+00:00,1.4,0.7142857142857143,-421.4,,,0.0,CLOSE_NOT_PROVEN_PRE_KICKOFF,player_props_last_prekickoff,
3df0b6a730e3c8cc,2026-08-22,sot,Keinan Davis,over,2026-08-18T07:37:52.857546+00:00,1.74,0.5747126436781609,2026-08-22 07:01:23+00:00,1.74,0.5747126436781609,-421.4,,,0.0,CLOSE_NOT_PROVEN_PRE_KICKOFF,player_props_last_prekickoff,
4b422a036ac74789,2026-08-22,sot,Sebastiano Esposito,over,2026-08-18T07:37:52.858147+00:00,1.66,0.6024096385542169,2026-08-22 07:01:23+00:00,1.66,0.6024096385542169,-421.4,,,0.0,CLOSE_NOT_PROVEN_PRE_KICKOFF,player_props_last_prekickoff,
11a6307d91d1c2fd,2026-08-22,sot,Lorenzo Colombo,over,2026-08-18T07:37:52.858609+00:00,1.54,0.6493506493506493,2026-08-22 07:01:23+00:00,1.54,0.6493506493506493,-421.4,,,0.0,CLOSE_NOT_PROVEN_PRE_KICKOFF,player_props_last_prekickoff,
3df0b6a730e3c8cc,2026-08-22,sot,Jürgen Ekkelenkamp,over,2026-08-18T07:37:52.859269+00:00,2.4,0.4166666666666667,2026-08-22 07:01:23+00:00,2.4,0.4166666666666667,-421.4,,,0.0,CLOSE_NOT_PROVEN_PRE_KICKOFF,player_props_last_prekickoff,
4ab97e5dc4a391e1,,sot,Noni Madueke,over,2026-08-18T07:37:52.860367+00:00,1.47,0.6802721088435374,,1.6,0.625,,-0.0813,-8.13,-8.125,OK,v9_clv_records,
4c99d792bc59970c,,sot,Álvaro García,over,2026-08-18T07:37:52.860938+00:00,1.67,0.5988023952095809,,1.64,0.6097560975609756,,0.0183,1.83,1.8293,OK,v9_clv_records,
4ab97e5dc4a391e1,,sot,Declan Rice,over,2026-08-18T07:37:52.861457+00:00,2.2,0.45454545454545453,,1.85,0.5405405405405405,,0.1892,18.92,18.9189,OK,v9_clv_records,
9bb885fe41e5f679,2026-08-22,sot,Federico Dimarco,over,2026-08-18T07:37:52.862092+00:00,1.66,0.6024096385542169,2026-08-22 07:01:23+00:00,1.66,0.6024096385542169,-421.4,,,0.0,CLOSE_NOT_PROVEN_PRE_KICKOFF,player_props_last_prekickoff,
4ab97e5dc4a391e1,,goals,Kai Havertz,over,2026-08-18T07:37:52.862581+00:00,2.4,0.4166666666666667,,2.5,0.4,,-0.04,-4.0,-4.0,OK,v9_clv_records,
4c99d792bc59970c,,sot,Lucas Boyé,over,2026-08-18T07:37:52.863236+00:00,1.57,0.6369426751592356,,1.36,0.7352941176470588,,0.1544,15.44,15.4412,OK,v9_clv_records,
11a6307d91d1c2fd,2026-08-22,sot,Scott McTominay,over,2026-08-18T07:37:52.863854+00:00,1.46,0.684931506849315,2026-08-22 07:01:23+00:00,1.46,0.684931506849315,-421.4,,,0.0,CLOSE_NOT_PROVEN_PRE_KICKOFF,player_props_last_prekickoff,
05dd40a7548cbad2,,sot,Takefusa Kubo,over,2026-08-18T07:37:52.864411+00:00,2.05,0.48780487804878053,,1.57,0.6369426751592356,,0.3057,30.57,,CLV_IMPLAUSIBLE,v9_clv_records,
9bb885fe41e5f679,2026-08-22,sot,Nicolò Barella,over,2026-08-18T07:37:52.864883+00:00,2.1,0.47619047619047616,2026-08-22 07:01:23+00:00,2.1,0.47619047619047616,-421.4,,,0.0,CLOSE_NOT_PROVEN_PRE_KICKOFF,player_props_last_prekickoff,
05dd40a7548cbad2,,sot,Pablo Fornals,over,2026-08-18T07:37:52.865372+00:00,2.6,0.3846153846153846,,1.8,0.5555555555555556,,0.4444,44.44,,CLV_IMPLAUSIBLE,v9_clv_records,
4ab97e5dc4a391e1,,goals,Viktor Gyökeres,over,2026-08-18T07:37:52.866063+00:00,1.94,0.5154639175257733,,1.8,0.5555555555555556,,0.0778,7.78,7.7778,OK,v9_clv_records,
4c99d792bc59970c,,sot,Florian Lejeune,over,2026-08-18T07:37:52.866565+00:00,2.2,0.45454545454545453,,2.45,0.4081632653061224,,-0.102,-10.2,-10.2041,OK,v9_clv_records,
11a6307d91d1c2fd,2026-08-22,sot,Matteo Politano,over,2026-08-18T07:37:52.867058+00:00,1.57,0.6369426751592356,2026-08-22 07:01:23+00:00,1.57,0.6369426751592356,-421.4,,,0.0,CLOSE_NOT_PROVEN_PRE_KICKOFF,player_props_last_prekickoff,
3df0b6a730e3c8cc,2026-08-22,sot,Lucas Da Cunha,over,2026-08-18T07:37:52.867652+00:00,2.25,0.4444444444444444,2026-08-22 07:01:23+00:00,2.25,0.4444444444444444,-421.4,,,0.0,CLOSE_NOT_PROVEN_PRE_KICKOFF,player_props_last_prekickoff,
dfc98c9085cbc0fb,,sot,Giuliano Simeone,over,2026-08-18T07:37:52.868378+00:00,1.64,0.6097560975609756,,2.15,0.46511627906976744,,-0.2372,-23.72,-23.7209,OK,v9_clv_records,
9bb885fe41e5f679,2026-08-22,sot,Petar Sučić,over,2026-08-18T07:37:52.868991+00:00,1.46,0.684931506849315,2026-08-22 07:01:23+00:00,1.46,0.684931506849315,-421.4,,,0.0,CLOSE_NOT_PROVEN_PRE_KICKOFF,player_props_last_prekickoff,
1c30bcfdbcf38325,2026-08-22,goals,Ismaïla Sarr,over,2026-08-18T07:37:52.869718+00:00,3.55,0.28169014084507044,2026-08-22 07:01:23+00:00,3.55,0.28169014084507044,-421.4,,,0.0,CLOSE_NOT_PROVEN_PRE_KICKOFF,player_props_last_prekickoff,
3df0b6a730e3c8cc,2026-08-22,sot,Martin Baturina,over,2026-08-18T07:37:52.870236+00:00,1.9,0.5263157894736842,2026-08-22 07:01:23+00:00,1.9,0.5263157894736842,-421.4,,,0.0,CLOSE_NOT_PROVEN_PRE_KICKOFF,player_props_last_prekickoff,
4b422a036ac74789,2026-08-22,sot,Emanuele Valeri,over,2026-08-18T07:37:52.871106+00:00,3.2,0.3125,2026-08-22 07:01:23+00:00,3.2,0.3125,-421.4,,,0.0,CLOSE_NOT_PROVEN_PRE_KICKOFF,player_props_last_prekickoff,
4ab97e5dc4a391e1,,sot,Riccardo Calafiori,over,2026-08-18T07:37:52.872102+00:00,2.45,0.4081632653061224,,2.5,0.4,,-0.02,-2.0,-2.0,OK,v9_clv_records,
3df0b6a730e3c8cc,2026-08-22,sot,Hassane Kamara,over,2026-08-18T07:37:52.872712+00:00,4.7,0.2127659574468085,2026-08-22 07:01:23+00:00,4.7,0.2127659574468085,-421.4,,,0.0,CLOSE_NOT_PROVEN_PRE_KICKOFF,player_props_last_prekickoff,
3df0b6a730e3c8cc,2026-08-22,sot,Oumar Solet,over,2026-08-18T07:37:52.873517+00:00,6.0,0.16666666666666666,2026-08-22 07:01:23+00:00,6.0,0.16666666666666666,-421.4,,,0.0,CLOSE_NOT_PROVEN_PRE_KICKOFF,player_props_last_prekickoff,
b82e04db70ea34e1,2026-08-22,goals,Dominic Calvert-Lewin,over,2026-08-18T07:37:52.874287+00:00,2.88,0.3472222222222222,2026-08-22 07:01:23+00:00,2.88,0.3472222222222222,-421.4,,,0.0,CLOSE_NOT_PROVEN_PRE_KICKOFF,player_props_last_prekickoff,
05dd40a7548cbad2,,sot,Carlos Soler,over,2026-08-18T07:37:52.875076+00:00,2.25,0.4444444444444444,,2.38,0.42016806722689076,,-0.0546,-5.46,-5.4622,OK,v9_clv_records,
4b422a036ac74789,2026-08-22,sot,Mandela Keita,over,2026-08-18T07:37:52.876365+00:00,3.75,0.26666666666666666,2026-08-22 07:01:23+00:00,3.75,0.26666666666666666,-421.4,,,0.0,CLOSE_NOT_PROVEN_PRE_KICKOFF,player_props_last_prekickoff,
dfc98c9085cbc0fb,,sot,Johnny Cardoso,over,2026-08-18T07:37:52.877078+00:00,3.05,0.3278688524590164,,3.8,0.2631578947368421,,-0.1974,-19.74,-19.7368,OK,v9_clv_records,
4c99d792bc59970c,,goals,Sergio Camello,over,2026-08-18T07:37:52.877691+00:00,4.0,0.25,,5.5,0.18181818181818182,,-0.2727,-27.27,,CLV_IMPLAUSIBLE,v9_clv_records,
b82e04db70ea34e1,2026-08-22,goals,Chris Wood,over,2026-08-18T07:37:52.878568+00:00,2.61,0.3831417624521073,2026-08-22 07:01:23+00:00,2.61,0.3831417624521073,-421.4,,,0.0,CLOSE_NOT_PROVEN_PRE_KICKOFF,player_props_last_prekickoff,
3df0b6a730e3c8cc,2026-08-22,goals,Anastasios Douvikas,over,2026-08-18T07:37:52.879325+00:00,2.75,0.36363636363636365,2026-08-22 07:01:23+00:00,2.75,0.36363636363636365,-421.4,,,0.0,CLOSE_NOT_PROVEN_PRE_KICKOFF,player_props_last_prekickoff,
05dd40a7548cbad2,,sot,Abdessamad Ezzalzouli,over,2026-08-18T07:37:52.879999+00:00,1.54,0.6493506493506493,,1.29,0.7751937984496123,,0.1938,19.38,19.3798,OK,v9_clv_records,
4b422a036ac74789,2026-08-22,sot,Adrián Bernabé,over,2026-08-18T07:37:52.880724+00:00,2.25,0.4444444444444444,2026-08-22 07:01:23+00:00,2.25,0.4444444444444444,-421.4,,,0.0,CLOSE_NOT_PROVEN_PRE_KICKOFF,player_props_last_prekickoff,
4ab97e5dc4a391e1,,sot,Myles Lewis-Skelly,over,2026-08-18T07:37:52.889044+00:00,2.9,0.3448275862068966,,3.0,0.3333333333333333,,-0.0333,-3.33,-3.3333,OK,v9_clv_records,
05dd40a7548cbad2,,goals,Mikel Oyarzabal,over,2026-08-18T07:37:52.889739+00:00,3.0,0.3333333333333333,,2.8,0.35714285714285715,,0.0714,7.14,7.1429,OK,v9_clv_records,
3df0b6a730e3c8cc,2026-08-22,sot,Assane Diao,over,2026-08-18T07:37:52.890924+00:00,1.74,0.5747126436781609,2026-08-22 07:01:23+00:00,1.74,0.5747126436781609,-421.4,,,0.0,CLOSE_NOT_PROVEN_PRE_KICKOFF,player_props_last_prekickoff,
11a6307d91d1c2fd,2026-08-22,sot,Morten Frendrup,over,2026-08-18T07:37:52.892014+00:00,4.4,0.22727272727272727,2026-08-22 07:01:23+00:00,4.4,0.22727272727272727,-421.4,,,0.0,CLOSE_NOT_PROVEN_PRE_KICKOFF,player_props_last_prekickoff,
dfc98c9085cbc0fb,,sot,Julián Alvarez,over,2026-08-18T11:23:16.487948+00:00,1.3,0.7692307692307692,,1.15,0.8695652173913044,,0.1304,13.04,13.0435,OK,v9_clv_records,
4ab97e5dc4a391e1,,sot,Bukayo Saka,over,2026-08-18T11:23:16.489475+00:00,1.3,0.7692307692307692,,1.25,0.8,,0.04,4.0,4.0,OK,v9_clv_records,
4c99d792bc59970c,,sot,Randy Nteka,over,2026-08-18T11:23:16.494647+00:00,1.57,0.6369426751592356,,1.73,0.5780346820809249,,-0.0925,-9.25,-9.2486,OK,v9_clv_records,
dfc98c9085cbc0fb,,goals,Julián Alvarez,over,2026-08-18T11:23:16.499322+00:00,2.05,0.48780487804878053,,2.14,0.4672897196261682,,-0.0421,-4.21,-4.2056,OK,v9_clv_records,
3df0b6a730e3c8cc,2026-08-22,goals,Nicolò Zaniolo,over,2026-08-18T11:23:16.502604+00:00,4.4,0.22727272727272727,2026-08-22 07:01:23+00:00,4.4,0.22727272727272727,-421.4,,,0.0,CLOSE_NOT_PROVEN_PRE_KICKOFF,player_props_last_prekickoff,
dfc98c9085cbc0fb,,sot,Marcos Llorente,over,2026-08-18T11:23:16.504221+00:00,3.7,0.27027027027027023,,3.7,0.27027027027027023,,0.0,0.0,0.0,CLOSE_EQUALS_ENTRY,v9_clv_records,
4ab97e5dc4a391e1,,sot2,Kai Havertz,over,2026-08-18T11:23:16.507462+00:00,2.15,0.46511627906976744,,2.3,0.4347826086956522,,-0.0652,-6.52,-6.5217,OK,v9_clv_records,
9bb885fe41e5f679,2026-08-22,sot,Carlos Augusto,over,2026-08-18T11:23:16.509593+00:00,2.4,0.4166666666666667,2026-08-22 07:01:23+00:00,2.4,0.4166666666666667,-421.4,,,0.0,CLOSE_NOT_PROVEN_PRE_KICKOFF,player_props_last_prekickoff,
b82e04db70ea34e1,,sot,Dominic Calvert-Lewin,over,2026-08-18T21:27:03.400350+00:00,1.43,0.6993006993006994,,,,,,,,NO_CLOSE,,
b82e04db70ea34e1,,sot,Morgan Gibbs-White,over,2026-08-18T21:27:03.401895+00:00,1.77,0.5649717514124294,,,,,,,,NO_CLOSE,,
b82e04db70ea34e1,,sot,Anton Stach,over,2026-08-18T21:27:03.407966+00:00,2.07,0.48309178743961356,,,,,,,,NO_CLOSE,,
50830b12373d633b,2026-08-23,sot,Jonathan David,over,2026-08-19T01:04:37.618363+00:00,1.31,0.7633587786259541,2026-08-23 07:02:38+00:00,1.31,0.7633587786259541,-422.6,,,0.0,CLOSE_NOT_PROVEN_PRE_KICKOFF,player_props_last_prekickoff,
c01ed155192b3c59,,sot,Bruno Fernandes,over,2026-08-19T01:04:37.620998+00:00,1.44,0.6944444444444444,,,,,,,,NO_CLOSE,,
50830b12373d633b,2026-08-23,goals,Jonathan David,over,2026-08-19T01:04:37.624387+00:00,2.4,0.4166666666666667,2026-08-23 07:02:38+00:00,2.4,0.4166666666666667,-422.6,,,0.0,CLOSE_NOT_PROVEN_PRE_KICKOFF,player_props_last_prekickoff,
50830b12373d633b,2026-08-23,sot,Manuel Locatelli,over,2026-08-19T01:04:37.625559+00:00,2.9,0.3448275862068966,2026-08-23 07:02:38+00:00,2.9,0.3448275862068966,-422.6,,,0.0,CLOSE_NOT_PROVEN_PRE_KICKOFF,player_props_last_prekickoff,
50830b12373d633b,2026-08-23,sot,Weston McKennie,over,2026-08-19T01:04:37.626491+00:00,2.15,0.46511627906976744,2026-08-23 07:02:38+00:00,2.15,0.46511627906976744,-422.6,,,0.0,CLOSE_NOT_PROVEN_PRE_KICKOFF,player_props_last_prekickoff,
50830b12373d633b,2026-08-23,sot,Andrea Cambiaso,over,2026-08-19T01:04:37.628610+00:00,2.7,0.37037037037037035,2026-08-23 07:02:38+00:00,2.7,0.37037037037037035,-422.6,,,0.0,CLOSE_NOT_PROVEN_PRE_KICKOFF,player_props_last_prekickoff,
4ab97e5dc4a391e1,,sot,Ephron Mason-Clark,over,2026-08-19T03:48:29.387810+00:00,3.05,0.3278688524590164,,2.88,0.3472222222222222,,0.059,5.9,5.9028,OK,v9_clv_records,
4ab97e5dc4a391e1,,sot,Tatsuhiro Sakamoto,over,2026-08-19T03:48:29.394647+00:00,3.5,0.2857142857142857,,3.0,0.3333333333333333,,0.1667,16.67,16.6667,OK,v9_clv_records,
4ab97e5dc4a391e1,,goals,Ephron Mason-Clark,over,2026-08-19T03:48:29.398435+00:00,9.5,0.10526315789473684,,8.5,0.11764705882352941,,0.1176,11.76,11.7647,OK,v9_clv_records,
4ab97e5dc4a391e1,,sot,Bobby Thomas,over,2026-08-19T03:48:29.402975+00:00,4.8,0.20833333333333334,,7.0,0.14285714285714285,,-0.3143,-31.43,,CLV_IMPLAUSIBLE,v9_clv_records,
4ab97e5dc4a391e1,,sot,Matt Grimes,over,2026-08-19T03:48:29.405876+00:00,7.5,0.13333333333333333,,6.5,0.15384615384615385,,0.1538,15.38,15.3846,OK,v9_clv_records,
2f320f59a0339941,,sot,Igor Paixão,over,2026-08-19T06:42:08.364956+00:00,1.36,0.7352941176470588,,1.36,0.7352941176470588,,0.0,0.0,0.0,CLOSE_EQUALS_ENTRY,v9_clv_records,
2f320f59a0339941,,sot,Martial Godo,over,2026-08-19T06:42:08.366505+00:00,1.8,0.5555555555555556,,1.8,0.5555555555555556,,0.0,0.0,0.0,CLOSE_EQUALS_ENTRY,v9_clv_records,
2f320f59a0339941,,sot,Amine Gouiri,over,2026-08-19T06:42:08.367904+00:00,1.3,0.7692307692307692,,1.3,0.7692307692307692,,0.0,0.0,0.0,CLOSE_EQUALS_ENTRY,v9_clv_records,
fbd090b35d5ab77b,,sot,Sofiane Diop,over,2026-08-19T06:42:08.369127+00:00,1.68,0.5952380952380952,,,,,,,,NO_CLOSE,,
2f320f59a0339941,,sot,Samuel Amo-Ameyaw,over,2026-08-19T06:42:08.370233+00:00,2.05,0.48780487804878053,,2.0,0.5,,0.025,2.5,2.5,OK,v9_clv_records,
a8544fb1bffd1f75,,sot,Santiago Hidalgo,over,2026-08-19T06:42:08.371368+00:00,1.52,0.6578947368421053,,,,,,,,NO_CLOSE,,
e0ce14f7650df5f1,,sot,Neal Maupay,over,2026-08-19T06:42:08.372428+00:00,1.27,0.7874015748031495,,,,,,,,NO_CLOSE,,
a8544fb1bffd1f75,2026-08-26,sot,Corentin Tolisso,over,2026-08-19T06:42:08.373460+00:00,1.74,0.5747126436781609,2026-08-23 07:02:38+00:00,1.74,0.5747126436781609,3897.4,,,0.0,CLOSE_NOT_PROVEN_PRE_KICKOFF,player_props_last_prekickoff,
131481d2c69202b2,,sot,Danny Namaso,over,2026-08-19T06:42:08.375177+00:00,2.0,0.5,,,,,,,,NO_CLOSE,,
a8544fb1bffd1f75,2026-08-26,sot,Pavel Šulc,over,2026-08-19T06:42:08.376393+00:00,1.74,0.5747126436781609,2026-08-23 07:02:38+00:00,1.74,0.5747126436781609,3897.4,,,0.0,CLOSE_NOT_PROVEN_PRE_KICKOFF,player_props_last_prekickoff,
fbd090b35d5ab77b,,sot,Jonathan Clauss,over,2026-08-19T06:42:08.377804+00:00,3.3,0.30303030303030304,,,,,,,,NO_CLOSE,,
fbd090b35d5ab77b,,sot,Panos Katseris,over,2026-08-19T06:42:08.378972+00:00,2.65,0.37735849056603776,,,,,,,,NO_CLOSE,,
da15eb75bc2e9e33,,sot,Jonathan Ikoné,over,2026-08-19T06:42:08.380698+00:00,1.8,0.5555555555555556,,,,,,,,NO_CLOSE,,
fbd090b35d5ab77b,,sot,Morgan Sanson,over,2026-08-19T06:42:08.382079+00:00,2.3,0.4347826086956522,,,,,,,,NO_CLOSE,,
fbd090b35d5ab77b,,sot,Noah Cadiou,over,2026-08-19T06:42:08.383210+00:00,3.1,0.3225806451612903,,,,,,,,NO_CLOSE,,
131481d2c69202b2,,sot,Matthieu Udol,over,2026-08-19T06:42:08.384849+00:00,2.55,0.3921568627450981,,,,,,,,NO_CLOSE,,
fbd090b35d5ab77b,,sot,Arsène Kouassi,over,2026-08-19T06:42:08.386068+00:00,4.0,0.25,,,,,,,,NO_CLOSE,,
131481d2c69202b2,,sot,Kévin Danois,over,2026-08-19T06:42:08.388975+00:00,3.8,0.2631578947368421,,,,,,,,NO_CLOSE,,
a8544fb1bffd1f75,2026-08-26,sot,Tyler Morton,over,2026-08-19T06:42:08.390379+00:00,3.7,0.27027027027027023,2026-08-23 07:02:38+00:00,3.7,0.27027027027027023,3897.4,,,0.0,CLOSE_NOT_PROVEN_PRE_KICKOFF,player_props_last_prekickoff,
fbd090b35d5ab77b,,sot,Youssouf Ndayishimiye,over,2026-08-19T06:42:08.391648+00:00,4.3,0.23255813953488372,,,,,,,,NO_CLOSE,,
fbd090b35d5ab77b,,sot,Melvin Bard,over,2026-08-19T06:42:08.392885+00:00,3.55,0.28169014084507044,,,,,,,,NO_CLOSE,,
1c30bcfdbcf38325,,sot,Ismaïla Sarr,over,2026-08-19T12:44:08.553699+00:00,1.74,0.5747126436781609,,,,,,,,NO_CLOSE,,
b82e04db70ea34e1,,sot,Chris Wood,over,2026-08-19T12:44:08.555384+00:00,1.43,0.6993006993006994,,,,,,,,NO_CLOSE,,
c01ed155192b3c59,,sot,Benjamin Šeško,over,2026-08-19T12:44:08.557522+00:00,1.18,0.8474576271186441,,,,,,,,NO_CLOSE,,
c01ed155192b3c59,,sot,Bryan Mbeumo,over,2026-08-19T12:44:08.558976+00:00,1.32,0.7575757575757576,,,,,,,,NO_CLOSE,,
b82e04db70ea34e1,,sot,Dan Ndoye,over,2026-08-19T12:44:08.560858+00:00,1.6,0.625,,,,,,,,NO_CLOSE,,
1c30bcfdbcf38325,,sot,Kiernan Dewsbury-Hall,over,2026-08-19T12:44:08.563560+00:00,1.83,0.5464480874316939,,,,,,,,NO_CLOSE,,
1c30bcfdbcf38325,,sot,Dwight McNeil,over,2026-08-19T12:44:08.566366+00:00,1.95,0.5128205128205129,,,,,,,,NO_CLOSE,,
b82e04db70ea34e1,,sot,Callum Hudson-Odoi,over,2026-08-19T12:44:08.568346+00:00,1.74,0.5747126436781609,,,,,,,,NO_CLOSE,,
df76fcaf84d93182,,sot,Granit Xhaka,over,2026-08-19T12:44:08.569879+00:00,2.7,0.37037037037037035,,,,,,,,NO_CLOSE,,
1c30bcfdbcf38325,,sot,James Garner,over,2026-08-19T12:44:08.571300+00:00,2.5,0.4,,,,,,,,NO_CLOSE,,
df76fcaf84d93182,,sot,Enzo Le Fée,over,2026-08-19T12:44:08.572872+00:00,1.86,0.5376344086021505,,,,,,,,NO_CLOSE,,
c01ed155192b3c59,,sot,Matt Crooks,over,2026-08-19T12:44:08.574759+00:00,2.7,0.37037037037037035,,,,,,,,NO_CLOSE,,
1c30bcfdbcf38325,,cards,Daniel Muñoz,over,2026-08-19T12:44:08.576613+00:00,3.0,0.3333333333333333,,,,,,,,NO_CLOSE,,
1c30bcfdbcf38325,,sot,Merlin Röhl,over,2026-08-19T12:44:08.578227+00:00,1.9,0.5263157894736842,,,,,,,,NO_CLOSE,,
b82e04db70ea34e1,,sot,Neco Williams,over,2026-08-19T12:44:08.580777+00:00,2.9,0.3448275862068966,,,,,,,,NO_CLOSE,,
df76fcaf84d93182,,sot,Darnell Furlong,over,2026-08-19T12:44:08.582459+00:00,5.75,0.17391304347826086,,,,,,,,NO_CLOSE,,
1c30bcfdbcf38325,,sot,Justin Devenny,over,2026-08-19T12:44:08.583999+00:00,1.86,0.5376344086021505,,,,,,,,NO_CLOSE,,
df76fcaf84d93182,,sot,Dara O'Shea,over,2026-08-19T12:44:08.585486+00:00,3.1,0.3225806451612903,,,,,,,,NO_CLOSE,,
b82e04db70ea34e1,,sot,Ethan Ampadu,over,2026-08-19T12:44:08.586927+00:00,5.0,0.2,,,,,,,,NO_CLOSE,,
1c30bcfdbcf38325,,sot,Daichi Kamada,over,2026-08-19T12:44:08.589039+00:00,3.1,0.3225806451612903,,,,,,,,NO_CLOSE,,
1c30bcfdbcf38325,,cards,Chris Richards,over,2026-08-19T12:44:08.590732+00:00,4.8,0.20833333333333334,,,,,,,,NO_CLOSE,,
df76fcaf84d93182,,sot,Trai Hume,over,2026-08-19T12:44:08.592323+00:00,3.5,0.2857142857142857,,,,,,,,NO_CLOSE,,
1c30bcfdbcf38325,,sot,Michael Keane,over,2026-08-19T12:44:08.594083+00:00,4.4,0.22727272727272727,,,,,,,,NO_CLOSE,,
c01ed155192b3c59,,cards,Bruno Fernandes,over,2026-08-19T12:44:08.595779+00:00,4.2,0.23809523809523808,,,,,,,,NO_CLOSE,,
1c30bcfdbcf38325,,sot,Jefferson Lerma,over,2026-08-19T12:44:08.597486+00:00,3.8,0.2631578947368421,,,,,,,,NO_CLOSE,,
df76fcaf84d93182,,sot,Azor Matusiwa,over,2026-08-19T12:44:08.599177+00:00,3.9,0.25641025641025644,,,,,,,,NO_CLOSE,,
df76fcaf84d93182,,sot,Jacob Greaves,over,2026-08-19T12:44:08.601375+00:00,6.0,0.16666666666666666,,,,,,,,NO_CLOSE,,
c01ed155192b3c59,,sot,Regan Slater,over,2026-08-19T12:44:08.602877+00:00,4.4,0.22727272727272727,,,,,,,,NO_CLOSE,,
dfc98c9085cbc0fb,,sot,Ademola Lookman,over,2026-08-19T18:36:19.826009+00:00,1.37,0.7299270072992701,,1.2,0.8333333333333334,,0.1417,14.17,14.1667,OK,v9_clv_records,
dfc98c9085cbc0fb,,goals,Ademola Lookman,over,2026-08-19T18:36:19.834141+00:00,2.6,0.3846153846153846,,2.38,0.42016806722689076,,0.0924,9.24,9.2437,OK,v9_clv_records,
9c5144070d360a75,2026-08-22,sot,Kylian Mbappé,over,2026-08-19T19:27:45.567532+00:00,1.11,0.9009009009009008,2026-08-22 07:01:23+00:00,1.11,0.9009009009009008,-421.4,,,0.0,CLOSE_NOT_PROVEN_PRE_KICKOFF,player_props_last_prekickoff,
9c5144070d360a75,2026-08-22,sot,Vinícius Júnior,over,2026-08-19T19:27:45.569328+00:00,1.16,0.8620689655172414,2026-08-22 07:01:23+00:00,1.16,0.8620689655172414,-421.4,,,0.0,CLOSE_NOT_PROVEN_PRE_KICKOFF,player_props_last_prekickoff,
9c5144070d360a75,2026-08-22,goals,Kylian Mbappé,over,2026-08-19T19:27:45.571074+00:00,1.67,0.5988023952095809,2026-08-22 07:01:23+00:00,1.67,0.5988023952095809,-421.4,,,0.0,CLOSE_NOT_PROVEN_PRE_KICKOFF,player_props_last_prekickoff,
9c5144070d360a75,2026-08-22,sot2,Kylian Mbappé,over,2026-08-19T19:27:45.572879+00:00,1.55,0.6451612903225806,2026-08-22 07:01:23+00:00,1.55,0.6451612903225806,-421.4,,,0.0,CLOSE_NOT_PROVEN_PRE_KICKOFF,player_props_last_prekickoff,
9c5144070d360a75,2026-08-22,sot,Jude Bellingham,over,2026-08-19T19:27:45.575285+00:00,1.39,0.7194244604316548,2026-08-22 07:01:23+00:00,1.39,0.7194244604316548,-421.4,,,0.0,CLOSE_NOT_PROVEN_PRE_KICKOFF,player_props_last_prekickoff,
9c5144070d360a75,2026-08-22,sot,Arda Güler,over,2026-08-19T19:27:45.578414+00:00,1.33,0.7518796992481203,2026-08-22 07:01:23+00:00,1.33,0.7518796992481203,-421.4,,,0.0,CLOSE_NOT_PROVEN_PRE_KICKOFF,player_props_last_prekickoff,
9c5144070d360a75,2026-08-22,goals,Vinícius Júnior,over,2026-08-19T19:27:45.582125+00:00,2.75,0.36363636363636365,2026-08-22 07:01:23+00:00,2.75,0.36363636363636365,-421.4,,,0.0,CLOSE_NOT_PROVEN_PRE_KICKOFF,player_props_last_prekickoff,
9c5144070d360a75,2026-08-22,sot,Federico Valverde,over,2026-08-19T19:27:45.584311+00:00,1.46,0.684931506849315,2026-08-22 07:01:23+00:00,1.46,0.684931506849315,-421.4,,,0.0,CLOSE_NOT_PROVEN_PRE_KICKOFF,player_props_last_prekickoff,
9c5144070d360a75,2026-08-22,sot2,Vinícius Júnior,over,2026-08-19T19:27:45.586997+00:00,1.76,0.5681818181818182,2026-08-22 07:01:23+00:00,1.76,0.5681818181818182,-421.4,,,0.0,CLOSE_NOT_PROVEN_PRE_KICKOFF,player_props_last_prekickoff,
9c5144070d360a75,2026-08-22,goals,Jude Bellingham,over,2026-08-19T19:27:45.589257+00:00,4.0,0.25,2026-08-22 07:01:23+00:00,4.0,0.25,-421.4,,,0.0,CLOSE_NOT_PROVEN_PRE_KICKOFF,player_props_last_prekickoff,
9c5144070d360a75,2026-08-22,sot,Tyrhys Dolan,over,2026-08-19T19:27:45.591949+00:00,2.25,0.4444444444444444,2026-08-22 07:01:23+00:00,2.25,0.4444444444444444,-421.4,,,0.0,CLOSE_NOT_PROVEN_PRE_KICKOFF,player_props_last_prekickoff,
9c5144070d360a75,2026-08-22,sot,Brahim Díaz,over,2026-08-19T19:27:45.595910+00:00,1.44,0.6944444444444444,2026-08-22 07:01:23+00:00,1.44,0.6944444444444444,-421.4,,,0.0,CLOSE_NOT_PROVEN_PRE_KICKOFF,player_props_last_prekickoff,
9c5144070d360a75,2026-08-22,goals,Arda Güler,over,2026-08-19T19:27:45.598962+00:00,5.0,0.2,2026-08-22 07:01:23+00:00,5.0,0.2,-421.4,,,0.0,CLOSE_NOT_PROVEN_PRE_KICKOFF,player_props_last_prekickoff,
9c5144070d360a75,2026-08-22,sot,Leandro Cabrera,over,2026-08-19T19:27:45.605088+00:00,4.0,0.25,2026-08-22 07:01:23+00:00,4.0,0.25,-421.4,,,0.0,CLOSE_NOT_PROVEN_PRE_KICKOFF,player_props_last_prekickoff,
e0ce14f7650df5f1,,goals,Gorka Guruzeta,over,2026-08-20T01:05:42.136591+00:00,2.63,0.3802281368821293,,,,,,,,NO_CLOSE,,
e0ce14f7650df5f1,,sot,Gorka Guruzeta,over,2026-08-20T12:45:08.343280+00:00,1.36,0.7352941176470588,,,,,,,,NO_CLOSE,,
e0ce14f7650df5f1,,sot,Iñaki Williams,over,2026-08-20T12:45:08.346429+00:00,1.57,0.6369426751592356,,,,,,,,NO_CLOSE,,
e0ce14f7650df5f1,,sot,Robert Navarro,over,2026-08-20T12:45:08.351666+00:00,1.62,0.6172839506172839,,,,,,,,NO_CLOSE,,
b82e04db70ea34e1,,cards,Ao Tanaka,over,2026-08-20T12:45:08.355856+00:00,6.0,0.16666666666666666,,,,,,,,NO_CLOSE,,
e0ce14f7650df5f1,,sot,Yuri Berchiche,over,2026-08-20T12:45:08.360939+00:00,3.6,0.2777777777777778,,,,,,,,NO_CLOSE,,
b82e04db70ea34e1,,cards,Ethan Ampadu,over,2026-08-20T12:45:08.362796+00:00,3.25,0.3076923076923077,,,,,,,,NO_CLOSE,,
df76fcaf84d93182,,cards,Nordi Mukiele,over,2026-08-20T12:45:08.366764+00:00,4.75,0.21052631578947367,,,,,,,,NO_CLOSE,,
df76fcaf84d93182,,cards,Reinildo Mandava,over,2026-08-20T12:45:08.368782+00:00,3.4,0.29411764705882354,,,,,,,,NO_CLOSE,,
b82e04db70ea34e1,,cards,Gabriel Gudmundsson,over,2026-08-20T12:45:08.370788+00:00,5.5,0.18181818181818182,,,,,,,,NO_CLOSE,,
b82e04db70ea34e1,,cards,Dan Ndoye,over,2026-08-20T12:45:08.373283+00:00,4.8,0.20833333333333334,,,,,,,,NO_CLOSE,,
df76fcaf84d93182,,cards,Granit Xhaka,over,2026-08-20T12:45:08.375802+00:00,3.6,0.2777777777777778,,,,,,,,NO_CLOSE,,
32caaca7d50cbf82,,sot,Luis Rioja,over,2026-08-20T15:36:44.663961+00:00,2.0,0.5,,,,,,,,NO_CLOSE,,
e0ce14f7650df5f1,,cards,Arouna Sangante,over,2026-08-20T15:36:44.669750+00:00,3.25,0.3076923076923077,,,,,,,,NO_CLOSE,,
32caaca7d50cbf82,,cards,Yoel Lago,over,2026-08-20T15:36:44.672057+00:00,3.4,0.29411764705882354,,,,,,,,NO_CLOSE,,
fae4cb17f8cb5292,2026-08-23,sot,Julián Alvarez,over,2026-08-20T19:33:18.495858+00:00,1.45,0.6896551724137931,2026-08-23 07:02:38+00:00,1.45,0.6896551724137931,-422.6,,,0.0,CLOSE_NOT_PROVEN_PRE_KICKOFF,player_props_last_prekickoff,
fae4cb17f8cb5292,2026-08-23,sot,Georges Mikautadze,over,2026-08-20T19:33:18.499338+00:00,1.64,0.6097560975609756,2026-08-23 07:02:38+00:00,1.64,0.6097560975609756,-422.6,,,0.0,CLOSE_NOT_PROVEN_PRE_KICKOFF,player_props_last_prekickoff,
fae4cb17f8cb5292,2026-08-23,sot,Nicolas Pépé,over,2026-08-20T19:33:18.503143+00:00,2.0,0.5,2026-08-23 07:02:38+00:00,2.0,0.5,-422.6,,,0.0,CLOSE_NOT_PROVEN_PRE_KICKOFF,player_props_last_prekickoff,
fae4cb17f8cb5292,2026-08-23,sot,Giuliano Simeone,over,2026-08-20T19:33:18.506130+00:00,1.9,0.5263157894736842,2026-08-23 07:02:38+00:00,1.9,0.5263157894736842,-422.6,,,0.0,CLOSE_NOT_PROVEN_PRE_KICKOFF,player_props_last_prekickoff,
fae4cb17f8cb5292,2026-08-23,goals,Julián Alvarez,over,2026-08-20T19:33:18.514144+00:00,2.88,0.3472222222222222,2026-08-23 07:02:38+00:00,2.88,0.3472222222222222,-422.6,,,0.0,CLOSE_NOT_PROVEN_PRE_KICKOFF,player_props_last_prekickoff,
fae4cb17f8cb5292,2026-08-23,sot,Marcos Llorente,over,2026-08-20T19:33:18.517462+00:00,4.1,0.24390243902439027,2026-08-23 07:02:38+00:00,4.1,0.24390243902439027,-422.6,,,0.0,CLOSE_NOT_PROVEN_PRE_KICKOFF,player_props_last_prekickoff,
2f320f59a0339941,,cards,Guéla Doué,over,2026-08-20T21:29:55.204706+00:00,1.01,0.9900990099009901,,3.85,0.2597402597402597,,-0.7377,-73.77,,CLV_IMPLAUSIBLE,v9_clv_records,
1c30bcfdbcf38325,,sot,Brennan Johnson,over,2026-08-21T10:30:27.670299+00:00,1.74,0.5747126436781609,,,,,,,,NO_CLOSE,,
1c30bcfdbcf38325,,cards,Chadi Riad,over,2026-08-21T10:30:27.677313+00:00,4.75,0.21052631578947367,,,,,,,,NO_CLOSE,,
9bb885fe41e5f679,,cards,Marcus Thuram,over,2026-08-21T12:43:39.196196+00:00,7.5,0.13333333333333333,,,,,,,,NO_CLOSE,,
11a6307d91d1c2fd,,cards,Amir Rrahmani,over,2026-08-21T12:43:39.198557+00:00,4.75,0.21052631578947367,,,,,,,,NO_CLOSE,,
b500ab2a437c9552,2026-08-22,sot,Dango Ouattara,over,2026-08-21T19:28:17.692823+00:00,1.7,0.5882352941176471,2026-08-22 07:01:23+00:00,1.7,0.5882352941176471,-421.4,,,0.0,CLOSE_NOT_PROVEN_PRE_KICKOFF,player_props_last_prekickoff,
58644152b7ed325b,2026-08-22,sot,Ludovic Ajorque,over,2026-08-21T19:28:17.694567+00:00,1.55,0.6451612903225806,2026-08-22 07:01:23+00:00,1.55,0.6451612903225806,-421.4,,,0.0,CLOSE_NOT_PROVEN_PRE_KICKOFF,player_props_last_prekickoff,
b2187585a1925e25,2026-08-23,sot,Martín Satriano,over,2026-08-21T19:28:17.696683+00:00,1.51,0.6622516556291391,2026-08-23 07:02:38+00:00,1.51,0.6622516556291391,-422.6,,,0.0,CLOSE_NOT_PROVEN_PRE_KICKOFF,player_props_last_prekickoff,
b500ab2a437c9552,2026-08-22,sot,Dominic Solanke,over,2026-08-21T19:28:17.698423+00:00,1.54,0.6493506493506493,2026-08-22 07:01:23+00:00,1.54,0.6493506493506493,-421.4,,,0.0,CLOSE_NOT_PROVEN_PRE_KICKOFF,player_props_last_prekickoff,
b500ab2a437c9552,2026-08-22,sot,Kevin Schade,over,2026-08-21T19:28:17.700389+00:00,1.74,0.5747126436781609,2026-08-22 07:01:23+00:00,1.74,0.5747126436781609,-421.4,,,0.0,CLOSE_NOT_PROVEN_PRE_KICKOFF,player_props_last_prekickoff,
131481d2c69202b2,,sot,Mamadou Sangare,over,2026-08-21T19:28:17.702394+00:00,2.6,0.3846153846153846,,,,,,,,NO_CLOSE,,
b500ab2a437c9552,2026-08-22,sot,Mathys Tel,over,2026-08-21T19:28:17.704155+00:00,1.86,0.5376344086021505,2026-08-22 07:01:23+00:00,1.86,0.5376344086021505,-421.4,,,0.0,CLOSE_NOT_PROVEN_PRE_KICKOFF,player_props_last_prekickoff,
b500ab2a437c9552,,sot,Mohammed Kudus,over,2026-08-21T19:28:17.706017+00:00,1.74,0.5747126436781609,,,,,,,,NO_CLOSE,,
58644152b7ed325b,2026-08-22,sot,Romain Del Castillo,over,2026-08-21T19:28:17.707710+00:00,1.8,0.5555555555555556,2026-08-22 07:01:23+00:00,1.8,0.5555555555555556,-421.4,,,0.0,CLOSE_NOT_PROVEN_PRE_KICKOFF,player_props_last_prekickoff,
58644152b7ed325b,2026-08-22,sot,Kamory Doumbia,over,2026-08-21T19:28:17.709312+00:00,1.71,0.5847953216374269,2026-08-22 07:01:23+00:00,1.71,0.5847953216374269,-421.4,,,0.0,CLOSE_NOT_PROVEN_PRE_KICKOFF,player_props_last_prekickoff,
b500ab2a437c9552,2026-08-22,sot,Conor Gallagher,over,2026-08-21T19:28:17.712300+00:00,2.88,0.3472222222222222,2026-08-22 07:01:23+00:00,2.88,0.3472222222222222,-421.4,,,0.0,CLOSE_NOT_PROVEN_PRE_KICKOFF,player_props_last_prekickoff,
b500ab2a437c9552,2026-08-22,sot,Mikkel Damsgaard,over,2026-08-21T19:28:17.714164+00:00,2.1,0.47619047619047616,2026-08-22 07:01:23+00:00,2.1,0.47619047619047616,-421.4,,,0.0,CLOSE_NOT_PROVEN_PRE_KICKOFF,player_props_last_prekickoff,
58644152b7ed325b,2026-08-22,sot,Lucas Tousart,over,2026-08-21T19:28:17.716143+00:00,2.7,0.37037037037037035,2026-08-22 07:01:23+00:00,2.7,0.37037037037037035,-421.4,,,0.0,CLOSE_NOT_PROVEN_PRE_KICKOFF,player_props_last_prekickoff,
b500ab2a437c9552,2026-08-22,sot,Pedro Porro,over,2026-08-21T19:28:17.717883+00:00,2.88,0.3472222222222222,2026-08-22 07:01:23+00:00,2.88,0.3472222222222222,-421.4,,,0.0,CLOSE_NOT_PROVEN_PRE_KICKOFF,player_props_last_prekickoff,
b500ab2a437c9552,2026-08-22,sot,Mathias Jensen,over,2026-08-21T19:28:17.720009+00:00,2.62,0.38167938931297707,2026-08-22 07:01:23+00:00,2.62,0.38167938931297707,-421.4,,,0.0,CLOSE_NOT_PROVEN_PRE_KICKOFF,player_props_last_prekickoff,
b500ab2a437c9552,2026-08-22,sot,Keane Lewis-Potter,over,2026-08-21T19:28:17.721832+00:00,1.95,0.5128205128205129,2026-08-22 07:01:23+00:00,1.95,0.5128205128205129,-421.4,,,0.0,CLOSE_NOT_PROVEN_PRE_KICKOFF,player_props_last_prekickoff,
b500ab2a437c9552,2026-08-22,sot,Nathan Collins,over,2026-08-21T19:28:17.723599+00:00,4.4,0.22727272727272727,2026-08-22 07:01:23+00:00,4.4,0.22727272727272727,-421.4,,,0.0,CLOSE_NOT_PROVEN_PRE_KICKOFF,player_props_last_prekickoff,
58644152b7ed325b,2026-08-22,goals,Ludovic Ajorque,over,2026-08-21T19:28:17.725277+00:00,3.55,0.28169014084507044,2026-08-22 07:01:23+00:00,3.55,0.28169014084507044,-421.4,,,0.0,CLOSE_NOT_PROVEN_PRE_KICKOFF,player_props_last_prekickoff,
b500ab2a437c9552,2026-08-22,sot,Vitaly Janelt,over,2026-08-21T19:28:17.728427+00:00,3.6,0.2777777777777778,2026-08-22 07:01:23+00:00,3.6,0.2777777777777778,-421.4,,,0.0,CLOSE_NOT_PROVEN_PRE_KICKOFF,player_props_last_prekickoff,
b500ab2a437c9552,2026-08-22,sot,Yehor Yarmoliuk,over,2026-08-21T19:28:17.730589+00:00,3.8,0.2631578947368421,2026-08-22 07:01:23+00:00,3.8,0.2631578947368421,-421.4,,,0.0,CLOSE_NOT_PROVEN_PRE_KICKOFF,player_props_last_prekickoff,
b2187585a1925e25,2026-08-23,sot,Sergio Canales,over,2026-08-21T19:28:17.732262+00:00,1.62,0.6172839506172839,2026-08-23 07:02:38+00:00,1.62,0.6172839506172839,-422.6,,,0.0,CLOSE_NOT_PROVEN_PRE_KICKOFF,player_props_last_prekickoff,
4b422a036ac74789,,cards,Alessandro Circati,over,2026-08-21T21:26:30.556807+00:00,1.01,0.9900990099009901,,,,,,,,NO_CLOSE,,
58644152b7ed325b,,cards,Ludovic Ajorque,over,2026-08-21T22:26:06.176220+00:00,1.01,0.9900990099009901,,,,,,,,NO_CLOSE,,
131481d2c69202b2,,cards,Kévin Danois,over,2026-08-21T23:51:27.782354+00:00,1.01,0.9900990099009901,,,,,,,,NO_CLOSE,,
131481d2c69202b2,,cards,Elisha Owusu,over,2026-08-21T23:51:27.784893+00:00,1.01,0.9900990099009901,,,,,,,,NO_CLOSE,,
131481d2c69202b2,,cards,Sinaly Diomandé,over,2026-08-21T23:51:27.787370+00:00,1.01,0.9900990099009901,,,,,,,,NO_CLOSE,,
131481d2c69202b2,,cards,Danny Namaso,over,2026-08-21T23:51:27.791309+00:00,1.01,0.9900990099009901,,,,,,,,NO_CLOSE,,
9a9030182c7dae63,2026-08-26,sot,Corentin Tolisso,over,2026-08-22T01:04:26.340434+00:00,1.74,0.5747126436781609,2026-08-23 07:02:38+00:00,1.74,0.5747126436781609,3897.4,,,0.0,CLOSE_NOT_PROVEN_PRE_KICKOFF,player_props_last_prekickoff,
9a9030182c7dae63,2026-08-26,sot,Pavel Šulc,over,2026-08-22T01:04:26.342517+00:00,1.74,0.5747126436781609,2026-08-23 07:02:38+00:00,1.74,0.5747126436781609,3897.4,,,0.0,CLOSE_NOT_PROVEN_PRE_KICKOFF,player_props_last_prekickoff,
9a9030182c7dae63,2026-08-26,sot,Tyler Morton,over,2026-08-22T01:04:26.345824+00:00,3.7,0.27027027027027023,2026-08-23 07:02:38+00:00,3.7,0.27027027027027023,3897.4,,,0.0,CLOSE_NOT_PROVEN_PRE_KICKOFF,player_props_last_prekickoff,
9a9030182c7dae63,2026-08-26,sot,Khalis Merah,over,2026-08-22T01:04:26.349513+00:00,2.1,0.47619047619047616,2026-08-23 07:02:38+00:00,2.1,0.47619047619047616,3897.4,,,0.0,CLOSE_NOT_PROVEN_PRE_KICKOFF,player_props_last_prekickoff,
9a9030182c7dae63,2026-08-26,goals,Pavel Šulc,over,2026-08-22T01:04:26.351483+00:00,4.9,0.2040816326530612,2026-08-23 07:02:38+00:00,4.9,0.2040816326530612,3897.4,,,0.0,CLOSE_NOT_PROVEN_PRE_KICKOFF,player_props_last_prekickoff,
9a9030182c7dae63,2026-08-26,sot,Moussa Niakhaté,over,2026-08-22T01:04:26.353576+00:00,5.25,0.19047619047619047,2026-08-23 07:02:38+00:00,5.25,0.19047619047619047,3897.4,,,0.0,CLOSE_NOT_PROVEN_PRE_KICKOFF,player_props_last_prekickoff,
fae4cb17f8cb5292,2026-08-23,goals,Georges Mikautadze,over,2026-08-22T04:35:27.280350+00:00,4.0,0.25,2026-08-23 07:02:38+00:00,4.0,0.25,-422.6,,,0.0,CLOSE_NOT_PROVEN_PRE_KICKOFF,player_props_last_prekickoff,
b82e04db70ea34e1,2026-08-22,sot,Ao Tanaka,over,2026-08-22T04:35:27.282946+00:00,3.25,0.3076923076923077,2026-08-22 07:01:23+00:00,3.25,0.3076923076923077,-421.4,,,0.0,CLOSE_NOT_PROVEN_PRE_KICKOFF,player_props_last_prekickoff,
b500ab2a437c9552,2026-08-22,sot,Rodrigo Bentancur,over,2026-08-22T04:35:27.286332+00:00,3.8,0.2631578947368421,2026-08-22 07:01:23+00:00,3.8,0.2631578947368421,-421.4,,,0.0,CLOSE_NOT_PROVEN_PRE_KICKOFF,player_props_last_prekickoff,
7bf6cd9c79eada9e,,goals,Victor Muñoz,over,2026-07-13T02:28:33.319043+00:00,5.75,0.17391304347826086,,5.75,0.17391304347826086,,0.0,0.0,0.0,CLOSE_EQUALS_ENTRY,v9_clv_records,
7bf6cd9c79eada9e,,sot,Adrien Rabiot,over,2026-07-13T02:28:33.319241+00:00,3.75,0.26666666666666666,,3.75,0.26666666666666666,,0.0,0.0,0.0,CLOSE_EQUALS_ENTRY,v9_clv_records,LOSS
46a91e2229dbb8eb,,sot,Nico O'Reilly,over,2026-07-13T02:28:33.319451+00:00,3.6,0.2777777777777778,,3.6,0.2777777777777778,,0.0,0.0,0.0,CLOSE_EQUALS_ENTRY,v9_clv_records,
46a91e2229dbb8eb,,goals,Noni Madueke,over,2026-07-13T02:28:33.320084+00:00,6.0,0.16666666666666666,,6.0,0.16666666666666666,,0.0,0.0,0.0,CLOSE_EQUALS_ENTRY,v9_clv_records,
7bf6cd9c79eada9e,,sot,Rodri,over,2026-07-13T02:28:33.320633+00:00,5.8,0.1724137931034483,,5.8,0.1724137931034483,,0.0,0.0,0.0,CLOSE_EQUALS_ENTRY,v9_clv_records,LOSS
46a91e2229dbb8eb,,sot,Noni Madueke,over,2026-07-14T17:15:55.485881+00:00,2.25,0.4444444444444444,,2.0,0.5,,0.125,12.5,12.5,OK,v9_clv_records,
46a91e2229dbb8eb,,goals,Harry Kane,over,2026-07-14T19:18:31.682451+00:00,2.51,0.39840637450199207,,2.65,0.37735849056603776,,-0.0528,-5.28,-5.283,OK,v9_clv_records,LOSS
46a91e2229dbb8eb,,sot,Declan Rice,over,2026-07-14T19:18:31.683400+00:00,3.6,0.2777777777777778,,3.6,0.2777777777777778,,0.0,0.0,0.0,CLOSE_EQUALS_ENTRY,v9_clv_records,WIN
348ff97ab1f5a682,,goals,Giuliano Simeone,over,2026-07-15T02:09:31.349072+00:00,5.0,0.2,,,,,,,,NO_CLOSE,,
46a91e2229dbb8eb,,goals,Lionel Messi,over,2026-07-15T05:15:39.249899+00:00,2.56,0.390625,,2.68,0.3731343283582089,,-0.0448,-4.48,-4.4776,OK,v9_clv_records,LOSS
348ff97ab1f5a682,2026-08-19,sot,Giuliano Simeone,over,2026-07-15T18:10:09.575129+00:00,1.91,0.5235602094240838,2026-08-19 07:07:07+00:00,1.64,0.6097560975609756,-427.1,,,16.4634,CLOSE_NOT_PROVEN_PRE_KICKOFF,player_props_last_prekickoff,
46a91e2229dbb8eb,,sot,Anthony Gordon,over,2026-07-15T18:10:09.575633+00:00,2.25,0.4444444444444444,,2.25,0.4444444444444444,,0.0,0.0,0.0,CLOSE_EQUALS_ENTRY,v9_clv_records,WIN
f76ea6b089da6541,,goals,Lionel Messi,over,2026-07-15T22:03:13.280178+00:00,2.45,0.4081632653061224,,2.94,0.3401360544217687,,-0.1667,-16.67,-16.6667,OK,v9_clv_records,LOSS
f76ea6b089da6541,,goals,Victor Muñoz,over,2026-07-15T22:03:13.280615+00:00,4.8,0.20833333333333334,,5.0,0.2,,-0.04,-4.0,-4.0,OK,v9_clv_records,
20f50bb196a5f825,,goals,Harry Kane,over,2026-07-15T22:03:13.281004+00:00,2.55,0.3921568627450981,,2.19,0.4566210045662101,,0.1644,16.44,16.4384,OK,v9_clv_records,
20f50bb196a5f825,,goals,Ousmane Dembélé,over,2026-07-15T22:03:13.281858+00:00,3.3,0.30303030303030304,,3.0,0.3333333333333333,,0.1,10.0,10.0,OK,v9_clv_records,WIN
20f50bb196a5f825,,goals,Noni Madueke,over,2026-07-15T22:03:13.282796+00:00,6.2,0.16129032258064516,,5.1,0.19607843137254904,,0.2157,21.57,21.5686,OK,v9_clv_records,
56a6067c55ee0cda,,goals,Giuliano Simeone,over,2026-07-16T02:25:20.929261+00:00,6.2,0.16129032258064516,,,,,,,,NO_CLOSE,,
f76ea6b089da6541,,sot,Rodri,over,2026-07-16T11:12:42.178356+00:00,3.65,0.273972602739726,,4.0,0.25,,-0.0875,-8.75,-8.75,OK,v9_clv_records,LOSS
f76ea6b089da6541,,sot2,Victor Muñoz,over,2026-07-16T11:12:42.179103+00:00,3.7,0.27027027027027023,,5.5,0.18181818181818182,,-0.3273,-32.73,,CLV_IMPLAUSIBLE,v9_clv_records,
f76ea6b089da6541,,sot,Victor Muñoz,over,2026-07-16T15:14:51.068102+00:00,2.0,0.5,,2.0,0.5,,0.0,0.0,0.0,CLOSE_EQUALS_ENTRY,v9_clv_records,
521c3d8017cab5ab,,sot,Aurélien Tchouaméni,over,2026-07-16T23:19:45.410589+00:00,3.55,0.28169014084507044,,,,,,,,NO_CLOSE,,
521c3d8017cab5ab,,goals,Aurélien Tchouaméni,over,2026-07-16T23:19:45.419219+00:00,9.0,0.1111111111111111,,,,,,,,NO_CLOSE,,
20f50bb196a5f825,,sot,Marcus Rashford,over,2026-07-18T20:22:22.086785+00:00,2.0,0.5,,2.0,0.5,,0.0,0.0,0.0,CLOSE_EQUALS_ENTRY,v9_clv_records,WIN
20f50bb196a5f825,,goals,Marcus Rashford,over,2026-07-18T20:22:22.088044+00:00,5.18,0.19305019305019305,,5.18,0.19305019305019305,,0.0,0.0,0.0,CLOSE_EQUALS_ENTRY,v9_clv_records,LOSS
64031e877f12ff77,,sot,Martín Satriano,over,2026-08-13T15:40:27.756789+00:00,1.67,0.5988023952095809,,1.76,0.5681818181818182,,-0.0511,-5.11,-5.1136,OK,v9_clv_records,WIN
4a901c10060c0f32,,sot,Isi Palazón,over,2026-08-13T15:40:27.757157+00:00,1.91,0.5235602094240838,,1.91,0.5235602094240838,,0.0,0.0,0.0,CLOSE_EQUALS_ENTRY,v9_clv_records,LOSS
4a901c10060c0f32,,sot,Álvaro García,over,2026-08-13T15:40:27.836473+00:00,1.67,0.5988023952095809,,1.95,0.5128205128205129,,-0.1436,-14.36,-14.359,OK,v9_clv_records,WIN
fa5f7b8579c507ac,,sot,Iván Romero,over,2026-08-13T15:40:27.912353+00:00,2.0,0.5,,1.53,0.6535947712418301,,0.3072,30.72,,CLV_IMPLAUSIBLE,v9_clv_records,LOSS
64031e877f12ff77,,sot,Jon Guridi,over,2026-08-13T15:40:27.914011+00:00,1.83,0.5464480874316939,,2.05,0.48780487804878053,,-0.1073,-10.73,-10.7317,OK,v9_clv_records,WIN
fa5f7b8579c507ac,,sot,Jon Ander Olasagasti,over,2026-08-13T15:40:27.914403+00:00,4.0,0.25,,2.75,0.36363636363636365,,0.4545,45.45,,CLV_IMPLAUSIBLE,v9_clv_records,LOSS
64031e877f12ff77,,sot,Lucas Boyé,over,2026-08-13T15:40:27.915035+00:00,1.4,0.7142857142857143,,1.52,0.6578947368421053,,-0.0789,-7.89,-7.8947,OK,v9_clv_records,
4a901c10060c0f32,,sot,Sergio Camello,over,2026-08-13T15:40:27.915510+00:00,1.53,0.6535947712418301,,1.53,0.6535947712418301,,0.0,0.0,0.0,CLOSE_EQUALS_ENTRY,v9_clv_records,LOSS
fa5f7b8579c507ac,,sot,Tyrhys Dolan,over,2026-08-13T15:40:27.916765+00:00,1.71,0.5847953216374269,,1.91,0.5235602094240838,,-0.1047,-10.47,-10.4712,OK,v9_clv_records,WIN
4a901c10060c0f32,,sot,Jorge de Frutos,over,2026-08-13T15:40:27.917064+00:00,1.44,0.6944444444444444,,1.8,0.5555555555555556,,-0.2,-20.0,-20.0,OK,v9_clv_records,LOSS
4a901c10060c0f32,,goals,Isi Palazón,over,2026-08-13T15:40:27.918496+00:00,6.0,0.16666666666666666,,5.8,0.1724137931034483,,0.0345,3.45,3.4483,OK,v9_clv_records,LOSS
fba606529648a222,2026-08-22,sot,Tyrhys Dolan,over,2026-08-13T15:40:27.919316+00:00,1.71,0.5847953216374269,2026-08-22 07:01:23+00:00,2.25,0.4444444444444444,-421.4,,,-24.0,CLOSE_NOT_PROVEN_PRE_KICKOFF,player_props_last_prekickoff,
fa5f7b8579c507ac,,goals,Iván Romero,over,2026-08-13T15:40:27.921427+00:00,3.8,0.2631578947368421,,4.5,0.2222222222222222,,-0.1556,-15.56,-15.5556,OK,v9_clv_records,LOSS
4a901c10060c0f32,,sot,Florian Lejeune,over,2026-08-13T15:40:27.923214+00:00,2.3,0.4347826086956522,,2.7,0.37037037037037035,,-0.1481,-14.81,-14.8148,OK,v9_clv_records,WIN
4a901c10060c0f32,,goals,Álvaro García,over,2026-08-13T15:40:27.923962+00:00,4.75,0.21052631578947367,,4.6,0.2173913043478261,,0.0326,3.26,3.2609,OK,v9_clv_records,WIN
64031e877f12ff77,,sot,Zaid Romero,over,2026-08-13T15:40:27.924403+00:00,7.0,0.14285714285714285,,6.5,0.15384615384615385,,0.0769,7.69,7.6923,OK,v9_clv_records,LOSS
64031e877f12ff77,,sot,Antonio Blanco,over,2026-08-13T15:40:27.926399+00:00,2.25,0.4444444444444444,,3.15,0.31746031746031744,,-0.2857,-28.57,,CLV_IMPLAUSIBLE,v9_clv_records,LOSS
64031e877f12ff77,,goals,Martín Satriano,over,2026-08-13T15:40:27.927571+00:00,2.9,0.3448275862068966,,6.0,0.16666666666666666,,-0.5167,-51.67,,CLV_IMPLAUSIBLE,v9_clv_records,LOSS
fa5f7b8579c507ac,,goals,Jon Ander Olasagasti,over,2026-08-13T15:40:27.927948+00:00,8.5,0.11764705882352941,,11.0,0.09090909090909091,,-0.2273,-22.73,-22.7273,OK,v9_clv_records,LOSS
4a901c10060c0f32,,sot,Kike Salas,over,2026-08-13T15:40:27.929511+00:00,2.88,0.3472222222222222,,5.0,0.2,,-0.424,-42.4,,CLV_IMPLAUSIBLE,v9_clv_records,LOSS
9e86f819a6c59be2,2026-08-17,sot,Lucas Boyé,over,2026-08-14T04:02:42.046106+00:00,1.51,0.6622516556291391,2026-08-17 13:56:29+00:00,1.51,0.6622516556291391,-836.5,,,0.0,CLOSE_NOT_PROVEN_PRE_KICKOFF,player_props_last_prekickoff,
4a901c10060c0f32,,cards,Gabriel Suazo,over,2026-08-14T16:28:36.101067+00:00,4.33,0.23094688221709006,,4.33,0.23094688221709006,,0.0,0.0,0.0,CLOSE_EQUALS_ENTRY,v9_clv_records,WIN
64031e877f12ff77,,cards,Antonio Blanco,over,2026-08-14T16:28:36.108050+00:00,2.8,0.35714285714285715,,2.8,0.35714285714285715,,0.0,0.0,0.0,CLOSE_EQUALS_ENTRY,v9_clv_records,WIN
64031e877f12ff77,,cards,Martín Satriano,over,2026-08-14T16:28:36.111797+00:00,3.8,0.2631578947368421,,3.8,0.2631578947368421,,0.0,0.0,0.0,CLOSE_EQUALS_ENTRY,v9_clv_records,LOSS
4ab97e5dc4a391e1,,sot,Viktor Gyökeres,over,2026-08-18T07:37:52.852298+00:00,1.22,0.819672131147541,,1.33,0.7518796992481203,,-0.0827,-8.27,-8.2707,OK,v9_clv_records,
4ab97e5dc4a391e1,,sot,Kai Havertz,over,2026-08-18T07:37:52.852853+00:00,1.25,0.8,,1.45,0.6896551724137931,,-0.1379,-13.79,-13.7931,OK,v9_clv_records,
05dd40a7548cbad2,,sot,Mikel Oyarzabal,over,2026-08-18T07:37:52.853614+00:00,1.83,0.5464480874316939,,1.52,0.6578947368421053,,0.2039,20.39,20.3947,OK,v9_clv_records,
4c99d792bc59970c,,sot,Sergio Camello,over,2026-08-18T07:37:52.854120+00:00,1.4,0.7142857142857143,,1.45,0.6896551724137931,,-0.0345,-3.45,-3.4483,OK,v9_clv_records,
3df0b6a730e3c8cc,,sot,Nicolò Zaniolo,over,2026-08-18T07:37:52.854536+00:00,1.71,0.5847953216374269,,1.67,0.5988023952095809,,0.024,2.4,2.3952,OK,v9_clv_records,
11a6307d91d1c2fd,,sot,Kevin De Bruyne,over,2026-08-18T07:37:52.854961+00:00,1.64,0.6097560975609756,,1.67,0.5988023952095809,,-0.018,-1.8,-1.7964,OK,v9_clv_records,
4c99d792bc59970c,,sot,Isi Palazón,over,2026-08-18T07:37:52.855402+00:00,1.73,0.5780346820809249,,1.83,0.5464480874316939,,-0.0546,-5.46,-5.4645,OK,v9_clv_records,
4c99d792bc59970c,,sot,Jorge de Frutos,over,2026-08-18T07:37:52.856067+00:00,1.53,0.6535947712418301,,1.6,0.625,,-0.0438,-4.38,-4.375,OK,v9_clv_records,
3df0b6a730e3c8cc,,sot,Anastasios Douvikas,over,2026-08-18T07:37:52.856651+00:00,1.4,0.7142857142857143,,1.33,0.7518796992481203,,0.0526,5.26,5.2632,OK,v9_clv_records,
b82e04db70ea34e1,,sot,Lorenzo Lucca,over,2026-08-18T07:37:52.857093+00:00,1.4,0.7142857142857143,,1.42,0.7042253521126761,,-0.0141,-1.41,-1.4085,OK,v9_clv_records,
3df0b6a730e3c8cc,,sot,Keinan Davis,over,2026-08-18T07:37:52.857546+00:00,1.74,0.5747126436781609,,1.53,0.6535947712418301,,0.1373,13.73,13.7255,OK,v9_clv_records,
4b422a036ac74789,,sot,Sebastiano Esposito,over,2026-08-18T07:37:52.858147+00:00,1.66,0.6024096385542169,,1.64,0.6097560975609756,,0.0122,1.22,1.2195,OK,v9_clv_records,
11a6307d91d1c2fd,,sot,Lorenzo Colombo,over,2026-08-18T07:37:52.858609+00:00,1.54,0.6493506493506493,,1.5,0.6666666666666666,,0.0267,2.67,2.6667,OK,v9_clv_records,
3df0b6a730e3c8cc,,sot,Jürgen Ekkelenkamp,over,2026-08-18T07:37:52.859269+00:00,2.4,0.4166666666666667,,2.1,0.47619047619047616,,0.1429,14.29,14.2857,OK,v9_clv_records,
4ab97e5dc4a391e1,,sot,Noni Madueke,over,2026-08-18T07:37:52.860367+00:00,1.47,0.6802721088435374,,1.6,0.625,,-0.0813,-8.13,-8.125,OK,v9_clv_records,
4c99d792bc59970c,,sot,Álvaro García,over,2026-08-18T07:37:52.860938+00:00,1.67,0.5988023952095809,,1.64,0.6097560975609756,,0.0183,1.83,1.8293,OK,v9_clv_records,
4ab97e5dc4a391e1,,sot,Declan Rice,over,2026-08-18T07:37:52.861457+00:00,2.2,0.45454545454545453,,1.85,0.5405405405405405,,0.1892,18.92,18.9189,OK,v9_clv_records,
9bb885fe41e5f679,,sot,Federico Dimarco,over,2026-08-18T07:37:52.862092+00:00,1.66,0.6024096385542169,,1.55,0.6451612903225806,,0.071,7.1,7.0968,OK,v9_clv_records,
4ab97e5dc4a391e1,,goals,Kai Havertz,over,2026-08-18T07:37:52.862581+00:00,2.4,0.4166666666666667,,2.5,0.4,,-0.04,-4.0,-4.0,OK,v9_clv_records,
4c99d792bc59970c,,sot,Lucas Boyé,over,2026-08-18T07:37:52.863236+00:00,1.57,0.6369426751592356,,1.36,0.7352941176470588,,0.1544,15.44,15.4412,OK,v9_clv_records,
11a6307d91d1c2fd,,sot,Scott McTominay,over,2026-08-18T07:37:52.863854+00:00,1.46,0.684931506849315,,1.55,0.6451612903225806,,-0.0581,-5.81,-5.8065,OK,v9_clv_records,
05dd40a7548cbad2,,sot,Takefusa Kubo,over,2026-08-18T07:37:52.864411+00:00,2.05,0.48780487804878053,,1.57,0.6369426751592356,,0.3057,30.57,,CLV_IMPLAUSIBLE,v9_clv_records,
9bb885fe41e5f679,,sot,Nicolò Barella,over,2026-08-18T07:37:52.864883+00:00,2.1,0.47619047619047616,,1.95,0.5128205128205129,,0.0769,7.69,7.6923,OK,v9_clv_records,
05dd40a7548cbad2,,sot,Pablo Fornals,over,2026-08-18T07:37:52.865372+00:00,2.6,0.3846153846153846,,1.8,0.5555555555555556,,0.4444,44.44,,CLV_IMPLAUSIBLE,v9_clv_records,
4ab97e5dc4a391e1,,goals,Viktor Gyökeres,over,2026-08-18T07:37:52.866063+00:00,1.94,0.5154639175257733,,1.8,0.5555555555555556,,0.0778,7.78,7.7778,OK,v9_clv_records,
4c99d792bc59970c,,sot,Florian Lejeune,over,2026-08-18T07:37:52.866565+00:00,2.2,0.45454545454545453,,2.45,0.4081632653061224,,-0.102,-10.2,-10.2041,OK,v9_clv_records,
11a6307d91d1c2fd,,sot,Matteo Politano,over,2026-08-18T07:37:52.867058+00:00,1.57,0.6369426751592356,,1.8,0.5555555555555556,,-0.1278,-12.78,-12.7778,OK,v9_clv_records,
3df0b6a730e3c8cc,,sot,Lucas Da Cunha,over,2026-08-18T07:37:52.867652+00:00,2.25,0.4444444444444444,,2.0,0.5,,0.125,12.5,12.5,OK,v9_clv_records,
dfc98c9085cbc0fb,,sot,Giuliano Simeone,over,2026-08-18T07:37:52.868378+00:00,1.64,0.6097560975609756,,2.15,0.46511627906976744,,-0.2372,-23.72,-23.7209,OK,v9_clv_records,
9bb885fe41e5f679,,sot,Petar Sučić,over,2026-08-18T07:37:52.868991+00:00,1.46,0.684931506849315,,2.5,0.4,,-0.416,-41.6,,CLV_IMPLAUSIBLE,v9_clv_records,
1c30bcfdbcf38325,,goals,Ismaïla Sarr,over,2026-08-18T07:37:52.869718+00:00,3.55,0.28169014084507044,,3.9,0.25641025641025644,,-0.0897,-8.97,-8.9744,OK,v9_clv_records,
3df0b6a730e3c8cc,,sot,Martin Baturina,over,2026-08-18T07:37:52.870236+00:00,1.9,0.5263157894736842,,1.91,0.5235602094240838,,-0.0052,-0.52,-0.5236,OK,v9_clv_records,
4b422a036ac74789,,sot,Emanuele Valeri,over,2026-08-18T07:37:52.871106+00:00,3.2,0.3125,,4.5,0.2222222222222222,,-0.2889,-28.89,,CLV_IMPLAUSIBLE,v9_clv_records,
4ab97e5dc4a391e1,,sot,Riccardo Calafiori,over,2026-08-18T07:37:52.872102+00:00,2.45,0.4081632653061224,,2.5,0.4,,-0.02,-2.0,-2.0,OK,v9_clv_records,
3df0b6a730e3c8cc,,sot,Hassane Kamara,over,2026-08-18T07:37:52.872712+00:00,4.7,0.2127659574468085,,3.3,0.30303030303030304,,0.4242,42.42,,CLV_IMPLAUSIBLE,v9_clv_records,
3df0b6a730e3c8cc,,sot,Oumar Solet,over,2026-08-18T07:37:52.873517+00:00,6.0,0.16666666666666666,,4.2,0.23809523809523808,,0.4286,42.86,,CLV_IMPLAUSIBLE,v9_clv_records,
b82e04db70ea34e1,,goals,Dominic Calvert-Lewin,over,2026-08-18T07:37:52.874287+00:00,2.88,0.3472222222222222,,3.25,0.3076923076923077,,-0.1138,-11.38,-11.3846,OK,v9_clv_records,
05dd40a7548cbad2,,sot,Carlos Soler,over,2026-08-18T07:37:52.875076+00:00,2.25,0.4444444444444444,,2.38,0.42016806722689076,,-0.0546,-5.46,-5.4622,OK,v9_clv_records,
4b422a036ac74789,,sot,Mandela Keita,over,2026-08-18T07:37:52.876365+00:00,3.75,0.26666666666666666,,4.5,0.2222222222222222,,-0.1667,-16.67,-16.6667,OK,v9_clv_records,
dfc98c9085cbc0fb,,sot,Johnny Cardoso,over,2026-08-18T07:37:52.877078+00:00,3.05,0.3278688524590164,,3.8,0.2631578947368421,,-0.1974,-19.74,-19.7368,OK,v9_clv_records,
4c99d792bc59970c,,goals,Sergio Camello,over,2026-08-18T07:37:52.877691+00:00,4.0,0.25,,5.5,0.18181818181818182,,-0.2727,-27.27,,CLV_IMPLAUSIBLE,v9_clv_records,
b82e04db70ea34e1,,goals,Chris Wood,over,2026-08-18T07:37:52.878568+00:00,2.61,0.3831417624521073,,3.0,0.3333333333333333,,-0.13,-13.0,-13.0,OK,v9_clv_records,
3df0b6a730e3c8cc,,goals,Anastasios Douvikas,over,2026-08-18T07:37:52.879325+00:00,2.75,0.36363636363636365,,2.62,0.38167938931297707,,0.0496,4.96,4.9618,OK,v9_clv_records,
05dd40a7548cbad2,,sot,Abdessamad Ezzalzouli,over,2026-08-18T07:37:52.879999+00:00,1.54,0.6493506493506493,,1.29,0.7751937984496123,,0.1938,19.38,19.3798,OK,v9_clv_records,
4b422a036ac74789,,sot,Adrián Bernabé,over,2026-08-18T07:37:52.880724+00:00,2.25,0.4444444444444444,,2.1,0.47619047619047616,,0.0714,7.14,7.1429,OK,v9_clv_records,
4ab97e5dc4a391e1,,sot,Myles Lewis-Skelly,over,2026-08-18T07:37:52.889044+00:00,2.9,0.3448275862068966,,3.0,0.3333333333333333,,-0.0333,-3.33,-3.3333,OK,v9_clv_records,
05dd40a7548cbad2,,goals,Mikel Oyarzabal,over,2026-08-18T07:37:52.889739+00:00,3.0,0.3333333333333333,,2.8,0.35714285714285715,,0.0714,7.14,7.1429,OK,v9_clv_records,
3df0b6a730e3c8cc,,sot,Assane Diao,over,2026-08-18T07:37:52.890924+00:00,1.74,0.5747126436781609,,1.62,0.6172839506172839,,0.0741,7.41,7.4074,OK,v9_clv_records,
11a6307d91d1c2fd,,sot,Morten Frendrup,over,2026-08-18T07:37:52.892014+00:00,4.4,0.22727272727272727,,3.5,0.2857142857142857,,0.2571,25.71,,CLV_IMPLAUSIBLE,v9_clv_records,
dfc98c9085cbc0fb,,sot,Julián Alvarez,over,2026-08-18T11:23:16.487948+00:00,1.3,0.7692307692307692,,1.15,0.8695652173913044,,0.1304,13.04,13.0435,OK,v9_clv_records,
4ab97e5dc4a391e1,,sot,Bukayo Saka,over,2026-08-18T11:23:16.489475+00:00,1.3,0.7692307692307692,,1.25,0.8,,0.04,4.0,4.0,OK,v9_clv_records,
4c99d792bc59970c,,sot,Randy Nteka,over,2026-08-18T11:23:16.494647+00:00,1.57,0.6369426751592356,,1.73,0.5780346820809249,,-0.0925,-9.25,-9.2486,OK,v9_clv_records,
dfc98c9085cbc0fb,,goals,Julián Alvarez,over,2026-08-18T11:23:16.499322+00:00,2.05,0.48780487804878053,,2.14,0.4672897196261682,,-0.0421,-4.21,-4.2056,OK,v9_clv_records,
3df0b6a730e3c8cc,,goals,Nicolò Zaniolo,over,2026-08-18T11:23:16.502604+00:00,4.4,0.22727272727272727,,5.3,0.18867924528301888,,-0.1698,-16.98,-16.9811,OK,v9_clv_records,
dfc98c9085cbc0fb,,sot,Marcos Llorente,over,2026-08-18T11:23:16.504221+00:00,3.7,0.27027027027027023,,3.7,0.27027027027027023,,0.0,0.0,0.0,CLOSE_EQUALS_ENTRY,v9_clv_records,
4ab97e5dc4a391e1,,sot2,Kai Havertz,over,2026-08-18T11:23:16.507462+00:00,2.15,0.46511627906976744,,2.3,0.4347826086956522,,-0.0652,-6.52,-6.5217,OK,v9_clv_records,
9bb885fe41e5f679,,sot,Carlos Augusto,over,2026-08-18T11:23:16.509593+00:00,2.4,0.4166666666666667,,2.15,0.46511627906976744,,0.1163,11.63,11.6279,OK,v9_clv_records,
b82e04db70ea34e1,,sot,Dominic Calvert-Lewin,over,2026-08-18T21:27:03.400350+00:00,1.43,0.6993006993006994,,1.51,0.6622516556291391,,-0.053,-5.3,-5.298,OK,v9_clv_records,
b82e04db70ea34e1,,sot,Morgan Gibbs-White,over,2026-08-18T21:27:03.401895+00:00,1.77,0.5649717514124294,,1.77,0.5649717514124294,,0.0,0.0,0.0,CLOSE_EQUALS_ENTRY,v9_clv_records,
b82e04db70ea34e1,,sot,Anton Stach,over,2026-08-18T21:27:03.407966+00:00,2.07,0.48309178743961356,,2.04,0.49019607843137253,,0.0147,1.47,1.4706,OK,v9_clv_records,
50830b12373d633b,2026-08-23,sot,Jonathan David,over,2026-08-19T01:04:37.618363+00:00,1.31,0.7633587786259541,2026-08-23 07:02:38+00:00,1.31,0.7633587786259541,-422.6,,,0.0,CLOSE_NOT_PROVEN_PRE_KICKOFF,player_props_last_prekickoff,
c01ed155192b3c59,,sot,Bruno Fernandes,over,2026-08-19T01:04:37.620998+00:00,1.44,0.6944444444444444,,1.48,0.6756756756756757,,-0.027,-2.7,-2.7027,OK,v9_clv_records,
50830b12373d633b,2026-08-23,goals,Jonathan David,over,2026-08-19T01:04:37.624387+00:00,2.4,0.4166666666666667,2026-08-23 07:02:38+00:00,2.4,0.4166666666666667,-422.6,,,0.0,CLOSE_NOT_PROVEN_PRE_KICKOFF,player_props_last_prekickoff,
50830b12373d633b,2026-08-23,sot,Manuel Locatelli,over,2026-08-19T01:04:37.625559+00:00,2.9,0.3448275862068966,2026-08-23 07:02:38+00:00,2.9,0.3448275862068966,-422.6,,,0.0,CLOSE_NOT_PROVEN_PRE_KICKOFF,player_props_last_prekickoff,
50830b12373d633b,2026-08-23,sot,Weston McKennie,over,2026-08-19T01:04:37.626491+00:00,2.15,0.46511627906976744,2026-08-23 07:02:38+00:00,2.15,0.46511627906976744,-422.6,,,0.0,CLOSE_NOT_PROVEN_PRE_KICKOFF,player_props_last_prekickoff,
50830b12373d633b,2026-08-23,sot,Andrea Cambiaso,over,2026-08-19T01:04:37.628610+00:00,2.7,0.37037037037037035,2026-08-23 07:02:38+00:00,2.7,0.37037037037037035,-422.6,,,0.0,CLOSE_NOT_PROVEN_PRE_KICKOFF,player_props_last_prekickoff,
4ab97e5dc4a391e1,,sot,Ephron Mason-Clark,over,2026-08-19T03:48:29.387810+00:00,3.05,0.3278688524590164,,2.88,0.3472222222222222,,0.059,5.9,5.9028,OK,v9_clv_records,
4ab97e5dc4a391e1,,sot,Tatsuhiro Sakamoto,over,2026-08-19T03:48:29.394647+00:00,3.5,0.2857142857142857,,3.0,0.3333333333333333,,0.1667,16.67,16.6667,OK,v9_clv_records,
4ab97e5dc4a391e1,,goals,Ephron Mason-Clark,over,2026-08-19T03:48:29.398435+00:00,9.5,0.10526315789473684,,8.5,0.11764705882352941,,0.1176,11.76,11.7647,OK,v9_clv_records,
4ab97e5dc4a391e1,,sot,Bobby Thomas,over,2026-08-19T03:48:29.402975+00:00,4.8,0.20833333333333334,,7.0,0.14285714285714285,,-0.3143,-31.43,,CLV_IMPLAUSIBLE,v9_clv_records,
4ab97e5dc4a391e1,,sot,Matt Grimes,over,2026-08-19T03:48:29.405876+00:00,7.5,0.13333333333333333,,6.5,0.15384615384615385,,0.1538,15.38,15.3846,OK,v9_clv_records,
2f320f59a0339941,,sot,Igor Paixão,over,2026-08-19T06:42:08.364956+00:00,1.36,0.7352941176470588,,1.36,0.7352941176470588,,0.0,0.0,0.0,CLOSE_EQUALS_ENTRY,v9_clv_records,
2f320f59a0339941,,sot,Martial Godo,over,2026-08-19T06:42:08.366505+00:00,1.8,0.5555555555555556,,1.8,0.5555555555555556,,0.0,0.0,0.0,CLOSE_EQUALS_ENTRY,v9_clv_records,
2f320f59a0339941,,sot,Amine Gouiri,over,2026-08-19T06:42:08.367904+00:00,1.3,0.7692307692307692,,1.3,0.7692307692307692,,0.0,0.0,0.0,CLOSE_EQUALS_ENTRY,v9_clv_records,
fbd090b35d5ab77b,,sot,Sofiane Diop,over,2026-08-19T06:42:08.369127+00:00,1.68,0.5952380952380952,,1.68,0.5952380952380952,,0.0,0.0,0.0,CLOSE_EQUALS_ENTRY,v9_clv_records,
2f320f59a0339941,,sot,Samuel Amo-Ameyaw,over,2026-08-19T06:42:08.370233+00:00,2.05,0.48780487804878053,,2.0,0.5,,0.025,2.5,2.5,OK,v9_clv_records,
a8544fb1bffd1f75,,sot,Santiago Hidalgo,over,2026-08-19T06:42:08.371368+00:00,1.52,0.6578947368421053,,1.52,0.6578947368421053,,0.0,0.0,0.0,CLOSE_EQUALS_ENTRY,v9_clv_records,
e0ce14f7650df5f1,,sot,Neal Maupay,over,2026-08-19T06:42:08.372428+00:00,1.27,0.7874015748031495,,,,,,,,NO_CLOSE,,
a8544fb1bffd1f75,,sot,Corentin Tolisso,over,2026-08-19T06:42:08.373460+00:00,1.74,0.5747126436781609,,1.74,0.5747126436781609,,0.0,0.0,0.0,CLOSE_EQUALS_ENTRY,v9_clv_records,
131481d2c69202b2,,sot,Danny Namaso,over,2026-08-19T06:42:08.375177+00:00,2.0,0.5,,2.05,0.48780487804878053,,-0.0244,-2.44,-2.439,OK,v9_clv_records,
a8544fb1bffd1f75,,sot,Pavel Šulc,over,2026-08-19T06:42:08.376393+00:00,1.74,0.5747126436781609,,1.76,0.5681818181818182,,-0.0114,-1.14,-1.1364,OK,v9_clv_records,
fbd090b35d5ab77b,,sot,Jonathan Clauss,over,2026-08-19T06:42:08.377804+00:00,3.3,0.30303030303030304,,3.25,0.3076923076923077,,0.0154,1.54,1.5385,OK,v9_clv_records,
fbd090b35d5ab77b,,sot,Panos Katseris,over,2026-08-19T06:42:08.378972+00:00,2.65,0.37735849056603776,,2.65,0.37735849056603776,,0.0,0.0,0.0,CLOSE_EQUALS_ENTRY,v9_clv_records,
da15eb75bc2e9e33,,sot,Jonathan Ikoné,over,2026-08-19T06:42:08.380698+00:00,1.8,0.5555555555555556,,1.71,0.5847953216374269,,0.0526,5.26,5.2632,OK,v9_clv_records,
fbd090b35d5ab77b,,sot,Morgan Sanson,over,2026-08-19T06:42:08.382079+00:00,2.3,0.4347826086956522,,2.3,0.4347826086956522,,0.0,0.0,0.0,CLOSE_EQUALS_ENTRY,v9_clv_records,
fbd090b35d5ab77b,,sot,Noah Cadiou,over,2026-08-19T06:42:08.383210+00:00,3.1,0.3225806451612903,,3.3,0.30303030303030304,,-0.0606,-6.06,-6.0606,OK,v9_clv_records,
131481d2c69202b2,,sot,Matthieu Udol,over,2026-08-19T06:42:08.384849+00:00,2.55,0.3921568627450981,,2.45,0.4081632653061224,,0.0408,4.08,4.0816,OK,v9_clv_records,
fbd090b35d5ab77b,,sot,Arsène Kouassi,over,2026-08-19T06:42:08.386068+00:00,4.0,0.25,,4.3,0.23255813953488372,,-0.0698,-6.98,-6.9767,OK,v9_clv_records,
131481d2c69202b2,,sot,Kévin Danois,over,2026-08-19T06:42:08.388975+00:00,3.8,0.2631578947368421,,4.0,0.25,,-0.05,-5.0,-5.0,OK,v9_clv_records,
a8544fb1bffd1f75,,sot,Tyler Morton,over,2026-08-19T06:42:08.390379+00:00,3.7,0.27027027027027023,,3.75,0.26666666666666666,,-0.0133,-1.33,-1.3333,OK,v9_clv_records,
fbd090b35d5ab77b,,sot,Youssouf Ndayishimiye,over,2026-08-19T06:42:08.391648+00:00,4.3,0.23255813953488372,,4.2,0.23809523809523808,,0.0238,2.38,2.381,OK,v9_clv_records,
fbd090b35d5ab77b,,sot,Melvin Bard,over,2026-08-19T06:42:08.392885+00:00,3.55,0.28169014084507044,,3.5,0.2857142857142857,,0.0143,1.43,1.4286,OK,v9_clv_records,
1c30bcfdbcf38325,,sot,Ismaïla Sarr,over,2026-08-19T12:44:08.553699+00:00,1.74,0.5747126436781609,,1.74,0.5747126436781609,,0.0,0.0,0.0,CLOSE_EQUALS_ENTRY,v9_clv_records,
b82e04db70ea34e1,,sot,Chris Wood,over,2026-08-19T12:44:08.555384+00:00,1.43,0.6993006993006994,,1.41,0.7092198581560284,,0.0142,1.42,1.4184,OK,v9_clv_records,
c01ed155192b3c59,,sot,Benjamin Šeško,over,2026-08-19T12:44:08.557522+00:00,1.18,0.8474576271186441,,1.18,0.8474576271186441,,0.0,0.0,0.0,CLOSE_EQUALS_ENTRY,v9_clv_records,
c01ed155192b3c59,,sot,Bryan Mbeumo,over,2026-08-19T12:44:08.558976+00:00,1.32,0.7575757575757576,,1.32,0.7575757575757576,,0.0,0.0,0.0,CLOSE_EQUALS_ENTRY,v9_clv_records,
b82e04db70ea34e1,,sot,Dan Ndoye,over,2026-08-19T12:44:08.560858+00:00,1.6,0.625,,1.85,0.5405405405405405,,-0.1351,-13.51,-13.5135,OK,v9_clv_records,
1c30bcfdbcf38325,,sot,Kiernan Dewsbury-Hall,over,2026-08-19T12:44:08.563560+00:00,1.83,0.5464480874316939,,1.86,0.5376344086021505,,-0.0161,-1.61,-1.6129,OK,v9_clv_records,
1c30bcfdbcf38325,,sot,Dwight McNeil,over,2026-08-19T12:44:08.566366+00:00,1.95,0.5128205128205129,,2.4,0.4166666666666667,,-0.1875,-18.75,-18.75,OK,v9_clv_records,
b82e04db70ea34e1,,sot,Callum Hudson-Odoi,over,2026-08-19T12:44:08.568346+00:00,1.74,0.5747126436781609,,1.57,0.6369426751592356,,0.1083,10.83,10.828,OK,v9_clv_records,
df76fcaf84d93182,,sot,Granit Xhaka,over,2026-08-19T12:44:08.569879+00:00,2.7,0.37037037037037035,,2.88,0.3472222222222222,,-0.0625,-6.25,-6.25,OK,v9_clv_records,
1c30bcfdbcf38325,,sot,James Garner,over,2026-08-19T12:44:08.571300+00:00,2.5,0.4,,2.5,0.4,,0.0,0.0,0.0,CLOSE_EQUALS_ENTRY,v9_clv_records,
df76fcaf84d93182,,sot,Enzo Le Fée,over,2026-08-19T12:44:08.572872+00:00,1.86,0.5376344086021505,,1.75,0.5714285714285714,,0.0629,6.29,6.2857,OK,v9_clv_records,
c01ed155192b3c59,,sot,Matt Crooks,over,2026-08-19T12:44:08.574759+00:00,2.7,0.37037037037037035,,3.1,0.3225806451612903,,-0.129,-12.9,-12.9032,OK,v9_clv_records,
1c30bcfdbcf38325,,cards,Daniel Muñoz,over,2026-08-19T12:44:08.576613+00:00,3.0,0.3333333333333333,,3.0,0.3333333333333333,,0.0,0.0,0.0,CLOSE_EQUALS_ENTRY,v9_clv_records,
1c30bcfdbcf38325,,sot,Merlin Röhl,over,2026-08-19T12:44:08.578227+00:00,1.9,0.5263157894736842,,2.45,0.4081632653061224,,-0.2245,-22.45,-22.449,OK,v9_clv_records,
b82e04db70ea34e1,,sot,Neco Williams,over,2026-08-19T12:44:08.580777+00:00,2.9,0.3448275862068966,,2.6,0.3846153846153846,,0.1154,11.54,11.5385,OK,v9_clv_records,
df76fcaf84d93182,,sot,Darnell Furlong,over,2026-08-19T12:44:08.582459+00:00,5.75,0.17391304347826086,,6.0,0.16666666666666666,,-0.0417,-4.17,-4.1667,OK,v9_clv_records,
1c30bcfdbcf38325,,sot,Justin Devenny,over,2026-08-19T12:44:08.583999+00:00,1.86,0.5376344086021505,,2.45,0.4081632653061224,,-0.2408,-24.08,-24.0816,OK,v9_clv_records,
df76fcaf84d93182,,sot,Dara O'Shea,over,2026-08-19T12:44:08.585486+00:00,3.1,0.3225806451612903,,5.8,0.1724137931034483,,-0.4655,-46.55,,CLV_IMPLAUSIBLE,v9_clv_records,
b82e04db70ea34e1,,sot,Ethan Ampadu,over,2026-08-19T12:44:08.586927+00:00,5.0,0.2,,4.33,0.23094688221709006,,0.1547,15.47,15.4734,OK,v9_clv_records,
1c30bcfdbcf38325,,sot,Daichi Kamada,over,2026-08-19T12:44:08.589039+00:00,3.1,0.3225806451612903,,3.1,0.3225806451612903,,0.0,0.0,0.0,CLOSE_EQUALS_ENTRY,v9_clv_records,
1c30bcfdbcf38325,,cards,Chris Richards,over,2026-08-19T12:44:08.590732+00:00,4.8,0.20833333333333334,,4.8,0.20833333333333334,,0.0,0.0,0.0,CLOSE_EQUALS_ENTRY,v9_clv_records,
df76fcaf84d93182,,sot,Trai Hume,over,2026-08-19T12:44:08.592323+00:00,3.5,0.2857142857142857,,3.9,0.25641025641025644,,-0.1026,-10.26,-10.2564,OK,v9_clv_records,
1c30bcfdbcf38325,,sot,Michael Keane,over,2026-08-19T12:44:08.594083+00:00,4.4,0.22727272727272727,,4.5,0.2222222222222222,,-0.0222,-2.22,-2.2222,OK,v9_clv_records,
c01ed155192b3c59,,cards,Bruno Fernandes,over,2026-08-19T12:44:08.595779+00:00,4.2,0.23809523809523808,,5.9,0.1694915254237288,,-0.2881,-28.81,,CLV_IMPLAUSIBLE,v9_clv_records,
1c30bcfdbcf38325,,sot,Jefferson Lerma,over,2026-08-19T12:44:08.597486+00:00,3.8,0.2631578947368421,,3.8,0.2631578947368421,,0.0,0.0,0.0,CLOSE_EQUALS_ENTRY,v9_clv_records,
df76fcaf84d93182,,sot,Azor Matusiwa,over,2026-08-19T12:44:08.599177+00:00,3.9,0.25641025641025644,,4.0,0.25,,-0.025,-2.5,-2.5,OK,v9_clv_records,
df76fcaf84d93182,,sot,Jacob Greaves,over,2026-08-19T12:44:08.601375+00:00,6.0,0.16666666666666666,,4.5,0.2222222222222222,,0.3333,33.33,,CLV_IMPLAUSIBLE,v9_clv_records,
c01ed155192b3c59,,sot,Regan Slater,over,2026-08-19T12:44:08.602877+00:00,4.4,0.22727272727272727,,4.4,0.22727272727272727,,0.0,0.0,0.0,CLOSE_EQUALS_ENTRY,v9_clv_records,
dfc98c9085cbc0fb,,sot,Ademola Lookman,over,2026-08-19T18:36:19.826009+00:00,1.37,0.7299270072992701,,1.2,0.8333333333333334,,0.1417,14.17,14.1667,OK,v9_clv_records,
dfc98c9085cbc0fb,,goals,Ademola Lookman,over,2026-08-19T18:36:19.834141+00:00,2.6,0.3846153846153846,,2.38,0.42016806722689076,,0.0924,9.24,9.2437,OK,v9_clv_records,
9c5144070d360a75,,sot,Kylian Mbappé,over,2026-08-19T19:27:45.567532+00:00,1.11,0.9009009009009008,,1.07,0.9345794392523364,,0.0374,3.74,3.7383,OK,v9_clv_records,
9c5144070d360a75,,sot,Vinícius Júnior,over,2026-08-19T19:27:45.569328+00:00,1.16,0.8620689655172414,,1.18,0.8474576271186441,,-0.0169,-1.69,-1.6949,OK,v9_clv_records,
9c5144070d360a75,,goals,Kylian Mbappé,over,2026-08-19T19:27:45.571074+00:00,1.67,0.5988023952095809,,2.27,0.44052863436123346,,-0.2643,-26.43,,CLV_IMPLAUSIBLE,v9_clv_records,
9c5144070d360a75,,sot2,Kylian Mbappé,over,2026-08-19T19:27:45.572879+00:00,1.55,0.6451612903225806,,1.4,0.7142857142857143,,0.1071,10.71,10.7143,OK,v9_clv_records,
9c5144070d360a75,,sot,Jude Bellingham,over,2026-08-19T19:27:45.575285+00:00,1.39,0.7194244604316548,,1.4,0.7142857142857143,,-0.0071,-0.71,-0.7143,OK,v9_clv_records,
9c5144070d360a75,,sot,Arda Güler,over,2026-08-19T19:27:45.578414+00:00,1.33,0.7518796992481203,,1.5,0.6666666666666666,,-0.1133,-11.33,-11.3333,OK,v9_clv_records,
9c5144070d360a75,,goals,Vinícius Júnior,over,2026-08-19T19:27:45.582125+00:00,2.75,0.36363636363636365,,2.72,0.3676470588235294,,0.011,1.1,1.1029,OK,v9_clv_records,
9c5144070d360a75,,sot,Federico Valverde,over,2026-08-19T19:27:45.584311+00:00,1.46,0.684931506849315,,1.73,0.5780346820809249,,-0.1561,-15.61,-15.6069,OK,v9_clv_records,
9c5144070d360a75,,sot2,Vinícius Júnior,over,2026-08-19T19:27:45.586997+00:00,1.76,0.5681818181818182,,1.67,0.5988023952095809,,0.0539,5.39,5.3892,OK,v9_clv_records,
9c5144070d360a75,,goals,Jude Bellingham,over,2026-08-19T19:27:45.589257+00:00,4.0,0.25,,4.6,0.2173913043478261,,-0.1304,-13.04,-13.0435,OK,v9_clv_records,
9c5144070d360a75,,sot,Tyrhys Dolan,over,2026-08-19T19:27:45.591949+00:00,2.25,0.4444444444444444,,2.15,0.46511627906976744,,0.0465,4.65,4.6512,OK,v9_clv_records,
9c5144070d360a75,,sot,Brahim Díaz,over,2026-08-19T19:27:45.595910+00:00,1.44,0.6944444444444444,,1.73,0.5780346820809249,,-0.1676,-16.76,-16.763,OK,v9_clv_records,
9c5144070d360a75,,goals,Arda Güler,over,2026-08-19T19:27:45.598962+00:00,5.0,0.2,,6.8,0.14705882352941177,,-0.2647,-26.47,,CLV_IMPLAUSIBLE,v9_clv_records,
9c5144070d360a75,,sot,Leandro Cabrera,over,2026-08-19T19:27:45.605088+00:00,4.0,0.25,,3.75,0.26666666666666666,,0.0667,6.67,6.6667,OK,v9_clv_records,
e0ce14f7650df5f1,,goals,Gorka Guruzeta,over,2026-08-20T01:05:42.136591+00:00,2.63,0.3802281368821293,,2.82,0.3546099290780142,,-0.0674,-6.74,-6.7376,OK,v9_clv_records,
e0ce14f7650df5f1,,sot,Gorka Guruzeta,over,2026-08-20T12:45:08.343280+00:00,1.36,0.7352941176470588,,1.35,0.7407407407407407,,0.0074,0.74,0.7407,OK,v9_clv_records,
e0ce14f7650df5f1,,sot,Iñaki Williams,over,2026-08-20T12:45:08.346429+00:00,1.57,0.6369426751592356,,1.55,0.6451612903225806,,0.0129,1.29,1.2903,OK,v9_clv_records,
e0ce14f7650df5f1,,sot,Robert Navarro,over,2026-08-20T12:45:08.351666+00:00,1.62,0.6172839506172839,,1.76,0.5681818181818182,,-0.0795,-7.95,-7.9545,OK,v9_clv_records,
b82e04db70ea34e1,,cards,Ao Tanaka,over,2026-08-20T12:45:08.355856+00:00,6.0,0.16666666666666666,,6.0,0.16666666666666666,,0.0,0.0,0.0,CLOSE_EQUALS_ENTRY,v9_clv_records,
e0ce14f7650df5f1,,sot,Yuri Berchiche,over,2026-08-20T12:45:08.360939+00:00,3.6,0.2777777777777778,,3.75,0.26666666666666666,,-0.04,-4.0,-4.0,OK,v9_clv_records,
b82e04db70ea34e1,,cards,Ethan Ampadu,over,2026-08-20T12:45:08.362796+00:00,3.25,0.3076923076923077,,3.8,0.2631578947368421,,-0.1447,-14.47,-14.4737,OK,v9_clv_records,
df76fcaf84d93182,,cards,Nordi Mukiele,over,2026-08-20T12:45:08.366764+00:00,4.75,0.21052631578947367,,5.0,0.2,,-0.05,-5.0,-5.0,OK,v9_clv_records,
df76fcaf84d93182,,cards,Reinildo Mandava,over,2026-08-20T12:45:08.368782+00:00,3.4,0.29411764705882354,,3.95,0.2531645569620253,,-0.1392,-13.92,-13.9241,OK,v9_clv_records,
b82e04db70ea34e1,,cards,Gabriel Gudmundsson,over,2026-08-20T12:45:08.370788+00:00,5.5,0.18181818181818182,,1.01,0.9900990099009901,,4.4455,444.55,,CLV_IMPLAUSIBLE,v9_clv_records,
b82e04db70ea34e1,,cards,Dan Ndoye,over,2026-08-20T12:45:08.373283+00:00,4.8,0.20833333333333334,,5.5,0.18181818181818182,,-0.1273,-12.73,-12.7273,OK,v9_clv_records,
df76fcaf84d93182,,cards,Granit Xhaka,over,2026-08-20T12:45:08.375802+00:00,3.6,0.2777777777777778,,5.0,0.2,,-0.28,-28.0,,CLV_IMPLAUSIBLE,v9_clv_records,
32caaca7d50cbf82,,sot,Luis Rioja,over,2026-08-20T15:36:44.663961+00:00,2.0,0.5,,1.86,0.5376344086021505,,0.0753,7.53,7.5269,OK,v9_clv_records,
e0ce14f7650df5f1,,cards,Arouna Sangante,over,2026-08-20T15:36:44.669750+00:00,3.25,0.3076923076923077,,3.25,0.3076923076923077,,0.0,0.0,0.0,CLOSE_EQUALS_ENTRY,v9_clv_records,
32caaca7d50cbf82,,cards,Yoel Lago,over,2026-08-20T15:36:44.672057+00:00,3.4,0.29411764705882354,,4.0,0.25,,-0.15,-15.0,-15.0,OK,v9_clv_records,
fae4cb17f8cb5292,2026-08-23,sot,Julián Alvarez,over,2026-08-20T19:33:18.495858+00:00,1.45,0.6896551724137931,2026-08-23 07:02:38+00:00,1.45,0.6896551724137931,-422.6,,,0.0,CLOSE_NOT_PROVEN_PRE_KICKOFF,player_props_last_prekickoff,
fae4cb17f8cb5292,2026-08-23,sot,Georges Mikautadze,over,2026-08-20T19:33:18.499338+00:00,1.64,0.6097560975609756,2026-08-23 07:02:38+00:00,1.64,0.6097560975609756,-422.6,,,0.0,CLOSE_NOT_PROVEN_PRE_KICKOFF,player_props_last_prekickoff,
fae4cb17f8cb5292,2026-08-23,sot,Nicolas Pépé,over,2026-08-20T19:33:18.503143+00:00,2.0,0.5,2026-08-23 07:02:38+00:00,2.0,0.5,-422.6,,,0.0,CLOSE_NOT_PROVEN_PRE_KICKOFF,player_props_last_prekickoff,
fae4cb17f8cb5292,2026-08-23,sot,Giuliano Simeone,over,2026-08-20T19:33:18.506130+00:00,1.9,0.5263157894736842,2026-08-23 07:02:38+00:00,1.9,0.5263157894736842,-422.6,,,0.0,CLOSE_NOT_PROVEN_PRE_KICKOFF,player_props_last_prekickoff,
fae4cb17f8cb5292,2026-08-23,goals,Julián Alvarez,over,2026-08-20T19:33:18.514144+00:00,2.88,0.3472222222222222,2026-08-23 07:02:38+00:00,2.88,0.3472222222222222,-422.6,,,0.0,CLOSE_NOT_PROVEN_PRE_KICKOFF,player_props_last_prekickoff,
fae4cb17f8cb5292,2026-08-23,sot,Marcos Llorente,over,2026-08-20T19:33:18.517462+00:00,4.1,0.24390243902439027,2026-08-23 07:02:38+00:00,4.1,0.24390243902439027,-422.6,,,0.0,CLOSE_NOT_PROVEN_PRE_KICKOFF,player_props_last_prekickoff,
2f320f59a0339941,,cards,Guéla Doué,over,2026-08-20T21:29:55.204706+00:00,1.01,0.9900990099009901,,3.85,0.2597402597402597,,-0.7377,-73.77,,CLV_IMPLAUSIBLE,v9_clv_records,
1c30bcfdbcf38325,,sot,Brennan Johnson,over,2026-08-21T10:30:27.670299+00:00,1.74,0.5747126436781609,,1.76,0.5681818181818182,,-0.0114,-1.14,-1.1364,OK,v9_clv_records,
1c30bcfdbcf38325,,cards,Chadi Riad,over,2026-08-21T10:30:27.677313+00:00,4.75,0.21052631578947367,,4.75,0.21052631578947367,,0.0,0.0,0.0,CLOSE_EQUALS_ENTRY,v9_clv_records,
9bb885fe41e5f679,,cards,Marcus Thuram,over,2026-08-21T12:43:39.196196+00:00,7.5,0.13333333333333333,,10.0,0.1,,-0.25,-25.0,-25.0,OK,v9_clv_records,
11a6307d91d1c2fd,,cards,Amir Rrahmani,over,2026-08-21T12:43:39.198557+00:00,4.75,0.21052631578947367,,5.4,0.18518518518518517,,-0.1204,-12.04,-12.037,OK,v9_clv_records,
b500ab2a437c9552,,sot,Dango Ouattara,over,2026-08-21T19:28:17.692823+00:00,1.7,0.5882352941176471,,1.7,0.5882352941176471,,0.0,0.0,0.0,CLOSE_EQUALS_ENTRY,v9_clv_records,
58644152b7ed325b,,sot,Ludovic Ajorque,over,2026-08-21T19:28:17.694567+00:00,1.55,0.6451612903225806,,1.55,0.6451612903225806,,0.0,0.0,0.0,CLOSE_EQUALS_ENTRY,v9_clv_records,
b2187585a1925e25,2026-08-23,sot,Martín Satriano,over,2026-08-21T19:28:17.696683+00:00,1.51,0.6622516556291391,2026-08-23 07:02:38+00:00,1.51,0.6622516556291391,-422.6,,,0.0,CLOSE_NOT_PROVEN_PRE_KICKOFF,player_props_last_prekickoff,
b500ab2a437c9552,,sot,Dominic Solanke,over,2026-08-21T19:28:17.698423+00:00,1.54,0.6493506493506493,,1.4,0.7142857142857143,,0.1,10.0,10.0,OK,v9_clv_records,
b500ab2a437c9552,,sot,Kevin Schade,over,2026-08-21T19:28:17.700389+00:00,1.74,0.5747126436781609,,1.66,0.6024096385542169,,0.0482,4.82,4.8193,OK,v9_clv_records,
131481d2c69202b2,,sot,Mamadou Sangare,over,2026-08-21T19:28:17.702394+00:00,2.6,0.3846153846153846,,2.2,0.45454545454545453,,0.1818,18.18,18.1818,OK,v9_clv_records,
b500ab2a437c9552,,sot,Mathys Tel,over,2026-08-21T19:28:17.704155+00:00,1.86,0.5376344086021505,,1.83,0.5464480874316939,,0.0164,1.64,1.6393,OK,v9_clv_records,
b500ab2a437c9552,,sot,Mohammed Kudus,over,2026-08-21T19:28:17.706017+00:00,1.74,0.5747126436781609,,1.73,0.5780346820809249,,0.0058,0.58,0.578,OK,v9_clv_records,
58644152b7ed325b,,sot,Romain Del Castillo,over,2026-08-21T19:28:17.707710+00:00,1.8,0.5555555555555556,,1.8,0.5555555555555556,,0.0,0.0,0.0,CLOSE_EQUALS_ENTRY,v9_clv_records,
58644152b7ed325b,,sot,Kamory Doumbia,over,2026-08-21T19:28:17.709312+00:00,1.71,0.5847953216374269,,1.71,0.5847953216374269,,0.0,0.0,0.0,CLOSE_EQUALS_ENTRY,v9_clv_records,
b500ab2a437c9552,,sot,Conor Gallagher,over,2026-08-21T19:28:17.712300+00:00,2.88,0.3472222222222222,,2.88,0.3472222222222222,,0.0,0.0,0.0,CLOSE_EQUALS_ENTRY,v9_clv_records,
b500ab2a437c9552,,sot,Mikkel Damsgaard,over,2026-08-21T19:28:17.714164+00:00,2.1,0.47619047619047616,,2.0,0.5,,0.05,5.0,5.0,OK,v9_clv_records,
58644152b7ed325b,,sot,Lucas Tousart,over,2026-08-21T19:28:17.716143+00:00,2.7,0.37037037037037035,,2.7,0.37037037037037035,,0.0,0.0,0.0,CLOSE_EQUALS_ENTRY,v9_clv_records,
b500ab2a437c9552,,sot,Pedro Porro,over,2026-08-21T19:28:17.717883+00:00,2.88,0.3472222222222222,,2.88,0.3472222222222222,,0.0,0.0,0.0,CLOSE_EQUALS_ENTRY,v9_clv_records,
b500ab2a437c9552,,sot,Mathias Jensen,over,2026-08-21T19:28:17.720009+00:00,2.62,0.38167938931297707,,2.62,0.38167938931297707,,0.0,0.0,0.0,CLOSE_EQUALS_ENTRY,v9_clv_records,
b500ab2a437c9552,,sot,Keane Lewis-Potter,over,2026-08-21T19:28:17.721832+00:00,1.95,0.5128205128205129,,1.95,0.5128205128205129,,0.0,0.0,0.0,CLOSE_EQUALS_ENTRY,v9_clv_records,
b500ab2a437c9552,,sot,Nathan Collins,over,2026-08-21T19:28:17.723599+00:00,4.4,0.22727272727272727,,3.9,0.25641025641025644,,0.1282,12.82,12.8205,OK,v9_clv_records,
58644152b7ed325b,,goals,Ludovic Ajorque,over,2026-08-21T19:28:17.725277+00:00,3.55,0.28169014084507044,,3.7,0.27027027027027023,,-0.0405,-4.05,-4.0541,OK,v9_clv_records,
b500ab2a437c9552,,sot,Vitaly Janelt,over,2026-08-21T19:28:17.728427+00:00,3.6,0.2777777777777778,,3.6,0.2777777777777778,,0.0,0.0,0.0,CLOSE_EQUALS_ENTRY,v9_clv_records,
b500ab2a437c9552,,sot,Yehor Yarmoliuk,over,2026-08-21T19:28:17.730589+00:00,3.8,0.2631578947368421,,3.8,0.2631578947368421,,0.0,0.0,0.0,CLOSE_EQUALS_ENTRY,v9_clv_records,
b2187585a1925e25,2026-08-23,sot,Sergio Canales,over,2026-08-21T19:28:17.732262+00:00,1.62,0.6172839506172839,2026-08-23 07:02:38+00:00,1.62,0.6172839506172839,-422.6,,,0.0,CLOSE_NOT_PROVEN_PRE_KICKOFF,player_props_last_prekickoff,
4b422a036ac74789,,cards,Alessandro Circati,over,2026-08-21T21:26:30.556807+00:00,1.01,0.9900990099009901,,5.0,0.2,,-0.798,-79.8,,CLV_IMPLAUSIBLE,v9_clv_records,
58644152b7ed325b,,cards,Ludovic Ajorque,over,2026-08-21T22:26:06.176220+00:00,1.01,0.9900990099009901,,6.0,0.16666666666666666,,-0.8317,-83.17,,CLV_IMPLAUSIBLE,v9_clv_records,
131481d2c69202b2,,cards,Kévin Danois,over,2026-08-21T23:51:27.782354+00:00,1.01,0.9900990099009901,,4.3,0.23255813953488372,,-0.7651,-76.51,,CLV_IMPLAUSIBLE,v9_clv_records,
131481d2c69202b2,,cards,Elisha Owusu,over,2026-08-21T23:51:27.784893+00:00,1.01,0.9900990099009901,,3.25,0.3076923076923077,,-0.6892,-68.92,,CLV_IMPLAUSIBLE,v9_clv_records,
131481d2c69202b2,,cards,Sinaly Diomandé,over,2026-08-21T23:51:27.787370+00:00,1.01,0.9900990099009901,,2.6,0.3846153846153846,,-0.6115,-61.15,,CLV_IMPLAUSIBLE,v9_clv_records,
131481d2c69202b2,,cards,Danny Namaso,over,2026-08-21T23:51:27.791309+00:00,1.01,0.9900990099009901,,4.0,0.25,,-0.7475,-74.75,,CLV_IMPLAUSIBLE,v9_clv_records,
9a9030182c7dae63,2026-08-26,sot,Corentin Tolisso,over,2026-08-22T01:04:26.340434+00:00,1.74,0.5747126436781609,2026-08-23 07:02:38+00:00,1.74,0.5747126436781609,3897.4,,,0.0,CLOSE_NOT_PROVEN_PRE_KICKOFF,player_props_last_prekickoff,
9a9030182c7dae63,2026-08-26,sot,Pavel Šulc,over,2026-08-22T01:04:26.342517+00:00,1.74,0.5747126436781609,2026-08-23 07:02:38+00:00,1.74,0.5747126436781609,3897.4,,,0.0,CLOSE_NOT_PROVEN_PRE_KICKOFF,player_props_last_prekickoff,
9a9030182c7dae63,2026-08-26,sot,Tyler Morton,over,2026-08-22T01:04:26.345824+00:00,3.7,0.27027027027027023,2026-08-23 07:02:38+00:00,3.7,0.27027027027027023,3897.4,,,0.0,CLOSE_NOT_PROVEN_PRE_KICKOFF,player_props_last_prekickoff,
9a9030182c7dae63,2026-08-26,sot,Khalis Merah,over,2026-08-22T01:04:26.349513+00:00,2.1,0.47619047619047616,2026-08-23 07:02:38+00:00,2.1,0.47619047619047616,3897.4,,,0.0,CLOSE_NOT_PROVEN_PRE_KICKOFF,player_props_last_prekickoff,
9a9030182c7dae63,2026-08-26,goals,Pavel Šulc,over,2026-08-22T01:04:26.351483+00:00,4.9,0.2040816326530612,2026-08-23 07:02:38+00:00,4.9,0.2040816326530612,3897.4,,,0.0,CLOSE_NOT_PROVEN_PRE_KICKOFF,player_props_last_prekickoff,
9a9030182c7dae63,2026-08-26,sot,Moussa Niakhaté,over,2026-08-22T01:04:26.353576+00:00,5.25,0.19047619047619047,2026-08-23 07:02:38+00:00,5.25,0.19047619047619047,3897.4,,,0.0,CLOSE_NOT_PROVEN_PRE_KICKOFF,player_props_last_prekickoff,
fae4cb17f8cb5292,2026-08-23,goals,Georges Mikautadze,over,2026-08-22T04:35:27.280350+00:00,4.0,0.25,2026-08-23 07:02:38+00:00,4.0,0.25,-422.6,,,0.0,CLOSE_NOT_PROVEN_PRE_KICKOFF,player_props_last_prekickoff,
b82e04db70ea34e1,,sot,Ao Tanaka,over,2026-08-22T04:35:27.282946+00:00,3.25,0.3076923076923077,,3.1,0.3225806451612903,,0.0484,4.84,4.8387,OK,v9_clv_records,
b500ab2a437c9552,,sot,Rodrigo Bentancur,over,2026-08-22T04:35:27.286332+00:00,3.8,0.2631578947368421,,3.65,0.273972602739726,,0.0411,4.11,4.1096,OK,v9_clv_records,
fae4cb17f8cb5292,,cards,Santiago Mouriño,over,2026-08-22T09:27:47.199881+00:00,2.8,0.35714285714285715,,,,,,,,NO_CLOSE,,
c01ed155192b3c59,,sot,Matheus Cunha,over,2026-08-22T11:24:24.710372+00:00,1.23,0.8130081300813008,,1.23,0.8130081300813008,,0.0,0.0,0.0,CLOSE_EQUALS_ENTRY,v9_clv_records,
c01ed155192b3c59,,sot,Patrick Dorgu,over,2026-08-22T11:24:24.718575+00:00,1.68,0.5952380952380952,,1.68,0.5952380952380952,,0.0,0.0,0.0,CLOSE_EQUALS_ENTRY,v9_clv_records,
c01ed155192b3c59,,goals,Matheus Cunha,over,2026-08-22T11:24:24.721991+00:00,2.6,0.3846153846153846,,2.74,0.36496350364963503,,-0.0511,-5.11,-5.1095,OK,v9_clv_records,
e6f28f4a391db485,2026-08-29,cards,Jenson Seelt,over,2026-08-22T11:24:24.728053+00:00,4.75,0.21052631578947367,2026-08-23 07:02:38+00:00,4.75,0.21052631578947367,8217.4,,,0.0,CLOSE_NOT_PROVEN_PRE_KICKOFF,player_props_last_prekickoff,
6261925f7215e8b3,2026-08-23,sot,Omar Marmoush,over,2026-08-22T12:37:47.581485+00:00,1.29,0.7751937984496123,2026-08-23 07:02:38+00:00,1.29,0.7751937984496123,-422.6,,,0.0,CLOSE_NOT_PROVEN_PRE_KICKOFF,player_props_last_prekickoff,
6261925f7215e8b3,2026-08-23,sot,Antoine Semenyo,over,2026-08-22T12:37:47.584964+00:00,1.47,0.6802721088435374,2026-08-23 07:02:38+00:00,1.47,0.6802721088435374,-422.6,,,0.0,CLOSE_NOT_PROVEN_PRE_KICKOFF,player_props_last_prekickoff,
6261925f7215e8b3,2026-08-23,sot,Marcus Tavernier,over,2026-08-22T12:37:47.590091+00:00,2.25,0.4444444444444444,2026-08-23 07:02:38+00:00,2.25,0.4444444444444444,-422.6,,,0.0,CLOSE_NOT_PROVEN_PRE_KICKOFF,player_props_last_prekickoff,
1c30bcfdbcf38325,,sot,Jack Grealish,over,2026-08-22T12:37:47.593600+00:00,1.74,0.5747126436781609,,,,,,,,NO_CLOSE,,
49f5ee6fc2bf2535,2026-08-29,sot,Daniel Jebbison,over,2026-08-22T12:37:47.597093+00:00,1.66,0.6024096385542169,2026-08-23 07:02:38+00:00,1.66,0.6024096385542169,8217.4,,,0.0,CLOSE_NOT_PROVEN_PRE_KICKOFF,player_props_last_prekickoff,
634607749350589a,,sot,Hayden Hackney,over,2026-08-22T12:37:47.599899+00:00,2.5,0.4,,2.5,0.4,,0.0,0.0,0.0,CLOSE_EQUALS_ENTRY,v9_clv_records,
6261925f7215e8b3,2026-08-23,goals,Omar Marmoush,over,2026-08-22T12:37:47.605465+00:00,2.45,0.4081632653061224,2026-08-23 07:02:38+00:00,2.45,0.4081632653061224,-422.6,,,0.0,CLOSE_NOT_PROVEN_PRE_KICKOFF,player_props_last_prekickoff,
6261925f7215e8b3,2026-08-23,cards,Tyler Adams,over,2026-08-22T12:37:47.608821+00:00,3.15,0.31746031746031744,2026-08-23 07:02:38+00:00,3.15,0.31746031746031744,-422.6,,,0.0,CLOSE_NOT_PROVEN_PRE_KICKOFF,player_props_last_prekickoff,
b82e04db70ea34e1,,sot,Elliot Anderson,over,2026-08-22T12:37:47.611328+00:00,2.7,0.37037037037037035,,,,,,,,NO_CLOSE,,
6261925f7215e8b3,2026-08-23,sot,Alex Scott,over,2026-08-22T12:37:47.616955+00:00,2.9,0.3448275862068966,2026-08-23 07:02:38+00:00,2.9,0.3448275862068966,-422.6,,,0.0,CLOSE_NOT_PROVEN_PRE_KICKOFF,player_props_last_prekickoff,
456e677670bbec47,2026-08-23,sot,Yoane Wissa,over,2026-08-22T14:21:40.371185+00:00,1.57,0.6369426751592356,2026-08-23 07:02:38+00:00,1.57,0.6369426751592356,-422.6,,,0.0,CLOSE_NOT_PROVEN_PRE_KICKOFF,player_props_last_prekickoff,
456e677670bbec47,2026-08-23,sot,Cody Gakpo,over,2026-08-22T14:21:40.374015+00:00,1.5,0.6666666666666666,2026-08-23 07:02:38+00:00,1.5,0.6666666666666666,-422.6,,,0.0,CLOSE_NOT_PROVEN_PRE_KICKOFF,player_props_last_prekickoff,
71a8a97b8b99ecca,2026-08-24,sot,Cole Palmer,over,2026-08-22T14:21:40.376643+00:00,1.39,0.7194244604316548,2026-08-23 07:02:38+00:00,1.39,0.7194244604316548,1017.4,,,0.0,CLOSE_NOT_PROVEN_PRE_KICKOFF,player_props_last_prekickoff,
456e677670bbec47,2026-08-23,sot,Alexander Isak,over,2026-08-22T14:21:40.379461+00:00,1.37,0.7299270072992701,2026-08-23 07:02:38+00:00,1.37,0.7299270072992701,-422.6,,,0.0,CLOSE_NOT_PROVEN_PRE_KICKOFF,player_props_last_prekickoff,
456e677670bbec47,2026-08-23,sot,Florian Wirtz,over,2026-08-22T14:21:40.382675+00:00,1.9,0.5263157894736842,2026-08-23 07:02:38+00:00,1.9,0.5263157894736842,-422.6,,,0.0,CLOSE_NOT_PROVEN_PRE_KICKOFF,player_props_last_prekickoff,
456e677670bbec47,2026-08-23,sot,William Osula,over,2026-08-22T14:21:40.385275+00:00,1.48,0.6756756756756757,2026-08-23 07:02:38+00:00,1.48,0.6756756756756757,-422.6,,,0.0,CLOSE_NOT_PROVEN_PRE_KICKOFF,player_props_last_prekickoff,
456e677670bbec47,2026-08-23,goals,Yoane Wissa,over,2026-08-22T14:21:40.388454+00:00,3.25,0.3076923076923077,2026-08-23 07:02:38+00:00,3.25,0.3076923076923077,-422.6,,,0.0,CLOSE_NOT_PROVEN_PRE_KICKOFF,player_props_last_prekickoff,
1eb91a9e4ddab2a4,2026-08-23,sot,Jack Hinshelwood,over,2026-08-22T14:21:40.390971+00:00,1.7,0.5882352941176471,2026-08-23 07:02:38+00:00,1.7,0.5882352941176471,-422.6,,,0.0,CLOSE_NOT_PROVEN_PRE_KICKOFF,player_props_last_prekickoff,
c0309ba35741f0c9,2026-08-23,sot,Jaidon Anthony,over,2026-08-22T14:21:40.393705+00:00,1.6,0.625,2026-08-23 07:02:38+00:00,1.6,0.625,-422.6,,,0.0,CLOSE_NOT_PROVEN_PRE_KICKOFF,player_props_last_prekickoff,
456e677670bbec47,2026-08-23,sot,Dominik Szoboszlai,over,2026-08-22T14:21:40.396267+00:00,1.86,0.5376344086021505,2026-08-23 07:02:38+00:00,1.86,0.5376344086021505,-422.6,,,0.0,CLOSE_NOT_PROVEN_PRE_KICKOFF,player_props_last_prekickoff,
1eb91a9e4ddab2a4,2026-08-23,sot,Yasin Ayari,over,2026-08-22T14:21:40.399017+00:00,2.3,0.4347826086956522,2026-08-23 07:02:38+00:00,2.3,0.4347826086956522,-422.6,,,0.0,CLOSE_NOT_PROVEN_PRE_KICKOFF,player_props_last_prekickoff,
71a8a97b8b99ecca,2026-08-24,sot,Enzo Fernández,over,2026-08-22T14:21:40.402102+00:00,1.86,0.5376344086021505,2026-08-23 07:02:38+00:00,1.86,0.5376344086021505,1017.4,,,0.0,CLOSE_NOT_PROVEN_PRE_KICKOFF,player_props_last_prekickoff,
456e677670bbec47,2026-08-23,sot,Alexis Mac Allister,over,2026-08-22T14:21:40.405504+00:00,2.4,0.4166666666666667,2026-08-23 07:02:38+00:00,2.4,0.4166666666666667,-422.6,,,0.0,CLOSE_NOT_PROVEN_PRE_KICKOFF,player_props_last_prekickoff,
1eb91a9e4ddab2a4,2026-08-23,sot,John McGinn,over,2026-08-22T14:21:40.408464+00:00,2.2,0.45454545454545453,2026-08-23 07:02:38+00:00,2.2,0.45454545454545453,-422.6,,,0.0,CLOSE_NOT_PROVEN_PRE_KICKOFF,player_props_last_prekickoff,
1eb91a9e4ddab2a4,2026-08-23,sot,Ross Barkley,over,2026-08-22T14:21:40.411602+00:00,2.05,0.48780487804878053,2026-08-23 07:02:38+00:00,2.05,0.48780487804878053,-422.6,,,0.0,CLOSE_NOT_PROVEN_PRE_KICKOFF,player_props_last_prekickoff,
456e677670bbec47,2026-08-23,sot2,Yoane Wissa,over,2026-08-22T14:21:40.414223+00:00,3.6,0.2777777777777778,2026-08-23 07:02:38+00:00,3.6,0.2777777777777778,-422.6,,,0.0,CLOSE_NOT_PROVEN_PRE_KICKOFF,player_props_last_prekickoff,
456e677670bbec47,2026-08-23,sot,Fabian Schär,over,2026-08-22T14:21:40.418393+00:00,3.3,0.30303030303030304,2026-08-23 07:02:38+00:00,3.3,0.30303030303030304,-422.6,,,0.0,CLOSE_NOT_PROVEN_PRE_KICKOFF,player_props_last_prekickoff,
71a8a97b8b99ecca,2026-08-24,goals,Cole Palmer,over,2026-08-22T14:21:40.421476+00:00,2.88,0.3472222222222222,2026-08-23 07:02:38+00:00,2.88,0.3472222222222222,1017.4,,,0.0,CLOSE_NOT_PROVEN_PRE_KICKOFF,player_props_last_prekickoff,
71a8a97b8b99ecca,2026-08-24,sot,Pedro Neto,over,2026-08-22T14:21:40.424314+00:00,1.9,0.5263157894736842,2026-08-23 07:02:38+00:00,1.9,0.5263157894736842,1017.4,,,0.0,CLOSE_NOT_PROVEN_PRE_KICKOFF,player_props_last_prekickoff,
456e677670bbec47,2026-08-23,goals,Cody Gakpo,over,2026-08-22T14:21:40.427183+00:00,3.25,0.3076923076923077,2026-08-23 07:02:38+00:00,3.25,0.3076923076923077,-422.6,,,0.0,CLOSE_NOT_PROVEN_PRE_KICKOFF,player_props_last_prekickoff,
456e677670bbec47,2026-08-23,sot,Lewis Hall,over,2026-08-22T14:21:40.430340+00:00,3.8,0.2631578947368421,2026-08-23 07:02:38+00:00,3.8,0.2631578947368421,-422.6,,,0.0,CLOSE_NOT_PROVEN_PRE_KICKOFF,player_props_last_prekickoff,
456e677670bbec47,2026-08-23,sot,Ryan Gravenberch,over,2026-08-22T14:21:40.433332+00:00,2.9,0.3448275862068966,2026-08-23 07:02:38+00:00,2.9,0.3448275862068966,-422.6,,,0.0,CLOSE_NOT_PROVEN_PRE_KICKOFF,player_props_last_prekickoff,
456e677670bbec47,2026-08-23,sot,Jacob Ramsey,over,2026-08-22T14:21:40.436213+00:00,2.6,0.3846153846153846,2026-08-23 07:02:38+00:00,2.6,0.3846153846153846,-422.6,,,0.0,CLOSE_NOT_PROVEN_PRE_KICKOFF,player_props_last_prekickoff,
1eb91a9e4ddab2a4,2026-08-23,sot,Maxim De Cuyper,over,2026-08-22T14:21:40.439178+00:00,2.55,0.3921568627450981,2026-08-23 07:02:38+00:00,2.55,0.3921568627450981,-422.6,,,0.0,CLOSE_NOT_PROVEN_PRE_KICKOFF,player_props_last_prekickoff,
456e677670bbec47,2026-08-23,sot,Virgil van Dijk,over,2026-08-22T14:21:40.442285+00:00,3.5,0.2857142857142857,2026-08-23 07:02:38+00:00,3.5,0.2857142857142857,-422.6,,,0.0,CLOSE_NOT_PROVEN_PRE_KICKOFF,player_props_last_prekickoff,
456e677670bbec47,2026-08-23,cards,Yoane Wissa,over,2026-08-22T14:21:40.444995+00:00,3.3,0.30303030303030304,2026-08-23 07:02:38+00:00,3.3,0.30303030303030304,-422.6,,,0.0,CLOSE_NOT_PROVEN_PRE_KICKOFF,player_props_last_prekickoff,
456e677670bbec47,2026-08-23,assists,Florian Wirtz,over,2026-08-22T14:21:40.447748+00:00,3.3,0.30303030303030304,2026-08-23 07:02:38+00:00,3.3,0.30303030303030304,-422.6,,,0.0,CLOSE_NOT_PROVEN_PRE_KICKOFF,player_props_last_prekickoff,
1eb91a9e4ddab2a4,2026-08-23,cards,John McGinn,over,2026-08-22T14:21:40.450798+00:00,5.8,0.1724137931034483,2026-08-23 07:02:38+00:00,5.8,0.1724137931034483,-422.6,,,0.0,CLOSE_NOT_PROVEN_PRE_KICKOFF,player_props_last_prekickoff,
1eb91a9e4ddab2a4,2026-08-23,cards,Maxim De Cuyper,over,2026-08-22T14:21:40.453583+00:00,5.0,0.2,2026-08-23 07:02:38+00:00,5.0,0.2,-422.6,,,0.0,CLOSE_NOT_PROVEN_PRE_KICKOFF,player_props_last_prekickoff,
456e677670bbec47,2026-08-23,cards,Malick Thiaw,over,2026-08-22T14:21:40.456779+00:00,3.4,0.29411764705882354,2026-08-23 07:02:38+00:00,3.4,0.29411764705882354,-422.6,,,0.0,CLOSE_NOT_PROVEN_PRE_KICKOFF,player_props_last_prekickoff,
f3b89b84257caed4,2026-08-23,sot,Lamine Yamal,over,2026-08-22T15:21:45.297800+00:00,1.19,0.8403361344537815,2026-08-23 07:02:38+00:00,1.19,0.8403361344537815,-422.6,,,0.0,CLOSE_NOT_PROVEN_PRE_KICKOFF,player_props_last_prekickoff,
f3b89b84257caed4,2026-08-23,sot,Dani Olmo,over,2026-08-22T15:21:45.302988+00:00,1.5,0.6666666666666666,2026-08-23 07:02:38+00:00,1.5,0.6666666666666666,-422.6,,,0.0,CLOSE_NOT_PROVEN_PRE_KICKOFF,player_props_last_prekickoff,
f3b89b84257caed4,2026-08-23,goals,Lamine Yamal,over,2026-08-22T15:21:45.306393+00:00,2.18,0.4587155963302752,2026-08-23 07:02:38+00:00,2.18,0.4587155963302752,-422.6,,,0.0,CLOSE_NOT_PROVEN_PRE_KICKOFF,player_props_last_prekickoff,
c2fa6097f16fb17e,2026-08-23,sot,Yassin Belkhdim,over,2026-08-22T15:21:45.311049+00:00,2.0,0.5,2026-08-23 07:02:38+00:00,2.0,0.5,-422.6,,,0.0,CLOSE_NOT_PROVEN_PRE_KICKOFF,player_props_last_prekickoff,
c2fa6097f16fb17e,2026-08-23,sot,Félix Correia,over,2026-08-22T15:21:45.313633+00:00,1.62,0.6172839506172839,2026-08-23 07:02:38+00:00,1.62,0.6172839506172839,-422.6,,,0.0,CLOSE_NOT_PROVEN_PRE_KICKOFF,player_props_last_prekickoff,
f3b89b84257caed4,2026-08-23,sot,Aleix Febas,over,2026-08-22T15:21:45.317064+00:00,2.4,0.4166666666666667,2026-08-23 07:02:38+00:00,2.4,0.4166666666666667,-422.6,,,0.0,CLOSE_NOT_PROVEN_PRE_KICKOFF,player_props_last_prekickoff,
71a8a97b8b99ecca,,cards,Moisés Caicedo,over,2026-08-22T16:23:20.071300+00:00,2.8,0.35714285714285715,,,,,,,,NO_CLOSE,,
ea68542009d7782d,2026-08-23,sot,Nikola Krstović,over,2026-08-22T17:22:00.631927+00:00,1.11,0.9009009009009008,2026-08-23 07:02:38+00:00,1.11,0.9009009009009008,-422.6,,,0.0,CLOSE_NOT_PROVEN_PRE_KICKOFF,player_props_last_prekickoff,
ea68542009d7782d,2026-08-23,sot,Gianluca Scamacca,over,2026-08-22T17:22:00.634308+00:00,1.1,0.9090909090909091,2026-08-23 07:02:38+00:00,1.1,0.9090909090909091,-422.6,,,0.0,CLOSE_NOT_PROVEN_PRE_KICKOFF,player_props_last_prekickoff,
ea68542009d7782d,2026-08-23,sot,Armand Laurienté,over,2026-08-22T17:22:00.637511+00:00,1.8,0.5555555555555556,2026-08-23 07:02:38+00:00,1.8,0.5555555555555556,-422.6,,,0.0,CLOSE_NOT_PROVEN_PRE_KICKOFF,player_props_last_prekickoff,
ea68542009d7782d,2026-08-23,sot,Charles De Ketelaere,over,2026-08-22T17:22:00.640835+00:00,1.36,0.7352941176470588,2026-08-23 07:02:38+00:00,1.36,0.7352941176470588,-422.6,,,0.0,CLOSE_NOT_PROVEN_PRE_KICKOFF,player_props_last_prekickoff,
ea68542009d7782d,2026-08-23,goals,Gianluca Scamacca,over,2026-08-22T17:22:00.644009+00:00,2.42,0.4132231404958678,2026-08-23 07:02:38+00:00,2.42,0.4132231404958678,-422.6,,,0.0,CLOSE_NOT_PROVEN_PRE_KICKOFF,player_props_last_prekickoff,
ea68542009d7782d,2026-08-23,sot2,Nikola Krstović,over,2026-08-22T17:22:00.647574+00:00,1.57,0.6369426751592356,2026-08-23 07:02:38+00:00,1.57,0.6369426751592356,-422.6,,,0.0,CLOSE_NOT_PROVEN_PRE_KICKOFF,player_props_last_prekickoff,
ea68542009d7782d,2026-08-23,sot,Nicola Zalewski,over,2026-08-22T17:22:00.650014+00:00,1.4,0.7142857142857143,2026-08-23 07:02:38+00:00,1.4,0.7142857142857143,-422.6,,,0.0,CLOSE_NOT_PROVEN_PRE_KICKOFF,player_props_last_prekickoff,
ea68542009d7782d,2026-08-23,goals,Nikola Krstović,over,2026-08-22T17:22:00.652734+00:00,2.16,0.4629629629629629,2026-08-23 07:02:38+00:00,2.16,0.4629629629629629,-422.6,,,0.0,CLOSE_NOT_PROVEN_PRE_KICKOFF,player_props_last_prekickoff,
ea68542009d7782d,2026-08-23,sot2,Gianluca Scamacca,over,2026-08-22T17:22:00.655103+00:00,1.53,0.6535947712418301,2026-08-23 07:02:38+00:00,1.53,0.6535947712418301,-422.6,,,0.0,CLOSE_NOT_PROVEN_PRE_KICKOFF,player_props_last_prekickoff,
0d913c3bff2e43db,2026-08-23,sot,Santiago Pierotti,over,2026-08-22T17:22:00.657679+00:00,2.2,0.45454545454545453,2026-08-23 07:02:38+00:00,2.2,0.45454545454545453,-422.6,,,0.0,CLOSE_NOT_PROVEN_PRE_KICKOFF,player_props_last_prekickoff,
76fe27ef70349746,2026-08-29,sot,Daniel Jebbison,over,2026-08-22T17:22:00.660133+00:00,1.66,0.6024096385542169,2026-08-23 07:02:38+00:00,1.66,0.6024096385542169,8217.4,,,0.0,CLOSE_NOT_PROVEN_PRE_KICKOFF,player_props_last_prekickoff,
ea68542009d7782d,2026-08-23,sot,Davide Zappacosta,over,2026-08-22T17:22:00.664705+00:00,2.5,0.4,2026-08-23 07:02:38+00:00,2.5,0.4,-422.6,,,0.0,CLOSE_NOT_PROVEN_PRE_KICKOFF,player_props_last_prekickoff,
0d913c3bff2e43db,2026-08-23,sot,Lassana Coulibaly,over,2026-08-22T17:22:00.667185+00:00,2.4,0.4166666666666667,2026-08-23 07:02:38+00:00,2.4,0.4166666666666667,-422.6,,,0.0,CLOSE_NOT_PROVEN_PRE_KICKOFF,player_props_last_prekickoff,
0d913c3bff2e43db,2026-08-23,cards,Santiago Pierotti,over,2026-08-22T17:22:00.670113+00:00,4.0,0.25,2026-08-23 07:02:38+00:00,4.0,0.25,-422.6,,,0.0,CLOSE_NOT_PROVEN_PRE_KICKOFF,player_props_last_prekickoff,
0d913c3bff2e43db,2026-08-23,cards,Jamil Siebert,over,2026-08-22T17:22:00.672966+00:00,3.2,0.3125,2026-08-23 07:02:38+00:00,3.2,0.3125,-422.6,,,0.0,CLOSE_NOT_PROVEN_PRE_KICKOFF,player_props_last_prekickoff,
94a751ebdbbddfab,2026-08-24,sot,Victor Muñoz,over,2026-08-22T18:27:25.798091+00:00,1.55,0.6451612903225806,2026-08-23 07:02:38+00:00,1.55,0.6451612903225806,1017.4,,,0.0,CLOSE_NOT_PROVEN_PRE_KICKOFF,player_props_last_prekickoff,
a8544fb1bffd1f75,,sot,Yann Gboho,over,2026-08-22T18:27:25.801708+00:00,1.74,0.5747126436781609,,1.74,0.5747126436781609,,0.0,0.0,0.0,CLOSE_EQUALS_ENTRY,v9_clv_records,
da15eb75bc2e9e33,,sot,Ilan Kebbal,over,2026-08-22T18:27:25.806320+00:00,1.55,0.6451612903225806,,1.55,0.6451612903225806,,0.0,0.0,0.0,CLOSE_EQUALS_ENTRY,v9_clv_records,
94a751ebdbbddfab,2026-08-24,sot,Rubén García,over,2026-08-22T18:27:25.809620+00:00,1.83,0.5464480874316939,2026-08-23 07:02:38+00:00,1.83,0.5464480874316939,1017.4,,,0.0,CLOSE_NOT_PROVEN_PRE_KICKOFF,player_props_last_prekickoff,
58644152b7ed325b,,sot,Pathé Mboup,over,2026-08-22T18:27:25.813206+00:00,1.6,0.625,,1.6,0.625,,0.0,0.0,0.0,CLOSE_EQUALS_ENTRY,v9_clv_records,
94a751ebdbbddfab,2026-08-24,sot,Lucas Torró,over,2026-08-22T18:27:25.816320+00:00,2.6,0.3846153846153846,2026-08-23 07:02:38+00:00,2.6,0.3846153846153846,1017.4,,,0.0,CLOSE_NOT_PROVEN_PRE_KICKOFF,player_props_last_prekickoff,
94a751ebdbbddfab,2026-08-24,sot,Jon Moncayola,over,2026-08-22T18:27:25.822649+00:00,2.88,0.3472222222222222,2026-08-23 07:02:38+00:00,2.88,0.3472222222222222,1017.4,,,0.0,CLOSE_NOT_PROVEN_PRE_KICKOFF,player_props_last_prekickoff,
becddcae23504094,2026-08-23,sot,Folarin Balogun,over,2026-08-22T19:24:38.927813+00:00,1.27,0.7874015748031495,2026-08-23 07:02:38+00:00,1.27,0.7874015748031495,-422.6,,,0.0,CLOSE_NOT_PROVEN_PRE_KICKOFF,player_props_last_prekickoff,
90576e135b24d374,2026-08-24,sot,Riccardo Orsolini,over,2026-08-22T19:24:38.930993+00:00,1.36,0.7352941176470588,2026-08-23 07:02:38+00:00,1.36,0.7352941176470588,1017.4,,,0.0,CLOSE_NOT_PROVEN_PRE_KICKOFF,player_props_last_prekickoff,
96b19e0a0973f54a,2026-08-23,sot,Ousmane Dembélé,over,2026-08-22T19:24:38.934048+00:00,1.21,0.8264462809917356,2026-08-23 07:02:38+00:00,1.21,0.8264462809917356,-422.6,,,0.0,CLOSE_NOT_PROVEN_PRE_KICKOFF,player_props_last_prekickoff,
61d4ab81c33d7fdd,2026-08-23,sot,Giovanni Simeone,over,2026-08-22T19:24:38.937289+00:00,1.57,0.6369426751592356,2026-08-23 07:02:38+00:00,1.57,0.6369426751592356,-422.6,,,0.0,CLOSE_NOT_PROVEN_PRE_KICKOFF,player_props_last_prekickoff,
96b19e0a0973f54a,2026-08-23,sot,Breel Embolo,over,2026-08-22T19:24:38.940579+00:00,1.6,0.625,2026-08-23 07:02:38+00:00,1.6,0.625,-422.6,,,0.0,CLOSE_NOT_PROVEN_PRE_KICKOFF,player_props_last_prekickoff,
96b19e0a0973f54a,2026-08-23,sot,Ludovic Blas,over,2026-08-22T19:24:38.944501+00:00,1.66,0.6024096385542169,2026-08-23 07:02:38+00:00,1.66,0.6024096385542169,-422.6,,,0.0,CLOSE_NOT_PROVEN_PRE_KICKOFF,player_props_last_prekickoff,
becddcae23504094,2026-08-23,goals,Folarin Balogun,over,2026-08-22T19:24:38.947825+00:00,2.36,0.42372881355932207,2026-08-23 07:02:38+00:00,2.36,0.42372881355932207,-422.6,,,0.0,CLOSE_NOT_PROVEN_PRE_KICKOFF,player_props_last_prekickoff,
90576e135b24d374,2026-08-24,sot,Federico Bernardeschi,over,2026-08-22T19:24:38.950952+00:00,1.57,0.6369426751592356,2026-08-23 07:02:38+00:00,1.57,0.6369426751592356,1017.4,,,0.0,CLOSE_NOT_PROVEN_PRE_KICKOFF,player_props_last_prekickoff,
90576e135b24d374,2026-08-24,cards,Lewis Ferguson,over,2026-08-22T19:24:38.954430+00:00,3.2,0.3125,2026-08-23 07:02:38+00:00,3.2,0.3125,1017.4,,,0.0,CLOSE_NOT_PROVEN_PRE_KICKOFF,player_props_last_prekickoff,
90576e135b24d374,2026-08-24,sot,Matteo Cancellieri,over,2026-08-22T19:24:38.957423+00:00,1.67,0.5988023952095809,2026-08-23 07:02:38+00:00,1.67,0.5988023952095809,1017.4,,,0.0,CLOSE_NOT_PROVEN_PRE_KICKOFF,player_props_last_prekickoff,
96b19e0a0973f54a,2026-08-23,sot,Achraf Hakimi,over,2026-08-22T19:24:38.960749+00:00,1.83,0.5464480874316939,2026-08-23 07:02:38+00:00,1.83,0.5464480874316939,-422.6,,,0.0,CLOSE_NOT_PROVEN_PRE_KICKOFF,player_props_last_prekickoff,
96b19e0a0973f54a,2026-08-23,goals,Ousmane Dembélé,over,2026-08-22T19:24:38.963788+00:00,1.94,0.5154639175257733,2026-08-23 07:02:38+00:00,1.94,0.5154639175257733,-422.6,,,0.0,CLOSE_NOT_PROVEN_PRE_KICKOFF,player_props_last_prekickoff,
90576e135b24d374,2026-08-24,sot,Mattia Zaccagni,over,2026-08-22T19:24:38.966865+00:00,2.0,0.5,2026-08-23 07:02:38+00:00,2.0,0.5,1017.4,,,0.0,CLOSE_NOT_PROVEN_PRE_KICKOFF,player_props_last_prekickoff,
96b19e0a0973f54a,2026-08-23,sot,Senny Mayulu,over,2026-08-22T19:24:38.970682+00:00,1.44,0.6944444444444444,2026-08-23 07:02:38+00:00,1.44,0.6944444444444444,-422.6,,,0.0,CLOSE_NOT_PROVEN_PRE_KICKOFF,player_props_last_prekickoff,
90576e135b24d374,2026-08-24,goals,Riccardo Orsolini,over,2026-08-22T19:24:38.974471+00:00,3.35,0.29850746268656714,2026-08-23 07:02:38+00:00,3.35,0.29850746268656714,1017.4,,,0.0,CLOSE_NOT_PROVEN_PRE_KICKOFF,player_props_last_prekickoff,
90576e135b24d374,2026-08-24,sot,Lewis Ferguson,over,2026-08-22T19:24:38.977865+00:00,2.88,0.3472222222222222,2026-08-23 07:02:38+00:00,2.88,0.3472222222222222,1017.4,,,0.0,CLOSE_NOT_PROVEN_PRE_KICKOFF,player_props_last_prekickoff,
61d4ab81c33d7fdd,2026-08-23,sot,Gvidas Gineitis,over,2026-08-22T19:24:38.981021+00:00,3.4,0.29411764705882354,2026-08-23 07:02:38+00:00,3.4,0.29411764705882354,-422.6,,,0.0,CLOSE_NOT_PROVEN_PRE_KICKOFF,player_props_last_prekickoff,
96b19e0a0973f54a,2026-08-23,sot,Abdelhamid Ait Boudlal,over,2026-08-22T19:24:38.984342+00:00,5.25,0.19047619047619047,2026-08-23 07:02:38+00:00,5.25,0.19047619047619047,-422.6,,,0.0,CLOSE_NOT_PROVEN_PRE_KICKOFF,player_props_last_prekickoff,
90576e135b24d374,2026-08-24,cards,Matteo Cancellieri,over,2026-08-22T19:24:38.987527+00:00,2.8,0.35714285714285715,2026-08-23 07:02:38+00:00,2.8,0.35714285714285715,1017.4,,,0.0,CLOSE_NOT_PROVEN_PRE_KICKOFF,player_props_last_prekickoff,
becddcae23504094,2026-08-23,sot,Rassoul Ndiaye,over,2026-08-22T19:24:38.990784+00:00,2.95,0.3389830508474576,2026-08-23 07:02:38+00:00,2.95,0.3389830508474576,-422.6,,,0.0,CLOSE_NOT_PROVEN_PRE_KICKOFF,player_props_last_prekickoff,
96b19e0a0973f54a,2026-08-23,sot,Valentin Rongier,over,2026-08-22T19:24:38.994100+00:00,3.15,0.31746031746031744,2026-08-23 07:02:38+00:00,3.15,0.31746031746031744,-422.6,,,0.0,CLOSE_NOT_PROVEN_PRE_KICKOFF,player_props_last_prekickoff,
becddcae23504094,2026-08-23,sot,Fodé Doucouré,over,2026-08-22T19:24:38.997420+00:00,2.85,0.3508771929824561,2026-08-23 07:02:38+00:00,2.85,0.3508771929824561,-422.6,,,0.0,CLOSE_NOT_PROVEN_PRE_KICKOFF,player_props_last_prekickoff,
96b19e0a0973f54a,2026-08-23,goals,Breel Embolo,over,2026-08-22T19:24:39.002087+00:00,4.33,0.23094688221709006,2026-08-23 07:02:38+00:00,4.33,0.23094688221709006,-422.6,,,0.0,CLOSE_NOT_PROVEN_PRE_KICKOFF,player_props_last_prekickoff,
61d4ab81c33d7fdd,2026-08-23,goals,Giovanni Simeone,over,2026-08-22T19:24:39.005637+00:00,3.85,0.2597402597402597,2026-08-23 07:02:38+00:00,3.85,0.2597402597402597,-422.6,,,0.0,CLOSE_NOT_PROVEN_PRE_KICKOFF,player_props_last_prekickoff,
61d4ab81c33d7fdd,2026-08-23,cards,Saúl Coco,over,2026-08-22T19:24:39.008980+00:00,5.2,0.1923076923076923,2026-08-23 07:02:38+00:00,5.2,0.1923076923076923,-422.6,,,0.0,CLOSE_NOT_PROVEN_PRE_KICKOFF,player_props_last_prekickoff,
61d4ab81c33d7fdd,2026-08-23,cards,Luka Modrić,over,2026-08-22T19:24:39.012501+00:00,8.6,0.11627906976744186,2026-08-23 07:02:38+00:00,8.6,0.11627906976744186,-422.6,,,0.0,CLOSE_NOT_PROVEN_PRE_KICKOFF,player_props_last_prekickoff,
79f4a232e228d2a3,2026-08-24,sot,Pierre-Emerick Aubameyang,over,2026-08-22T20:22:35.028837+00:00,1.48,0.6756756756756757,2026-08-23 07:02:38+00:00,1.48,0.6756756756756757,1017.4,,,0.0,CLOSE_NOT_PROVEN_PRE_KICKOFF,player_props_last_prekickoff,
79f4a232e228d2a3,2026-08-24,goals,Pierre-Emerick Aubameyang,over,2026-08-22T20:22:35.039587+00:00,3.6,0.2777777777777778,2026-08-23 07:02:38+00:00,3.6,0.2777777777777778,1017.4,,,0.0,CLOSE_NOT_PROVEN_PRE_KICKOFF,player_props_last_prekickoff,
c2fa6097f16fb17e,,cards,Nathan Ngoy,over,2026-08-22T23:20:44.804178+00:00,1.01,0.9900990099009901,,,,,,,,NO_CLOSE,,
c2fa6097f16fb17e,,cards,Nabil Bentaleb,over,2026-08-22T23:20:44.807765+00:00,1.01,0.9900990099009901,,,,,,,,NO_CLOSE,,
b2187585a1925e25,,cards,Gustavo Puerta,over,2026-08-22T23:20:44.809988+00:00,1.01,0.9900990099009901,,,,,,,,NO_CLOSE,,
c2fa6097f16fb17e,,cards,Haris Belkebla,over,2026-08-22T23:20:44.812326+00:00,1.01,0.9900990099009901,,,,,,,,NO_CLOSE,,
c2fa6097f16fb17e,,cards,Ayyoub Bouaddi,over,2026-08-22T23:20:44.815121+00:00,1.01,0.9900990099009901,,,,,,,,NO_CLOSE,,
b2187585a1925e25,,cards,Zaid Romero,over,2026-08-22T23:20:44.953064+00:00,1.01,0.9900990099009901,,,,,,,,NO_CLOSE,,
