segment,league,model_type,market_a,market_b,label_a,label_b,n,k_joint,p_a,p_b,p_joint,independent_joint,dependency_ratio,excess_pp,phi,joint_ci_lo,joint_ci_hi,frechet_lo,frechet_hi,frechet_ok,independence_within_ci,sample_status,calc_version
ALL,ALL,ALL,O15,U25,Over 1.5,Under 2.5,23604,5623,0.741612,0.496611,0.238222,0.368292,0.6468,-13.007,-0.5943,0.232831,0.243699,0.238222,0.496611,True,False,VALIDATION_CANDIDATE,1.0.0
ALL,ALL,ALL,O15,U35,Over 1.5,Under 3.5,23604,10942,0.741612,0.721954,0.463565,0.535409,0.8658,-7.184,-0.3663,0.45721,0.469933,0.463565,0.721954,True,False,VALIDATION_CANDIDATE,1.0.0
ALL,ALL,ALL,O15,BTTS_NO,Over 1.5,BTTS No,23604,4956,0.741612,0.468353,0.209964,0.347336,0.6045,-13.737,-0.6289,0.204816,0.215207,0.209964,0.468353,True,False,VALIDATION_CANDIDATE,1.0.0
ALL,ALL,ALL,O15,HOME,Over 1.5,Home win,23604,7915,0.741612,0.441324,0.335325,0.327291,1.0245,0.803,0.037,0.329329,0.341374,0.182935,0.441324,True,False,VALIDATION_CANDIDATE,1.0.0
ALL,ALL,ALL,O15,DRAW,Over 1.5,Draw,23604,4376,0.741612,0.261354,0.185392,0.193823,0.9565,-0.843,-0.0438,0.180486,0.190401,0.002966,0.261354,True,False,VALIDATION_CANDIDATE,1.0.0
ALL,ALL,ALL,O15,AWAY,Over 1.5,Away win,23604,5214,0.741612,0.297322,0.220895,0.220498,1.0018,0.04,0.002,0.215648,0.226232,0.038934,0.297322,True,True,VALIDATION_CANDIDATE,1.0.0
ALL,ALL,ALL,O15,1X,Over 1.5,Home or draw,23604,12291,0.741612,0.702678,0.520717,0.521114,0.9992,-0.04,-0.002,0.514341,0.527086,0.444289,0.702678,True,True,VALIDATION_CANDIDATE,1.0.0
ALL,ALL,ALL,O15,X2,Over 1.5,Draw or away,23604,9590,0.741612,0.558676,0.406287,0.414321,0.9806,-0.803,-0.037,0.400037,0.412568,0.300288,0.558676,True,False,VALIDATION_CANDIDATE,1.0.0
ALL,ALL,ALL,O15,12,Over 1.5,Home or away,23604,13129,0.741612,0.738646,0.556219,0.547788,1.0154,0.843,0.0438,0.549872,0.562548,0.480258,0.738646,True,False,VALIDATION_CANDIDATE,1.0.0
ALL,ALL,ALL,U15,HOME,Under 1.5,Home win,23604,2502,0.258388,0.441324,0.105999,0.114033,0.9295,-0.803,-0.037,0.102136,0.109991,0.0,0.258388,True,False,VALIDATION_CANDIDATE,1.0.0
ALL,ALL,ALL,U15,DRAW,Under 1.5,Draw,23604,1793,0.258388,0.261354,0.075962,0.067531,1.1248,0.843,0.0438,0.07265,0.079411,0.0,0.258388,True,False,VALIDATION_CANDIDATE,1.0.0
ALL,ALL,ALL,U15,AWAY,Under 1.5,Away win,23604,1804,0.258388,0.297322,0.076428,0.076825,0.9948,-0.04,-0.002,0.073107,0.079886,0.0,0.258388,True,True,VALIDATION_CANDIDATE,1.0.0
ALL,ALL,ALL,U15,1X,Under 1.5,Home or draw,23604,4295,0.258388,0.702678,0.181961,0.181564,1.0022,0.04,0.002,0.177091,0.186934,0.0,0.258388,True,True,VALIDATION_CANDIDATE,1.0.0
ALL,ALL,ALL,U15,X2,Under 1.5,Draw or away,23604,3597,0.258388,0.558676,0.152389,0.144356,1.0557,0.803,0.037,0.147861,0.157031,0.0,0.258388,True,False,VALIDATION_CANDIDATE,1.0.0
ALL,ALL,ALL,U15,12,Under 1.5,Home or away,23604,4306,0.258388,0.738646,0.182427,0.190858,0.9558,-0.843,-0.0438,0.177552,0.187405,0.0,0.258388,True,False,VALIDATION_CANDIDATE,1.0.0
ALL,ALL,ALL,O25,U35,Over 2.5,Under 3.5,23604,5319,0.503389,0.721954,0.225343,0.363424,0.6201,-13.808,-0.6164,0.220058,0.230718,0.225343,0.503389,True,False,VALIDATION_CANDIDATE,1.0.0
ALL,ALL,ALL,O25,BTTS,Over 2.5,BTTS Yes,23604,9673,0.503389,0.531647,0.409803,0.267625,1.5313,14.218,0.5699,0.403545,0.416092,0.035036,0.503389,True,False,VALIDATION_CANDIDATE,1.0.0
ALL,ALL,ALL,O25,BTTS_NO,Over 2.5,BTTS No,23604,2209,0.503389,0.468353,0.093586,0.235764,0.3969,-14.218,-0.5699,0.089936,0.097368,0.0,0.468353,True,False,VALIDATION_CANDIDATE,1.0.0
ALL,ALL,ALL,O25,HOME,Over 2.5,Home win,23604,6248,0.503389,0.441324,0.264701,0.222158,1.1915,4.254,0.1714,0.259111,0.270367,0.0,0.441324,True,False,VALIDATION_CANDIDATE,1.0.0
ALL,ALL,ALL,O25,DRAW,Over 2.5,Draw,23604,1500,0.503389,0.261354,0.063549,0.131563,0.483,-6.801,-0.3096,0.060507,0.066732,0.0,0.261354,True,False,VALIDATION_CANDIDATE,1.0.0
ALL,ALL,ALL,O25,AWAY,Over 2.5,Away win,23604,4134,0.503389,0.297322,0.17514,0.149669,1.1702,2.547,0.1115,0.170344,0.180041,0.0,0.297322,True,False,VALIDATION_CANDIDATE,1.0.0
ALL,ALL,ALL,O25,1X,Over 2.5,Home or draw,23604,7748,0.503389,0.702678,0.328249,0.35372,0.928,-2.547,-0.1115,0.322287,0.334268,0.206067,0.503389,True,False,VALIDATION_CANDIDATE,1.0.0
ALL,ALL,ALL,O25,X2,Over 2.5,Draw or away,23604,5634,0.503389,0.558676,0.238688,0.281232,0.8487,-4.254,-0.1714,0.233293,0.244169,0.062066,0.503389,True,False,VALIDATION_CANDIDATE,1.0.0
ALL,ALL,ALL,O25,12,Over 2.5,Home or away,23604,10382,0.503389,0.738646,0.439841,0.371826,1.1829,6.801,0.3096,0.433519,0.446182,0.242035,0.503389,True,False,VALIDATION_CANDIDATE,1.0.0
ALL,ALL,ALL,U25,BTTS,Under 2.5,BTTS Yes,23604,2876,0.496611,0.531647,0.121844,0.264022,0.4615,-14.218,-0.5699,0.117732,0.126078,0.028258,0.496611,True,False,VALIDATION_CANDIDATE,1.0.0
ALL,ALL,ALL,U25,BTTS_NO,Under 2.5,BTTS No,23604,8846,0.496611,0.468353,0.374767,0.232589,1.6113,14.218,0.5699,0.368612,0.380962,0.0,0.468353,True,False,VALIDATION_CANDIDATE,1.0.0
ALL,ALL,ALL,U25,HOME,Under 2.5,Home win,23604,4169,0.496611,0.441324,0.176623,0.219166,0.8059,-4.254,-0.1714,0.17181,0.18154,0.0,0.441324,True,False,VALIDATION_CANDIDATE,1.0.0
ALL,ALL,ALL,U25,DRAW,Under 2.5,Draw,23604,4669,0.496611,0.261354,0.197805,0.129791,1.524,6.801,0.3096,0.192773,0.202936,0.0,0.261354,True,False,VALIDATION_CANDIDATE,1.0.0
ALL,ALL,ALL,U25,AWAY,Under 2.5,Away win,23604,2884,0.496611,0.297322,0.122183,0.147654,0.8275,-2.547,-0.1115,0.118066,0.126422,0.0,0.297322,True,False,VALIDATION_CANDIDATE,1.0.0
ALL,ALL,ALL,U25,1X,Under 2.5,Home or draw,23604,8838,0.496611,0.702678,0.374428,0.348957,1.073,2.547,0.1115,0.368275,0.380622,0.199288,0.496611,True,False,VALIDATION_CANDIDATE,1.0.0
ALL,ALL,ALL,U25,X2,Under 2.5,Draw or away,23604,7553,0.496611,0.558676,0.319988,0.277445,1.1533,4.254,0.1714,0.314067,0.325968,0.055287,0.496611,True,False,VALIDATION_CANDIDATE,1.0.0
ALL,ALL,ALL,U25,12,Under 2.5,Home or away,23604,7053,0.496611,0.738646,0.298805,0.36682,0.8146,-6.801,-0.3096,0.292999,0.304677,0.235257,0.496611,True,False,VALIDATION_CANDIDATE,1.0.0
ALL,ALL,ALL,O35,BTTS,Over 3.5,BTTS Yes,23604,5759,0.278046,0.531647,0.243984,0.147822,1.6505,9.616,0.4301,0.238547,0.249505,0.0,0.278046,True,False,VALIDATION_CANDIDATE,1.0.0
ALL,ALL,ALL,O35,BTTS_NO,Over 3.5,BTTS No,23604,804,0.278046,0.468353,0.034062,0.130224,0.2616,-9.616,-0.4301,0.031823,0.036453,0.0,0.278046,True,False,VALIDATION_CANDIDATE,1.0.0
ALL,ALL,ALL,O35,HOME,Over 3.5,Home win,23604,3131,0.278046,0.441324,0.132647,0.122708,1.081,0.994,0.0447,0.128379,0.137034,0.0,0.278046,True,False,VALIDATION_CANDIDATE,1.0.0
ALL,ALL,ALL,O35,DRAW,Over 3.5,Draw,23604,1500,0.278046,0.261354,0.063549,0.072668,0.8745,-0.912,-0.0463,0.060507,0.066732,0.0,0.261354,True,False,VALIDATION_CANDIDATE,1.0.0
ALL,ALL,ALL,O35,AWAY,Over 3.5,Away win,23604,1932,0.278046,0.297322,0.081851,0.082669,0.9901,-0.082,-0.004,0.078421,0.085416,0.0,0.278046,True,True,VALIDATION_CANDIDATE,1.0.0
ALL,ALL,ALL,O35,1X,Over 3.5,Home or draw,23604,4631,0.278046,0.702678,0.196196,0.195377,1.0042,0.082,0.004,0.191179,0.201311,0.0,0.278046,True,True,VALIDATION_CANDIDATE,1.0.0
ALL,ALL,ALL,O35,X2,Over 3.5,Draw or away,23604,3432,0.278046,0.558676,0.145399,0.155338,0.936,-0.994,-0.0447,0.14096,0.149954,0.0,0.278046,True,False,VALIDATION_CANDIDATE,1.0.0
ALL,ALL,ALL,O35,12,Over 3.5,Home or away,23604,5063,0.278046,0.738646,0.214498,0.205378,1.0444,0.912,0.0463,0.209308,0.21978,0.016692,0.278046,True,False,VALIDATION_CANDIDATE,1.0.0
ALL,ALL,ALL,U35,BTTS,Under 3.5,BTTS Yes,23604,6790,0.721954,0.531647,0.287663,0.383825,0.7495,-9.616,-0.4301,0.281923,0.293472,0.253601,0.531647,True,False,VALIDATION_CANDIDATE,1.0.0
ALL,ALL,ALL,U35,BTTS_NO,Under 3.5,BTTS No,23604,10251,0.721954,0.468353,0.434291,0.338129,1.2844,9.616,0.4301,0.427979,0.440624,0.190307,0.468353,True,False,VALIDATION_CANDIDATE,1.0.0
ALL,ALL,ALL,U35,HOME,Under 3.5,Home win,23604,7286,0.721954,0.441324,0.308676,0.318615,0.9688,-0.994,-0.0447,0.302815,0.3146,0.163277,0.441324,True,False,VALIDATION_CANDIDATE,1.0.0
ALL,ALL,ALL,U35,DRAW,Under 3.5,Draw,23604,4669,0.721954,0.261354,0.197805,0.188686,1.0483,0.912,0.0463,0.192773,0.202936,0.0,0.261354,True,False,VALIDATION_CANDIDATE,1.0.0
ALL,ALL,ALL,U35,AWAY,Under 3.5,Away win,23604,5086,0.721954,0.297322,0.215472,0.214653,1.0038,0.082,0.004,0.210273,0.220763,0.019276,0.297322,True,True,VALIDATION_CANDIDATE,1.0.0
ALL,ALL,ALL,U35,1X,Under 3.5,Home or draw,23604,11955,0.721954,0.702678,0.506482,0.507301,0.9984,-0.082,-0.004,0.500103,0.512859,0.424631,0.702678,True,True,VALIDATION_CANDIDATE,1.0.0
ALL,ALL,ALL,U35,X2,Under 3.5,Draw or away,23604,9755,0.721954,0.558676,0.413277,0.403339,1.0246,0.994,0.0447,0.40701,0.419573,0.28063,0.558676,True,False,VALIDATION_CANDIDATE,1.0.0
ALL,ALL,ALL,U35,12,Under 3.5,Home or away,23604,12372,0.721954,0.738646,0.524148,0.533268,0.9829,-0.912,-0.0463,0.517774,0.530515,0.4606,0.721954,True,False,VALIDATION_CANDIDATE,1.0.0
ALL,ALL,ALL,BTTS,HOME,BTTS Yes,Home win,23604,4777,0.531647,0.441324,0.202381,0.234628,0.8626,-3.225,-0.1301,0.197304,0.207555,0.0,0.441324,True,False,VALIDATION_CANDIDATE,1.0.0
ALL,ALL,ALL,BTTS,DRAW,BTTS Yes,Draw,23604,4376,0.531647,0.261354,0.185392,0.138948,1.3343,4.644,0.2118,0.180486,0.190401,0.0,0.261354,True,False,VALIDATION_CANDIDATE,1.0.0
ALL,ALL,ALL,BTTS,AWAY,BTTS Yes,Away win,23604,3396,0.531647,0.297322,0.143874,0.158071,0.9102,-1.42,-0.0622,0.139454,0.148409,0.0,0.297322,True,False,VALIDATION_CANDIDATE,1.0.0
ALL,ALL,ALL,BTTS,1X,BTTS Yes,Home or draw,23604,9153,0.531647,0.702678,0.387773,0.373577,1.038,1.42,0.0622,0.381576,0.394007,0.234325,0.531647,True,False,VALIDATION_CANDIDATE,1.0.0
ALL,ALL,ALL,BTTS,X2,BTTS Yes,Draw or away,23604,7772,0.531647,0.558676,0.329266,0.297019,1.1086,3.225,0.1301,0.323299,0.335289,0.090324,0.531647,True,False,VALIDATION_CANDIDATE,1.0.0
ALL,ALL,ALL,BTTS,12,BTTS Yes,Home or away,23604,8173,0.531647,0.738646,0.346255,0.392699,0.8817,-4.644,-0.2118,0.340211,0.352349,0.270293,0.531647,True,False,VALIDATION_CANDIDATE,1.0.0
ALL,ALL,ALL,BTTS_NO,HOME,BTTS No,Home win,23604,5640,0.468353,0.441324,0.238943,0.206695,1.156,3.225,0.1301,0.233545,0.244425,0.0,0.441324,True,False,VALIDATION_CANDIDATE,1.0.0
ALL,ALL,ALL,BTTS_NO,DRAW,BTTS No,Draw,23604,1793,0.468353,0.261354,0.075962,0.122406,0.6206,-4.644,-0.2118,0.07265,0.079411,0.0,0.261354,True,False,VALIDATION_CANDIDATE,1.0.0
ALL,ALL,ALL,BTTS_NO,AWAY,BTTS No,Away win,23604,3622,0.468353,0.297322,0.153449,0.139252,1.102,1.42,0.0622,0.148907,0.158103,0.0,0.297322,True,False,VALIDATION_CANDIDATE,1.0.0
ALL,ALL,ALL,BTTS_NO,1X,BTTS No,Home or draw,23604,7433,0.468353,0.702678,0.314904,0.329101,0.9569,-1.42,-0.0622,0.309009,0.32086,0.17103,0.468353,True,False,VALIDATION_CANDIDATE,1.0.0
ALL,ALL,ALL,BTTS_NO,X2,BTTS No,Draw or away,23604,5415,0.468353,0.558676,0.22941,0.261658,0.8768,-3.225,-0.1301,0.224091,0.234818,0.027029,0.468353,True,False,VALIDATION_CANDIDATE,1.0.0
ALL,ALL,ALL,BTTS_NO,12,BTTS No,Home or away,23604,9262,0.468353,0.738646,0.392391,0.345947,1.1343,4.644,0.2118,0.38618,0.398637,0.206999,0.468353,True,False,VALIDATION_CANDIDATE,1.0.0
ALL,ALL,ALL,1X,X2,Home or draw,Draw or away,23604,6169,0.702678,0.558676,0.261354,0.392569,0.6658,-13.122,-0.5781,0.255788,0.266998,0.261354,0.558676,True,False,VALIDATION_CANDIDATE,1.0.0
ALL,ALL,ALL,1X,12,Home or draw,Home or away,23604,10417,0.702678,0.738646,0.441324,0.51903,0.8503,-7.771,-0.3869,0.434999,0.447667,0.441324,0.702678,True,False,VALIDATION_CANDIDATE,1.0.0
ALL,ALL,ALL,X2,12,Draw or away,Home or away,23604,7018,0.558676,0.738646,0.297322,0.412664,0.7205,-11.534,-0.5287,0.291525,0.303186,0.297322,0.558676,True,False,VALIDATION_CANDIDATE,1.0.0
league=Argentina Primera Division,Argentina Primera Division,ALL,O15,U25,Over 1.5,Under 2.5,1595,451,0.610031,0.672727,0.282759,0.410385,0.689,-12.763,-0.5577,0.2612,0.305361,0.282759,0.610031,True,False,RESEARCH,1.0.0
league=Argentina Primera Division,Argentina Primera Division,ALL,O15,U35,Over 1.5,Under 3.5,1595,743,0.610031,0.855799,0.465831,0.522064,0.8923,-5.623,-0.3282,0.441461,0.490365,0.465831,0.610031,True,False,RESEARCH,1.0.0
league=Argentina Primera Division,Argentina Primera Division,ALL,O15,BTTS_NO,Over 1.5,BTTS No,1595,334,0.610031,0.599373,0.209404,0.365636,0.5727,-15.623,-0.6537,0.190146,0.230059,0.209404,0.599373,True,False,RESEARCH,1.0.0
league=Argentina Primera Division,Argentina Primera Division,ALL,O15,HOME,Over 1.5,Home win,1595,445,0.610031,0.433856,0.278997,0.264666,1.0541,1.433,0.0593,0.257537,0.301519,0.043887,0.433856,True,True,RESEARCH,1.0.0
league=Argentina Primera Division,Argentina Primera Division,ALL,O15,DRAW,Over 1.5,Draw,1595,272,0.610031,0.312853,0.170533,0.19085,0.8935,-2.032,-0.0898,0.152872,0.189777,0.0,0.312853,True,False,RESEARCH,1.0.0
league=Argentina Primera Division,Argentina Primera Division,ALL,O15,AWAY,Over 1.5,Away win,1595,256,0.610031,0.253292,0.160502,0.154516,1.0387,0.599,0.0282,0.143306,0.179329,0.0,0.253292,True,True,RESEARCH,1.0.0
league=Argentina Primera Division,Argentina Primera Division,ALL,O15,1X,Over 1.5,Home or draw,1595,717,0.610031,0.746708,0.44953,0.455516,0.9869,-0.599,-0.0282,0.425267,0.474035,0.35674,0.610031,True,True,RESEARCH,1.0.0
league=Argentina Primera Division,Argentina Primera Division,ALL,O15,X2,Over 1.5,Draw or away,1595,528,0.610031,0.566144,0.331034,0.345366,0.9585,-1.433,-0.0593,0.30837,0.354511,0.176176,0.566144,True,True,RESEARCH,1.0.0
league=Argentina Primera Division,Argentina Primera Division,ALL,O15,12,Over 1.5,Home or away,1595,701,0.610031,0.687147,0.439498,0.419181,1.0485,2.032,0.0898,0.415315,0.463973,0.297179,0.610031,True,True,RESEARCH,1.0.0
league=Argentina Primera Division,Argentina Primera Division,ALL,U15,HOME,Under 1.5,Home win,1595,247,0.389969,0.433856,0.154859,0.16919,0.9153,-1.433,-0.0593,0.137936,0.173441,0.0,0.389969,True,True,RESEARCH,1.0.0
league=Argentina Primera Division,Argentina Primera Division,ALL,U15,DRAW,Under 1.5,Draw,1595,227,0.389969,0.312853,0.14232,0.122003,1.1665,2.032,0.0898,0.126032,0.160326,0.0,0.312853,True,False,RESEARCH,1.0.0
league=Argentina Primera Division,Argentina Primera Division,ALL,U15,AWAY,Under 1.5,Away win,1595,148,0.389969,0.253292,0.09279,0.098776,0.9394,-0.599,-0.0282,0.079513,0.108024,0.0,0.253292,True,True,RESEARCH,1.0.0
league=Argentina Primera Division,Argentina Primera Division,ALL,U15,1X,Under 1.5,Home or draw,1595,474,0.389969,0.746708,0.297179,0.291193,1.0206,0.599,0.0282,0.275259,0.320073,0.136677,0.389969,True,True,RESEARCH,1.0.0
league=Argentina Primera Division,Argentina Primera Division,ALL,U15,X2,Under 1.5,Draw or away,1595,375,0.389969,0.566144,0.23511,0.220778,1.0649,1.433,0.0593,0.21495,0.256543,0.0,0.389969,True,True,RESEARCH,1.0.0
league=Argentina Primera Division,Argentina Primera Division,ALL,U15,12,Under 1.5,Home or away,1595,395,0.389969,0.687147,0.247649,0.267966,0.9242,-2.032,-0.0898,0.227088,0.269422,0.077116,0.389969,True,True,RESEARCH,1.0.0
league=Argentina Primera Division,Argentina Primera Division,ALL,O25,U35,Over 2.5,Under 3.5,1595,292,0.327273,0.855799,0.183072,0.28008,0.6536,-9.701,-0.5885,0.164862,0.202805,0.183072,0.327273,True,False,RESEARCH,1.0.0
league=Argentina Primera Division,Argentina Primera Division,ALL,O25,BTTS,Over 2.5,BTTS Yes,1595,418,0.327273,0.400627,0.262069,0.131114,1.9988,13.095,0.5695,0.241077,0.284204,0.0,0.327273,True,False,RESEARCH,1.0.0
league=Argentina Primera Division,Argentina Primera Division,ALL,O25,BTTS_NO,Over 2.5,BTTS No,1595,104,0.327273,0.599373,0.065204,0.196158,0.3324,-13.095,-0.5695,0.054102,0.078395,0.0,0.327273,True,False,RESEARCH,1.0.0
league=Argentina Primera Division,Argentina Primera Division,ALL,O25,HOME,Over 2.5,Home win,1595,298,0.327273,0.433856,0.186834,0.141989,1.3158,4.484,0.1928,0.168465,0.206707,0.0,0.327273,True,False,RESEARCH,1.0.0
league=Argentina Primera Division,Argentina Primera Division,ALL,O25,DRAW,Over 2.5,Draw,1595,51,0.327273,0.312853,0.031975,0.102388,0.3123,-7.041,-0.3237,0.024403,0.041796,0.0,0.312853,True,False,RESEARCH,1.0.0
league=Argentina Primera Division,Argentina Primera Division,ALL,O25,AWAY,Over 2.5,Away win,1595,173,0.327273,0.253292,0.108464,0.082895,1.3084,2.557,0.1253,0.094133,0.124677,0.0,0.253292,True,False,RESEARCH,1.0.0
league=Argentina Primera Division,Argentina Primera Division,ALL,O25,1X,Over 2.5,Home or draw,1595,349,0.327273,0.746708,0.218809,0.244377,0.8954,-2.557,-0.1253,0.199207,0.239761,0.073981,0.327273,True,False,RESEARCH,1.0.0
league=Argentina Primera Division,Argentina Primera Division,ALL,O25,X2,Over 2.5,Draw or away,1595,224,0.327273,0.566144,0.140439,0.185284,0.758,-4.484,-0.1928,0.12425,0.158356,0.0,0.327273,True,False,RESEARCH,1.0.0
league=Argentina Primera Division,Argentina Primera Division,ALL,O25,12,Over 2.5,Home or away,1595,471,0.327273,0.687147,0.295298,0.224885,1.3131,7.041,0.3237,0.273423,0.318156,0.01442,0.327273,True,False,RESEARCH,1.0.0
league=Argentina Primera Division,Argentina Primera Division,ALL,U25,BTTS,Under 2.5,BTTS Yes,1595,221,0.672727,0.400627,0.138558,0.269513,0.5141,-13.095,-0.5695,0.122469,0.156384,0.073354,0.400627,True,False,RESEARCH,1.0.0
league=Argentina Primera Division,Argentina Primera Division,ALL,U25,BTTS_NO,Under 2.5,BTTS No,1595,852,0.672727,0.599373,0.534169,0.403215,1.3248,13.095,0.5695,0.509635,0.558539,0.2721,0.599373,True,False,RESEARCH,1.0.0
league=Argentina Primera Division,Argentina Primera Division,ALL,U25,HOME,Under 2.5,Home win,1595,394,0.672727,0.433856,0.247022,0.291867,0.8464,-4.484,-0.1928,0.226481,0.268779,0.106583,0.433856,True,False,RESEARCH,1.0.0
league=Argentina Primera Division,Argentina Primera Division,ALL,U25,DRAW,Under 2.5,Draw,1595,448,0.672727,0.312853,0.280878,0.210465,1.3346,7.041,0.3237,0.259368,0.30344,0.0,0.312853,True,False,RESEARCH,1.0.0
league=Argentina Primera Division,Argentina Primera Division,ALL,U25,AWAY,Under 2.5,Away win,1595,231,0.672727,0.253292,0.144828,0.170396,0.8499,-2.557,-0.1253,0.128409,0.162953,0.0,0.253292,True,False,RESEARCH,1.0.0
league=Argentina Primera Division,Argentina Primera Division,ALL,U25,1X,Under 2.5,Home or draw,1595,842,0.672727,0.746708,0.5279,0.502331,1.0509,2.557,0.1253,0.503362,0.552303,0.419436,0.672727,True,False,RESEARCH,1.0.0
league=Argentina Primera Division,Argentina Primera Division,ALL,U25,X2,Under 2.5,Draw or away,1595,679,0.672727,0.566144,0.425705,0.380861,1.1177,4.484,0.1928,0.401646,0.450121,0.238871,0.566144,True,False,RESEARCH,1.0.0
league=Argentina Primera Division,Argentina Primera Division,ALL,U25,12,Under 2.5,Home or away,1595,625,0.672727,0.687147,0.39185,0.462263,0.8477,-7.041,-0.3237,0.368179,0.416039,0.359875,0.672727,True,False,RESEARCH,1.0.0
league=Argentina Primera Division,Argentina Primera Division,ALL,O35,BTTS,Over 3.5,BTTS Yes,1595,200,0.144201,0.400627,0.125392,0.057771,2.1705,6.762,0.3928,0.110034,0.14255,0.0,0.144201,True,False,RESEARCH,1.0.0
league=Argentina Primera Division,Argentina Primera Division,ALL,O35,BTTS_NO,Over 3.5,BTTS No,1595,30,0.144201,0.599373,0.018809,0.08643,0.2176,-6.762,-0.3928,0.013206,0.026724,0.0,0.144201,True,False,RESEARCH,1.0.0
league=Argentina Primera Division,Argentina Primera Division,ALL,O35,HOME,Over 3.5,Home win,1595,111,0.144201,0.433856,0.069592,0.062562,1.1124,0.703,0.0404,0.058111,0.083142,0.0,0.144201,True,True,RESEARCH,1.0.0
league=Argentina Primera Division,Argentina Primera Division,ALL,O35,DRAW,Over 3.5,Draw,1595,51,0.144201,0.312853,0.031975,0.045114,0.7088,-1.314,-0.0807,0.024403,0.041796,0.0,0.144201,True,False,RESEARCH,1.0.0
league=Argentina Primera Division,Argentina Primera Division,ALL,O35,AWAY,Over 3.5,Away win,1595,68,0.144201,0.253292,0.042633,0.036525,1.1672,0.611,0.04,0.033768,0.053696,0.0,0.144201,True,True,RESEARCH,1.0.0
league=Argentina Primera Division,Argentina Primera Division,ALL,O35,1X,Over 3.5,Home or draw,1595,162,0.144201,0.746708,0.101567,0.107676,0.9433,-0.611,-0.04,0.087687,0.117363,0.0,0.144201,True,True,RESEARCH,1.0.0
league=Argentina Primera Division,Argentina Primera Division,ALL,O35,X2,Over 3.5,Draw or away,1595,119,0.144201,0.566144,0.074608,0.081638,0.9139,-0.703,-0.0404,0.06271,0.088551,0.0,0.144201,True,True,RESEARCH,1.0.0
league=Argentina Primera Division,Argentina Primera Division,ALL,O35,12,Over 3.5,Home or away,1595,179,0.144201,0.687147,0.112226,0.099087,1.1326,1.314,0.0807,0.097657,0.128658,0.0,0.144201,True,True,RESEARCH,1.0.0
league=Argentina Primera Division,Argentina Primera Division,ALL,U35,BTTS,Under 3.5,BTTS Yes,1595,439,0.855799,0.400627,0.275235,0.342856,0.8028,-6.762,-0.3928,0.253876,0.297675,0.256426,0.400627,True,False,RESEARCH,1.0.0
league=Argentina Primera Division,Argentina Primera Division,ALL,U35,BTTS_NO,Under 3.5,BTTS No,1595,926,0.855799,0.599373,0.580564,0.512943,1.1318,6.762,0.3928,0.556181,0.60456,0.455172,0.599373,True,False,RESEARCH,1.0.0
league=Argentina Primera Division,Argentina Primera Division,ALL,U35,HOME,Under 3.5,Home win,1595,581,0.855799,0.433856,0.364263,0.371294,0.9811,-0.703,-0.0404,0.340999,0.38818,0.289655,0.433856,True,True,RESEARCH,1.0.0
league=Argentina Primera Division,Argentina Primera Division,ALL,U35,DRAW,Under 3.5,Draw,1595,448,0.855799,0.312853,0.280878,0.267739,1.0491,1.314,0.0807,0.259368,0.30344,0.168652,0.312853,True,True,RESEARCH,1.0.0
league=Argentina Primera Division,Argentina Primera Division,ALL,U35,AWAY,Under 3.5,Away win,1595,336,0.855799,0.253292,0.210658,0.216767,0.9718,-0.611,-0.04,0.191353,0.231354,0.109091,0.253292,True,True,RESEARCH,1.0.0
league=Argentina Primera Division,Argentina Primera Division,ALL,U35,1X,Under 3.5,Home or draw,1595,1029,0.855799,0.746708,0.645141,0.639033,1.0096,0.611,0.04,0.621336,0.668248,0.602508,0.746708,True,True,RESEARCH,1.0.0
league=Argentina Primera Division,Argentina Primera Division,ALL,U35,X2,Under 3.5,Draw or away,1595,784,0.855799,0.566144,0.491536,0.484506,1.0145,0.703,0.0404,0.467051,0.516062,0.421944,0.566144,True,True,RESEARCH,1.0.0
league=Argentina Primera Division,Argentina Primera Division,ALL,U35,12,Under 3.5,Home or away,1595,917,0.855799,0.687147,0.574922,0.58806,0.9777,-1.314,-0.0807,0.550509,0.598974,0.542947,0.687147,True,True,RESEARCH,1.0.0
league=Argentina Primera Division,Argentina Primera Division,ALL,BTTS,HOME,BTTS Yes,Home win,1595,225,0.400627,0.433856,0.141066,0.173814,0.8116,-3.275,-0.1348,0.124844,0.159013,0.0,0.400627,True,False,RESEARCH,1.0.0
league=Argentina Primera Division,Argentina Primera Division,ALL,BTTS,DRAW,BTTS Yes,Draw,1595,272,0.400627,0.312853,0.170533,0.125337,1.3606,4.52,0.1989,0.152872,0.189777,0.0,0.312853,True,False,RESEARCH,1.0.0
league=Argentina Primera Division,Argentina Primera Division,ALL,BTTS,AWAY,BTTS Yes,Away win,1595,142,0.400627,0.253292,0.089028,0.101475,0.8773,-1.245,-0.0584,0.076021,0.10401,0.0,0.253292,True,True,RESEARCH,1.0.0
league=Argentina Primera Division,Argentina Primera Division,ALL,BTTS,1X,BTTS Yes,Home or draw,1595,497,0.400627,0.746708,0.311599,0.299152,1.0416,1.245,0.0584,0.289344,0.334758,0.147335,0.400627,True,True,RESEARCH,1.0.0
league=Argentina Primera Division,Argentina Primera Division,ALL,BTTS,X2,BTTS Yes,Draw or away,1595,414,0.400627,0.566144,0.259561,0.226813,1.1444,3.275,0.1348,0.238642,0.281636,0.0,0.400627,True,False,RESEARCH,1.0.0
league=Argentina Primera Division,Argentina Primera Division,ALL,BTTS,12,BTTS Yes,Home or away,1595,367,0.400627,0.687147,0.230094,0.27529,0.8358,-4.52,-0.1989,0.210101,0.251384,0.087774,0.400627,True,False,RESEARCH,1.0.0
league=Argentina Primera Division,Argentina Primera Division,ALL,BTTS_NO,HOME,BTTS No,Home win,1595,467,0.599373,0.433856,0.29279,0.260041,1.1259,3.275,0.1348,0.270977,0.315599,0.033229,0.433856,True,False,RESEARCH,1.0.0
league=Argentina Primera Division,Argentina Primera Division,ALL,BTTS_NO,DRAW,BTTS No,Draw,1595,227,0.599373,0.312853,0.14232,0.187515,0.759,-4.52,-0.1989,0.126032,0.160326,0.0,0.312853,True,False,RESEARCH,1.0.0
league=Argentina Primera Division,Argentina Primera Division,ALL,BTTS_NO,AWAY,BTTS No,Away win,1595,262,0.599373,0.253292,0.164263,0.151816,1.082,1.245,0.0584,0.14689,0.18325,0.0,0.253292,True,True,RESEARCH,1.0.0
league=Argentina Primera Division,Argentina Primera Division,ALL,BTTS_NO,1X,BTTS No,Home or draw,1595,694,0.599373,0.746708,0.43511,0.447557,0.9722,-1.245,-0.0584,0.410964,0.459568,0.346082,0.599373,True,True,RESEARCH,1.0.0
league=Argentina Primera Division,Argentina Primera Division,ALL,BTTS_NO,X2,BTTS No,Draw or away,1595,489,0.599373,0.566144,0.306583,0.339332,0.9035,-3.275,-0.1348,0.284442,0.329653,0.165517,0.566144,True,False,RESEARCH,1.0.0
league=Argentina Primera Division,Argentina Primera Division,ALL,BTTS_NO,12,BTTS No,Home or away,1595,729,0.599373,0.687147,0.457053,0.411858,1.1097,4.52,0.1989,0.432738,0.481575,0.28652,0.599373,True,False,RESEARCH,1.0.0
league=Argentina Primera Division,Argentina Primera Division,ALL,1X,X2,Home or draw,Draw or away,1595,499,0.746708,0.566144,0.312853,0.422745,0.7401,-10.989,-0.5099,0.290571,0.336034,0.312853,0.566144,True,False,RESEARCH,1.0.0
league=Argentina Primera Division,Argentina Primera Division,ALL,1X,12,Home or draw,Home or away,1595,692,0.746708,0.687147,0.433856,0.513099,0.8456,-7.924,-0.393,0.409721,0.458309,0.433856,0.687147,True,False,RESEARCH,1.0.0
league=Argentina Primera Division,Argentina Primera Division,ALL,X2,12,Draw or away,Home or away,1595,404,0.566144,0.687147,0.253292,0.389024,0.6511,-13.573,-0.5907,0.232558,0.27521,0.253292,0.566144,True,False,RESEARCH,1.0.0
league=Austrian Bundesliga,Austrian Bundesliga,ALL,O15,U25,Over 1.5,Under 2.5,606,154,0.760726,0.493399,0.254125,0.375342,0.6771,-12.122,-0.5683,0.221085,0.290263,0.254125,0.493399,True,False,RESEARCH,1.0.0
league=Austrian Bundesliga,Austrian Bundesliga,ALL,O15,U35,Over 1.5,Under 3.5,606,293,0.760726,0.722772,0.483498,0.549832,0.8794,-6.633,-0.3473,0.44394,0.523265,0.483498,0.722772,True,False,RESEARCH,1.0.0
league=Austrian Bundesliga,Austrian Bundesliga,ALL,O15,BTTS_NO,Over 1.5,BTTS No,606,144,0.760726,0.476898,0.237624,0.362789,0.655,-12.516,-0.5874,0.205455,0.273098,0.237624,0.476898,True,False,RESEARCH,1.0.0
league=Austrian Bundesliga,Austrian Bundesliga,ALL,O15,HOME,Over 1.5,Home win,606,194,0.760726,0.412541,0.320132,0.313831,1.0201,0.63,0.03,0.28422,0.35831,0.173267,0.412541,True,True,RESEARCH,1.0.0
league=Austrian Bundesliga,Austrian Bundesliga,ALL,O15,DRAW,Over 1.5,Draw,606,115,0.760726,0.268977,0.189769,0.204618,0.9274,-1.485,-0.0785,0.16054,0.222906,0.029703,0.268977,True,True,RESEARCH,1.0.0
league=Austrian Bundesliga,Austrian Bundesliga,ALL,O15,AWAY,Over 1.5,Away win,606,152,0.760726,0.318482,0.250825,0.242277,1.0353,0.855,0.043,0.217954,0.286836,0.079208,0.318482,True,True,RESEARCH,1.0.0
league=Austrian Bundesliga,Austrian Bundesliga,ALL,O15,1X,Over 1.5,Home or draw,606,309,0.760726,0.681518,0.509901,0.518449,0.9835,-0.855,-0.043,0.470162,0.549515,0.442244,0.681518,True,True,RESEARCH,1.0.0
league=Austrian Bundesliga,Austrian Bundesliga,ALL,O15,X2,Over 1.5,Draw or away,606,267,0.760726,0.587459,0.440594,0.446895,0.9859,-0.63,-0.03,0.401563,0.480373,0.348185,0.587459,True,True,RESEARCH,1.0.0
league=Austrian Bundesliga,Austrian Bundesliga,ALL,O15,12,Over 1.5,Home or away,606,346,0.760726,0.731023,0.570957,0.556108,1.0267,1.485,0.0785,0.531225,0.609795,0.491749,0.731023,True,True,RESEARCH,1.0.0
league=Austrian Bundesliga,Austrian Bundesliga,ALL,U15,HOME,Under 1.5,Home win,606,56,0.239274,0.412541,0.092409,0.09871,0.9362,-0.63,-0.03,0.071849,0.118105,0.0,0.239274,True,True,RESEARCH,1.0.0
league=Austrian Bundesliga,Austrian Bundesliga,ALL,U15,DRAW,Under 1.5,Draw,606,48,0.239274,0.268977,0.079208,0.064359,1.2307,1.485,0.0785,0.060261,0.103456,0.0,0.239274,True,True,RESEARCH,1.0.0
league=Austrian Bundesliga,Austrian Bundesliga,ALL,U15,AWAY,Under 1.5,Away win,606,41,0.239274,0.318482,0.067657,0.076204,0.8878,-0.855,-0.043,0.050261,0.090499,0.0,0.239274,True,True,RESEARCH,1.0.0
league=Austrian Bundesliga,Austrian Bundesliga,ALL,U15,1X,Under 1.5,Home or draw,606,104,0.239274,0.681518,0.171617,0.16307,1.0524,0.855,0.043,0.143689,0.203683,0.0,0.239274,True,True,RESEARCH,1.0.0
league=Austrian Bundesliga,Austrian Bundesliga,ALL,U15,X2,Under 1.5,Draw or away,606,89,0.239274,0.587459,0.146865,0.140564,1.0448,0.63,0.03,0.120907,0.177271,0.0,0.239274,True,True,RESEARCH,1.0.0
league=Austrian Bundesliga,Austrian Bundesliga,ALL,U15,12,Under 1.5,Home or away,606,97,0.239274,0.731023,0.160066,0.174915,0.9151,-1.485,-0.0785,0.133027,0.191388,0.0,0.239274,True,True,RESEARCH,1.0.0
league=Austrian Bundesliga,Austrian Bundesliga,ALL,O25,U35,Over 2.5,Under 3.5,606,139,0.506601,0.722772,0.229373,0.366157,0.6264,-13.678,-0.6112,0.197665,0.26449,0.229373,0.506601,True,False,RESEARCH,1.0.0
league=Austrian Bundesliga,Austrian Bundesliga,ALL,O25,BTTS,Over 2.5,BTTS Yes,606,242,0.506601,0.523102,0.39934,0.265004,1.5069,13.434,0.538,0.361097,0.438851,0.029703,0.506601,True,False,RESEARCH,1.0.0
league=Austrian Bundesliga,Austrian Bundesliga,ALL,O25,BTTS_NO,Over 2.5,BTTS No,606,65,0.506601,0.476898,0.107261,0.241597,0.444,-13.434,-0.538,0.08505,0.134419,0.0,0.476898,True,False,RESEARCH,1.0.0
league=Austrian Bundesliga,Austrian Bundesliga,ALL,O25,HOME,Over 2.5,Home win,606,148,0.506601,0.412541,0.244224,0.208994,1.1686,3.523,0.1431,0.211699,0.279972,0.0,0.412541,True,False,RESEARCH,1.0.0
league=Austrian Bundesliga,Austrian Bundesliga,ALL,O25,DRAW,Over 2.5,Draw,606,40,0.506601,0.268977,0.066007,0.136264,0.4844,-7.026,-0.3169,0.048845,0.088636,0.0,0.268977,True,False,RESEARCH,1.0.0
league=Austrian Bundesliga,Austrian Bundesliga,ALL,O25,AWAY,Over 2.5,Away win,606,119,0.506601,0.318482,0.19637,0.161343,1.2171,3.503,0.1504,0.166695,0.229869,0.0,0.318482,True,False,RESEARCH,1.0.0
league=Austrian Bundesliga,Austrian Bundesliga,ALL,O25,1X,Over 2.5,Home or draw,606,188,0.506601,0.681518,0.310231,0.345258,0.8985,-3.503,-0.1504,0.274692,0.348161,0.188119,0.506601,True,True,RESEARCH,1.0.0
league=Austrian Bundesliga,Austrian Bundesliga,ALL,O25,X2,Over 2.5,Draw or away,606,159,0.506601,0.587459,0.262376,0.297607,0.8816,-3.523,-0.1431,0.228925,0.298821,0.094059,0.506601,True,True,RESEARCH,1.0.0
league=Austrian Bundesliga,Austrian Bundesliga,ALL,O25,12,Over 2.5,Home or away,606,267,0.506601,0.731023,0.440594,0.370337,1.1897,7.026,0.3169,0.401563,0.480373,0.237624,0.506601,True,False,RESEARCH,1.0.0
league=Austrian Bundesliga,Austrian Bundesliga,ALL,U25,BTTS,Under 2.5,BTTS Yes,606,75,0.493399,0.523102,0.123762,0.258098,0.4795,-13.434,-0.538,0.099888,0.152376,0.016502,0.493399,True,False,RESEARCH,1.0.0
league=Austrian Bundesliga,Austrian Bundesliga,ALL,U25,BTTS_NO,Under 2.5,BTTS No,606,224,0.493399,0.476898,0.369637,0.235301,1.5709,13.434,0.538,0.332138,0.408779,0.0,0.476898,True,False,RESEARCH,1.0.0
league=Austrian Bundesliga,Austrian Bundesliga,ALL,U25,HOME,Under 2.5,Home win,606,102,0.493399,0.412541,0.168317,0.203548,0.8269,-3.523,-0.1431,0.140637,0.200175,0.0,0.412541,True,False,RESEARCH,1.0.0
league=Austrian Bundesliga,Austrian Bundesliga,ALL,U25,DRAW,Under 2.5,Draw,606,123,0.493399,0.268977,0.20297,0.132713,1.5294,7.026,0.3169,0.172864,0.236819,0.0,0.268977,True,False,RESEARCH,1.0.0
league=Austrian Bundesliga,Austrian Bundesliga,ALL,U25,AWAY,Under 2.5,Away win,606,74,0.493399,0.318482,0.122112,0.157139,0.7771,-3.503,-0.1504,0.098397,0.150588,0.0,0.318482,True,False,RESEARCH,1.0.0
league=Austrian Bundesliga,Austrian Bundesliga,ALL,U25,1X,Under 2.5,Home or draw,606,225,0.493399,0.681518,0.371287,0.336261,1.1042,3.503,0.1504,0.333743,0.410453,0.174917,0.493399,True,True,RESEARCH,1.0.0
league=Austrian Bundesliga,Austrian Bundesliga,ALL,U25,X2,Under 2.5,Draw or away,606,197,0.493399,0.587459,0.325083,0.289852,1.1215,3.523,0.1431,0.288991,0.363377,0.080858,0.493399,True,True,RESEARCH,1.0.0
league=Austrian Bundesliga,Austrian Bundesliga,ALL,U25,12,Under 2.5,Home or away,606,176,0.493399,0.731023,0.290429,0.360686,0.8052,-7.026,-0.3169,0.255695,0.327803,0.224422,0.493399,True,False,RESEARCH,1.0.0
league=Austrian Bundesliga,Austrian Bundesliga,ALL,O35,BTTS,Over 3.5,BTTS Yes,606,146,0.277228,0.523102,0.240924,0.145018,1.6613,9.591,0.429,0.208575,0.276537,0.0,0.277228,True,False,RESEARCH,1.0.0
league=Austrian Bundesliga,Austrian Bundesliga,ALL,O35,BTTS_NO,Over 3.5,BTTS No,606,22,0.277228,0.476898,0.036304,0.132209,0.2746,-9.591,-0.429,0.024095,0.054355,0.0,0.277228,True,False,RESEARCH,1.0.0
league=Austrian Bundesliga,Austrian Bundesliga,ALL,O35,HOME,Over 3.5,Home win,606,72,0.277228,0.412541,0.118812,0.114368,1.0389,0.444,0.0202,0.09542,0.147006,0.0,0.277228,True,True,RESEARCH,1.0.0
league=Austrian Bundesliga,Austrian Bundesliga,ALL,O35,DRAW,Over 3.5,Draw,606,40,0.277228,0.268977,0.066007,0.074568,0.8852,-0.856,-0.0431,0.048845,0.088636,0.0,0.268977,True,True,RESEARCH,1.0.0
league=Austrian Bundesliga,Austrian Bundesliga,ALL,O35,AWAY,Over 3.5,Away win,606,56,0.277228,0.318482,0.092409,0.088292,1.0466,0.412,0.0197,0.071849,0.118105,0.0,0.277228,True,True,RESEARCH,1.0.0
league=Austrian Bundesliga,Austrian Bundesliga,ALL,O35,1X,Over 3.5,Home or draw,606,112,0.277228,0.681518,0.184818,0.188936,0.9782,-0.412,-0.0197,0.155933,0.217675,0.0,0.277228,True,True,RESEARCH,1.0.0
league=Austrian Bundesliga,Austrian Bundesliga,ALL,O35,X2,Over 3.5,Draw or away,606,96,0.277228,0.587459,0.158416,0.16286,0.9727,-0.444,-0.0202,0.131508,0.189627,0.0,0.277228,True,True,RESEARCH,1.0.0
league=Austrian Bundesliga,Austrian Bundesliga,ALL,O35,12,Over 3.5,Home or away,606,128,0.277228,0.731023,0.211221,0.20266,1.0422,0.856,0.0431,0.180593,0.245487,0.008251,0.277228,True,True,RESEARCH,1.0.0
league=Austrian Bundesliga,Austrian Bundesliga,ALL,U35,BTTS,Under 3.5,BTTS Yes,606,171,0.722772,0.523102,0.282178,0.378084,0.7463,-9.591,-0.429,0.247804,0.319297,0.245875,0.523102,True,False,RESEARCH,1.0.0
league=Austrian Bundesliga,Austrian Bundesliga,ALL,U35,BTTS_NO,Under 3.5,BTTS No,606,267,0.722772,0.476898,0.440594,0.344688,1.2782,9.591,0.429,0.401563,0.480373,0.19967,0.476898,True,False,RESEARCH,1.0.0
league=Austrian Bundesliga,Austrian Bundesliga,ALL,U35,HOME,Under 3.5,Home win,606,178,0.722772,0.412541,0.293729,0.298173,0.9851,-0.444,-0.0202,0.258856,0.331202,0.135314,0.412541,True,True,RESEARCH,1.0.0
league=Austrian Bundesliga,Austrian Bundesliga,ALL,U35,DRAW,Under 3.5,Draw,606,123,0.722772,0.268977,0.20297,0.194409,1.044,0.856,0.0431,0.172864,0.236819,0.0,0.268977,True,True,RESEARCH,1.0.0
league=Austrian Bundesliga,Austrian Bundesliga,ALL,U35,AWAY,Under 3.5,Away win,606,137,0.722772,0.318482,0.226073,0.23019,0.9821,-0.412,-0.0197,0.194555,0.261042,0.041254,0.318482,True,True,RESEARCH,1.0.0
league=Austrian Bundesliga,Austrian Bundesliga,ALL,U35,1X,Under 3.5,Home or draw,606,301,0.722772,0.681518,0.4967,0.492582,1.0084,0.412,0.0197,0.457037,0.536404,0.40429,0.681518,True,True,RESEARCH,1.0.0
league=Austrian Bundesliga,Austrian Bundesliga,ALL,U35,X2,Under 3.5,Draw or away,606,260,0.722772,0.587459,0.429043,0.424599,1.0105,0.444,0.0202,0.390205,0.468775,0.310231,0.587459,True,True,RESEARCH,1.0.0
league=Austrian Bundesliga,Austrian Bundesliga,ALL,U35,12,Under 3.5,Home or away,606,315,0.722772,0.731023,0.519802,0.528363,0.9838,-0.856,-0.0431,0.480024,0.55933,0.453795,0.722772,True,True,RESEARCH,1.0.0
league=Austrian Bundesliga,Austrian Bundesliga,ALL,BTTS,HOME,BTTS Yes,Home win,606,108,0.523102,0.412541,0.178218,0.215801,0.8258,-3.758,-0.1529,0.149803,0.210686,0.0,0.412541,True,False,RESEARCH,1.0.0
league=Austrian Bundesliga,Austrian Bundesliga,ALL,BTTS,DRAW,BTTS Yes,Draw,606,115,0.523102,0.268977,0.189769,0.140702,1.3487,4.907,0.2215,0.16054,0.222906,0.0,0.268977,True,False,RESEARCH,1.0.0
league=Austrian Bundesliga,Austrian Bundesliga,ALL,BTTS,AWAY,BTTS Yes,Away win,606,94,0.523102,0.318482,0.155116,0.166599,0.9311,-1.148,-0.0493,0.128474,0.186103,0.0,0.318482,True,True,RESEARCH,1.0.0
league=Austrian Bundesliga,Austrian Bundesliga,ALL,BTTS,1X,BTTS Yes,Home or draw,606,223,0.523102,0.681518,0.367987,0.356504,1.0322,1.148,0.0493,0.330533,0.407103,0.20462,0.523102,True,True,RESEARCH,1.0.0
league=Austrian Bundesliga,Austrian Bundesliga,ALL,BTTS,X2,BTTS Yes,Draw or away,606,209,0.523102,0.587459,0.344884,0.307301,1.1223,3.758,0.1529,0.308123,0.3836,0.110561,0.523102,True,False,RESEARCH,1.0.0
league=Austrian Bundesliga,Austrian Bundesliga,ALL,BTTS,12,BTTS Yes,Home or away,606,202,0.523102,0.731023,0.333333,0.3824,0.8717,-4.907,-0.2215,0.296954,0.371813,0.254125,0.523102,True,False,RESEARCH,1.0.0
league=Austrian Bundesliga,Austrian Bundesliga,ALL,BTTS_NO,HOME,BTTS No,Home win,606,142,0.476898,0.412541,0.234323,0.19674,1.191,3.758,0.1529,0.202337,0.269657,0.0,0.412541,True,False,RESEARCH,1.0.0
league=Austrian Bundesliga,Austrian Bundesliga,ALL,BTTS_NO,DRAW,BTTS No,Draw,606,48,0.476898,0.268977,0.079208,0.128274,0.6175,-4.907,-0.2215,0.060261,0.103456,0.0,0.268977,True,False,RESEARCH,1.0.0
league=Austrian Bundesliga,Austrian Bundesliga,ALL,BTTS_NO,AWAY,BTTS No,Away win,606,99,0.476898,0.318482,0.163366,0.151883,1.0756,1.148,0.0493,0.136068,0.194906,0.0,0.318482,True,True,RESEARCH,1.0.0
league=Austrian Bundesliga,Austrian Bundesliga,ALL,BTTS_NO,1X,BTTS No,Home or draw,606,190,0.476898,0.681518,0.313531,0.325014,0.9647,-1.148,-0.0493,0.277866,0.351546,0.158416,0.476898,True,True,RESEARCH,1.0.0
league=Austrian Bundesliga,Austrian Bundesliga,ALL,BTTS_NO,X2,BTTS No,Draw or away,606,147,0.476898,0.587459,0.242574,0.280158,0.8658,-3.758,-0.1529,0.210137,0.278255,0.064356,0.476898,True,False,RESEARCH,1.0.0
league=Austrian Bundesliga,Austrian Bundesliga,ALL,BTTS_NO,12,BTTS No,Home or away,606,241,0.476898,0.731023,0.39769,0.348623,1.1407,4.907,0.2215,0.359484,0.437184,0.207921,0.476898,True,False,RESEARCH,1.0.0
league=Austrian Bundesliga,Austrian Bundesliga,ALL,1X,X2,Home or draw,Draw or away,606,163,0.681518,0.587459,0.268977,0.400364,0.6718,-13.139,-0.5729,0.235208,0.305656,0.268977,0.587459,True,False,RESEARCH,1.0.0
league=Austrian Bundesliga,Austrian Bundesliga,ALL,1X,12,Home or draw,Home or away,606,250,0.681518,0.731023,0.412541,0.498206,0.8281,-8.566,-0.4147,0.374016,0.452168,0.412541,0.681518,True,False,RESEARCH,1.0.0
league=Austrian Bundesliga,Austrian Bundesliga,ALL,X2,12,Draw or away,Home or away,606,193,0.587459,0.731023,0.318482,0.429446,0.7416,-11.096,-0.5083,0.282631,0.35662,0.318482,0.587459,True,False,RESEARCH,1.0.0
league=Brazil Serie A,Brazil Serie A,ALL,O15,U25,Over 1.5,Under 2.5,1374,363,0.729985,0.534207,0.264192,0.389963,0.6775,-12.577,-0.5679,0.241559,0.28814,0.264192,0.534207,True,False,RESEARCH,1.0.0
league=Brazil Serie A,Brazil Serie A,ALL,O15,U35,Over 1.5,Under 3.5,1374,700,0.729985,0.779476,0.509461,0.569006,0.8954,-5.954,-0.3235,0.483038,0.535832,0.509461,0.729985,True,False,RESEARCH,1.0.0
league=Brazil Serie A,Brazil Serie A,ALL,O15,BTTS_NO,Over 1.5,BTTS No,1374,303,0.729985,0.490539,0.220524,0.358086,0.6158,-13.756,-0.6198,0.199397,0.243209,0.220524,0.490539,True,False,RESEARCH,1.0.0
league=Brazil Serie A,Brazil Serie A,ALL,O15,HOME,Over 1.5,Home win,1374,482,0.729985,0.477438,0.350801,0.348523,1.0065,0.228,0.0103,0.326015,0.376419,0.207424,0.477438,True,True,RESEARCH,1.0.0
league=Brazil Serie A,Brazil Serie A,ALL,O15,DRAW,Over 1.5,Draw,1374,270,0.729985,0.267103,0.196507,0.194982,1.0078,0.152,0.0078,0.176354,0.218351,0.0,0.267103,True,True,RESEARCH,1.0.0
league=Brazil Serie A,Brazil Serie A,ALL,O15,AWAY,Over 1.5,Away win,1374,251,0.729985,0.255459,0.182678,0.186481,0.9796,-0.38,-0.0196,0.163141,0.203985,0.0,0.255459,True,True,RESEARCH,1.0.0
league=Brazil Serie A,Brazil Serie A,ALL,O15,1X,Over 1.5,Home or draw,1374,752,0.729985,0.744541,0.547307,0.543504,1.007,0.38,0.0196,0.520892,0.573458,0.474527,0.729985,True,True,RESEARCH,1.0.0
league=Brazil Serie A,Brazil Serie A,ALL,O15,X2,Over 1.5,Draw or away,1374,521,0.729985,0.522562,0.379185,0.381463,0.994,-0.228,-0.0103,0.3539,0.405143,0.252547,0.522562,True,True,RESEARCH,1.0.0
league=Brazil Serie A,Brazil Serie A,ALL,O15,12,Over 1.5,Home or away,1374,733,0.729985,0.732897,0.533479,0.535004,0.9971,-0.152,-0.0078,0.507043,0.559728,0.462882,0.729985,True,True,RESEARCH,1.0.0
league=Brazil Serie A,Brazil Serie A,ALL,U15,HOME,Under 1.5,Home win,1374,174,0.270015,0.477438,0.126638,0.128915,0.9823,-0.228,-0.0103,0.110087,0.14527,0.0,0.270015,True,True,RESEARCH,1.0.0
league=Brazil Serie A,Brazil Serie A,ALL,U15,DRAW,Under 1.5,Draw,1374,97,0.270015,0.267103,0.070597,0.072122,0.9789,-0.152,-0.0078,0.058216,0.085372,0.0,0.267103,True,True,RESEARCH,1.0.0
league=Brazil Serie A,Brazil Serie A,ALL,U15,AWAY,Under 1.5,Away win,1374,100,0.270015,0.255459,0.07278,0.068978,1.0551,0.38,0.0196,0.060203,0.08774,0.0,0.255459,True,True,RESEARCH,1.0.0
league=Brazil Serie A,Brazil Serie A,ALL,U15,1X,Under 1.5,Home or draw,1374,271,0.270015,0.744541,0.197234,0.201037,0.9811,-0.38,-0.0196,0.177051,0.219106,0.014556,0.270015,True,True,RESEARCH,1.0.0
league=Brazil Serie A,Brazil Serie A,ALL,U15,X2,Under 1.5,Draw or away,1374,197,0.270015,0.522562,0.143377,0.141099,1.0161,0.228,0.0103,0.12584,0.162903,0.0,0.270015,True,True,RESEARCH,1.0.0
league=Brazil Serie A,Brazil Serie A,ALL,U15,12,Under 1.5,Home or away,1374,274,0.270015,0.732897,0.199418,0.197893,1.0077,0.152,0.0078,0.179141,0.22137,0.002911,0.270015,True,True,RESEARCH,1.0.0
league=Brazil Serie A,Brazil Serie A,ALL,O25,U35,Over 2.5,Under 3.5,1374,337,0.465793,0.779476,0.245269,0.363075,0.6755,-11.781,-0.5696,0.22325,0.268709,0.245269,0.465793,True,False,RESEARCH,1.0.0
league=Brazil Serie A,Brazil Serie A,ALL,O25,BTTS,Over 2.5,BTTS Yes,1374,516,0.465793,0.509461,0.375546,0.237304,1.5826,13.824,0.5544,0.35032,0.401466,0.0,0.465793,True,False,RESEARCH,1.0.0
league=Brazil Serie A,Brazil Serie A,ALL,O25,BTTS_NO,Over 2.5,BTTS No,1374,124,0.465793,0.490539,0.090247,0.22849,0.395,-13.824,-0.5544,0.076217,0.106563,0.0,0.465793,True,False,RESEARCH,1.0.0
league=Brazil Serie A,Brazil Serie A,ALL,O25,HOME,Over 2.5,Home win,1374,361,0.465793,0.477438,0.262737,0.222387,1.1814,4.035,0.1619,0.240149,0.286647,0.0,0.465793,True,False,RESEARCH,1.0.0
league=Brazil Serie A,Brazil Serie A,ALL,O25,DRAW,Over 2.5,Draw,1374,86,0.465793,0.267103,0.062591,0.124415,0.5031,-6.182,-0.2801,0.050962,0.076659,0.0,0.267103,True,False,RESEARCH,1.0.0
league=Brazil Serie A,Brazil Serie A,ALL,O25,AWAY,Over 2.5,Away win,1374,193,0.465793,0.255459,0.140466,0.118991,1.1805,2.147,0.0987,0.123094,0.159843,0.0,0.255459,True,False,RESEARCH,1.0.0
league=Brazil Serie A,Brazil Serie A,ALL,O25,1X,Over 2.5,Home or draw,1374,447,0.465793,0.744541,0.325328,0.346802,0.9381,-2.147,-0.0987,0.301072,0.350557,0.210335,0.465793,True,True,RESEARCH,1.0.0
league=Brazil Serie A,Brazil Serie A,ALL,O25,X2,Over 2.5,Draw or away,1374,279,0.465793,0.522562,0.203057,0.243406,0.8342,-4.035,-0.1619,0.182627,0.225142,0.0,0.465793,True,False,RESEARCH,1.0.0
league=Brazil Serie A,Brazil Serie A,ALL,O25,12,Over 2.5,Home or away,1374,554,0.465793,0.732897,0.403202,0.341378,1.1811,6.182,0.2801,0.377569,0.429376,0.19869,0.465793,True,False,RESEARCH,1.0.0
league=Brazil Serie A,Brazil Serie A,ALL,U25,BTTS,Under 2.5,BTTS Yes,1374,184,0.534207,0.509461,0.133916,0.272158,0.4921,-13.824,-0.5544,0.116925,0.152948,0.043668,0.509461,True,False,RESEARCH,1.0.0
league=Brazil Serie A,Brazil Serie A,ALL,U25,BTTS_NO,Under 2.5,BTTS No,1374,550,0.534207,0.490539,0.400291,0.262049,1.5275,13.824,0.5544,0.374697,0.426442,0.024745,0.490539,True,False,RESEARCH,1.0.0
league=Brazil Serie A,Brazil Serie A,ALL,U25,HOME,Under 2.5,Home win,1374,295,0.534207,0.477438,0.214702,0.255051,0.8418,-4.035,-0.1619,0.193801,0.237193,0.011645,0.477438,True,False,RESEARCH,1.0.0
league=Brazil Serie A,Brazil Serie A,ALL,U25,DRAW,Under 2.5,Draw,1374,281,0.534207,0.267103,0.204512,0.142688,1.4333,6.182,0.2801,0.184023,0.22665,0.0,0.267103,True,False,RESEARCH,1.0.0
league=Brazil Serie A,Brazil Serie A,ALL,U25,AWAY,Under 2.5,Away win,1374,158,0.534207,0.255459,0.114993,0.136468,0.8426,-2.147,-0.0987,0.099187,0.132945,0.0,0.255459,True,False,RESEARCH,1.0.0
league=Brazil Serie A,Brazil Serie A,ALL,U25,1X,Under 2.5,Home or draw,1374,576,0.534207,0.744541,0.419214,0.397739,1.054,2.147,0.0987,0.393384,0.445495,0.278748,0.534207,True,True,RESEARCH,1.0.0
league=Brazil Serie A,Brazil Serie A,ALL,U25,X2,Under 2.5,Draw or away,1374,439,0.534207,0.522562,0.319505,0.279156,1.1445,4.035,0.1619,0.295382,0.344635,0.056769,0.522562,True,False,RESEARCH,1.0.0
league=Brazil Serie A,Brazil Serie A,ALL,U25,12,Under 2.5,Home or away,1374,453,0.534207,0.732897,0.329694,0.391518,0.8421,-6.182,-0.2801,0.305342,0.354996,0.267103,0.534207,True,False,RESEARCH,1.0.0
league=Brazil Serie A,Brazil Serie A,ALL,O35,BTTS,Over 3.5,BTTS Yes,1374,269,0.220524,0.509461,0.195779,0.112348,1.7426,8.343,0.4025,0.175658,0.217596,0.0,0.220524,True,False,RESEARCH,1.0.0
league=Brazil Serie A,Brazil Serie A,ALL,O35,BTTS_NO,Over 3.5,BTTS No,1374,34,0.220524,0.490539,0.024745,0.108176,0.2288,-8.343,-0.4025,0.017761,0.034379,0.0,0.220524,True,False,RESEARCH,1.0.0
league=Brazil Serie A,Brazil Serie A,ALL,O35,HOME,Over 3.5,Home win,1374,148,0.220524,0.477438,0.107715,0.105287,1.0231,0.243,0.0117,0.092402,0.125215,0.0,0.220524,True,True,RESEARCH,1.0.0
league=Brazil Serie A,Brazil Serie A,ALL,O35,DRAW,Over 3.5,Draw,1374,86,0.220524,0.267103,0.062591,0.058903,1.0626,0.369,0.0201,0.050962,0.076659,0.0,0.220524,True,True,RESEARCH,1.0.0
league=Brazil Serie A,Brazil Serie A,ALL,O35,AWAY,Over 3.5,Away win,1374,69,0.220524,0.255459,0.050218,0.056335,0.8914,-0.612,-0.0338,0.039873,0.063072,0.0,0.220524,True,True,RESEARCH,1.0.0
league=Brazil Serie A,Brazil Serie A,ALL,O35,1X,Over 3.5,Home or draw,1374,234,0.220524,0.744541,0.170306,0.164189,1.0373,0.612,0.0338,0.151355,0.191095,0.0,0.220524,True,True,RESEARCH,1.0.0
league=Brazil Serie A,Brazil Serie A,ALL,O35,X2,Over 3.5,Draw or away,1374,155,0.220524,0.522562,0.112809,0.115237,0.9789,-0.243,-0.0117,0.097149,0.130628,0.0,0.220524,True,True,RESEARCH,1.0.0
league=Brazil Serie A,Brazil Serie A,ALL,O35,12,Over 3.5,Home or away,1374,217,0.220524,0.732897,0.157933,0.161621,0.9772,-0.369,-0.0201,0.139607,0.178166,0.0,0.220524,True,True,RESEARCH,1.0.0
league=Brazil Serie A,Brazil Serie A,ALL,U35,BTTS,Under 3.5,BTTS Yes,1374,431,0.779476,0.509461,0.313683,0.397113,0.7899,-8.343,-0.4025,0.289697,0.338708,0.288937,0.509461,True,False,RESEARCH,1.0.0
league=Brazil Serie A,Brazil Serie A,ALL,U35,BTTS_NO,Under 3.5,BTTS No,1374,640,0.779476,0.490539,0.465793,0.382363,1.2182,8.343,0.4025,0.439549,0.492228,0.270015,0.490539,True,False,RESEARCH,1.0.0
league=Brazil Serie A,Brazil Serie A,ALL,U35,HOME,Under 3.5,Home win,1374,508,0.779476,0.477438,0.369723,0.372152,0.9935,-0.243,-0.0117,0.344595,0.395579,0.256914,0.477438,True,True,RESEARCH,1.0.0
league=Brazil Serie A,Brazil Serie A,ALL,U35,DRAW,Under 3.5,Draw,1374,281,0.779476,0.267103,0.204512,0.208201,0.9823,-0.369,-0.0201,0.184023,0.22665,0.046579,0.267103,True,True,RESEARCH,1.0.0
league=Brazil Serie A,Brazil Serie A,ALL,U35,AWAY,Under 3.5,Away win,1374,282,0.779476,0.255459,0.20524,0.199124,1.0307,0.612,0.0338,0.18472,0.227404,0.034934,0.255459,True,True,RESEARCH,1.0.0
league=Brazil Serie A,Brazil Serie A,ALL,U35,1X,Under 3.5,Home or draw,1374,789,0.779476,0.744541,0.574236,0.580352,0.9895,-0.612,-0.0338,0.547919,0.600138,0.524017,0.744541,True,True,RESEARCH,1.0.0
league=Brazil Serie A,Brazil Serie A,ALL,U35,X2,Under 3.5,Draw or away,1374,563,0.779476,0.522562,0.409753,0.407324,1.006,0.243,0.0117,0.384035,0.435973,0.302038,0.522562,True,True,RESEARCH,1.0.0
league=Brazil Serie A,Brazil Serie A,ALL,U35,12,Under 3.5,Home or away,1374,790,0.779476,0.732897,0.574964,0.571275,1.0065,0.369,0.0201,0.548651,0.600858,0.512373,0.732897,True,True,RESEARCH,1.0.0
league=Brazil Serie A,Brazil Serie A,ALL,BTTS,HOME,BTTS Yes,Home win,1374,279,0.509461,0.477438,0.203057,0.243236,0.8348,-4.018,-0.1609,0.182627,0.225142,0.0,0.477438,True,False,RESEARCH,1.0.0
league=Brazil Serie A,Brazil Serie A,ALL,BTTS,DRAW,BTTS Yes,Draw,1374,270,0.509461,0.267103,0.196507,0.136079,1.4441,6.043,0.2732,0.176354,0.218351,0.0,0.267103,True,False,RESEARCH,1.0.0
league=Brazil Serie A,Brazil Serie A,ALL,BTTS,AWAY,BTTS Yes,Away win,1374,151,0.509461,0.255459,0.109898,0.130146,0.8444,-2.025,-0.0929,0.094435,0.127536,0.0,0.255459,True,False,RESEARCH,1.0.0
league=Brazil Serie A,Brazil Serie A,ALL,BTTS,1X,BTTS Yes,Home or draw,1374,549,0.509461,0.744541,0.399563,0.379315,1.0534,2.025,0.0929,0.373979,0.425708,0.254003,0.509461,True,True,RESEARCH,1.0.0
league=Brazil Serie A,Brazil Serie A,ALL,BTTS,X2,BTTS Yes,Draw or away,1374,421,0.509461,0.522562,0.306405,0.266225,1.1509,4.018,0.1609,0.282596,0.331292,0.032023,0.509461,True,False,RESEARCH,1.0.0
league=Brazil Serie A,Brazil Serie A,ALL,BTTS,12,BTTS Yes,Home or away,1374,430,0.509461,0.732897,0.312955,0.373383,0.8382,-6.043,-0.2732,0.288986,0.337966,0.242358,0.509461,True,False,RESEARCH,1.0.0
league=Brazil Serie A,Brazil Serie A,ALL,BTTS_NO,HOME,BTTS No,Home win,1374,377,0.490539,0.477438,0.274381,0.234202,1.1716,4.018,0.1609,0.251441,0.29858,0.0,0.477438,True,False,RESEARCH,1.0.0
league=Brazil Serie A,Brazil Serie A,ALL,BTTS_NO,DRAW,BTTS No,Draw,1374,97,0.490539,0.267103,0.070597,0.131024,0.5388,-6.043,-0.2732,0.058216,0.085372,0.0,0.267103,True,False,RESEARCH,1.0.0
league=Brazil Serie A,Brazil Serie A,ALL,BTTS_NO,AWAY,BTTS No,Away win,1374,200,0.490539,0.255459,0.14556,0.125312,1.1616,2.025,0.0929,0.127901,0.165197,0.0,0.255459,True,False,RESEARCH,1.0.0
league=Brazil Serie A,Brazil Serie A,ALL,BTTS_NO,1X,BTTS No,Home or draw,1374,474,0.490539,0.744541,0.344978,0.365226,0.9446,-2.025,-0.0929,0.320306,0.370514,0.23508,0.490539,True,True,RESEARCH,1.0.0
league=Brazil Serie A,Brazil Serie A,ALL,BTTS_NO,X2,BTTS No,Draw or away,1374,297,0.490539,0.522562,0.216157,0.256337,0.8433,-4.018,-0.1609,0.195199,0.238698,0.0131,0.490539,True,False,RESEARCH,1.0.0
league=Brazil Serie A,Brazil Serie A,ALL,BTTS_NO,12,BTTS No,Home or away,1374,577,0.490539,0.732897,0.419942,0.359514,1.1681,6.043,0.2732,0.394103,0.446227,0.223435,0.490539,True,False,RESEARCH,1.0.0
league=Brazil Serie A,Brazil Serie A,ALL,1X,X2,Home or draw,Draw or away,1374,367,0.744541,0.522562,0.267103,0.389069,0.6865,-12.197,-0.5599,0.244381,0.291124,0.267103,0.522562,True,False,RESEARCH,1.0.0
league=Brazil Serie A,Brazil Serie A,ALL,1X,12,Home or draw,Home or away,1374,656,0.744541,0.732897,0.477438,0.545672,0.875,-6.823,-0.3536,0.451126,0.503876,0.477438,0.732897,True,False,RESEARCH,1.0.0
league=Brazil Serie A,Brazil Serie A,ALL,X2,12,Draw or away,Home or away,1374,351,0.522562,0.732897,0.255459,0.382984,0.667,-12.753,-0.577,0.233102,0.279179,0.255459,0.522562,True,False,RESEARCH,1.0.0
league=Bundesliga 2,Bundesliga 2,ALL,O15,U25,Over 1.5,Under 2.5,940,201,0.806383,0.407447,0.21383,0.328558,0.6508,-11.473,-0.5909,0.188811,0.241178,0.21383,0.407447,True,False,RESEARCH,1.0.0
league=Bundesliga 2,Bundesliga 2,ALL,O15,U35,Over 1.5,Under 3.5,940,429,0.806383,0.65,0.456383,0.524149,0.8707,-6.777,-0.3596,0.424783,0.488338,0.456383,0.65,True,False,RESEARCH,1.0.0
league=Bundesliga 2,Bundesliga 2,ALL,O15,BTTS_NO,Over 1.5,BTTS No,940,201,0.806383,0.407447,0.21383,0.328558,0.6508,-11.473,-0.5909,0.188811,0.241178,0.21383,0.407447,True,False,RESEARCH,1.0.0
league=Bundesliga 2,Bundesliga 2,ALL,O15,HOME,Over 1.5,Home win,940,330,0.806383,0.439362,0.351064,0.354294,0.9909,-0.323,-0.0165,0.321213,0.382127,0.245745,0.439362,True,True,RESEARCH,1.0.0
league=Bundesliga 2,Bundesliga 2,ALL,O15,DRAW,Over 1.5,Draw,940,184,0.806383,0.252128,0.195745,0.203311,0.9628,-0.757,-0.0441,0.171639,0.222327,0.058511,0.252128,True,True,RESEARCH,1.0.0
league=Bundesliga 2,Bundesliga 2,ALL,O15,AWAY,Over 1.5,Away win,940,244,0.806383,0.308511,0.259574,0.248778,1.0434,1.08,0.0592,0.232567,0.288539,0.114894,0.308511,True,True,RESEARCH,1.0.0
league=Bundesliga 2,Bundesliga 2,ALL,O15,1X,Over 1.5,Home or draw,940,514,0.806383,0.691489,0.546809,0.557605,0.9806,-1.08,-0.0592,0.514859,0.578377,0.497872,0.691489,True,True,RESEARCH,1.0.0
league=Bundesliga 2,Bundesliga 2,ALL,O15,X2,Over 1.5,Draw or away,940,428,0.806383,0.560638,0.455319,0.452089,1.0071,0.323,0.0165,0.423729,0.487273,0.367021,0.560638,True,True,RESEARCH,1.0.0
league=Bundesliga 2,Bundesliga 2,ALL,O15,12,Over 1.5,Home or away,940,574,0.806383,0.747872,0.610638,0.603072,1.0125,0.757,0.0441,0.579077,0.641299,0.554255,0.747872,True,True,RESEARCH,1.0.0
league=Bundesliga 2,Bundesliga 2,ALL,U15,HOME,Under 1.5,Home win,940,83,0.193617,0.439362,0.088298,0.085068,1.038,0.323,0.0165,0.071795,0.108152,0.0,0.193617,True,True,RESEARCH,1.0.0
league=Bundesliga 2,Bundesliga 2,ALL,U15,DRAW,Under 1.5,Draw,940,53,0.193617,0.252128,0.056383,0.048816,1.155,0.757,0.0441,0.043363,0.073015,0.0,0.193617,True,True,RESEARCH,1.0.0
league=Bundesliga 2,Bundesliga 2,ALL,U15,AWAY,Under 1.5,Away win,940,46,0.193617,0.308511,0.048936,0.059733,0.8192,-1.08,-0.0592,0.036887,0.064657,0.0,0.193617,True,True,RESEARCH,1.0.0
league=Bundesliga 2,Bundesliga 2,ALL,U15,1X,Under 1.5,Home or draw,940,136,0.193617,0.691489,0.144681,0.133884,1.0806,1.08,0.0592,0.123638,0.168616,0.0,0.193617,True,True,RESEARCH,1.0.0
league=Bundesliga 2,Bundesliga 2,ALL,U15,X2,Under 1.5,Draw or away,940,99,0.193617,0.560638,0.105319,0.108549,0.9702,-0.323,-0.0165,0.087276,0.126575,0.0,0.193617,True,True,RESEARCH,1.0.0
league=Bundesliga 2,Bundesliga 2,ALL,U15,12,Under 1.5,Home or away,940,129,0.193617,0.747872,0.137234,0.144801,0.9477,-0.757,-0.0441,0.116708,0.160713,0.0,0.193617,True,True,RESEARCH,1.0.0
league=Bundesliga 2,Bundesliga 2,ALL,O25,U35,Over 2.5,Under 3.5,940,228,0.592553,0.65,0.242553,0.38516,0.6297,-14.261,-0.6085,0.216235,0.270967,0.242553,0.592553,True,False,RESEARCH,1.0.0
league=Bundesliga 2,Bundesliga 2,ALL,O25,BTTS,Over 2.5,BTTS Yes,940,457,0.592553,0.592553,0.48617,0.351119,1.3846,13.505,0.5594,0.45434,0.518113,0.185106,0.592553,True,False,RESEARCH,1.0.0
league=Bundesliga 2,Bundesliga 2,ALL,O25,BTTS_NO,Over 2.5,BTTS No,940,100,0.592553,0.407447,0.106383,0.241434,0.4406,-13.505,-0.5594,0.088249,0.127721,0.0,0.407447,True,False,RESEARCH,1.0.0
league=Bundesliga 2,Bundesliga 2,ALL,O25,HOME,Over 2.5,Home win,940,270,0.592553,0.439362,0.287234,0.260345,1.1033,2.689,0.1103,0.25922,0.31698,0.031915,0.439362,True,True,RESEARCH,1.0.0
league=Bundesliga 2,Bundesliga 2,ALL,O25,DRAW,Over 2.5,Draw,940,84,0.592553,0.252128,0.089362,0.149399,0.5981,-6.004,-0.2814,0.072757,0.109309,0.0,0.252128,True,False,RESEARCH,1.0.0
league=Bundesliga 2,Bundesliga 2,ALL,O25,AWAY,Over 2.5,Away win,940,203,0.592553,0.308511,0.215957,0.182809,1.1813,3.315,0.1461,0.190836,0.243391,0.0,0.308511,True,False,RESEARCH,1.0.0
league=Bundesliga 2,Bundesliga 2,ALL,O25,1X,Over 2.5,Home or draw,940,354,0.592553,0.691489,0.376596,0.409744,0.9191,-3.315,-0.1461,0.346182,0.408014,0.284043,0.592553,True,False,RESEARCH,1.0.0
league=Bundesliga 2,Bundesliga 2,ALL,O25,X2,Over 2.5,Draw or away,940,287,0.592553,0.560638,0.305319,0.332208,0.9191,-2.689,-0.1103,0.276719,0.335504,0.153191,0.560638,True,True,RESEARCH,1.0.0
league=Bundesliga 2,Bundesliga 2,ALL,O25,12,Over 2.5,Home or away,940,473,0.592553,0.747872,0.503191,0.443154,1.1355,6.004,0.2814,0.47128,0.535077,0.340426,0.592553,True,False,RESEARCH,1.0.0
league=Bundesliga 2,Bundesliga 2,ALL,U25,BTTS,Under 2.5,BTTS Yes,940,100,0.407447,0.592553,0.106383,0.241434,0.4406,-13.505,-0.5594,0.088249,0.127721,0.0,0.407447,True,False,RESEARCH,1.0.0
league=Bundesliga 2,Bundesliga 2,ALL,U25,BTTS_NO,Under 2.5,BTTS No,940,283,0.407447,0.407447,0.301064,0.166013,1.8135,13.505,0.5594,0.272597,0.33115,0.0,0.407447,True,False,RESEARCH,1.0.0
league=Bundesliga 2,Bundesliga 2,ALL,U25,HOME,Under 2.5,Home win,940,143,0.407447,0.439362,0.152128,0.179017,0.8498,-2.689,-0.1103,0.130587,0.1765,0.0,0.407447,True,False,RESEARCH,1.0.0
league=Bundesliga 2,Bundesliga 2,ALL,U25,DRAW,Under 2.5,Draw,940,153,0.407447,0.252128,0.162766,0.102729,1.5844,6.004,0.2814,0.140547,0.18773,0.0,0.252128,True,False,RESEARCH,1.0.0
league=Bundesliga 2,Bundesliga 2,ALL,U25,AWAY,Under 2.5,Away win,940,87,0.407447,0.308511,0.092553,0.125702,0.7363,-3.315,-0.1461,0.075648,0.112775,0.0,0.308511,True,False,RESEARCH,1.0.0
league=Bundesliga 2,Bundesliga 2,ALL,U25,1X,Under 2.5,Home or draw,940,296,0.407447,0.691489,0.314894,0.281745,1.1177,3.315,0.1461,0.286005,0.345289,0.098936,0.407447,True,False,RESEARCH,1.0.0
league=Bundesliga 2,Bundesliga 2,ALL,U25,X2,Under 2.5,Draw or away,940,240,0.407447,0.560638,0.255319,0.22843,1.1177,2.689,0.1103,0.228479,0.284151,0.0,0.407447,True,False,RESEARCH,1.0.0
league=Bundesliga 2,Bundesliga 2,ALL,U25,12,Under 2.5,Home or away,940,230,0.407447,0.747872,0.244681,0.304718,0.803,-6.004,-0.2814,0.218274,0.273166,0.155319,0.407447,True,False,RESEARCH,1.0.0
league=Bundesliga 2,Bundesliga 2,ALL,O35,BTTS,Over 3.5,BTTS Yes,940,291,0.35,0.592553,0.309574,0.207394,1.4927,10.218,0.436,0.280844,0.339855,0.0,0.35,True,False,RESEARCH,1.0.0
league=Bundesliga 2,Bundesliga 2,ALL,O35,BTTS_NO,Over 3.5,BTTS No,940,38,0.35,0.407447,0.040426,0.142606,0.2835,-10.218,-0.436,0.029592,0.055,0.0,0.35,True,False,RESEARCH,1.0.0
league=Bundesliga 2,Bundesliga 2,ALL,O35,HOME,Over 3.5,Home win,940,152,0.35,0.439362,0.161702,0.153777,1.0515,0.793,0.0335,0.13955,0.186608,0.0,0.35,True,True,RESEARCH,1.0.0
league=Bundesliga 2,Bundesliga 2,ALL,O35,DRAW,Over 3.5,Draw,940,84,0.35,0.252128,0.089362,0.088245,1.0127,0.112,0.0054,0.072757,0.109309,0.0,0.252128,True,True,RESEARCH,1.0.0
league=Bundesliga 2,Bundesliga 2,ALL,O35,AWAY,Over 3.5,Away win,940,93,0.35,0.308511,0.098936,0.107979,0.9163,-0.904,-0.041,0.08145,0.119687,0.0,0.308511,True,True,RESEARCH,1.0.0
league=Bundesliga 2,Bundesliga 2,ALL,O35,1X,Over 3.5,Home or draw,940,236,0.35,0.691489,0.251064,0.242021,1.0374,0.904,0.041,0.224394,0.27976,0.041489,0.35,True,True,RESEARCH,1.0.0
league=Bundesliga 2,Bundesliga 2,ALL,O35,X2,Over 3.5,Draw or away,940,177,0.35,0.560638,0.188298,0.196223,0.9596,-0.793,-0.0335,0.164593,0.214541,0.0,0.35,True,True,RESEARCH,1.0.0
league=Bundesliga 2,Bundesliga 2,ALL,O35,12,Over 3.5,Home or away,940,245,0.35,0.747872,0.260638,0.261755,0.9957,-0.112,-0.0054,0.233589,0.289636,0.097872,0.35,True,True,RESEARCH,1.0.0
league=Bundesliga 2,Bundesliga 2,ALL,U35,BTTS,Under 3.5,BTTS Yes,940,266,0.65,0.592553,0.282979,0.38516,0.7347,-10.218,-0.436,0.255111,0.312613,0.242553,0.592553,True,False,RESEARCH,1.0.0
league=Bundesliga 2,Bundesliga 2,ALL,U35,BTTS_NO,Under 3.5,BTTS No,940,345,0.65,0.407447,0.367021,0.26484,1.3858,10.218,0.436,0.336808,0.398317,0.057447,0.407447,True,False,RESEARCH,1.0.0
league=Bundesliga 2,Bundesliga 2,ALL,U35,HOME,Under 3.5,Home win,940,261,0.65,0.439362,0.27766,0.285585,0.9722,-0.793,-0.0335,0.249979,0.30715,0.089362,0.439362,True,True,RESEARCH,1.0.0
league=Bundesliga 2,Bundesliga 2,ALL,U35,DRAW,Under 3.5,Draw,940,153,0.65,0.252128,0.162766,0.163883,0.9932,-0.112,-0.0054,0.140547,0.18773,0.0,0.252128,True,True,RESEARCH,1.0.0
league=Bundesliga 2,Bundesliga 2,ALL,U35,AWAY,Under 3.5,Away win,940,197,0.65,0.308511,0.209574,0.200532,1.0451,0.904,0.041,0.184764,0.23675,0.0,0.308511,True,True,RESEARCH,1.0.0
league=Bundesliga 2,Bundesliga 2,ALL,U35,1X,Under 3.5,Home or draw,940,414,0.65,0.691489,0.440426,0.449468,0.9799,-0.904,-0.041,0.408995,0.472341,0.341489,0.65,True,True,RESEARCH,1.0.0
league=Bundesliga 2,Bundesliga 2,ALL,U35,X2,Under 3.5,Draw or away,940,350,0.65,0.560638,0.37234,0.364415,1.0217,0.793,0.0335,0.342014,0.403706,0.210638,0.560638,True,True,RESEARCH,1.0.0
league=Bundesliga 2,Bundesliga 2,ALL,U35,12,Under 3.5,Home or away,940,458,0.65,0.747872,0.487234,0.486117,1.0023,0.112,0.0054,0.455397,0.519175,0.397872,0.65,True,True,RESEARCH,1.0.0
league=Bundesliga 2,Bundesliga 2,ALL,BTTS,HOME,BTTS Yes,Home win,940,211,0.592553,0.439362,0.224468,0.260345,0.8622,-3.588,-0.1471,0.198947,0.252232,0.031915,0.439362,True,False,RESEARCH,1.0.0
league=Bundesliga 2,Bundesliga 2,ALL,BTTS,DRAW,BTTS Yes,Draw,940,184,0.592553,0.252128,0.195745,0.149399,1.3102,4.635,0.2172,0.171639,0.222327,0.0,0.252128,True,False,RESEARCH,1.0.0
league=Bundesliga 2,Bundesliga 2,ALL,BTTS,AWAY,BTTS Yes,Away win,940,162,0.592553,0.308511,0.17234,0.182809,0.9427,-1.047,-0.0461,0.149542,0.197806,0.0,0.308511,True,True,RESEARCH,1.0.0
league=Bundesliga 2,Bundesliga 2,ALL,BTTS,1X,BTTS Yes,Home or draw,940,395,0.592553,0.691489,0.420213,0.409744,1.0255,1.047,0.0461,0.389046,0.452029,0.284043,0.592553,True,True,RESEARCH,1.0.0
league=Bundesliga 2,Bundesliga 2,ALL,BTTS,X2,BTTS Yes,Draw or away,940,346,0.592553,0.560638,0.368085,0.332208,1.108,3.588,0.1471,0.337849,0.399395,0.153191,0.560638,True,False,RESEARCH,1.0.0
league=Bundesliga 2,Bundesliga 2,ALL,BTTS,12,BTTS Yes,Home or away,940,373,0.592553,0.747872,0.396809,0.443154,0.8954,-4.635,-0.2172,0.366013,0.428444,0.340426,0.592553,True,False,RESEARCH,1.0.0
league=Bundesliga 2,Bundesliga 2,ALL,BTTS_NO,HOME,BTTS No,Home win,940,202,0.407447,0.439362,0.214894,0.179017,1.2004,3.588,0.1471,0.189823,0.242285,0.0,0.407447,True,False,RESEARCH,1.0.0
league=Bundesliga 2,Bundesliga 2,ALL,BTTS_NO,DRAW,BTTS No,Draw,940,53,0.407447,0.252128,0.056383,0.102729,0.5489,-4.635,-0.2172,0.043363,0.073015,0.0,0.252128,True,False,RESEARCH,1.0.0
league=Bundesliga 2,Bundesliga 2,ALL,BTTS_NO,AWAY,BTTS No,Away win,940,128,0.407447,0.308511,0.13617,0.125702,1.0833,1.047,0.0461,0.11572,0.159582,0.0,0.308511,True,True,RESEARCH,1.0.0
league=Bundesliga 2,Bundesliga 2,ALL,BTTS_NO,1X,BTTS No,Home or draw,940,255,0.407447,0.691489,0.271277,0.281745,0.9628,-1.047,-0.0461,0.243827,0.300589,0.098936,0.407447,True,True,RESEARCH,1.0.0
league=Bundesliga 2,Bundesliga 2,ALL,BTTS_NO,X2,BTTS No,Draw or away,940,181,0.407447,0.560638,0.192553,0.22843,0.8429,-3.588,-0.1471,0.168618,0.218991,0.0,0.407447,True,False,RESEARCH,1.0.0
league=Bundesliga 2,Bundesliga 2,ALL,BTTS_NO,12,BTTS No,Home or away,940,330,0.407447,0.747872,0.351064,0.304718,1.1521,4.635,0.2172,0.321213,0.382127,0.155319,0.407447,True,False,RESEARCH,1.0.0
league=Bundesliga 2,Bundesliga 2,ALL,1X,X2,Home or draw,Draw or away,940,237,0.691489,0.560638,0.252128,0.387675,0.6504,-13.555,-0.5913,0.225415,0.280858,0.252128,0.560638,True,False,RESEARCH,1.0.0
league=Bundesliga 2,Bundesliga 2,ALL,1X,12,Home or draw,Home or away,940,413,0.691489,0.747872,0.439362,0.517146,0.8496,-7.778,-0.3878,0.407944,0.471273,0.439362,0.691489,True,False,RESEARCH,1.0.0
league=Bundesliga 2,Bundesliga 2,ALL,X2,12,Draw or away,Home or away,940,290,0.560638,0.747872,0.308511,0.419286,0.7358,-11.078,-0.514,0.279813,0.338767,0.308511,0.560638,True,False,RESEARCH,1.0.0
league=Championship,Championship,ALL,O15,U25,Over 1.5,Under 2.5,1691,417,0.74039,0.506209,0.2466,0.374792,0.658,-12.819,-0.5848,0.226645,0.267703,0.2466,0.506209,True,False,RESEARCH,1.0.0
league=Championship,Championship,ALL,O15,U35,Over 1.5,Under 3.5,1691,828,0.74039,0.749261,0.489651,0.554745,0.8827,-6.509,-0.3426,0.465875,0.513474,0.489651,0.74039,True,False,RESEARCH,1.0.0
league=Championship,Championship,ALL,O15,BTTS_NO,Over 1.5,BTTS No,1691,352,0.74039,0.467771,0.208161,0.346333,0.601,-13.817,-0.6316,0.189482,0.228163,0.208161,0.467771,True,False,RESEARCH,1.0.0
league=Championship,Championship,ALL,O15,HOME,Over 1.5,Home win,1691,559,0.74039,0.437611,0.330574,0.324003,1.0203,0.657,0.0302,0.308558,0.353357,0.178001,0.437611,True,True,RESEARCH,1.0.0
league=Championship,Championship,ALL,O15,DRAW,Over 1.5,Draw,1691,323,0.74039,0.261975,0.191011,0.193964,0.9848,-0.295,-0.0153,0.172983,0.21044,0.002365,0.261975,True,True,RESEARCH,1.0.0
league=Championship,Championship,ALL,O15,AWAY,Over 1.5,Away win,1691,370,0.74039,0.300414,0.218805,0.222424,0.9837,-0.362,-0.018,0.199749,0.239137,0.040804,0.300414,True,True,RESEARCH,1.0.0
league=Championship,Championship,ALL,O15,1X,Over 1.5,Home or draw,1691,882,0.74039,0.699586,0.521585,0.517967,1.007,0.362,0.018,0.497753,0.545318,0.439976,0.699586,True,True,RESEARCH,1.0.0
league=Championship,Championship,ALL,O15,X2,Over 1.5,Draw or away,1691,693,0.74039,0.562389,0.409817,0.416387,0.9842,-0.657,-0.0302,0.386606,0.433436,0.302779,0.562389,True,True,RESEARCH,1.0.0
league=Championship,Championship,ALL,O15,12,Over 1.5,Home or away,1691,929,0.74039,0.738025,0.549379,0.546426,1.0054,0.295,0.0153,0.525579,0.572956,0.478415,0.738025,True,True,RESEARCH,1.0.0
league=Championship,Championship,ALL,U15,HOME,Under 1.5,Home win,1691,181,0.25961,0.437611,0.107037,0.113608,0.9422,-0.657,-0.0302,0.093182,0.122674,0.0,0.25961,True,True,RESEARCH,1.0.0
league=Championship,Championship,ALL,U15,DRAW,Under 1.5,Draw,1691,120,0.25961,0.261975,0.070964,0.068011,1.0434,0.295,0.0153,0.059673,0.084199,0.0,0.25961,True,True,RESEARCH,1.0.0
league=Championship,Championship,ALL,U15,AWAY,Under 1.5,Away win,1691,138,0.25961,0.300414,0.081609,0.07799,1.0464,0.362,0.018,0.069489,0.095625,0.0,0.25961,True,True,RESEARCH,1.0.0
league=Championship,Championship,ALL,U15,1X,Under 1.5,Home or draw,1691,301,0.25961,0.699586,0.178001,0.181619,0.9801,-0.362,-0.018,0.160505,0.196957,0.0,0.25961,True,True,RESEARCH,1.0.0
league=Championship,Championship,ALL,U15,X2,Under 1.5,Draw or away,1691,258,0.25961,0.562389,0.152572,0.146002,1.045,0.657,0.0302,0.136223,0.170497,0.0,0.25961,True,True,RESEARCH,1.0.0
league=Championship,Championship,ALL,U15,12,Under 1.5,Home or away,1691,319,0.25961,0.738025,0.188646,0.191598,0.9846,-0.295,-0.0153,0.170712,0.207991,0.0,0.25961,True,True,RESEARCH,1.0.0
league=Championship,Championship,ALL,O25,U35,Over 2.5,Under 3.5,1691,411,0.493791,0.749261,0.243051,0.369978,0.6569,-12.693,-0.5857,0.223205,0.264063,0.243051,0.493791,True,False,RESEARCH,1.0.0
league=Championship,Championship,ALL,O25,BTTS,Over 2.5,BTTS Yes,1691,678,0.493791,0.532229,0.400946,0.26281,1.5256,13.814,0.5537,0.377837,0.424505,0.02602,0.493791,True,False,RESEARCH,1.0.0
league=Championship,Championship,ALL,O25,BTTS_NO,Over 2.5,BTTS No,1691,157,0.493791,0.467771,0.092844,0.230981,0.402,-13.814,-0.5537,0.07992,0.107615,0.0,0.467771,True,False,RESEARCH,1.0.0
league=Championship,Championship,ALL,O25,HOME,Over 2.5,Home win,1691,451,0.493791,0.437611,0.266706,0.216088,1.2342,5.062,0.2041,0.246174,0.288296,0.0,0.437611,True,False,RESEARCH,1.0.0
league=Championship,Championship,ALL,O25,DRAW,Over 2.5,Draw,1691,101,0.493791,0.261975,0.059728,0.129361,0.4617,-6.963,-0.3167,0.049399,0.072053,0.0,0.261975,True,False,RESEARCH,1.0.0
league=Championship,Championship,ALL,O25,AWAY,Over 2.5,Away win,1691,283,0.493791,0.300414,0.167357,0.148342,1.1282,1.901,0.083,0.150322,0.185899,0.0,0.300414,True,False,RESEARCH,1.0.0
league=Championship,Championship,ALL,O25,1X,Over 2.5,Home or draw,1691,552,0.493791,0.699586,0.326434,0.345449,0.945,-1.901,-0.083,0.3045,0.349155,0.193377,0.493791,True,True,RESEARCH,1.0.0
league=Championship,Championship,ALL,O25,X2,Over 2.5,Draw or away,1691,384,0.493791,0.562389,0.227085,0.277702,0.8177,-5.062,-0.2041,0.207748,0.247659,0.05618,0.493791,True,False,RESEARCH,1.0.0
league=Championship,Championship,ALL,O25,12,Over 2.5,Home or away,1691,734,0.493791,0.738025,0.434063,0.36443,1.1911,6.963,0.3167,0.410615,0.457809,0.231815,0.493791,True,False,RESEARCH,1.0.0
league=Championship,Championship,ALL,U25,BTTS,Under 2.5,BTTS Yes,1691,222,0.506209,0.532229,0.131283,0.26942,0.4873,-13.814,-0.5537,0.116019,0.148219,0.038439,0.506209,True,False,RESEARCH,1.0.0
league=Championship,Championship,ALL,U25,BTTS_NO,Under 2.5,BTTS No,1691,634,0.506209,0.467771,0.374926,0.23679,1.5834,13.814,0.5537,0.35216,0.398259,0.0,0.467771,True,False,RESEARCH,1.0.0
league=Championship,Championship,ALL,U25,HOME,Under 2.5,Home win,1691,289,0.506209,0.437611,0.170905,0.221523,0.7715,-5.062,-0.2041,0.153714,0.189588,0.0,0.437611,True,False,RESEARCH,1.0.0
league=Championship,Championship,ALL,U25,DRAW,Under 2.5,Draw,1691,342,0.506209,0.261975,0.202247,0.132614,1.5251,6.963,0.3167,0.183787,0.222057,0.0,0.261975,True,False,RESEARCH,1.0.0
league=Championship,Championship,ALL,U25,AWAY,Under 2.5,Away win,1691,225,0.506209,0.300414,0.133057,0.152072,0.875,-1.901,-0.083,0.117698,0.15008,0.0,0.300414,True,False,RESEARCH,1.0.0
league=Championship,Championship,ALL,U25,1X,Under 2.5,Home or draw,1691,631,0.506209,0.699586,0.373152,0.354137,1.0537,1.901,0.083,0.350412,0.396467,0.205795,0.506209,True,True,RESEARCH,1.0.0
league=Championship,Championship,ALL,U25,X2,Under 2.5,Draw or away,1691,567,0.506209,0.562389,0.335305,0.284687,1.1778,5.062,0.2041,0.313199,0.358157,0.068598,0.506209,True,False,RESEARCH,1.0.0
league=Championship,Championship,ALL,U25,12,Under 2.5,Home or away,1691,514,0.506209,0.738025,0.303962,0.373595,0.8136,-6.963,-0.3167,0.282503,0.32631,0.244234,0.506209,True,False,RESEARCH,1.0.0
league=Championship,Championship,ALL,O35,BTTS,Over 3.5,BTTS Yes,1691,361,0.250739,0.532229,0.213483,0.133451,1.5997,8.003,0.3701,0.194613,0.233652,0.0,0.250739,True,False,RESEARCH,1.0.0
league=Championship,Championship,ALL,O35,BTTS_NO,Over 3.5,BTTS No,1691,63,0.250739,0.467771,0.037256,0.117288,0.3176,-8.003,-0.3701,0.029227,0.047382,0.0,0.250739,True,False,RESEARCH,1.0.0
league=Championship,Championship,ALL,O35,HOME,Over 3.5,Home win,1691,205,0.250739,0.437611,0.12123,0.109726,1.1048,1.15,0.0535,0.106525,0.137652,0.0,0.250739,True,True,RESEARCH,1.0.0
league=Championship,Championship,ALL,O35,DRAW,Over 3.5,Draw,1691,101,0.250739,0.261975,0.059728,0.065687,0.9093,-0.596,-0.0313,0.049399,0.072053,0.0,0.250739,True,True,RESEARCH,1.0.0
league=Championship,Championship,ALL,O35,AWAY,Over 3.5,Away win,1691,118,0.250739,0.300414,0.069781,0.075326,0.9264,-0.554,-0.0279,0.058587,0.082925,0.0,0.250739,True,True,RESEARCH,1.0.0
league=Championship,Championship,ALL,O35,1X,Over 3.5,Home or draw,1691,306,0.250739,0.699586,0.180958,0.175414,1.0316,0.554,0.0279,0.163338,0.200024,0.0,0.250739,True,True,RESEARCH,1.0.0
league=Championship,Championship,ALL,O35,X2,Over 3.5,Draw or away,1691,219,0.250739,0.562389,0.129509,0.141013,0.9184,-1.15,-0.0535,0.114341,0.146356,0.0,0.250739,True,True,RESEARCH,1.0.0
league=Championship,Championship,ALL,O35,12,Over 3.5,Home or away,1691,323,0.250739,0.738025,0.191011,0.185052,1.0322,0.596,0.0313,0.172983,0.21044,0.0,0.250739,True,True,RESEARCH,1.0.0
league=Championship,Championship,ALL,U35,BTTS,Under 3.5,BTTS Yes,1691,539,0.749261,0.532229,0.318746,0.398779,0.7993,-8.003,-0.3701,0.296968,0.341346,0.28149,0.532229,True,False,RESEARCH,1.0.0
league=Championship,Championship,ALL,U35,BTTS_NO,Under 3.5,BTTS No,1691,728,0.749261,0.467771,0.430514,0.350482,1.2283,8.003,0.3701,0.407098,0.454246,0.217031,0.467771,True,False,RESEARCH,1.0.0
league=Championship,Championship,ALL,U35,HOME,Under 3.5,Home win,1691,535,0.749261,0.437611,0.316381,0.327885,0.9649,-1.15,-0.0535,0.294652,0.338942,0.186872,0.437611,True,True,RESEARCH,1.0.0
league=Championship,Championship,ALL,U35,DRAW,Under 3.5,Draw,1691,342,0.749261,0.261975,0.202247,0.196288,1.0304,0.596,0.0313,0.183787,0.222057,0.011236,0.261975,True,True,RESEARCH,1.0.0
league=Championship,Championship,ALL,U35,AWAY,Under 3.5,Away win,1691,390,0.749261,0.300414,0.230633,0.225088,1.0246,0.554,0.0279,0.211179,0.251307,0.049675,0.300414,True,True,RESEARCH,1.0.0
league=Championship,Championship,ALL,U35,1X,Under 3.5,Home or draw,1691,877,0.749261,0.699586,0.518628,0.524172,0.9894,-0.554,-0.0279,0.494798,0.542374,0.448847,0.699586,True,True,RESEARCH,1.0.0
league=Championship,Championship,ALL,U35,X2,Under 3.5,Draw or away,1691,732,0.749261,0.562389,0.43288,0.421376,1.0273,1.15,0.0535,0.409442,0.456622,0.31165,0.562389,True,True,RESEARCH,1.0.0
league=Championship,Championship,ALL,U35,12,Under 3.5,Home or away,1691,925,0.749261,0.738025,0.547014,0.552973,0.9892,-0.596,-0.0313,0.523208,0.570606,0.487286,0.738025,True,True,RESEARCH,1.0.0
league=Championship,Championship,ALL,BTTS,HOME,BTTS Yes,Home win,1691,340,0.532229,0.437611,0.201064,0.232909,0.8633,-3.184,-0.1287,0.182648,0.220836,0.0,0.437611,True,False,RESEARCH,1.0.0
league=Championship,Championship,ALL,BTTS,DRAW,BTTS Yes,Draw,1691,323,0.532229,0.261975,0.191011,0.139431,1.3699,5.158,0.2351,0.172983,0.21044,0.0,0.261975,True,False,RESEARCH,1.0.0
league=Championship,Championship,ALL,BTTS,AWAY,BTTS Yes,Away win,1691,237,0.532229,0.300414,0.140154,0.159889,0.8766,-1.974,-0.0863,0.124422,0.157517,0.0,0.300414,True,False,RESEARCH,1.0.0
league=Championship,Championship,ALL,BTTS,1X,BTTS Yes,Home or draw,1691,663,0.532229,0.699586,0.392076,0.37234,1.053,1.974,0.0863,0.369076,0.415565,0.231815,0.532229,True,True,RESEARCH,1.0.0
league=Championship,Championship,ALL,BTTS,X2,BTTS Yes,Draw or away,1691,560,0.532229,0.562389,0.331165,0.29932,1.1064,3.184,0.1287,0.309138,0.353957,0.094619,0.532229,True,False,RESEARCH,1.0.0
league=Championship,Championship,ALL,BTTS,12,BTTS Yes,Home or away,1691,577,0.532229,0.738025,0.341218,0.392799,0.8687,-5.158,-0.2351,0.319003,0.364153,0.270254,0.532229,True,False,RESEARCH,1.0.0
league=Championship,Championship,ALL,BTTS_NO,HOME,BTTS No,Home win,1691,400,0.467771,0.437611,0.236546,0.204701,1.1556,3.184,0.1287,0.216903,0.257384,0.0,0.437611,True,False,RESEARCH,1.0.0
league=Championship,Championship,ALL,BTTS_NO,DRAW,BTTS No,Draw,1691,120,0.467771,0.261975,0.070964,0.122544,0.5791,-5.158,-0.2351,0.059673,0.084199,0.0,0.261975,True,False,RESEARCH,1.0.0
league=Championship,Championship,ALL,BTTS_NO,AWAY,BTTS No,Away win,1691,271,0.467771,0.300414,0.16026,0.140525,1.1404,1.974,0.0863,0.143548,0.178513,0.0,0.300414,True,False,RESEARCH,1.0.0
league=Championship,Championship,ALL,BTTS_NO,1X,BTTS No,Home or draw,1691,520,0.467771,0.699586,0.30751,0.327246,0.9397,-1.974,-0.0863,0.285972,0.329921,0.167357,0.467771,True,True,RESEARCH,1.0.0
league=Championship,Championship,ALL,BTTS_NO,X2,BTTS No,Draw or away,1691,391,0.467771,0.562389,0.231224,0.263069,0.8789,-3.184,-0.1287,0.211751,0.251915,0.03016,0.467771,True,False,RESEARCH,1.0.0
league=Championship,Championship,ALL,BTTS_NO,12,BTTS No,Home or away,1691,671,0.467771,0.738025,0.396807,0.345226,1.1494,5.158,0.2351,0.373747,0.420334,0.205795,0.467771,True,False,RESEARCH,1.0.0
league=Championship,Championship,ALL,1X,X2,Home or draw,Draw or away,1691,443,0.699586,0.562389,0.261975,0.39344,0.6659,-13.146,-0.578,0.241573,0.283456,0.261975,0.562389,True,False,RESEARCH,1.0.0
league=Championship,Championship,ALL,1X,12,Home or draw,Home or away,1691,740,0.699586,0.738025,0.437611,0.516312,0.8476,-7.87,-0.3904,0.414133,0.461371,0.437611,0.699586,True,False,RESEARCH,1.0.0
league=Championship,Championship,ALL,X2,12,Draw or away,Home or away,1691,508,0.562389,0.738025,0.300414,0.415057,0.7238,-11.464,-0.5256,0.279036,0.322697,0.300414,0.562389,True,False,RESEARCH,1.0.0
league=China Super League,China Super League,ALL,O15,U25,Over 1.5,Under 2.5,909,195,0.790979,0.423542,0.214521,0.335013,0.6403,-12.049,-0.5997,0.189066,0.242379,0.214521,0.423542,True,False,RESEARCH,1.0.0
league=China Super League,China Super League,ALL,O15,U35,Over 1.5,Under 3.5,909,378,0.790979,0.624862,0.415842,0.494253,0.8414,-7.841,-0.3983,0.38422,0.448171,0.415842,0.624862,True,False,RESEARCH,1.0.0
league=China Super League,China Super League,ALL,O15,BTTS_NO,Over 1.5,BTTS No,909,174,0.790979,0.40044,0.191419,0.31674,0.6043,-12.532,-0.629,0.167163,0.218273,0.191419,0.40044,True,False,RESEARCH,1.0.0
league=China Super League,China Super League,ALL,O15,HOME,Over 1.5,Home win,909,336,0.790979,0.458746,0.369637,0.362858,1.0187,0.678,0.0335,0.338867,0.401505,0.249725,0.458746,True,True,RESEARCH,1.0.0
league=China Super League,China Super League,ALL,O15,DRAW,Over 1.5,Draw,909,185,0.790979,0.255226,0.20352,0.201878,1.0081,0.164,0.0093,0.17862,0.230916,0.046205,0.255226,True,True,RESEARCH,1.0.0
league=China Super League,China Super League,ALL,O15,AWAY,Over 1.5,Away win,909,198,0.790979,0.286029,0.217822,0.226243,0.9628,-0.842,-0.0458,0.192206,0.245813,0.077008,0.286029,True,True,RESEARCH,1.0.0
league=China Super League,China Super League,ALL,O15,1X,Over 1.5,Home or draw,909,521,0.790979,0.713971,0.573157,0.564736,1.0149,0.842,0.0458,0.540761,0.604938,0.50495,0.713971,True,True,RESEARCH,1.0.0
league=China Super League,China Super League,ALL,O15,X2,Over 1.5,Draw or away,909,383,0.790979,0.541254,0.421342,0.428121,0.9842,-0.678,-0.0335,0.389639,0.453707,0.332233,0.541254,True,True,RESEARCH,1.0.0
league=China Super League,China Super League,ALL,O15,12,Over 1.5,Home or away,909,534,0.790979,0.744774,0.587459,0.589101,0.9972,-0.164,-0.0093,0.555153,0.619029,0.535754,0.744774,True,True,RESEARCH,1.0.0
league=China Super League,China Super League,ALL,U15,HOME,Under 1.5,Home win,909,81,0.209021,0.458746,0.089109,0.095887,0.9293,-0.678,-0.0335,0.072275,0.109401,0.0,0.209021,True,True,RESEARCH,1.0.0
league=China Super League,China Super League,ALL,U15,DRAW,Under 1.5,Draw,909,47,0.209021,0.255226,0.051705,0.053347,0.9692,-0.164,-0.0093,0.039104,0.06808,0.0,0.209021,True,True,RESEARCH,1.0.0
league=China Super League,China Super League,ALL,U15,AWAY,Under 1.5,Away win,909,62,0.209021,0.286029,0.068207,0.059786,1.1409,0.842,0.0458,0.053569,0.086479,0.0,0.209021,True,True,RESEARCH,1.0.0
league=China Super League,China Super League,ALL,U15,1X,Under 1.5,Home or draw,909,128,0.209021,0.713971,0.140814,0.149235,0.9436,-0.842,-0.0458,0.119711,0.164941,0.0,0.209021,True,True,RESEARCH,1.0.0
league=China Super League,China Super League,ALL,U15,X2,Under 1.5,Draw or away,909,109,0.209021,0.541254,0.119912,0.113133,1.0599,0.678,0.0335,0.100377,0.142646,0.0,0.209021,True,True,RESEARCH,1.0.0
league=China Super League,China Super League,ALL,U15,12,Under 1.5,Home or away,909,143,0.209021,0.744774,0.157316,0.155673,1.0105,0.164,0.0093,0.135094,0.182422,0.0,0.209021,True,True,RESEARCH,1.0.0
league=China Super League,China Super League,ALL,O25,U35,Over 2.5,Under 3.5,909,183,0.576458,0.624862,0.20132,0.360207,0.5589,-15.889,-0.6642,0.176534,0.22862,0.20132,0.576458,True,False,RESEARCH,1.0.0
league=China Super League,China Super League,ALL,O25,BTTS,Over 2.5,BTTS Yes,909,431,0.576458,0.59956,0.474147,0.345621,1.3719,12.853,0.5309,0.441863,0.506649,0.176018,0.576458,True,False,RESEARCH,1.0.0
league=China Super League,China Super League,ALL,O25,BTTS_NO,Over 2.5,BTTS No,909,93,0.576458,0.40044,0.10231,0.230837,0.4432,-12.853,-0.5309,0.084253,0.123715,0.0,0.40044,True,False,RESEARCH,1.0.0
league=China Super League,China Super League,ALL,O25,HOME,Over 2.5,Home win,909,284,0.576458,0.458746,0.312431,0.264448,1.1814,4.798,0.1949,0.283143,0.343298,0.035204,0.458746,True,False,RESEARCH,1.0.0
league=China Super League,China Super League,ALL,O25,DRAW,Over 2.5,Draw,909,71,0.576458,0.255226,0.078108,0.147127,0.5309,-6.902,-0.3204,0.062385,0.097381,0.0,0.255226,True,False,RESEARCH,1.0.0
league=China Super League,China Super League,ALL,O25,AWAY,Over 2.5,Away win,909,169,0.576458,0.286029,0.185919,0.164883,1.1276,2.104,0.0942,0.161968,0.212513,0.0,0.286029,True,True,RESEARCH,1.0.0
league=China Super League,China Super League,ALL,O25,1X,Over 2.5,Home or draw,909,355,0.576458,0.713971,0.390539,0.411574,0.9489,-2.104,-0.0942,0.359347,0.422652,0.290429,0.576458,True,True,RESEARCH,1.0.0
league=China Super League,China Super League,ALL,O25,X2,Over 2.5,Draw or away,909,240,0.576458,0.541254,0.264026,0.31201,0.8462,-4.798,-0.1949,0.236406,0.293633,0.117712,0.541254,True,False,RESEARCH,1.0.0
league=China Super League,China Super League,ALL,O25,12,Over 2.5,Home or away,909,453,0.576458,0.744774,0.49835,0.429331,1.1608,6.902,0.3204,0.465921,0.530793,0.321232,0.576458,True,False,RESEARCH,1.0.0
league=China Super League,China Super League,ALL,U25,BTTS,Under 2.5,BTTS Yes,909,114,0.423542,0.59956,0.125413,0.253939,0.4939,-12.853,-0.5309,0.105446,0.148531,0.023102,0.423542,True,False,RESEARCH,1.0.0
league=China Super League,China Super League,ALL,U25,BTTS_NO,Under 2.5,BTTS No,909,271,0.423542,0.40044,0.29813,0.169603,1.7578,12.853,0.5309,0.269292,0.328666,0.0,0.40044,True,False,RESEARCH,1.0.0
league=China Super League,China Super League,ALL,U25,HOME,Under 2.5,Home win,909,133,0.423542,0.458746,0.146315,0.194298,0.753,-4.798,-0.1949,0.124828,0.170779,0.0,0.423542,True,False,RESEARCH,1.0.0
league=China Super League,China Super League,ALL,U25,DRAW,Under 2.5,Draw,909,161,0.423542,0.255226,0.177118,0.108099,1.6385,6.902,0.3204,0.153673,0.20328,0.0,0.255226,True,False,RESEARCH,1.0.0
league=China Super League,China Super League,ALL,U25,AWAY,Under 2.5,Away win,909,91,0.423542,0.286029,0.10011,0.121145,0.8264,-2.104,-0.0942,0.082249,0.121337,0.0,0.286029,True,True,RESEARCH,1.0.0
league=China Super League,China Super League,ALL,U25,1X,Under 2.5,Home or draw,909,294,0.423542,0.713971,0.323432,0.302397,1.0696,2.104,0.0942,0.29382,0.354531,0.137514,0.423542,True,True,RESEARCH,1.0.0
league=China Super League,China Super League,ALL,U25,X2,Under 2.5,Draw or away,909,252,0.423542,0.541254,0.277228,0.229244,1.2093,4.798,0.1949,0.249111,0.307219,0.0,0.423542,True,False,RESEARCH,1.0.0
league=China Super League,China Super League,ALL,U25,12,Under 2.5,Home or away,909,224,0.423542,0.744774,0.246425,0.315444,0.7812,-6.902,-0.3204,0.219516,0.275467,0.168317,0.423542,True,False,RESEARCH,1.0.0
league=China Super League,China Super League,ALL,O35,BTTS,Over 3.5,BTTS Yes,909,296,0.375138,0.59956,0.325633,0.224917,1.4478,10.072,0.4245,0.295958,0.356775,0.0,0.375138,True,False,RESEARCH,1.0.0
league=China Super League,China Super League,ALL,O35,BTTS_NO,Over 3.5,BTTS No,909,45,0.375138,0.40044,0.049505,0.15022,0.3295,-10.072,-0.4245,0.037202,0.0656,0.0,0.375138,True,False,RESEARCH,1.0.0
league=China Super League,China Super League,ALL,O35,HOME,Over 3.5,Home win,909,178,0.375138,0.458746,0.19582,0.172093,1.1379,2.373,0.0983,0.171325,0.222875,0.0,0.375138,True,True,RESEARCH,1.0.0
league=China Super League,China Super League,ALL,O35,DRAW,Over 3.5,Draw,909,71,0.375138,0.255226,0.078108,0.095745,0.8158,-1.764,-0.0836,0.062385,0.097381,0.0,0.255226,True,True,RESEARCH,1.0.0
league=China Super League,China Super League,ALL,O35,AWAY,Over 3.5,Away win,909,92,0.375138,0.286029,0.10121,0.1073,0.9432,-0.609,-0.0278,0.083251,0.122526,0.0,0.286029,True,True,RESEARCH,1.0.0
league=China Super League,China Super League,ALL,O35,1X,Over 3.5,Home or draw,909,249,0.375138,0.713971,0.273927,0.267837,1.0227,0.609,0.0278,0.245932,0.303826,0.089109,0.375138,True,True,RESEARCH,1.0.0
league=China Super League,China Super League,ALL,O35,X2,Over 3.5,Draw or away,909,163,0.375138,0.541254,0.179318,0.203045,0.8831,-2.373,-0.0983,0.155745,0.20559,0.0,0.375138,True,True,RESEARCH,1.0.0
league=China Super League,China Super League,ALL,O35,12,Over 3.5,Home or away,909,270,0.375138,0.744774,0.29703,0.279393,1.0631,1.764,0.0836,0.268228,0.32754,0.119912,0.375138,True,True,RESEARCH,1.0.0
league=China Super League,China Super League,ALL,U35,BTTS,Under 3.5,BTTS Yes,909,249,0.624862,0.59956,0.273927,0.374643,0.7312,-10.072,-0.4245,0.245932,0.303826,0.224422,0.59956,True,False,RESEARCH,1.0.0
league=China Super League,China Super League,ALL,U35,BTTS_NO,Under 3.5,BTTS No,909,319,0.624862,0.40044,0.350935,0.25022,1.4025,10.072,0.4245,0.320595,0.38253,0.025303,0.40044,True,False,RESEARCH,1.0.0
league=China Super League,China Super League,ALL,U35,HOME,Under 3.5,Home win,909,239,0.624862,0.458746,0.262926,0.286653,0.9172,-2.373,-0.0983,0.235348,0.2925,0.083608,0.458746,True,True,RESEARCH,1.0.0
league=China Super League,China Super League,ALL,U35,DRAW,Under 3.5,Draw,909,161,0.624862,0.255226,0.177118,0.159481,1.1106,1.764,0.0836,0.153673,0.20328,0.0,0.255226,True,True,RESEARCH,1.0.0
league=China Super League,China Super League,ALL,U35,AWAY,Under 3.5,Away win,909,168,0.624862,0.286029,0.184818,0.178729,1.0341,0.609,0.0278,0.16093,0.21136,0.0,0.286029,True,True,RESEARCH,1.0.0
league=China Super League,China Super League,ALL,U35,1X,Under 3.5,Home or draw,909,400,0.624862,0.713971,0.440044,0.446134,0.9863,-0.609,-0.0278,0.408093,0.472499,0.338834,0.624862,True,True,RESEARCH,1.0.0
league=China Super League,China Super League,ALL,U35,X2,Under 3.5,Draw or away,909,329,0.624862,0.541254,0.361936,0.338209,1.0702,2.373,0.0983,0.331337,0.393698,0.166117,0.541254,True,True,RESEARCH,1.0.0
league=China Super League,China Super League,ALL,U35,12,Under 3.5,Home or away,909,407,0.624862,0.744774,0.447745,0.465382,0.9621,-1.764,-0.0836,0.415705,0.480224,0.369637,0.624862,True,True,RESEARCH,1.0.0
league=China Super League,China Super League,ALL,BTTS,HOME,BTTS Yes,Home win,909,223,0.59956,0.458746,0.245325,0.275046,0.8919,-2.972,-0.1217,0.218463,0.27433,0.058306,0.458746,True,False,RESEARCH,1.0.0
league=China Super League,China Super League,ALL,BTTS,DRAW,BTTS Yes,Draw,909,185,0.59956,0.255226,0.20352,0.153023,1.33,5.05,0.2364,0.17862,0.230916,0.0,0.255226,True,False,RESEARCH,1.0.0
league=China Super League,China Super League,ALL,BTTS,AWAY,BTTS Yes,Away win,909,137,0.59956,0.286029,0.150715,0.171491,0.8788,-2.078,-0.0938,0.128929,0.175441,0.0,0.286029,True,True,RESEARCH,1.0.0
league=China Super League,China Super League,ALL,BTTS,1X,BTTS Yes,Home or draw,909,408,0.59956,0.713971,0.448845,0.428069,1.0485,2.078,0.0938,0.416794,0.481327,0.313531,0.59956,True,True,RESEARCH,1.0.0
league=China Super League,China Super League,ALL,BTTS,X2,BTTS Yes,Draw or away,909,322,0.59956,0.541254,0.354235,0.324514,1.0916,2.972,0.1217,0.323816,0.385882,0.140814,0.541254,True,True,RESEARCH,1.0.0
league=China Super League,China Super League,ALL,BTTS,12,BTTS Yes,Home or away,909,360,0.59956,0.744774,0.39604,0.446537,0.8869,-5.05,-0.2364,0.364747,0.428207,0.344334,0.59956,True,False,RESEARCH,1.0.0
league=China Super League,China Super League,ALL,BTTS_NO,HOME,BTTS No,Home win,909,194,0.40044,0.458746,0.213421,0.1837,1.1618,2.972,0.1217,0.18802,0.241234,0.0,0.40044,True,False,RESEARCH,1.0.0
league=China Super League,China Super League,ALL,BTTS_NO,DRAW,BTTS No,Draw,909,47,0.40044,0.255226,0.051705,0.102203,0.5059,-5.05,-0.2364,0.039104,0.06808,0.0,0.255226,True,False,RESEARCH,1.0.0
league=China Super League,China Super League,ALL,BTTS_NO,AWAY,BTTS No,Away win,909,123,0.40044,0.286029,0.135314,0.114537,1.1814,2.078,0.0938,0.114605,0.159091,0.0,0.286029,True,False,RESEARCH,1.0.0
league=China Super League,China Super League,ALL,BTTS_NO,1X,BTTS No,Home or draw,909,241,0.40044,0.713971,0.265127,0.285903,0.9273,-2.078,-0.0938,0.237463,0.294767,0.114411,0.40044,True,True,RESEARCH,1.0.0
league=China Super League,China Super League,ALL,BTTS_NO,X2,BTTS No,Draw or away,909,170,0.40044,0.541254,0.187019,0.21674,0.8629,-2.972,-0.1217,0.163006,0.213665,0.0,0.40044,True,False,RESEARCH,1.0.0
league=China Super League,China Super League,ALL,BTTS_NO,12,BTTS No,Home or away,909,317,0.40044,0.744774,0.348735,0.298238,1.1693,5.05,0.2364,0.318449,0.380294,0.145215,0.40044,True,False,RESEARCH,1.0.0
league=China Super League,China Super League,ALL,1X,X2,Home or draw,Draw or away,909,232,0.713971,0.541254,0.255226,0.38644,0.6605,-13.121,-0.5827,0.227953,0.284558,0.255226,0.541254,True,False,RESEARCH,1.0.0
league=China Super League,China Super League,ALL,1X,12,Home or draw,Home or away,909,417,0.713971,0.744774,0.458746,0.531748,0.8627,-7.3,-0.3705,0.426594,0.491245,0.458746,0.713971,True,False,RESEARCH,1.0.0
league=China Super League,China Super League,ALL,X2,12,Draw or away,Home or away,909,260,0.541254,0.744774,0.286029,0.403112,0.7096,-11.708,-0.5389,0.257599,0.316259,0.286029,0.541254,True,False,RESEARCH,1.0.0
league=Denmark Superliga,Denmark Superliga,ALL,O15,U25,Over 1.5,Under 2.5,606,134,0.810231,0.410891,0.221122,0.332917,0.6642,-11.179,-0.5795,0.189894,0.255864,0.221122,0.410891,True,False,RESEARCH,1.0.0
league=Denmark Superliga,Denmark Superliga,ALL,O15,U35,Over 1.5,Under 3.5,606,271,0.810231,0.636964,0.447195,0.516088,0.8665,-6.889,-0.3654,0.408064,0.486991,0.447195,0.636964,True,False,RESEARCH,1.0.0
league=Denmark Superliga,Denmark Superliga,ALL,O15,BTTS_NO,Over 1.5,BTTS No,606,125,0.810231,0.39604,0.206271,0.320884,0.6428,-11.461,-0.5976,0.175953,0.240289,0.206271,0.39604,True,False,RESEARCH,1.0.0
league=Denmark Superliga,Denmark Superliga,ALL,O15,HOME,Over 1.5,Home win,606,205,0.810231,0.429043,0.338284,0.347624,0.9731,-0.934,-0.0481,0.301737,0.376868,0.239274,0.429043,True,True,RESEARCH,1.0.0
league=Denmark Superliga,Denmark Superliga,ALL,O15,DRAW,Over 1.5,Draw,606,123,0.810231,0.255776,0.20297,0.207237,0.9794,-0.427,-0.0249,0.172864,0.236819,0.066007,0.255776,True,True,RESEARCH,1.0.0
league=Denmark Superliga,Denmark Superliga,ALL,O15,AWAY,Over 1.5,Away win,606,163,0.810231,0.315182,0.268977,0.25537,1.0533,1.361,0.0747,0.235208,0.305656,0.125413,0.315182,True,True,RESEARCH,1.0.0
league=Denmark Superliga,Denmark Superliga,ALL,O15,1X,Over 1.5,Home or draw,606,328,0.810231,0.684818,0.541254,0.554861,0.9755,-1.361,-0.0747,0.501445,0.580544,0.49505,0.684818,True,True,RESEARCH,1.0.0
league=Denmark Superliga,Denmark Superliga,ALL,O15,X2,Over 1.5,Draw or away,606,286,0.810231,0.570957,0.471947,0.462607,1.0202,0.934,0.0481,0.432502,0.511746,0.381188,0.570957,True,True,RESEARCH,1.0.0
league=Denmark Superliga,Denmark Superliga,ALL,O15,12,Over 1.5,Home or away,606,368,0.810231,0.744224,0.607261,0.602994,1.0071,0.427,0.0249,0.567819,0.645351,0.554455,0.744224,True,True,RESEARCH,1.0.0
league=Denmark Superliga,Denmark Superliga,ALL,U15,HOME,Under 1.5,Home win,606,55,0.189769,0.429043,0.090759,0.081419,1.1147,0.934,0.0481,0.070392,0.116282,0.0,0.189769,True,True,RESEARCH,1.0.0
league=Denmark Superliga,Denmark Superliga,ALL,U15,DRAW,Under 1.5,Draw,606,32,0.189769,0.255776,0.052805,0.048538,1.0879,0.427,0.0249,0.03765,0.073595,0.0,0.189769,True,True,RESEARCH,1.0.0
league=Denmark Superliga,Denmark Superliga,ALL,U15,AWAY,Under 1.5,Away win,606,28,0.189769,0.315182,0.046205,0.059812,0.7725,-1.361,-0.0747,0.032158,0.065968,0.0,0.189769,True,True,RESEARCH,1.0.0
league=Denmark Superliga,Denmark Superliga,ALL,U15,1X,Under 1.5,Home or draw,606,87,0.189769,0.684818,0.143564,0.129957,1.1047,1.361,0.0747,0.117889,0.17373,0.0,0.189769,True,True,RESEARCH,1.0.0
league=Denmark Superliga,Denmark Superliga,ALL,U15,X2,Under 1.5,Draw or away,606,60,0.189769,0.570957,0.09901,0.10835,0.9138,-0.934,-0.0481,0.077696,0.125375,0.0,0.189769,True,True,RESEARCH,1.0.0
league=Denmark Superliga,Denmark Superliga,ALL,U15,12,Under 1.5,Home or away,606,83,0.189769,0.744224,0.136964,0.141231,0.9698,-0.427,-0.0249,0.111867,0.166634,0.0,0.189769,True,True,RESEARCH,1.0.0
league=Denmark Superliga,Denmark Superliga,ALL,O25,U35,Over 2.5,Under 3.5,606,137,0.589109,0.636964,0.226073,0.375241,0.6025,-14.917,-0.6305,0.194555,0.261042,0.226073,0.589109,True,False,RESEARCH,1.0.0
league=Denmark Superliga,Denmark Superliga,ALL,O25,BTTS,Over 2.5,BTTS Yes,606,300,0.589109,0.60396,0.49505,0.355798,1.3914,13.925,0.5787,0.455398,0.534763,0.193069,0.589109,True,False,RESEARCH,1.0.0
league=Denmark Superliga,Denmark Superliga,ALL,O25,BTTS_NO,Over 2.5,BTTS No,606,57,0.589109,0.39604,0.094059,0.23331,0.4032,-13.925,-0.5787,0.073307,0.119926,0.0,0.39604,True,False,RESEARCH,1.0.0
league=Denmark Superliga,Denmark Superliga,ALL,O25,HOME,Over 2.5,Home win,606,168,0.589109,0.429043,0.277228,0.252753,1.0968,2.447,0.1005,0.243076,0.314186,0.018152,0.429043,True,True,RESEARCH,1.0.0
league=Denmark Superliga,Denmark Superliga,ALL,O25,DRAW,Over 2.5,Draw,606,57,0.589109,0.255776,0.094059,0.15068,0.6242,-5.662,-0.2638,0.073307,0.119926,0.0,0.255776,True,False,RESEARCH,1.0.0
league=Denmark Superliga,Denmark Superliga,ALL,O25,AWAY,Over 2.5,Away win,606,132,0.589109,0.315182,0.217822,0.185676,1.1731,3.215,0.1406,0.186791,0.252408,0.0,0.315182,True,False,RESEARCH,1.0.0
league=Denmark Superliga,Denmark Superliga,ALL,O25,1X,Over 2.5,Home or draw,606,225,0.589109,0.684818,0.371287,0.403433,0.9203,-3.215,-0.1406,0.333743,0.410453,0.273927,0.589109,True,True,RESEARCH,1.0.0
league=Denmark Superliga,Denmark Superliga,ALL,O25,X2,Over 2.5,Draw or away,606,189,0.589109,0.570957,0.311881,0.336356,0.9272,-2.447,-0.1005,0.276279,0.349854,0.160066,0.570957,True,True,RESEARCH,1.0.0
league=Denmark Superliga,Denmark Superliga,ALL,O25,12,Over 2.5,Home or away,606,300,0.589109,0.744224,0.49505,0.438429,1.1291,5.662,0.2638,0.455398,0.534763,0.333333,0.589109,True,False,RESEARCH,1.0.0
league=Denmark Superliga,Denmark Superliga,ALL,U25,BTTS,Under 2.5,BTTS Yes,606,66,0.410891,0.60396,0.108911,0.248162,0.4389,-13.925,-0.5787,0.086527,0.136222,0.014851,0.410891,True,False,RESEARCH,1.0.0
league=Denmark Superliga,Denmark Superliga,ALL,U25,BTTS_NO,Under 2.5,BTTS No,606,183,0.410891,0.39604,0.30198,0.162729,1.8557,13.925,0.5787,0.266767,0.339688,0.0,0.39604,True,False,RESEARCH,1.0.0
league=Denmark Superliga,Denmark Superliga,ALL,U25,HOME,Under 2.5,Home win,606,92,0.410891,0.429043,0.151815,0.17629,0.8612,-2.447,-0.1005,0.125444,0.182574,0.0,0.410891,True,True,RESEARCH,1.0.0
league=Denmark Superliga,Denmark Superliga,ALL,U25,DRAW,Under 2.5,Draw,606,98,0.410891,0.255776,0.161716,0.105096,1.5387,5.662,0.2638,0.134547,0.193147,0.0,0.255776,True,False,RESEARCH,1.0.0
league=Denmark Superliga,Denmark Superliga,ALL,U25,AWAY,Under 2.5,Away win,606,59,0.410891,0.315182,0.09736,0.129505,0.7518,-3.215,-0.1406,0.076231,0.123561,0.0,0.315182,True,False,RESEARCH,1.0.0
league=Denmark Superliga,Denmark Superliga,ALL,U25,1X,Under 2.5,Home or draw,606,190,0.410891,0.684818,0.313531,0.281386,1.1142,3.215,0.1406,0.277866,0.351546,0.09571,0.410891,True,True,RESEARCH,1.0.0
league=Denmark Superliga,Denmark Superliga,ALL,U25,X2,Under 2.5,Draw or away,606,157,0.410891,0.570957,0.259076,0.234601,1.1043,2.447,0.1005,0.225787,0.2954,0.0,0.410891,True,True,RESEARCH,1.0.0
league=Denmark Superliga,Denmark Superliga,ALL,U25,12,Under 2.5,Home or away,606,151,0.410891,0.744224,0.249175,0.305795,0.8148,-5.662,-0.2638,0.216389,0.285121,0.155116,0.410891,True,False,RESEARCH,1.0.0
league=Denmark Superliga,Denmark Superliga,ALL,O35,BTTS,Over 3.5,BTTS Yes,606,191,0.363036,0.60396,0.315182,0.21926,1.4375,9.592,0.4079,0.279454,0.353238,0.0,0.363036,True,False,RESEARCH,1.0.0
league=Denmark Superliga,Denmark Superliga,ALL,O35,BTTS_NO,Over 3.5,BTTS No,606,29,0.363036,0.39604,0.047855,0.143777,0.3328,-9.592,-0.4079,0.033523,0.067883,0.0,0.363036,True,False,RESEARCH,1.0.0
league=Denmark Superliga,Denmark Superliga,ALL,O35,HOME,Over 3.5,Home win,606,96,0.363036,0.429043,0.158416,0.155758,1.0171,0.266,0.0112,0.131508,0.189627,0.0,0.363036,True,True,RESEARCH,1.0.0
league=Denmark Superliga,Denmark Superliga,ALL,O35,DRAW,Over 3.5,Draw,606,57,0.363036,0.255776,0.094059,0.092856,1.013,0.12,0.0057,0.073307,0.119926,0.0,0.255776,True,True,RESEARCH,1.0.0
league=Denmark Superliga,Denmark Superliga,ALL,O35,AWAY,Over 3.5,Away win,606,67,0.363036,0.315182,0.110561,0.114422,0.9663,-0.386,-0.0173,0.088005,0.138024,0.0,0.315182,True,True,RESEARCH,1.0.0
league=Denmark Superliga,Denmark Superliga,ALL,O35,1X,Over 3.5,Home or draw,606,153,0.363036,0.684818,0.252475,0.248614,1.0155,0.386,0.0173,0.219519,0.28855,0.047855,0.363036,True,True,RESEARCH,1.0.0
league=Denmark Superliga,Denmark Superliga,ALL,O35,X2,Over 3.5,Draw or away,606,124,0.363036,0.570957,0.20462,0.207278,0.9872,-0.266,-0.0112,0.174408,0.238554,0.0,0.363036,True,True,RESEARCH,1.0.0
league=Denmark Superliga,Denmark Superliga,ALL,O35,12,Over 3.5,Home or away,606,163,0.363036,0.744224,0.268977,0.27018,0.9955,-0.12,-0.0057,0.235208,0.305656,0.107261,0.363036,True,True,RESEARCH,1.0.0
league=Denmark Superliga,Denmark Superliga,ALL,U35,BTTS,Under 3.5,BTTS Yes,606,175,0.636964,0.60396,0.288779,0.384701,0.7507,-9.592,-0.4079,0.254115,0.326103,0.240924,0.60396,True,False,RESEARCH,1.0.0
league=Denmark Superliga,Denmark Superliga,ALL,U35,BTTS_NO,Under 3.5,BTTS No,606,211,0.636964,0.39604,0.348185,0.252263,1.3802,9.592,0.4079,0.311318,0.386964,0.033003,0.39604,True,False,RESEARCH,1.0.0
league=Denmark Superliga,Denmark Superliga,ALL,U35,HOME,Under 3.5,Home win,606,164,0.636964,0.429043,0.270627,0.273285,0.9903,-0.266,-0.0112,0.23678,0.307364,0.066007,0.429043,True,True,RESEARCH,1.0.0
league=Denmark Superliga,Denmark Superliga,ALL,U35,DRAW,Under 3.5,Draw,606,98,0.636964,0.255776,0.161716,0.16292,0.9926,-0.12,-0.0057,0.134547,0.193147,0.0,0.255776,True,True,RESEARCH,1.0.0
league=Denmark Superliga,Denmark Superliga,ALL,U35,AWAY,Under 3.5,Away win,606,124,0.636964,0.315182,0.20462,0.200759,1.0192,0.386,0.0173,0.174408,0.238554,0.0,0.315182,True,True,RESEARCH,1.0.0
league=Denmark Superliga,Denmark Superliga,ALL,U35,1X,Under 3.5,Home or draw,606,262,0.636964,0.684818,0.432343,0.436205,0.9911,-0.386,-0.0173,0.393448,0.472091,0.321782,0.636964,True,True,RESEARCH,1.0.0
league=Denmark Superliga,Denmark Superliga,ALL,U35,X2,Under 3.5,Draw or away,606,222,0.636964,0.570957,0.366337,0.363679,1.0073,0.266,0.0112,0.328929,0.405428,0.207921,0.570957,True,True,RESEARCH,1.0.0
league=Denmark Superliga,Denmark Superliga,ALL,U35,12,Under 3.5,Home or away,606,288,0.636964,0.744224,0.475248,0.474044,1.0025,0.12,0.0057,0.435768,0.515039,0.381188,0.636964,True,True,RESEARCH,1.0.0
league=Denmark Superliga,Denmark Superliga,ALL,BTTS,HOME,BTTS Yes,Home win,606,136,0.60396,0.429043,0.224422,0.259125,0.8661,-3.47,-0.1434,0.193,0.259316,0.033003,0.429043,True,True,RESEARCH,1.0.0
league=Denmark Superliga,Denmark Superliga,ALL,BTTS,DRAW,BTTS Yes,Draw,606,123,0.60396,0.255776,0.20297,0.154478,1.3139,4.849,0.2273,0.172864,0.236819,0.0,0.255776,True,False,RESEARCH,1.0.0
league=Denmark Superliga,Denmark Superliga,ALL,BTTS,AWAY,BTTS Yes,Away win,606,107,0.60396,0.315182,0.176568,0.190357,0.9276,-1.379,-0.0607,0.148273,0.208937,0.0,0.315182,True,True,RESEARCH,1.0.0
league=Denmark Superliga,Denmark Superliga,ALL,BTTS,1X,BTTS Yes,Home or draw,606,259,0.60396,0.684818,0.427393,0.413603,1.0333,1.379,0.0607,0.388584,0.467116,0.288779,0.60396,True,True,RESEARCH,1.0.0
league=Denmark Superliga,Denmark Superliga,ALL,BTTS,X2,BTTS Yes,Draw or away,606,230,0.60396,0.570957,0.379538,0.344835,1.1006,3.47,0.1434,0.341774,0.41882,0.174917,0.570957,True,True,RESEARCH,1.0.0
league=Denmark Superliga,Denmark Superliga,ALL,BTTS,12,BTTS Yes,Home or away,606,243,0.60396,0.744224,0.40099,0.449482,0.8921,-4.849,-0.2273,0.36271,0.440517,0.348185,0.60396,True,False,RESEARCH,1.0.0
league=Denmark Superliga,Denmark Superliga,ALL,BTTS_NO,HOME,BTTS No,Home win,606,124,0.39604,0.429043,0.20462,0.169918,1.2042,3.47,0.1434,0.174408,0.238554,0.0,0.39604,True,False,RESEARCH,1.0.0
league=Denmark Superliga,Denmark Superliga,ALL,BTTS_NO,DRAW,BTTS No,Draw,606,32,0.39604,0.255776,0.052805,0.101297,0.5213,-4.849,-0.2273,0.03765,0.073595,0.0,0.255776,True,False,RESEARCH,1.0.0
league=Denmark Superliga,Denmark Superliga,ALL,BTTS_NO,AWAY,BTTS No,Away win,606,84,0.39604,0.315182,0.138614,0.124824,1.1105,1.379,0.0607,0.113371,0.16841,0.0,0.315182,True,True,RESEARCH,1.0.0
league=Denmark Superliga,Denmark Superliga,ALL,BTTS_NO,1X,BTTS No,Home or draw,606,156,0.39604,0.684818,0.257426,0.271215,0.9492,-1.379,-0.0607,0.224219,0.293689,0.080858,0.39604,True,True,RESEARCH,1.0.0
league=Denmark Superliga,Denmark Superliga,ALL,BTTS_NO,X2,BTTS No,Draw or away,606,116,0.39604,0.570957,0.191419,0.226122,0.8465,-3.47,-0.1434,0.162078,0.224648,0.0,0.39604,True,False,RESEARCH,1.0.0
league=Denmark Superliga,Denmark Superliga,ALL,BTTS_NO,12,BTTS No,Home or away,606,208,0.39604,0.744224,0.343234,0.294742,1.1645,4.849,0.2273,0.306526,0.381918,0.140264,0.39604,True,False,RESEARCH,1.0.0
league=Denmark Superliga,Denmark Superliga,ALL,1X,X2,Home or draw,Draw or away,606,155,0.684818,0.570957,0.255776,0.391002,0.6542,-13.523,-0.5881,0.222652,0.291976,0.255776,0.570957,True,False,RESEARCH,1.0.0
league=Denmark Superliga,Denmark Superliga,ALL,1X,12,Home or draw,Home or away,606,260,0.684818,0.744224,0.429043,0.509659,0.8418,-8.062,-0.3977,0.390205,0.468775,0.429043,0.684818,True,False,RESEARCH,1.0.0
league=Denmark Superliga,Denmark Superliga,ALL,X2,12,Draw or away,Home or away,606,191,0.570957,0.744224,0.315182,0.42492,0.7417,-10.974,-0.5082,0.279454,0.353238,0.315182,0.570957,True,False,RESEARCH,1.0.0
league=Greek Super League,Greek Super League,ALL,O15,U25,Over 1.5,Under 2.5,714,176,0.768908,0.477591,0.246499,0.367223,0.6712,-12.072,-0.5734,0.216298,0.279412,0.246499,0.477591,True,False,RESEARCH,1.0.0
league=Greek Super League,Greek Super League,ALL,O15,U35,Over 1.5,Under 3.5,714,357,0.768908,0.731092,0.5,0.562143,0.8895,-6.214,-0.3325,0.463423,0.536577,0.5,0.731092,True,False,RESEARCH,1.0.0
league=Greek Super League,Greek Super League,ALL,O15,BTTS_NO,Over 1.5,BTTS No,714,190,0.768908,0.497199,0.266106,0.3823,0.6961,-11.619,-0.5513,0.235005,0.299711,0.266106,0.497199,True,False,RESEARCH,1.0.0
league=Greek Super League,Greek Super League,ALL,O15,HOME,Over 1.5,Home win,714,247,0.768908,0.427171,0.345938,0.328455,1.0532,1.748,0.0838,0.311955,0.38157,0.196078,0.427171,True,True,RESEARCH,1.0.0
league=Greek Super League,Greek Super League,ALL,O15,DRAW,Over 1.5,Draw,714,130,0.768908,0.252101,0.182073,0.193842,0.9393,-1.177,-0.0643,0.155492,0.212056,0.021008,0.252101,True,True,RESEARCH,1.0.0
league=Greek Super League,Greek Super League,ALL,O15,AWAY,Over 1.5,Away win,714,172,0.768908,0.320728,0.240896,0.24661,0.9768,-0.571,-0.029,0.210969,0.273597,0.089636,0.320728,True,True,RESEARCH,1.0.0
league=Greek Super League,Greek Super League,ALL,O15,1X,Over 1.5,Home or draw,714,377,0.768908,0.679272,0.528011,0.522297,1.0109,0.571,0.029,0.491341,0.564381,0.448179,0.679272,True,True,RESEARCH,1.0.0
league=Greek Super League,Greek Super League,ALL,O15,X2,Over 1.5,Draw or away,714,302,0.768908,0.572829,0.422969,0.440453,0.9603,-1.748,-0.0838,0.387238,0.459524,0.341737,0.572829,True,True,RESEARCH,1.0.0
league=Greek Super League,Greek Super League,ALL,O15,12,Over 1.5,Home or away,714,419,0.768908,0.747899,0.586835,0.575065,1.0205,1.177,0.0643,0.550346,0.622395,0.516807,0.747899,True,True,RESEARCH,1.0.0
league=Greek Super League,Greek Super League,ALL,U15,HOME,Under 1.5,Home win,714,58,0.231092,0.427171,0.081232,0.098716,0.8229,-1.748,-0.0838,0.063363,0.103584,0.0,0.231092,True,True,RESEARCH,1.0.0
league=Greek Super League,Greek Super League,ALL,U15,DRAW,Under 1.5,Draw,714,50,0.231092,0.252101,0.070028,0.058259,1.202,1.177,0.0643,0.053519,0.091139,0.0,0.231092,True,True,RESEARCH,1.0.0
league=Greek Super League,Greek Super League,ALL,U15,AWAY,Under 1.5,Away win,714,57,0.231092,0.320728,0.079832,0.074118,1.0771,0.571,0.029,0.062126,0.102035,0.0,0.231092,True,True,RESEARCH,1.0.0
league=Greek Super League,Greek Super League,ALL,U15,1X,Under 1.5,Home or draw,714,108,0.231092,0.679272,0.151261,0.156975,0.9636,-0.571,-0.029,0.126849,0.179405,0.0,0.231092,True,True,RESEARCH,1.0.0
league=Greek Super League,Greek Super League,ALL,U15,X2,Under 1.5,Draw or away,714,107,0.231092,0.572829,0.14986,0.132376,1.1321,1.748,0.0838,0.125555,0.177912,0.0,0.231092,True,True,RESEARCH,1.0.0
league=Greek Super League,Greek Super League,ALL,U15,12,Under 1.5,Home or away,714,115,0.231092,0.747899,0.161064,0.172834,0.9319,-1.177,-0.0643,0.135926,0.18983,0.0,0.231092,True,True,RESEARCH,1.0.0
league=Greek Super League,Greek Super League,ALL,O25,U35,Over 2.5,Under 3.5,714,181,0.522409,0.731092,0.253501,0.381929,0.6637,-12.843,-0.5799,0.22297,0.286671,0.253501,0.522409,True,False,RESEARCH,1.0.0
league=Greek Super League,Greek Super League,ALL,O25,BTTS,Over 2.5,BTTS Yes,714,269,0.522409,0.502801,0.376751,0.262668,1.4343,11.408,0.4568,0.341955,0.412865,0.02521,0.502801,True,False,RESEARCH,1.0.0
league=Greek Super League,Greek Super League,ALL,O25,BTTS_NO,Over 2.5,BTTS No,714,104,0.522409,0.497199,0.145658,0.259741,0.5608,-11.408,-0.4568,0.121679,0.17343,0.019608,0.497199,True,False,RESEARCH,1.0.0
league=Greek Super League,Greek Super League,ALL,O25,HOME,Over 2.5,Home win,714,201,0.522409,0.427171,0.281513,0.223158,1.2615,5.835,0.2362,0.249761,0.315603,0.0,0.427171,True,False,RESEARCH,1.0.0
league=Greek Super League,Greek Super League,ALL,O25,DRAW,Over 2.5,Draw,714,40,0.522409,0.252101,0.056022,0.1317,0.4254,-7.568,-0.3489,0.041408,0.075388,0.0,0.252101,True,False,RESEARCH,1.0.0
league=Greek Super League,Greek Super League,ALL,O25,AWAY,Over 2.5,Away win,714,132,0.522409,0.320728,0.184874,0.167551,1.1034,1.732,0.0743,0.158112,0.215009,0.0,0.320728,True,True,RESEARCH,1.0.0
league=Greek Super League,Greek Super League,ALL,O25,1X,Over 2.5,Home or draw,714,241,0.522409,0.679272,0.337535,0.354858,0.9512,-1.732,-0.0743,0.303801,0.373008,0.201681,0.522409,True,True,RESEARCH,1.0.0
league=Greek Super League,Greek Super League,ALL,O25,X2,Over 2.5,Draw or away,714,172,0.522409,0.572829,0.240896,0.299251,0.805,-5.835,-0.2362,0.210969,0.273597,0.095238,0.522409,True,False,RESEARCH,1.0.0
league=Greek Super League,Greek Super League,ALL,O25,12,Over 2.5,Home or away,714,333,0.522409,0.747899,0.466387,0.390709,1.1937,7.568,0.3489,0.430071,0.503061,0.270308,0.522409,True,False,RESEARCH,1.0.0
league=Greek Super League,Greek Super League,ALL,U25,BTTS,Under 2.5,BTTS Yes,714,90,0.477591,0.502801,0.12605,0.240133,0.5249,-11.408,-0.4568,0.103689,0.152414,0.0,0.477591,True,False,RESEARCH,1.0.0
league=Greek Super League,Greek Super League,ALL,U25,BTTS_NO,Under 2.5,BTTS No,714,251,0.477591,0.497199,0.351541,0.237458,1.4804,11.408,0.4568,0.317398,0.387272,0.0,0.477591,True,False,RESEARCH,1.0.0
league=Greek Super League,Greek Super League,ALL,U25,HOME,Under 2.5,Home win,714,104,0.477591,0.427171,0.145658,0.204013,0.714,-5.835,-0.2362,0.121679,0.17343,0.0,0.427171,True,False,RESEARCH,1.0.0
league=Greek Super League,Greek Super League,ALL,U25,DRAW,Under 2.5,Draw,714,140,0.477591,0.252101,0.196078,0.120401,1.6285,7.568,0.3489,0.168615,0.226795,0.0,0.252101,True,False,RESEARCH,1.0.0
league=Greek Super League,Greek Super League,ALL,U25,AWAY,Under 2.5,Away win,714,97,0.477591,0.320728,0.135854,0.153177,0.8869,-1.732,-0.0743,0.112662,0.162944,0.0,0.320728,True,True,RESEARCH,1.0.0
league=Greek Super League,Greek Super League,ALL,U25,1X,Under 2.5,Home or draw,714,244,0.477591,0.679272,0.341737,0.324414,1.0534,1.732,0.0743,0.307877,0.377291,0.156863,0.477591,True,True,RESEARCH,1.0.0
league=Greek Super League,Greek Super League,ALL,U25,X2,Under 2.5,Draw or away,714,237,0.477591,0.572829,0.331933,0.273578,1.2133,5.835,0.2362,0.298371,0.367293,0.05042,0.477591,True,False,RESEARCH,1.0.0
league=Greek Super League,Greek Super League,ALL,U25,12,Under 2.5,Home or away,714,201,0.477591,0.747899,0.281513,0.35719,0.7881,-7.568,-0.3489,0.249761,0.315603,0.22549,0.477591,True,False,RESEARCH,1.0.0
league=Greek Super League,Greek Super League,ALL,O35,BTTS,Over 3.5,BTTS Yes,714,155,0.268908,0.502801,0.217087,0.135207,1.6056,8.188,0.3693,0.188404,0.248798,0.0,0.268908,True,False,RESEARCH,1.0.0
league=Greek Super League,Greek Super League,ALL,O35,BTTS_NO,Over 3.5,BTTS No,714,37,0.268908,0.497199,0.051821,0.133701,0.3876,-8.188,-0.3693,0.037827,0.070611,0.0,0.268908,True,False,RESEARCH,1.0.0
league=Greek Super League,Greek Super League,ALL,O35,HOME,Over 3.5,Home win,714,94,0.268908,0.427171,0.131653,0.114869,1.1461,1.678,0.0765,0.108811,0.158437,0.0,0.268908,True,True,RESEARCH,1.0.0
league=Greek Super League,Greek Super League,ALL,O35,DRAW,Over 3.5,Draw,714,40,0.268908,0.252101,0.056022,0.067792,0.8264,-1.177,-0.0611,0.041408,0.075388,0.0,0.252101,True,True,RESEARCH,1.0.0
league=Greek Super League,Greek Super League,ALL,O35,AWAY,Over 3.5,Away win,714,58,0.268908,0.320728,0.081232,0.086246,0.9419,-0.501,-0.0242,0.063363,0.103584,0.0,0.268908,True,True,RESEARCH,1.0.0
league=Greek Super League,Greek Super League,ALL,O35,1X,Over 3.5,Home or draw,714,134,0.268908,0.679272,0.187675,0.182661,1.0274,0.501,0.0242,0.160734,0.217959,0.0,0.268908,True,True,RESEARCH,1.0.0
league=Greek Super League,Greek Super League,ALL,O35,X2,Over 3.5,Draw or away,714,98,0.268908,0.572829,0.137255,0.154038,0.891,-1.678,-0.0765,0.113948,0.164445,0.0,0.268908,True,True,RESEARCH,1.0.0
league=Greek Super League,Greek Super League,ALL,O35,12,Over 3.5,Home or away,714,152,0.268908,0.747899,0.212885,0.201116,1.0585,1.177,0.0611,0.184437,0.244407,0.016807,0.268908,True,True,RESEARCH,1.0.0
league=Greek Super League,Greek Super League,ALL,U35,BTTS,Under 3.5,BTTS Yes,714,204,0.731092,0.502801,0.285714,0.367594,0.7773,-8.188,-0.3693,0.253793,0.319929,0.233894,0.502801,True,False,RESEARCH,1.0.0
league=Greek Super League,Greek Super League,ALL,U35,BTTS_NO,Under 3.5,BTTS No,714,318,0.731092,0.497199,0.445378,0.363498,1.2253,8.188,0.3693,0.409311,0.48203,0.228291,0.497199,True,False,RESEARCH,1.0.0
league=Greek Super League,Greek Super League,ALL,U35,HOME,Under 3.5,Home win,714,211,0.731092,0.427171,0.295518,0.312301,0.9463,-1.678,-0.0765,0.263216,0.330009,0.158263,0.427171,True,True,RESEARCH,1.0.0
league=Greek Super League,Greek Super League,ALL,U35,DRAW,Under 3.5,Draw,714,140,0.731092,0.252101,0.196078,0.184309,1.0639,1.177,0.0611,0.168615,0.226795,0.0,0.252101,True,True,RESEARCH,1.0.0
league=Greek Super League,Greek Super League,ALL,U35,AWAY,Under 3.5,Away win,714,171,0.731092,0.320728,0.239496,0.234482,1.0214,0.501,0.0242,0.209638,0.272142,0.051821,0.320728,True,True,RESEARCH,1.0.0
league=Greek Super League,Greek Super League,ALL,U35,1X,Under 3.5,Home or draw,714,351,0.731092,0.679272,0.491597,0.49661,0.9899,-0.501,-0.0242,0.455069,0.528214,0.410364,0.679272,True,True,RESEARCH,1.0.0
league=Greek Super League,Greek Super League,ALL,U35,X2,Under 3.5,Draw or away,714,311,0.731092,0.572829,0.435574,0.418791,1.0401,1.678,0.0765,0.399645,0.472193,0.303922,0.572829,True,True,RESEARCH,1.0.0
league=Greek Super League,Greek Super League,ALL,U35,12,Under 3.5,Home or away,714,382,0.731092,0.747899,0.535014,0.546783,0.9785,-1.177,-0.0611,0.498339,0.571315,0.478992,0.731092,True,True,RESEARCH,1.0.0
league=Greek Super League,Greek Super League,ALL,BTTS,HOME,BTTS Yes,Home win,714,127,0.502801,0.427171,0.177871,0.214782,0.8281,-3.691,-0.1492,0.151567,0.207623,0.0,0.427171,True,False,RESEARCH,1.0.0
league=Greek Super League,Greek Super League,ALL,BTTS,DRAW,BTTS Yes,Draw,714,130,0.502801,0.252101,0.182073,0.126757,1.4364,5.532,0.2548,0.155492,0.212056,0.0,0.252101,True,False,RESEARCH,1.0.0
league=Greek Super League,Greek Super League,ALL,BTTS,AWAY,BTTS Yes,Away win,714,102,0.502801,0.320728,0.142857,0.161263,0.8859,-1.841,-0.0789,0.119098,0.170438,0.0,0.320728,True,True,RESEARCH,1.0.0
league=Greek Super League,Greek Super League,ALL,BTTS,1X,BTTS Yes,Home or draw,714,257,0.502801,0.679272,0.359944,0.341539,1.0539,1.841,0.0789,0.325572,0.395815,0.182073,0.502801,True,True,RESEARCH,1.0.0
league=Greek Super League,Greek Super League,ALL,BTTS,X2,BTTS Yes,Draw or away,714,232,0.502801,0.572829,0.32493,0.288019,1.1282,3.691,0.1492,0.291592,0.360142,0.07563,0.502801,True,False,RESEARCH,1.0.0
league=Greek Super League,Greek Super League,ALL,BTTS,12,BTTS Yes,Home or away,714,229,0.502801,0.747899,0.320728,0.376045,0.8529,-5.532,-0.2548,0.287529,0.355847,0.2507,0.502801,True,False,RESEARCH,1.0.0
league=Greek Super League,Greek Super League,ALL,BTTS_NO,HOME,BTTS No,Home win,714,178,0.497199,0.427171,0.2493,0.212389,1.1738,3.691,0.1492,0.218966,0.282317,0.0,0.427171,True,False,RESEARCH,1.0.0
league=Greek Super League,Greek Super League,ALL,BTTS_NO,DRAW,BTTS No,Draw,714,50,0.497199,0.252101,0.070028,0.125344,0.5587,-5.532,-0.2548,0.053519,0.091139,0.0,0.252101,True,False,RESEARCH,1.0.0
league=Greek Super League,Greek Super League,ALL,BTTS_NO,AWAY,BTTS No,Away win,714,127,0.497199,0.320728,0.177871,0.159466,1.1154,1.841,0.0789,0.151567,0.207623,0.0,0.320728,True,True,RESEARCH,1.0.0
league=Greek Super League,Greek Super League,ALL,BTTS_NO,1X,BTTS No,Home or draw,714,228,0.497199,0.679272,0.319328,0.337733,0.9455,-1.841,-0.0789,0.286175,0.354414,0.176471,0.497199,True,True,RESEARCH,1.0.0
league=Greek Super League,Greek Super League,ALL,BTTS_NO,X2,BTTS No,Draw or away,714,177,0.497199,0.572829,0.247899,0.28481,0.8704,-3.691,-0.1492,0.217632,0.280865,0.070028,0.497199,True,False,RESEARCH,1.0.0
league=Greek Super League,Greek Super League,ALL,BTTS_NO,12,BTTS No,Home or away,714,305,0.497199,0.747899,0.427171,0.371855,1.1488,5.532,0.2548,0.391371,0.46375,0.245098,0.497199,True,False,RESEARCH,1.0.0
league=Greek Super League,Greek Super League,ALL,1X,X2,Home or draw,Draw or away,714,180,0.679272,0.572829,0.252101,0.389107,0.6479,-13.701,-0.5934,0.221635,0.28522,0.252101,0.572829,True,False,RESEARCH,1.0.0
league=Greek Super League,Greek Super League,ALL,1X,12,Home or draw,Home or away,714,305,0.679272,0.747899,0.427171,0.508027,0.8408,-8.086,-0.3989,0.391371,0.46375,0.427171,0.679272,True,False,RESEARCH,1.0.0
league=Greek Super League,Greek Super League,ALL,X2,12,Draw or away,Home or away,714,229,0.572829,0.747899,0.320728,0.428418,0.7486,-10.769,-0.5014,0.287529,0.355847,0.320728,0.572829,True,False,RESEARCH,1.0.0
league=Ireland Premier Division,Ireland Premier Division,ALL,O15,U25,Over 1.5,Under 2.5,554,137,0.703971,0.543321,0.247292,0.382483,0.6465,-13.519,-0.5945,0.213187,0.284878,0.247292,0.543321,True,False,RESEARCH,1.0.0
league=Ireland Premier Division,Ireland Premier Division,ALL,O15,U35,Over 1.5,Under 3.5,554,256,0.703971,0.758123,0.462094,0.533697,0.8658,-7.16,-0.3663,0.420981,0.503729,0.462094,0.703971,True,False,RESEARCH,1.0.0
league=Ireland Premier Division,Ireland Premier Division,ALL,O15,BTTS_NO,Over 1.5,BTTS No,554,105,0.703971,0.48556,0.189531,0.34182,0.5545,-15.229,-0.6675,0.159074,0.224263,0.189531,0.48556,True,False,RESEARCH,1.0.0
league=Ireland Premier Division,Ireland Premier Division,ALL,O15,HOME,Over 1.5,Home win,554,171,0.703971,0.418773,0.308664,0.294804,1.047,1.386,0.0615,0.271625,0.348339,0.122744,0.418773,True,True,RESEARCH,1.0.0
league=Ireland Premier Division,Ireland Premier Division,ALL,O15,DRAW,Over 1.5,Draw,554,110,0.703971,0.305054,0.198556,0.214749,0.9246,-1.619,-0.077,0.167463,0.233801,0.009025,0.305054,True,True,RESEARCH,1.0.0
league=Ireland Premier Division,Ireland Premier Division,ALL,O15,AWAY,Over 1.5,Away win,554,109,0.703971,0.276173,0.196751,0.194418,1.012,0.233,0.0114,0.165783,0.231895,0.0,0.276173,True,True,RESEARCH,1.0.0
league=Ireland Premier Division,Ireland Premier Division,ALL,O15,1X,Over 1.5,Home or draw,554,281,0.703971,0.723827,0.50722,0.509553,0.9954,-0.233,-0.0114,0.465682,0.548659,0.427798,0.703971,True,True,RESEARCH,1.0.0
league=Ireland Premier Division,Ireland Premier Division,ALL,O15,X2,Over 1.5,Draw or away,554,219,0.703971,0.581227,0.395307,0.409167,0.9661,-1.386,-0.0615,0.355449,0.436607,0.285199,0.581227,True,True,RESEARCH,1.0.0
league=Ireland Premier Division,Ireland Premier Division,ALL,O15,12,Over 1.5,Home or away,554,280,0.703971,0.694946,0.505415,0.489222,1.0331,1.619,0.077,0.463888,0.546868,0.398917,0.694946,True,True,RESEARCH,1.0.0
league=Ireland Premier Division,Ireland Premier Division,ALL,U15,HOME,Under 1.5,Home win,554,61,0.296029,0.418773,0.110108,0.123969,0.8882,-1.386,-0.0615,0.086678,0.138908,0.0,0.296029,True,True,RESEARCH,1.0.0
league=Ireland Premier Division,Ireland Premier Division,ALL,U15,DRAW,Under 1.5,Draw,554,59,0.296029,0.305054,0.106498,0.090305,1.1793,1.619,0.077,0.083466,0.13495,0.0,0.296029,True,True,RESEARCH,1.0.0
league=Ireland Premier Division,Ireland Premier Division,ALL,U15,AWAY,Under 1.5,Away win,554,44,0.296029,0.276173,0.079422,0.081755,0.9715,-0.233,-0.0114,0.059694,0.104944,0.0,0.276173,True,True,RESEARCH,1.0.0
league=Ireland Premier Division,Ireland Premier Division,ALL,U15,1X,Under 1.5,Home or draw,554,120,0.296029,0.723827,0.216606,0.214274,1.0109,0.233,0.0114,0.184318,0.252798,0.019856,0.296029,True,True,RESEARCH,1.0.0
league=Ireland Premier Division,Ireland Premier Division,ALL,U15,X2,Under 1.5,Draw or away,554,103,0.296029,0.581227,0.185921,0.17206,1.0806,1.386,0.0615,0.155726,0.220441,0.0,0.296029,True,True,RESEARCH,1.0.0
league=Ireland Premier Division,Ireland Premier Division,ALL,U15,12,Under 1.5,Home or away,554,105,0.296029,0.694946,0.189531,0.205724,0.9213,-1.619,-0.077,0.159074,0.224263,0.0,0.296029,True,True,RESEARCH,1.0.0
league=Ireland Premier Division,Ireland Premier Division,ALL,O25,U35,Over 2.5,Under 3.5,554,119,0.456679,0.758123,0.214801,0.346219,0.6204,-13.142,-0.6161,0.182628,0.250903,0.214801,0.456679,True,False,RESEARCH,1.0.0
league=Ireland Premier Division,Ireland Premier Division,ALL,O25,BTTS,Over 2.5,BTTS Yes,554,210,0.456679,0.51444,0.379061,0.234934,1.6135,14.413,0.5789,0.339625,0.420163,0.0,0.456679,True,False,RESEARCH,1.0.0
league=Ireland Premier Division,Ireland Premier Division,ALL,O25,BTTS_NO,Over 2.5,BTTS No,554,43,0.456679,0.48556,0.077617,0.221745,0.35,-14.413,-0.5789,0.058132,0.10292,0.0,0.456679,True,False,RESEARCH,1.0.0
league=Ireland Premier Division,Ireland Premier Division,ALL,O25,HOME,Over 2.5,Home win,554,136,0.456679,0.418773,0.245487,0.191245,1.2836,5.424,0.2207,0.211482,0.282998,0.0,0.418773,True,False,RESEARCH,1.0.0
league=Ireland Premier Division,Ireland Premier Division,ALL,O25,DRAW,Over 2.5,Draw,554,35,0.456679,0.305054,0.063177,0.139312,0.4535,-7.613,-0.332,0.045773,0.086597,0.0,0.305054,True,False,RESEARCH,1.0.0
league=Ireland Premier Division,Ireland Premier Division,ALL,O25,AWAY,Over 2.5,Away win,554,82,0.456679,0.276173,0.148014,0.126122,1.1736,2.189,0.0983,0.12087,0.180007,0.0,0.276173,True,True,RESEARCH,1.0.0
league=Ireland Premier Division,Ireland Premier Division,ALL,O25,1X,Over 2.5,Home or draw,554,171,0.456679,0.723827,0.308664,0.330556,0.9338,-2.189,-0.0983,0.271625,0.348339,0.180505,0.456679,True,True,RESEARCH,1.0.0
league=Ireland Premier Division,Ireland Premier Division,ALL,O25,X2,Over 2.5,Draw or away,554,117,0.456679,0.581227,0.211191,0.265434,0.7956,-5.424,-0.2207,0.179251,0.247109,0.037906,0.456679,True,False,RESEARCH,1.0.0
league=Ireland Premier Division,Ireland Premier Division,ALL,O25,12,Over 2.5,Home or away,554,218,0.456679,0.694946,0.393502,0.317367,1.2399,7.613,0.332,0.353688,0.434782,0.151625,0.456679,True,False,RESEARCH,1.0.0
league=Ireland Premier Division,Ireland Premier Division,ALL,U25,BTTS,Under 2.5,BTTS Yes,554,75,0.543321,0.51444,0.135379,0.279506,0.4844,-14.413,-0.5789,0.109388,0.166392,0.057762,0.51444,True,False,RESEARCH,1.0.0
league=Ireland Premier Division,Ireland Premier Division,ALL,U25,BTTS_NO,Under 2.5,BTTS No,554,226,0.543321,0.48556,0.407942,0.263815,1.5463,14.413,0.5789,0.367788,0.449364,0.028881,0.48556,True,False,RESEARCH,1.0.0
league=Ireland Premier Division,Ireland Premier Division,ALL,U25,HOME,Under 2.5,Home win,554,96,0.543321,0.418773,0.173285,0.227528,0.7616,-5.424,-0.2207,0.144045,0.207025,0.0,0.418773,True,False,RESEARCH,1.0.0
league=Ireland Premier Division,Ireland Premier Division,ALL,U25,DRAW,Under 2.5,Draw,554,134,0.543321,0.305054,0.241877,0.165742,1.4594,7.613,0.332,0.208074,0.279235,0.0,0.305054,True,False,RESEARCH,1.0.0
league=Ireland Premier Division,Ireland Premier Division,ALL,U25,AWAY,Under 2.5,Away win,554,71,0.543321,0.276173,0.128159,0.150051,0.8541,-2.189,-0.0983,0.102862,0.158577,0.0,0.276173,True,True,RESEARCH,1.0.0
league=Ireland Premier Division,Ireland Premier Division,ALL,U25,1X,Under 2.5,Home or draw,554,230,0.543321,0.723827,0.415162,0.39327,1.0557,2.189,0.0983,0.374852,0.456642,0.267148,0.543321,True,True,RESEARCH,1.0.0
league=Ireland Premier Division,Ireland Premier Division,ALL,U25,X2,Under 2.5,Draw or away,554,205,0.543321,0.581227,0.370036,0.315793,1.1718,5.424,0.2207,0.330855,0.411008,0.124549,0.543321,True,False,RESEARCH,1.0.0
league=Ireland Premier Division,Ireland Premier Division,ALL,U25,12,Under 2.5,Home or away,554,167,0.543321,0.694946,0.301444,0.377579,0.7984,-7.613,-0.332,0.264706,0.340917,0.238267,0.543321,True,False,RESEARCH,1.0.0
league=Ireland Premier Division,Ireland Premier Division,ALL,O35,BTTS,Over 3.5,BTTS Yes,554,116,0.241877,0.51444,0.209386,0.124431,1.6827,8.495,0.3969,0.177564,0.245211,0.0,0.241877,True,False,RESEARCH,1.0.0
league=Ireland Premier Division,Ireland Premier Division,ALL,O35,BTTS_NO,Over 3.5,BTTS No,554,18,0.241877,0.48556,0.032491,0.117446,0.2766,-8.495,-0.3969,0.020649,0.050772,0.0,0.241877,True,False,RESEARCH,1.0.0
league=Ireland Premier Division,Ireland Premier Division,ALL,O35,HOME,Over 3.5,Home win,554,61,0.241877,0.418773,0.110108,0.101292,1.087,0.882,0.0417,0.086678,0.138908,0.0,0.241877,True,True,RESEARCH,1.0.0
league=Ireland Premier Division,Ireland Premier Division,ALL,O35,DRAW,Over 3.5,Draw,554,35,0.241877,0.305054,0.063177,0.073786,0.8562,-1.061,-0.0538,0.045773,0.086597,0.0,0.241877,True,True,RESEARCH,1.0.0
league=Ireland Premier Division,Ireland Premier Division,ALL,O35,AWAY,Over 3.5,Away win,554,38,0.241877,0.276173,0.068592,0.0668,1.0268,0.179,0.0094,0.050378,0.092748,0.0,0.241877,True,True,RESEARCH,1.0.0
league=Ireland Premier Division,Ireland Premier Division,ALL,O35,1X,Over 3.5,Home or draw,554,96,0.241877,0.723827,0.173285,0.175077,0.9898,-0.179,-0.0094,0.144045,0.207025,0.0,0.241877,True,True,RESEARCH,1.0.0
league=Ireland Premier Division,Ireland Premier Division,ALL,O35,X2,Over 3.5,Draw or away,554,73,0.241877,0.581227,0.131769,0.140586,0.9373,-0.882,-0.0417,0.106122,0.162488,0.0,0.241877,True,True,RESEARCH,1.0.0
league=Ireland Premier Division,Ireland Premier Division,ALL,O35,12,Over 3.5,Home or away,554,99,0.241877,0.694946,0.1787,0.168092,1.0631,1.061,0.0538,0.149044,0.212782,0.0,0.241877,True,True,RESEARCH,1.0.0
league=Ireland Premier Division,Ireland Premier Division,ALL,U35,BTTS,Under 3.5,BTTS Yes,554,169,0.758123,0.51444,0.305054,0.390009,0.7822,-8.495,-0.3969,0.268164,0.344629,0.272563,0.51444,True,False,RESEARCH,1.0.0
league=Ireland Premier Division,Ireland Premier Division,ALL,U35,BTTS_NO,Under 3.5,BTTS No,554,251,0.758123,0.48556,0.453069,0.368114,1.2308,8.495,0.3969,0.412081,0.494702,0.243682,0.48556,True,False,RESEARCH,1.0.0
league=Ireland Premier Division,Ireland Premier Division,ALL,U35,HOME,Under 3.5,Home win,554,171,0.758123,0.418773,0.308664,0.317481,0.9722,-0.882,-0.0417,0.271625,0.348339,0.176895,0.418773,True,True,RESEARCH,1.0.0
league=Ireland Premier Division,Ireland Premier Division,ALL,U35,DRAW,Under 3.5,Draw,554,134,0.758123,0.305054,0.241877,0.231268,1.0459,1.061,0.0538,0.208074,0.279235,0.063177,0.305054,True,True,RESEARCH,1.0.0
league=Ireland Premier Division,Ireland Premier Division,ALL,U35,AWAY,Under 3.5,Away win,554,115,0.758123,0.276173,0.207581,0.209373,0.9914,-0.179,-0.0094,0.175878,0.243312,0.034296,0.276173,True,True,RESEARCH,1.0.0
league=Ireland Premier Division,Ireland Premier Division,ALL,U35,1X,Under 3.5,Home or draw,554,305,0.758123,0.723827,0.550542,0.548749,1.0033,0.179,0.0094,0.508912,0.591475,0.481949,0.723827,True,True,RESEARCH,1.0.0
league=Ireland Premier Division,Ireland Premier Division,ALL,U35,X2,Under 3.5,Draw or away,554,249,0.758123,0.581227,0.449458,0.440642,1.02,0.882,0.0417,0.408525,0.491088,0.33935,0.581227,True,True,RESEARCH,1.0.0
league=Ireland Premier Division,Ireland Premier Division,ALL,U35,12,Under 3.5,Home or away,554,286,0.758123,0.694946,0.516245,0.526854,0.9799,-1.061,-0.0538,0.474663,0.557604,0.453069,0.694946,True,True,RESEARCH,1.0.0
league=Ireland Premier Division,Ireland Premier Division,ALL,BTTS,HOME,BTTS Yes,Home win,554,102,0.51444,0.418773,0.184116,0.215434,0.8546,-3.132,-0.127,0.154054,0.218528,0.0,0.418773,True,True,RESEARCH,1.0.0
league=Ireland Premier Division,Ireland Premier Division,ALL,BTTS,DRAW,BTTS Yes,Draw,554,110,0.51444,0.305054,0.198556,0.156932,1.2652,4.162,0.1809,0.167463,0.233801,0.0,0.305054,True,False,RESEARCH,1.0.0
league=Ireland Premier Division,Ireland Premier Division,ALL,BTTS,AWAY,BTTS Yes,Away win,554,73,0.51444,0.276173,0.131769,0.142075,0.9275,-1.031,-0.0461,0.106122,0.162488,0.0,0.276173,True,True,RESEARCH,1.0.0
league=Ireland Premier Division,Ireland Premier Division,ALL,BTTS,1X,BTTS Yes,Home or draw,554,212,0.51444,0.723827,0.382671,0.372366,1.0277,1.031,0.0461,0.343137,0.423822,0.238267,0.51444,True,True,RESEARCH,1.0.0
league=Ireland Premier Division,Ireland Premier Division,ALL,BTTS,X2,BTTS Yes,Draw or away,554,183,0.51444,0.581227,0.330325,0.299007,1.1047,3.132,0.127,0.292445,0.370541,0.095668,0.51444,True,True,RESEARCH,1.0.0
league=Ireland Premier Division,Ireland Premier Division,ALL,BTTS,12,BTTS Yes,Home or away,554,175,0.51444,0.694946,0.315884,0.357508,0.8836,-4.162,-0.1809,0.278554,0.35575,0.209386,0.51444,True,False,RESEARCH,1.0.0
league=Ireland Premier Division,Ireland Premier Division,ALL,BTTS_NO,HOME,BTTS No,Home win,554,130,0.48556,0.418773,0.234657,0.203339,1.154,3.132,0.127,0.201269,0.2717,0.0,0.418773,True,True,RESEARCH,1.0.0
league=Ireland Premier Division,Ireland Premier Division,ALL,BTTS_NO,DRAW,BTTS No,Draw,554,59,0.48556,0.305054,0.106498,0.148122,0.719,-4.162,-0.1809,0.083466,0.13495,0.0,0.305054,True,False,RESEARCH,1.0.0
league=Ireland Premier Division,Ireland Premier Division,ALL,BTTS_NO,AWAY,BTTS No,Away win,554,80,0.48556,0.276173,0.144404,0.134099,1.0769,1.031,0.0461,0.117581,0.176125,0.0,0.276173,True,True,RESEARCH,1.0.0
league=Ireland Premier Division,Ireland Premier Division,ALL,BTTS_NO,1X,BTTS No,Home or draw,554,189,0.48556,0.723827,0.341155,0.351461,0.9707,-1.031,-0.0461,0.302891,0.381607,0.209386,0.48556,True,True,RESEARCH,1.0.0
league=Ireland Premier Division,Ireland Premier Division,ALL,BTTS_NO,X2,BTTS No,Draw or away,554,139,0.48556,0.581227,0.250903,0.282221,0.889,-3.132,-0.127,0.2166,0.288636,0.066787,0.48556,True,True,RESEARCH,1.0.0
league=Ireland Premier Division,Ireland Premier Division,ALL,BTTS_NO,12,BTTS No,Home or away,554,210,0.48556,0.694946,0.379061,0.337438,1.1234,4.162,0.1809,0.339625,0.420163,0.180505,0.48556,True,False,RESEARCH,1.0.0
league=Ireland Premier Division,Ireland Premier Division,ALL,1X,X2,Home or draw,Draw or away,554,169,0.723827,0.581227,0.305054,0.420708,0.7251,-11.565,-0.5243,0.268164,0.344629,0.305054,0.581227,True,False,RESEARCH,1.0.0
league=Ireland Premier Division,Ireland Premier Division,ALL,1X,12,Home or draw,Home or away,554,232,0.723827,0.694946,0.418773,0.50302,0.8325,-8.425,-0.4092,0.378387,0.460277,0.418773,0.694946,True,False,RESEARCH,1.0.0
league=Ireland Premier Division,Ireland Premier Division,ALL,X2,12,Draw or away,Home or away,554,153,0.581227,0.694946,0.276173,0.403922,0.6837,-12.775,-0.5624,0.24058,0.31485,0.276173,0.581227,True,False,RESEARCH,1.0.0
league=Japan J-League,Japan J-League,ALL,O15,U25,Over 1.5,Under 2.5,1214,274,0.710049,0.515651,0.2257,0.366138,0.6164,-14.044,-0.6193,0.20307,0.25006,0.2257,0.515651,True,False,RESEARCH,1.0.0
league=Japan J-League,Japan J-League,ALL,O15,U35,Over 1.5,Under 3.5,1214,566,0.710049,0.756178,0.466227,0.536924,0.8683,-7.07,-0.3629,0.438316,0.494352,0.466227,0.710049,True,False,RESEARCH,1.0.0
league=Japan J-League,Japan J-League,ALL,O15,BTTS_NO,Over 1.5,BTTS No,1214,253,0.710049,0.498353,0.208402,0.353855,0.5889,-14.545,-0.6411,0.186491,0.232152,0.208402,0.498353,True,False,RESEARCH,1.0.0
league=Japan J-League,Japan J-League,ALL,O15,HOME,Over 1.5,Home win,1214,383,0.710049,0.428336,0.315486,0.30414,1.0373,1.135,0.0505,0.289961,0.342175,0.138386,0.428336,True,True,RESEARCH,1.0.0
league=Japan J-League,Japan J-League,ALL,O15,DRAW,Over 1.5,Draw,1214,196,0.710049,0.234761,0.16145,0.166692,0.9686,-0.524,-0.0273,0.141825,0.183211,0.0,0.234761,True,True,RESEARCH,1.0.0
league=Japan J-League,Japan J-League,ALL,O15,AWAY,Over 1.5,Away win,1214,283,0.710049,0.336903,0.233114,0.239218,0.9745,-0.61,-0.0285,0.210194,0.257718,0.046952,0.336903,True,True,RESEARCH,1.0.0
league=Japan J-League,Japan J-League,ALL,O15,1X,Over 1.5,Home or draw,1214,579,0.710049,0.663097,0.476936,0.470832,1.013,0.61,0.0285,0.448956,0.505061,0.373147,0.663097,True,True,RESEARCH,1.0.0
league=Japan J-League,Japan J-League,ALL,O15,X2,Over 1.5,Draw or away,1214,479,0.710049,0.571664,0.394563,0.40591,0.972,-1.135,-0.0505,0.367443,0.422349,0.281713,0.571664,True,True,RESEARCH,1.0.0
league=Japan J-League,Japan J-League,ALL,O15,12,Over 1.5,Home or away,1214,666,0.710049,0.765239,0.5486,0.543357,1.0096,0.524,0.0273,0.520497,0.576396,0.475288,0.710049,True,True,RESEARCH,1.0.0
league=Japan J-League,Japan J-League,ALL,U15,HOME,Under 1.5,Home win,1214,137,0.289951,0.428336,0.11285,0.124196,0.9086,-1.135,-0.0505,0.096258,0.131884,0.0,0.289951,True,True,RESEARCH,1.0.0
league=Japan J-League,Japan J-League,ALL,U15,DRAW,Under 1.5,Draw,1214,89,0.289951,0.234761,0.073311,0.068069,1.077,0.524,0.0273,0.059957,0.089358,0.0,0.234761,True,True,RESEARCH,1.0.0
league=Japan J-League,Japan J-League,ALL,U15,AWAY,Under 1.5,Away win,1214,126,0.289951,0.336903,0.103789,0.097685,1.0625,0.61,0.0285,0.087864,0.122214,0.0,0.289951,True,True,RESEARCH,1.0.0
league=Japan J-League,Japan J-League,ALL,U15,1X,Under 1.5,Home or draw,1214,226,0.289951,0.663097,0.186161,0.192265,0.9683,-0.61,-0.0285,0.165268,0.209035,0.0,0.289951,True,True,RESEARCH,1.0.0
league=Japan J-League,Japan J-League,ALL,U15,X2,Under 1.5,Draw or away,1214,215,0.289951,0.571664,0.1771,0.165754,1.0685,1.135,0.0505,0.156654,0.199584,0.0,0.289951,True,True,RESEARCH,1.0.0
league=Japan J-League,Japan J-League,ALL,U15,12,Under 1.5,Home or away,1214,263,0.289951,0.765239,0.216639,0.221881,0.9764,-0.524,-0.0273,0.194379,0.240687,0.055189,0.289951,True,True,RESEARCH,1.0.0
league=Japan J-League,Japan J-League,ALL,O25,U35,Over 2.5,Under 3.5,1214,292,0.484349,0.756178,0.240527,0.366254,0.6567,-12.573,-0.5859,0.217327,0.265364,0.240527,0.484349,True,False,RESEARCH,1.0.0
league=Japan J-League,Japan J-League,ALL,O25,BTTS,Over 2.5,BTTS Yes,1214,479,0.484349,0.501647,0.394563,0.242973,1.6239,15.159,0.6067,0.367443,0.422349,0.0,0.484349,True,False,RESEARCH,1.0.0
league=Japan J-League,Japan J-League,ALL,O25,BTTS_NO,Over 2.5,BTTS No,1214,109,0.484349,0.498353,0.089786,0.241377,0.372,-15.159,-0.6067,0.074972,0.107188,0.0,0.484349,True,False,RESEARCH,1.0.0
league=Japan J-League,Japan J-League,ALL,O25,HOME,Over 2.5,Home win,1214,290,0.484349,0.428336,0.23888,0.207464,1.1514,3.142,0.127,0.215741,0.263666,0.0,0.428336,True,False,RESEARCH,1.0.0
league=Japan J-League,Japan J-League,ALL,O25,DRAW,Over 2.5,Draw,1214,66,0.484349,0.234761,0.054366,0.113706,0.4781,-5.934,-0.2801,0.04296,0.068583,0.0,0.234761,True,False,RESEARCH,1.0.0
league=Japan J-League,Japan J-League,ALL,O25,AWAY,Over 2.5,Away win,1214,232,0.484349,0.336903,0.191104,0.163179,1.1711,2.793,0.1182,0.169975,0.214182,0.0,0.336903,True,False,RESEARCH,1.0.0
league=Japan J-League,Japan J-League,ALL,O25,1X,Over 2.5,Home or draw,1214,356,0.484349,0.663097,0.293245,0.321171,0.9131,-2.793,-0.1182,0.268321,0.319475,0.147446,0.484349,True,False,RESEARCH,1.0.0
league=Japan J-League,Japan J-League,ALL,O25,X2,Over 2.5,Draw or away,1214,298,0.484349,0.571664,0.24547,0.276885,0.8865,-3.142,-0.127,0.222088,0.270457,0.056013,0.484349,True,False,RESEARCH,1.0.0
league=Japan J-League,Japan J-League,ALL,O25,12,Over 2.5,Home or away,1214,522,0.484349,0.765239,0.429984,0.370643,1.1601,5.934,0.2801,0.402398,0.458011,0.249588,0.484349,True,False,RESEARCH,1.0.0
league=Japan J-League,Japan J-League,ALL,U25,BTTS,Under 2.5,BTTS Yes,1214,130,0.515651,0.501647,0.107084,0.258675,0.414,-15.159,-0.6067,0.090912,0.125735,0.017298,0.501647,True,False,RESEARCH,1.0.0
league=Japan J-League,Japan J-League,ALL,U25,BTTS_NO,Under 2.5,BTTS No,1214,496,0.515651,0.498353,0.408567,0.256976,1.5899,15.159,0.6067,0.381245,0.436465,0.014003,0.498353,True,False,RESEARCH,1.0.0
league=Japan J-League,Japan J-League,ALL,U25,HOME,Under 2.5,Home win,1214,230,0.515651,0.428336,0.189456,0.220872,0.8578,-3.142,-0.127,0.168405,0.212467,0.0,0.428336,True,False,RESEARCH,1.0.0
league=Japan J-League,Japan J-League,ALL,U25,DRAW,Under 2.5,Draw,1214,219,0.515651,0.234761,0.180395,0.121055,1.4902,5.934,0.2801,0.159784,0.203023,0.0,0.234761,True,False,RESEARCH,1.0.0
league=Japan J-League,Japan J-League,ALL,U25,AWAY,Under 2.5,Away win,1214,177,0.515651,0.336903,0.145799,0.173724,0.8393,-2.793,-0.1182,0.127064,0.166768,0.0,0.336903,True,False,RESEARCH,1.0.0
league=Japan J-League,Japan J-League,ALL,U25,1X,Under 2.5,Home or draw,1214,449,0.515651,0.663097,0.369852,0.341927,1.0817,2.793,0.1182,0.343145,0.39738,0.178748,0.515651,True,False,RESEARCH,1.0.0
league=Japan J-League,Japan J-League,ALL,U25,X2,Under 2.5,Draw or away,1214,396,0.515651,0.571664,0.326194,0.294779,1.1066,3.142,0.127,0.300406,0.353079,0.087315,0.515651,True,False,RESEARCH,1.0.0
league=Japan J-League,Japan J-League,ALL,U25,12,Under 2.5,Home or away,1214,407,0.515651,0.765239,0.335255,0.394596,0.8496,-5.934,-0.2801,0.309256,0.362294,0.28089,0.515651,True,False,RESEARCH,1.0.0
league=Japan J-League,Japan J-League,ALL,O35,BTTS,Over 3.5,BTTS Yes,1214,262,0.243822,0.501647,0.215815,0.122313,1.7645,9.35,0.4355,0.193589,0.239835,0.0,0.243822,True,False,RESEARCH,1.0.0
league=Japan J-League,Japan J-League,ALL,O35,BTTS_NO,Over 3.5,BTTS No,1214,34,0.243822,0.498353,0.028007,0.121509,0.2305,-9.35,-0.4355,0.02011,0.038881,0.0,0.243822,True,False,RESEARCH,1.0.0
league=Japan J-League,Japan J-League,ALL,O35,HOME,Over 3.5,Home win,1214,127,0.243822,0.428336,0.104613,0.104438,1.0017,0.018,0.0008,0.088626,0.123095,0.0,0.243822,True,True,RESEARCH,1.0.0
league=Japan J-League,Japan J-League,ALL,O35,DRAW,Over 3.5,Draw,1214,66,0.243822,0.234761,0.054366,0.05724,0.9498,-0.287,-0.0158,0.04296,0.068583,0.0,0.234761,True,True,RESEARCH,1.0.0
league=Japan J-League,Japan J-League,ALL,O35,AWAY,Over 3.5,Away win,1214,103,0.243822,0.336903,0.084843,0.082144,1.0329,0.27,0.0133,0.070448,0.101858,0.0,0.243822,True,True,RESEARCH,1.0.0
league=Japan J-League,Japan J-League,ALL,O35,1X,Over 3.5,Home or draw,1214,193,0.243822,0.663097,0.158979,0.161678,0.9833,-0.27,-0.0133,0.139489,0.180619,0.0,0.243822,True,True,RESEARCH,1.0.0
league=Japan J-League,Japan J-League,ALL,O35,X2,Over 3.5,Draw or away,1214,169,0.243822,0.571664,0.139209,0.139384,0.9987,-0.018,-0.0008,0.120872,0.159823,0.0,0.243822,True,True,RESEARCH,1.0.0
league=Japan J-League,Japan J-League,ALL,O35,12,Over 3.5,Home or away,1214,230,0.243822,0.765239,0.189456,0.186582,1.0154,0.287,0.0158,0.168405,0.212467,0.009061,0.243822,True,True,RESEARCH,1.0.0
league=Japan J-League,Japan J-League,ALL,U35,BTTS,Under 3.5,BTTS Yes,1214,347,0.756178,0.501647,0.285832,0.379335,0.7535,-9.35,-0.4355,0.261123,0.311892,0.257825,0.501647,True,False,RESEARCH,1.0.0
league=Japan J-League,Japan J-League,ALL,U35,BTTS_NO,Under 3.5,BTTS No,1214,571,0.756178,0.498353,0.470346,0.376843,1.2481,9.35,0.4355,0.442407,0.498472,0.25453,0.498353,True,False,RESEARCH,1.0.0
league=Japan J-League,Japan J-League,ALL,U35,HOME,Under 3.5,Home win,1214,393,0.756178,0.428336,0.323723,0.323898,0.9995,-0.018,-0.0008,0.297994,0.350564,0.184514,0.428336,True,True,RESEARCH,1.0.0
league=Japan J-League,Japan J-League,ALL,U35,DRAW,Under 3.5,Draw,1214,219,0.756178,0.234761,0.180395,0.177521,1.0162,0.287,0.0158,0.159784,0.203023,0.0,0.234761,True,True,RESEARCH,1.0.0
league=Japan J-League,Japan J-League,ALL,U35,AWAY,Under 3.5,Away win,1214,306,0.756178,0.336903,0.252059,0.254758,0.9894,-0.27,-0.0133,0.228443,0.27724,0.093081,0.336903,True,True,RESEARCH,1.0.0
league=Japan J-League,Japan J-League,ALL,U35,1X,Under 3.5,Home or draw,1214,612,0.756178,0.663097,0.504119,0.501419,1.0054,0.27,0.0133,0.476024,0.532187,0.419275,0.663097,True,True,RESEARCH,1.0.0
league=Japan J-League,Japan J-League,ALL,U35,X2,Under 3.5,Draw or away,1214,525,0.756178,0.571664,0.432455,0.43228,1.0004,0.018,0.0008,0.404842,0.460493,0.327842,0.571664,True,True,RESEARCH,1.0.0
league=Japan J-League,Japan J-League,ALL,U35,12,Under 3.5,Home or away,1214,699,0.756178,0.765239,0.575783,0.578657,0.995,-0.287,-0.0158,0.547785,0.603302,0.521417,0.756178,True,True,RESEARCH,1.0.0
league=Japan J-League,Japan J-League,ALL,BTTS,HOME,BTTS Yes,Home win,1214,225,0.501647,0.428336,0.185338,0.214874,0.8625,-2.954,-0.1194,0.164484,0.208177,0.0,0.428336,True,False,RESEARCH,1.0.0
league=Japan J-League,Japan J-League,ALL,BTTS,DRAW,BTTS Yes,Draw,1214,196,0.501647,0.234761,0.16145,0.117767,1.3709,4.368,0.2061,0.141825,0.183211,0.0,0.234761,True,False,RESEARCH,1.0.0
league=Japan J-League,Japan J-League,ALL,BTTS,AWAY,BTTS Yes,Away win,1214,188,0.501647,0.336903,0.15486,0.169006,0.9163,-1.415,-0.0599,0.135601,0.176296,0.0,0.336903,True,True,RESEARCH,1.0.0
league=Japan J-League,Japan J-League,ALL,BTTS,1X,BTTS Yes,Home or draw,1214,421,0.501647,0.663097,0.346787,0.332641,1.0425,1.415,0.0599,0.320535,0.374006,0.164745,0.501647,True,True,RESEARCH,1.0.0
league=Japan J-League,Japan J-League,ALL,BTTS,X2,BTTS Yes,Draw or away,1214,384,0.501647,0.571664,0.31631,0.286774,1.103,2.954,0.1194,0.290764,0.343014,0.073311,0.501647,True,False,RESEARCH,1.0.0
league=Japan J-League,Japan J-League,ALL,BTTS,12,BTTS Yes,Home or away,1214,413,0.501647,0.765239,0.340198,0.38388,0.8862,-4.368,-0.2061,0.314088,0.367316,0.266886,0.501647,True,False,RESEARCH,1.0.0
league=Japan J-League,Japan J-League,ALL,BTTS_NO,HOME,BTTS No,Home win,1214,295,0.498353,0.428336,0.242998,0.213462,1.1384,2.954,0.1194,0.219707,0.267911,0.0,0.428336,True,False,RESEARCH,1.0.0
league=Japan J-League,Japan J-League,ALL,BTTS_NO,DRAW,BTTS No,Draw,1214,89,0.498353,0.234761,0.073311,0.116994,0.6266,-4.368,-0.2061,0.059957,0.089358,0.0,0.234761,True,False,RESEARCH,1.0.0
league=Japan J-League,Japan J-League,ALL,BTTS_NO,AWAY,BTTS No,Away win,1214,221,0.498353,0.336903,0.182043,0.167896,1.0843,1.415,0.0599,0.16135,0.204742,0.0,0.336903,True,True,RESEARCH,1.0.0
league=Japan J-League,Japan J-League,ALL,BTTS_NO,1X,BTTS No,Home or draw,1214,384,0.498353,0.663097,0.31631,0.330456,0.9572,-1.415,-0.0599,0.290764,0.343014,0.16145,0.498353,True,True,RESEARCH,1.0.0
league=Japan J-League,Japan J-League,ALL,BTTS_NO,X2,BTTS No,Draw or away,1214,310,0.498353,0.571664,0.255354,0.28489,0.8963,-2.954,-0.1194,0.231623,0.280629,0.070016,0.498353,True,False,RESEARCH,1.0.0
league=Japan J-League,Japan J-League,ALL,BTTS_NO,12,BTTS No,Home or away,1214,516,0.498353,0.765239,0.425041,0.381359,1.1145,4.368,0.2061,0.397512,0.453043,0.263591,0.498353,True,False,RESEARCH,1.0.0
league=Japan J-League,Japan J-League,ALL,1X,X2,Home or draw,Draw or away,1214,285,0.663097,0.571664,0.234761,0.379069,0.6193,-14.431,-0.617,0.211778,0.259418,0.234761,0.571664,True,False,RESEARCH,1.0.0
league=Japan J-League,Japan J-League,ALL,1X,12,Home or draw,Home or away,1214,520,0.663097,0.765239,0.428336,0.507428,0.8441,-7.909,-0.3948,0.400769,0.456355,0.428336,0.663097,True,False,RESEARCH,1.0.0
league=Japan J-League,Japan J-League,ALL,X2,12,Draw or away,Home or away,1214,409,0.571664,0.765239,0.336903,0.437459,0.7701,-10.056,-0.4794,0.310866,0.363968,0.336903,0.571664,True,False,RESEARCH,1.0.0
league=K-League 1,K-League 1,ALL,O15,U25,Over 1.5,Under 2.5,469,128,0.710021,0.5629,0.272921,0.399671,0.6829,-12.675,-0.5631,0.234572,0.31496,0.272921,0.5629,True,False,EARLY,1.0.0
league=K-League 1,K-League 1,ALL,O15,U35,Over 1.5,Under 3.5,469,221,0.710021,0.761194,0.471215,0.540464,0.8719,-6.925,-0.3579,0.426455,0.516443,0.471215,0.710021,True,False,EARLY,1.0.0
league=K-League 1,K-League 1,ALL,O15,BTTS_NO,Over 1.5,BTTS No,469,86,0.710021,0.473348,0.183369,0.336087,0.5456,-15.272,-0.6741,0.150967,0.220916,0.183369,0.473348,True,False,EARLY,1.0.0
league=K-League 1,K-League 1,ALL,O15,HOME,Over 1.5,Home win,469,134,0.710021,0.405117,0.285714,0.287642,0.9933,-0.193,-0.0087,0.246699,0.328212,0.115139,0.405117,True,True,EARLY,1.0.0
league=K-League 1,K-League 1,ALL,O15,DRAW,Over 1.5,Draw,469,95,0.710021,0.283582,0.202559,0.201349,1.006,0.121,0.0059,0.168668,0.241282,0.0,0.283582,True,True,EARLY,1.0.0
league=K-League 1,K-League 1,ALL,O15,AWAY,Over 1.5,Away win,469,104,0.710021,0.311301,0.221748,0.22103,1.0032,0.072,0.0034,0.186496,0.261522,0.021322,0.311301,True,True,EARLY,1.0.0
league=K-League 1,K-League 1,ALL,O15,1X,Over 1.5,Home or draw,469,229,0.710021,0.688699,0.488273,0.488991,0.9985,-0.072,-0.0034,0.443312,0.533424,0.398721,0.688699,True,True,EARLY,1.0.0
league=K-League 1,K-League 1,ALL,O15,X2,Over 1.5,Draw or away,469,199,0.710021,0.594883,0.424307,0.422379,1.0046,0.193,0.0087,0.380369,0.469475,0.304904,0.594883,True,True,EARLY,1.0.0
league=K-League 1,K-League 1,ALL,O15,12,Over 1.5,Home or away,469,238,0.710021,0.716418,0.507463,0.508672,0.9976,-0.121,-0.0059,0.462339,0.552465,0.426439,0.710021,True,True,EARLY,1.0.0
league=K-League 1,K-League 1,ALL,U15,HOME,Under 1.5,Home win,469,56,0.289979,0.405117,0.119403,0.117475,1.0164,0.193,0.0087,0.093104,0.151886,0.0,0.289979,True,True,EARLY,1.0.0
league=K-League 1,K-League 1,ALL,U15,DRAW,Under 1.5,Draw,469,38,0.289979,0.283582,0.081023,0.082233,0.9853,-0.121,-0.0059,0.059597,0.109257,0.0,0.283582,True,True,EARLY,1.0.0
league=K-League 1,K-League 1,ALL,U15,AWAY,Under 1.5,Away win,469,42,0.289979,0.311301,0.089552,0.090271,0.992,-0.072,-0.0034,0.066934,0.118839,0.0,0.289979,True,True,EARLY,1.0.0
league=K-League 1,K-League 1,ALL,U15,1X,Under 1.5,Home or draw,469,94,0.289979,0.688699,0.200426,0.199708,1.0036,0.072,0.0034,0.166695,0.239026,0.0,0.289979,True,True,EARLY,1.0.0
league=K-League 1,K-League 1,ALL,U15,X2,Under 1.5,Draw or away,469,80,0.289979,0.594883,0.170576,0.172503,0.9888,-0.193,-0.0087,0.139243,0.207261,0.0,0.289979,True,True,EARLY,1.0.0
league=K-League 1,K-League 1,ALL,U15,12,Under 1.5,Home or away,469,98,0.289979,0.716418,0.208955,0.207746,1.0058,0.121,0.0059,0.174598,0.248042,0.006397,0.289979,True,True,EARLY,1.0.0
league=K-League 1,K-League 1,ALL,O25,U35,Over 2.5,Under 3.5,469,93,0.4371,0.761194,0.198294,0.332718,0.596,-13.442,-0.6356,0.164723,0.236768,0.198294,0.4371,True,False,EARLY,1.0.0
league=K-League 1,K-League 1,ALL,O25,BTTS,Over 2.5,BTTS Yes,469,177,0.4371,0.526652,0.377399,0.2302,1.6394,14.72,0.5944,0.334691,0.422098,0.0,0.4371,True,False,EARLY,1.0.0
league=K-League 1,K-League 1,ALL,O25,BTTS_NO,Over 2.5,BTTS No,469,28,0.4371,0.473348,0.059701,0.2069,0.2886,-14.72,-0.5944,0.041625,0.084932,0.0,0.4371,True,False,EARLY,1.0.0
league=K-League 1,K-League 1,ALL,O25,HOME,Over 2.5,Home win,469,97,0.4371,0.405117,0.206823,0.177077,1.168,2.975,0.1222,0.17262,0.24579,0.0,0.405117,True,True,EARLY,1.0.0
league=K-League 1,K-League 1,ALL,O25,DRAW,Over 2.5,Draw,469,25,0.4371,0.283582,0.053305,0.123954,0.43,-7.065,-0.316,0.036363,0.077505,0.0,0.283582,True,False,EARLY,1.0.0
league=K-League 1,K-League 1,ALL,O25,AWAY,Over 2.5,Away win,469,83,0.4371,0.311301,0.176972,0.13607,1.3006,4.09,0.1781,0.145097,0.214097,0.0,0.311301,True,False,EARLY,1.0.0
league=K-League 1,K-League 1,ALL,O25,1X,Over 2.5,Home or draw,469,122,0.4371,0.688699,0.260128,0.301031,0.8641,-4.09,-0.1781,0.222486,0.301668,0.1258,0.4371,True,True,EARLY,1.0.0
league=K-League 1,K-League 1,ALL,O25,X2,Over 2.5,Draw or away,469,108,0.4371,0.594883,0.230277,0.260023,0.8856,-2.975,-0.1222,0.194457,0.27048,0.031983,0.4371,True,True,EARLY,1.0.0
league=K-League 1,K-League 1,ALL,O25,12,Over 2.5,Home or away,469,180,0.4371,0.716418,0.383795,0.313146,1.2256,7.065,0.316,0.340895,0.428584,0.153518,0.4371,True,False,EARLY,1.0.0
league=K-League 1,K-League 1,ALL,U25,BTTS,Under 2.5,BTTS Yes,469,70,0.5629,0.526652,0.149254,0.296453,0.5035,-14.72,-0.5944,0.119858,0.184348,0.089552,0.526652,True,False,EARLY,1.0.0
league=K-League 1,K-League 1,ALL,U25,BTTS_NO,Under 2.5,BTTS No,469,194,0.5629,0.473348,0.413646,0.266447,1.5525,14.72,0.5944,0.369951,0.458744,0.036247,0.473348,True,False,EARLY,1.0.0
league=K-League 1,K-League 1,ALL,U25,HOME,Under 2.5,Home win,469,93,0.5629,0.405117,0.198294,0.22804,0.8696,-2.975,-0.1222,0.164723,0.236768,0.0,0.405117,True,True,EARLY,1.0.0
league=K-League 1,K-League 1,ALL,U25,DRAW,Under 2.5,Draw,469,108,0.5629,0.283582,0.230277,0.159628,1.4426,7.065,0.316,0.194457,0.27048,0.0,0.283582,True,False,EARLY,1.0.0
league=K-League 1,K-League 1,ALL,U25,AWAY,Under 2.5,Away win,469,63,0.5629,0.311301,0.134328,0.175231,0.7666,-4.09,-0.1781,0.106419,0.168179,0.0,0.311301,True,False,EARLY,1.0.0
league=K-League 1,K-League 1,ALL,U25,1X,Under 2.5,Home or draw,469,201,0.5629,0.688699,0.428571,0.387669,1.1055,4.09,0.1781,0.384542,0.473761,0.251599,0.5629,True,True,EARLY,1.0.0
league=K-League 1,K-League 1,ALL,U25,X2,Under 2.5,Draw or away,469,171,0.5629,0.594883,0.364606,0.334859,1.0888,2.975,0.1222,0.322307,0.409104,0.157783,0.5629,True,True,EARLY,1.0.0
league=K-League 1,K-League 1,ALL,U25,12,Under 2.5,Home or away,469,156,0.5629,0.716418,0.332623,0.403271,0.8248,-7.065,-0.316,0.291493,0.376472,0.279318,0.5629,True,False,EARLY,1.0.0
league=K-League 1,K-League 1,ALL,O35,BTTS,Over 3.5,BTTS Yes,469,102,0.238806,0.526652,0.217484,0.125768,1.7293,9.172,0.4308,0.182524,0.257034,0.0,0.238806,True,False,EARLY,1.0.0
league=K-League 1,K-League 1,ALL,O35,BTTS_NO,Over 3.5,BTTS No,469,10,0.238806,0.473348,0.021322,0.113038,0.1886,-9.172,-0.4308,0.011622,0.0388,0.0,0.238806,True,False,EARLY,1.0.0
league=K-League 1,K-League 1,ALL,O35,HOME,Over 3.5,Home win,469,52,0.238806,0.405117,0.110874,0.096744,1.1461,1.413,0.0675,0.085559,0.142512,0.0,0.238806,True,True,EARLY,1.0.0
league=K-League 1,K-League 1,ALL,O35,DRAW,Over 3.5,Draw,469,25,0.238806,0.283582,0.053305,0.067721,0.7871,-1.442,-0.075,0.036363,0.077505,0.0,0.238806,True,True,EARLY,1.0.0
league=K-League 1,K-League 1,ALL,O35,AWAY,Over 3.5,Away win,469,35,0.238806,0.311301,0.074627,0.07434,1.0039,0.029,0.0015,0.054145,0.10202,0.0,0.238806,True,True,EARLY,1.0.0
league=K-League 1,K-League 1,ALL,O35,1X,Over 3.5,Home or draw,469,77,0.238806,0.688699,0.164179,0.164466,0.9983,-0.029,-0.0015,0.133406,0.200409,0.0,0.238806,True,True,EARLY,1.0.0
league=K-League 1,K-League 1,ALL,O35,X2,Over 3.5,Draw or away,469,60,0.238806,0.594883,0.127932,0.142062,0.9005,-1.413,-0.0675,0.100697,0.161213,0.0,0.238806,True,True,EARLY,1.0.0
league=K-League 1,K-League 1,ALL,O35,12,Over 3.5,Home or away,469,87,0.238806,0.716418,0.185501,0.171085,1.0843,1.442,0.075,0.152927,0.223185,0.0,0.238806,True,True,EARLY,1.0.0
league=K-League 1,K-League 1,ALL,U35,BTTS,Under 3.5,BTTS Yes,469,145,0.761194,0.526652,0.309168,0.400885,0.7712,-9.172,-0.4308,0.269034,0.352404,0.287846,0.526652,True,False,EARLY,1.0.0
league=K-League 1,K-League 1,ALL,U35,BTTS_NO,Under 3.5,BTTS No,469,212,0.761194,0.473348,0.452026,0.360309,1.2545,9.172,0.4308,0.407554,0.497277,0.234542,0.473348,True,False,EARLY,1.0.0
league=K-League 1,K-League 1,ALL,U35,HOME,Under 3.5,Home win,469,138,0.761194,0.405117,0.294243,0.308373,0.9542,-1.413,-0.0675,0.254806,0.337024,0.166311,0.405117,True,True,EARLY,1.0.0
league=K-League 1,K-League 1,ALL,U35,DRAW,Under 3.5,Draw,469,108,0.761194,0.283582,0.230277,0.215861,1.0668,1.442,0.075,0.194457,0.27048,0.044776,0.283582,True,True,EARLY,1.0.0
league=K-League 1,K-League 1,ALL,U35,AWAY,Under 3.5,Away win,469,111,0.761194,0.311301,0.236674,0.23696,0.9988,-0.029,-0.0015,0.200442,0.277184,0.072495,0.311301,True,True,EARLY,1.0.0
league=K-League 1,K-League 1,ALL,U35,1X,Under 3.5,Home or draw,469,246,0.761194,0.688699,0.52452,0.524234,1.0005,0.029,0.0015,0.479307,0.569335,0.449893,0.688699,True,True,EARLY,1.0.0
league=K-League 1,K-League 1,ALL,U35,X2,Under 3.5,Draw or away,469,219,0.761194,0.594883,0.466951,0.452821,1.0312,1.413,0.0675,0.422249,0.51219,0.356077,0.594883,True,True,EARLY,1.0.0
league=K-League 1,K-League 1,ALL,U35,12,Under 3.5,Home or away,469,249,0.761194,0.716418,0.530917,0.545333,0.9736,-1.442,-0.075,0.485683,0.575648,0.477612,0.716418,True,True,EARLY,1.0.0
league=K-League 1,K-League 1,ALL,BTTS,HOME,BTTS Yes,Home win,469,80,0.526652,0.405117,0.170576,0.213356,0.7995,-4.278,-0.1745,0.139243,0.207261,0.0,0.405117,True,False,EARLY,1.0.0
league=K-League 1,K-League 1,ALL,BTTS,DRAW,BTTS Yes,Draw,469,95,0.526652,0.283582,0.202559,0.149349,1.3563,5.321,0.2364,0.168668,0.241282,0.0,0.283582,True,False,EARLY,1.0.0
league=K-League 1,K-League 1,ALL,BTTS,AWAY,BTTS Yes,Away win,469,72,0.526652,0.311301,0.153518,0.163947,0.9364,-1.043,-0.0451,0.123719,0.188948,0.0,0.311301,True,True,EARLY,1.0.0
league=K-League 1,K-League 1,ALL,BTTS,1X,BTTS Yes,Home or draw,469,175,0.526652,0.688699,0.373134,0.362705,1.0288,1.043,0.0451,0.33056,0.41777,0.215352,0.526652,True,True,EARLY,1.0.0
league=K-League 1,K-League 1,ALL,BTTS,X2,BTTS Yes,Draw or away,469,167,0.526652,0.594883,0.356077,0.313296,1.1365,4.278,0.1745,0.31407,0.400422,0.121535,0.526652,True,False,EARLY,1.0.0
league=K-League 1,K-League 1,ALL,BTTS,12,BTTS Yes,Home or away,469,152,0.526652,0.716418,0.324094,0.377303,0.859,-5.321,-0.2364,0.283312,0.367734,0.24307,0.526652,True,False,EARLY,1.0.0
league=K-League 1,K-League 1,ALL,BTTS_NO,HOME,BTTS No,Home win,469,110,0.473348,0.405117,0.234542,0.191761,1.2231,4.278,0.1745,0.198446,0.274951,0.0,0.405117,True,False,EARLY,1.0.0
league=K-League 1,K-League 1,ALL,BTTS_NO,DRAW,BTTS No,Draw,469,38,0.473348,0.283582,0.081023,0.134233,0.6036,-5.321,-0.2364,0.059597,0.109257,0.0,0.283582,True,False,EARLY,1.0.0
league=K-League 1,K-League 1,ALL,BTTS_NO,AWAY,BTTS No,Away win,469,74,0.473348,0.311301,0.157783,0.147353,1.0708,1.043,0.0451,0.127588,0.193538,0.0,0.311301,True,True,EARLY,1.0.0
league=K-League 1,K-League 1,ALL,BTTS_NO,1X,BTTS No,Home or draw,469,148,0.473348,0.688699,0.315565,0.325994,0.968,-1.043,-0.0451,0.275147,0.35898,0.162047,0.473348,True,True,EARLY,1.0.0
league=K-League 1,K-League 1,ALL,BTTS_NO,X2,BTTS No,Draw or away,469,112,0.473348,0.594883,0.238806,0.281586,0.8481,-4.278,-0.1745,0.20244,0.279416,0.06823,0.473348,True,False,EARLY,1.0.0
league=K-League 1,K-League 1,ALL,BTTS_NO,12,BTTS No,Home or away,469,184,0.473348,0.716418,0.392324,0.339115,1.1569,5.321,0.2364,0.34918,0.437218,0.189765,0.473348,True,False,EARLY,1.0.0
league=K-League 1,K-League 1,ALL,1X,X2,Home or draw,Draw or away,469,133,0.688699,0.594883,0.283582,0.409695,0.6922,-12.611,-0.5548,0.244675,0.326006,0.283582,0.594883,True,False,EARLY,1.0.0
league=K-League 1,K-League 1,ALL,1X,12,Home or draw,Home or away,469,190,0.688699,0.716418,0.405117,0.493397,0.8211,-8.828,-0.423,0.361632,0.450144,0.405117,0.688699,True,False,EARLY,1.0.0
league=K-League 1,K-League 1,ALL,X2,12,Draw or away,Home or away,469,146,0.594883,0.716418,0.311301,0.426185,0.7304,-11.488,-0.5192,0.27107,0.354597,0.311301,0.594883,True,False,EARLY,1.0.0
league=La Liga 2,La Liga 2,ALL,O15,U25,Over 1.5,Under 2.5,1424,337,0.688202,0.548455,0.236657,0.377448,0.627,-14.079,-0.6107,0.215308,0.259424,0.236657,0.548455,True,False,RESEARCH,1.0.0
league=La Liga 2,La Liga 2,ALL,O15,U35,Over 1.5,Under 3.5,1424,625,0.688202,0.750702,0.438904,0.516635,0.8495,-7.773,-0.3879,0.413328,0.46481,0.438904,0.688202,True,False,RESEARCH,1.0.0
league=La Liga 2,La Liga 2,ALL,O15,BTTS_NO,Over 1.5,BTTS No,1424,259,0.688202,0.49368,0.181882,0.339752,0.5353,-15.787,-0.6817,0.162711,0.202765,0.181882,0.49368,True,False,RESEARCH,1.0.0
league=La Liga 2,La Liga 2,ALL,O15,HOME,Over 1.5,Home win,1424,467,0.688202,0.457865,0.327949,0.315104,1.0408,1.285,0.0557,0.304057,0.352768,0.146067,0.457865,True,True,RESEARCH,1.0.0
league=La Liga 2,La Liga 2,ALL,O15,DRAW,Over 1.5,Draw,1424,258,0.688202,0.27809,0.18118,0.191382,0.9467,-1.02,-0.0492,0.162041,0.202035,0.0,0.27809,True,True,RESEARCH,1.0.0
league=La Liga 2,La Liga 2,ALL,O15,AWAY,Over 1.5,Away win,1424,255,0.688202,0.264045,0.179073,0.181716,0.9855,-0.264,-0.0129,0.16003,0.199843,0.0,0.264045,True,True,RESEARCH,1.0.0
league=La Liga 2,La Liga 2,ALL,O15,1X,Over 1.5,Home or draw,1424,725,0.688202,0.735955,0.509129,0.506486,1.0052,0.264,0.0129,0.483174,0.535035,0.424157,0.688202,True,True,RESEARCH,1.0.0
league=La Liga 2,La Liga 2,ALL,O15,X2,Over 1.5,Draw or away,1424,513,0.688202,0.542135,0.360253,0.373098,0.9656,-1.285,-0.0557,0.335725,0.385533,0.230337,0.542135,True,True,RESEARCH,1.0.0
league=La Liga 2,La Liga 2,ALL,O15,12,Over 1.5,Home or away,1424,722,0.688202,0.72191,0.507022,0.49682,1.0205,1.02,0.0492,0.481071,0.532936,0.410112,0.688202,True,True,RESEARCH,1.0.0
league=La Liga 2,La Liga 2,ALL,U15,HOME,Under 1.5,Home win,1424,185,0.311798,0.457865,0.129916,0.142761,0.91,-1.285,-0.0557,0.113444,0.148379,0.0,0.311798,True,True,RESEARCH,1.0.0
league=La Liga 2,La Liga 2,ALL,U15,DRAW,Under 1.5,Draw,1424,138,0.311798,0.27809,0.09691,0.086708,1.1177,1.02,0.0492,0.082611,0.113378,0.0,0.27809,True,True,RESEARCH,1.0.0
league=La Liga 2,La Liga 2,ALL,U15,AWAY,Under 1.5,Away win,1424,121,0.311798,0.264045,0.084972,0.082329,1.0321,0.264,0.0129,0.071582,0.100595,0.0,0.264045,True,True,RESEARCH,1.0.0
league=La Liga 2,La Liga 2,ALL,U15,1X,Under 1.5,Home or draw,1424,323,0.311798,0.735955,0.226826,0.229469,0.9885,-0.264,-0.0129,0.205826,0.249295,0.047753,0.311798,True,True,RESEARCH,1.0.0
league=La Liga 2,La Liga 2,ALL,U15,X2,Under 1.5,Draw or away,1424,259,0.311798,0.542135,0.181882,0.169036,1.076,1.285,0.0557,0.162711,0.202765,0.0,0.311798,True,True,RESEARCH,1.0.0
league=La Liga 2,La Liga 2,ALL,U15,12,Under 1.5,Home or away,1424,306,0.311798,0.72191,0.214888,0.22509,0.9547,-1.02,-0.0492,0.194336,0.236974,0.033708,0.311798,True,True,RESEARCH,1.0.0
league=La Liga 2,La Liga 2,ALL,O25,U35,Over 2.5,Under 3.5,1424,288,0.451545,0.750702,0.202247,0.338976,0.5966,-13.673,-0.6351,0.182198,0.223899,0.202247,0.451545,True,False,RESEARCH,1.0.0
league=La Liga 2,La Liga 2,ALL,O25,BTTS,Over 2.5,BTTS Yes,1424,548,0.451545,0.50632,0.384831,0.228626,1.6832,15.621,0.6278,0.359902,0.410381,0.0,0.451545,True,False,RESEARCH,1.0.0
league=La Liga 2,La Liga 2,ALL,O25,BTTS_NO,Over 2.5,BTTS No,1424,95,0.451545,0.49368,0.066713,0.222919,0.2993,-15.621,-0.6278,0.054884,0.080874,0.0,0.451545,True,False,RESEARCH,1.0.0
league=La Liga 2,La Liga 2,ALL,O25,HOME,Over 2.5,Home win,1424,352,0.451545,0.457865,0.247191,0.206747,1.1956,4.044,0.1631,0.225485,0.270257,0.0,0.451545,True,False,RESEARCH,1.0.0
league=La Liga 2,La Liga 2,ALL,O25,DRAW,Over 2.5,Draw,1424,85,0.451545,0.27809,0.059691,0.12557,0.4754,-6.588,-0.2955,0.04853,0.073221,0.0,0.27809,True,False,RESEARCH,1.0.0
league=La Liga 2,La Liga 2,ALL,O25,AWAY,Over 2.5,Away win,1424,206,0.451545,0.264045,0.144663,0.119228,1.2133,2.543,0.1159,0.127348,0.16389,0.0,0.264045,True,False,RESEARCH,1.0.0
league=La Liga 2,La Liga 2,ALL,O25,1X,Over 2.5,Home or draw,1424,437,0.451545,0.735955,0.306882,0.332317,0.9235,-2.543,-0.1159,0.283474,0.33133,0.1875,0.451545,True,False,RESEARCH,1.0.0
league=La Liga 2,La Liga 2,ALL,O25,X2,Over 2.5,Draw or away,1424,291,0.451545,0.542135,0.204354,0.244798,0.8348,-4.044,-0.1631,0.184219,0.22608,0.0,0.451545,True,False,RESEARCH,1.0.0
league=La Liga 2,La Liga 2,ALL,O25,12,Over 2.5,Home or away,1424,558,0.451545,0.72191,0.391854,0.325975,1.2021,6.588,0.2955,0.366822,0.417468,0.173455,0.451545,True,False,RESEARCH,1.0.0
league=La Liga 2,La Liga 2,ALL,U25,BTTS,Under 2.5,BTTS Yes,1424,173,0.548455,0.50632,0.121489,0.277694,0.4375,-15.621,-0.6278,0.105531,0.139483,0.054775,0.50632,True,False,RESEARCH,1.0.0
league=La Liga 2,La Liga 2,ALL,U25,BTTS_NO,Under 2.5,BTTS No,1424,608,0.548455,0.49368,0.426966,0.270761,1.5769,15.621,0.6278,0.401505,0.45282,0.042135,0.49368,True,False,RESEARCH,1.0.0
league=La Liga 2,La Liga 2,ALL,U25,HOME,Under 2.5,Home win,1424,300,0.548455,0.457865,0.210674,0.251118,0.8389,-4.044,-0.1631,0.190286,0.232619,0.00632,0.457865,True,False,RESEARCH,1.0.0
league=La Liga 2,La Liga 2,ALL,U25,DRAW,Under 2.5,Draw,1424,311,0.548455,0.27809,0.218399,0.15252,1.4319,6.588,0.2955,0.197713,0.2406,0.0,0.27809,True,False,RESEARCH,1.0.0
league=La Liga 2,La Liga 2,ALL,U25,AWAY,Under 2.5,Away win,1424,170,0.548455,0.264045,0.119382,0.144817,0.8244,-2.543,-0.1159,0.103557,0.137255,0.0,0.264045,True,False,RESEARCH,1.0.0
league=La Liga 2,La Liga 2,ALL,U25,1X,Under 2.5,Home or draw,1424,611,0.548455,0.735955,0.429073,0.403638,1.063,2.543,0.1159,0.40359,0.454937,0.28441,0.548455,True,True,RESEARCH,1.0.0
league=La Liga 2,La Liga 2,ALL,U25,X2,Under 2.5,Draw or away,1424,481,0.548455,0.542135,0.337781,0.297337,1.136,4.044,0.1631,0.313681,0.362753,0.09059,0.542135,True,False,RESEARCH,1.0.0
league=La Liga 2,La Liga 2,ALL,U25,12,Under 2.5,Home or away,1424,470,0.548455,0.72191,0.330056,0.395935,0.8336,-6.588,-0.2955,0.306118,0.354909,0.270365,0.548455,True,False,RESEARCH,1.0.0
league=La Liga 2,La Liga 2,ALL,O35,BTTS,Over 3.5,BTTS Yes,1424,327,0.249298,0.50632,0.229635,0.126224,1.8193,10.341,0.4781,0.208534,0.252191,0.0,0.249298,True,False,RESEARCH,1.0.0
league=La Liga 2,La Liga 2,ALL,O35,BTTS_NO,Over 3.5,BTTS No,1424,28,0.249298,0.49368,0.019663,0.123073,0.1598,-10.341,-0.4781,0.013639,0.028272,0.0,0.249298,True,False,RESEARCH,1.0.0
league=La Liga 2,La Liga 2,ALL,O35,HOME,Over 3.5,Home win,1424,170,0.249298,0.457865,0.119382,0.114145,1.0459,0.524,0.0243,0.103557,0.137255,0.0,0.249298,True,True,RESEARCH,1.0.0
league=La Liga 2,La Liga 2,ALL,O35,DRAW,Over 3.5,Draw,1424,85,0.249298,0.27809,0.059691,0.069327,0.861,-0.964,-0.0497,0.04853,0.073221,0.0,0.249298,True,True,RESEARCH,1.0.0
league=La Liga 2,La Liga 2,ALL,O35,AWAY,Over 3.5,Away win,1424,100,0.249298,0.264045,0.070225,0.065826,1.0668,0.44,0.0231,0.058077,0.084685,0.0,0.249298,True,True,RESEARCH,1.0.0
league=La Liga 2,La Liga 2,ALL,O35,1X,Over 3.5,Home or draw,1424,255,0.249298,0.735955,0.179073,0.183472,0.976,-0.44,-0.0231,0.16003,0.199843,0.0,0.249298,True,True,RESEARCH,1.0.0
league=La Liga 2,La Liga 2,ALL,O35,X2,Over 3.5,Draw or away,1424,185,0.249298,0.542135,0.129916,0.135153,0.9612,-0.524,-0.0243,0.113444,0.148379,0.0,0.249298,True,True,RESEARCH,1.0.0
league=La Liga 2,La Liga 2,ALL,O35,12,Over 3.5,Home or away,1424,270,0.249298,0.72191,0.189607,0.179971,1.0535,0.964,0.0497,0.170092,0.210791,0.0,0.249298,True,True,RESEARCH,1.0.0
league=La Liga 2,La Liga 2,ALL,U35,BTTS,Under 3.5,BTTS Yes,1424,394,0.750702,0.50632,0.276685,0.380096,0.7279,-10.341,-0.4781,0.254074,0.300499,0.257022,0.50632,True,False,RESEARCH,1.0.0
league=La Liga 2,La Liga 2,ALL,U35,BTTS_NO,Under 3.5,BTTS No,1424,675,0.750702,0.49368,0.474017,0.370607,1.279,10.341,0.4781,0.448187,0.499987,0.244382,0.49368,True,False,RESEARCH,1.0.0
league=La Liga 2,La Liga 2,ALL,U35,HOME,Under 3.5,Home win,1424,482,0.750702,0.457865,0.338483,0.34372,0.9848,-0.524,-0.0243,0.314369,0.363466,0.208567,0.457865,True,True,RESEARCH,1.0.0
league=La Liga 2,La Liga 2,ALL,U35,DRAW,Under 3.5,Draw,1424,311,0.750702,0.27809,0.218399,0.208763,1.0462,0.964,0.0497,0.197713,0.2406,0.028792,0.27809,True,True,RESEARCH,1.0.0
league=La Liga 2,La Liga 2,ALL,U35,AWAY,Under 3.5,Away win,1424,276,0.750702,0.264045,0.19382,0.198219,0.9778,-0.44,-0.0231,0.174124,0.215164,0.014747,0.264045,True,True,RESEARCH,1.0.0
league=La Liga 2,La Liga 2,ALL,U35,1X,Under 3.5,Home or draw,1424,793,0.750702,0.735955,0.556882,0.552483,1.008,0.44,0.0231,0.530962,0.582496,0.486657,0.735955,True,True,RESEARCH,1.0.0
league=La Liga 2,La Liga 2,ALL,U35,X2,Under 3.5,Draw or away,1424,587,0.750702,0.542135,0.412219,0.406982,1.0129,0.524,0.0243,0.386922,0.437989,0.292837,0.542135,True,True,RESEARCH,1.0.0
league=La Liga 2,La Liga 2,ALL,U35,12,Under 3.5,Home or away,1424,758,0.750702,0.72191,0.532303,0.54194,0.9822,-0.964,-0.0497,0.506336,0.558097,0.472612,0.72191,True,True,RESEARCH,1.0.0
league=La Liga 2,La Liga 2,ALL,BTTS,HOME,BTTS Yes,Home win,1424,287,0.50632,0.457865,0.201545,0.231826,0.8694,-3.028,-0.1216,0.181525,0.223171,0.0,0.457865,True,False,RESEARCH,1.0.0
league=La Liga 2,La Liga 2,ALL,BTTS,DRAW,BTTS Yes,Draw,1424,258,0.50632,0.27809,0.18118,0.140803,1.2868,4.038,0.1802,0.162041,0.202035,0.0,0.27809,True,False,RESEARCH,1.0.0
league=La Liga 2,La Liga 2,ALL,BTTS,AWAY,BTTS Yes,Away win,1424,176,0.50632,0.264045,0.123596,0.133691,0.9245,-1.01,-0.0458,0.107507,0.14171,0.0,0.264045,True,True,RESEARCH,1.0.0
league=La Liga 2,La Liga 2,ALL,BTTS,1X,BTTS Yes,Home or draw,1424,545,0.50632,0.735955,0.382725,0.372629,1.0271,1.01,0.0458,0.357827,0.408254,0.242275,0.50632,True,True,RESEARCH,1.0.0
league=La Liga 2,La Liga 2,ALL,BTTS,X2,BTTS Yes,Draw or away,1424,434,0.50632,0.542135,0.304775,0.274494,1.1103,3.028,0.1216,0.281418,0.329183,0.048455,0.50632,True,False,RESEARCH,1.0.0
league=La Liga 2,La Liga 2,ALL,BTTS,12,BTTS Yes,Home or away,1424,463,0.50632,0.72191,0.32514,0.365518,0.8895,-4.038,-0.1802,0.301309,0.349913,0.22823,0.50632,True,False,RESEARCH,1.0.0
league=La Liga 2,La Liga 2,ALL,BTTS_NO,HOME,BTTS No,Home win,1424,365,0.49368,0.457865,0.25632,0.226039,1.134,3.028,0.1216,0.23432,0.279632,0.0,0.457865,True,False,RESEARCH,1.0.0
league=La Liga 2,La Liga 2,ALL,BTTS_NO,DRAW,BTTS No,Draw,1424,138,0.49368,0.27809,0.09691,0.137287,0.7059,-4.038,-0.1802,0.082611,0.113378,0.0,0.27809,True,False,RESEARCH,1.0.0
league=La Liga 2,La Liga 2,ALL,BTTS_NO,AWAY,BTTS No,Away win,1424,200,0.49368,0.264045,0.140449,0.130354,1.0774,1.01,0.0458,0.123368,0.159465,0.0,0.264045,True,True,RESEARCH,1.0.0
league=La Liga 2,La Liga 2,ALL,BTTS_NO,1X,BTTS No,Home or draw,1424,503,0.49368,0.735955,0.35323,0.363326,0.9722,-1.01,-0.0458,0.32883,0.378421,0.229635,0.49368,True,True,RESEARCH,1.0.0
league=La Liga 2,La Liga 2,ALL,BTTS_NO,X2,BTTS No,Draw or away,1424,338,0.49368,0.542135,0.23736,0.267641,0.8869,-3.028,-0.1216,0.215986,0.260146,0.035815,0.49368,True,False,RESEARCH,1.0.0
league=La Liga 2,La Liga 2,ALL,BTTS_NO,12,BTTS No,Home or away,1424,565,0.49368,0.72191,0.39677,0.356392,1.1133,4.038,0.1802,0.37167,0.422425,0.21559,0.49368,True,False,RESEARCH,1.0.0
league=La Liga 2,La Liga 2,ALL,1X,X2,Home or draw,Draw or away,1424,396,0.735955,0.542135,0.27809,0.398987,0.697,-12.09,-0.5505,0.255439,0.301935,0.27809,0.542135,True,False,RESEARCH,1.0.0
league=La Liga 2,La Liga 2,ALL,1X,12,Home or draw,Home or away,1424,652,0.735955,0.72191,0.457865,0.531293,0.8618,-7.343,-0.3718,0.432136,0.483822,0.457865,0.72191,True,False,RESEARCH,1.0.0
league=La Liga 2,La Liga 2,ALL,X2,12,Draw or away,Home or away,1424,376,0.542135,0.72191,0.264045,0.391373,0.6747,-12.733,-0.5704,0.241805,0.287554,0.264045,0.542135,True,False,RESEARCH,1.0.0
league=League One,League One,ALL,O15,U25,Over 1.5,Under 2.5,1693,388,0.730656,0.498523,0.229179,0.364249,0.6292,-13.507,-0.6089,0.209784,0.2498,0.229179,0.498523,True,False,RESEARCH,1.0.0
league=League One,League One,ALL,O15,U35,Over 1.5,Under 3.5,1693,804,0.730656,0.744241,0.474897,0.543784,0.8733,-6.889,-0.3559,0.451193,0.498714,0.474897,0.730656,True,False,RESEARCH,1.0.0
league=League One,League One,ALL,O15,BTTS_NO,Over 1.5,BTTS No,1693,358,0.730656,0.480803,0.211459,0.351302,0.6019,-13.984,-0.6309,0.192672,0.231553,0.211459,0.480803,True,False,RESEARCH,1.0.0
league=League One,League One,ALL,O15,HOME,Over 1.5,Home win,1693,549,0.730656,0.434731,0.324276,0.317639,1.0209,0.664,0.0302,0.302398,0.346951,0.165387,0.434731,True,True,RESEARCH,1.0.0
league=League One,League One,ALL,O15,DRAW,Over 1.5,Draw,1693,299,0.730656,0.24749,0.17661,0.18083,0.9767,-0.422,-0.022,0.159182,0.195501,0.0,0.24749,True,True,RESEARCH,1.0.0
league=League One,League One,ALL,O15,AWAY,Over 1.5,Away win,1693,389,0.730656,0.317779,0.22977,0.232187,0.9896,-0.242,-0.0117,0.210355,0.250407,0.048435,0.317779,True,True,RESEARCH,1.0.0
league=League One,League One,ALL,O15,1X,Over 1.5,Home or draw,1693,848,0.730656,0.682221,0.500886,0.498469,1.0048,0.242,0.0117,0.477093,0.524675,0.412877,0.682221,True,True,RESEARCH,1.0.0
league=League One,League One,ALL,O15,X2,Over 1.5,Draw or away,1693,688,0.730656,0.565269,0.406379,0.413017,0.9839,-0.664,-0.0302,0.38322,0.429962,0.295924,0.565269,True,True,RESEARCH,1.0.0
league=League One,League One,ALL,O15,12,Over 1.5,Home or away,1693,938,0.730656,0.75251,0.554046,0.549826,1.0077,0.422,0.022,0.530272,0.577575,0.483166,0.730656,True,True,RESEARCH,1.0.0
league=League One,League One,ALL,U15,HOME,Under 1.5,Home win,1693,187,0.269344,0.434731,0.110455,0.117092,0.9433,-0.664,-0.0302,0.096396,0.126277,0.0,0.269344,True,True,RESEARCH,1.0.0
league=League One,League One,ALL,U15,DRAW,Under 1.5,Draw,1693,120,0.269344,0.24749,0.07088,0.06666,1.0633,0.422,0.022,0.059603,0.084101,0.0,0.24749,True,True,RESEARCH,1.0.0
league=League One,League One,ALL,U15,AWAY,Under 1.5,Away win,1693,149,0.269344,0.317779,0.088009,0.085592,1.0282,0.242,0.0117,0.07543,0.102455,0.0,0.269344,True,True,RESEARCH,1.0.0
league=League One,League One,ALL,U15,1X,Under 1.5,Home or draw,1693,307,0.269344,0.682221,0.181335,0.183752,0.9868,-0.242,-0.0117,0.163709,0.200403,0.0,0.269344,True,True,RESEARCH,1.0.0
league=League One,League One,ALL,U15,X2,Under 1.5,Draw or away,1693,269,0.269344,0.565269,0.15889,0.152252,1.0436,0.664,0.0302,0.14225,0.177073,0.0,0.269344,True,True,RESEARCH,1.0.0
league=League One,League One,ALL,U15,12,Under 1.5,Home or away,1693,336,0.269344,0.75251,0.198464,0.202684,0.9792,-0.422,-0.022,0.180157,0.218137,0.021855,0.269344,True,True,RESEARCH,1.0.0
league=League One,League One,ALL,O25,U35,Over 2.5,Under 3.5,1693,416,0.501477,0.744241,0.245718,0.373219,0.6584,-12.75,-0.5845,0.225801,0.266786,0.245718,0.501477,True,False,RESEARCH,1.0.0
league=League One,League One,ALL,O25,BTTS,Over 2.5,BTTS Yes,1693,681,0.501477,0.519197,0.402245,0.260365,1.5449,14.188,0.5679,0.379133,0.425798,0.020673,0.501477,True,False,RESEARCH,1.0.0
league=League One,League One,ALL,O25,BTTS_NO,Over 2.5,BTTS No,1693,168,0.501477,0.480803,0.099232,0.241112,0.4116,-14.188,-0.5679,0.085885,0.114394,0.0,0.480803,True,False,RESEARCH,1.0.0
league=League One,League One,ALL,O25,HOME,Over 2.5,Home win,1693,444,0.501477,0.434731,0.262256,0.218008,1.203,4.425,0.1785,0.241859,0.283731,0.0,0.434731,True,False,RESEARCH,1.0.0
league=League One,League One,ALL,O25,DRAW,Over 2.5,Draw,1693,101,0.501477,0.24749,0.059657,0.12411,0.4807,-6.445,-0.2987,0.049341,0.071968,0.0,0.24749,True,False,RESEARCH,1.0.0
league=League One,League One,ALL,O25,AWAY,Over 2.5,Away win,1693,304,0.501477,0.317779,0.179563,0.159359,1.1268,2.02,0.0868,0.162011,0.198566,0.0,0.317779,True,False,RESEARCH,1.0.0
league=League One,League One,ALL,O25,1X,Over 2.5,Home or draw,1693,545,0.501477,0.682221,0.321914,0.342118,0.9409,-2.02,-0.0868,0.300083,0.344551,0.183698,0.501477,True,True,RESEARCH,1.0.0
league=League One,League One,ALL,O25,X2,Over 2.5,Draw or away,1693,405,0.501477,0.565269,0.23922,0.283469,0.8439,-4.425,-0.1785,0.219504,0.260118,0.066745,0.501477,True,False,RESEARCH,1.0.0
league=League One,League One,ALL,O25,12,Over 2.5,Home or away,1693,748,0.501477,0.75251,0.441819,0.377366,1.1708,6.445,0.2987,0.418322,0.46558,0.253987,0.501477,True,False,RESEARCH,1.0.0
league=League One,League One,ALL,U25,BTTS,Under 2.5,BTTS Yes,1693,198,0.498523,0.519197,0.116952,0.258832,0.4518,-14.188,-0.5679,0.102504,0.133135,0.01772,0.498523,True,False,RESEARCH,1.0.0
league=League One,League One,ALL,U25,BTTS_NO,Under 2.5,BTTS No,1693,646,0.498523,0.480803,0.381571,0.239692,1.5919,14.188,0.5679,0.358724,0.404954,0.0,0.480803,True,False,RESEARCH,1.0.0
league=League One,League One,ALL,U25,HOME,Under 2.5,Home win,1693,292,0.498523,0.434731,0.172475,0.216724,0.7958,-4.425,-0.1785,0.155225,0.191208,0.0,0.434731,True,False,RESEARCH,1.0.0
league=League One,League One,ALL,U25,DRAW,Under 2.5,Draw,1693,318,0.498523,0.24749,0.187832,0.123379,1.5224,6.445,0.2987,0.169941,0.207137,0.0,0.24749,True,False,RESEARCH,1.0.0
league=League One,League One,ALL,U25,AWAY,Under 2.5,Away win,1693,234,0.498523,0.317779,0.138216,0.15842,0.8725,-2.02,-0.0868,0.122593,0.155477,0.0,0.317779,True,False,RESEARCH,1.0.0
league=League One,League One,ALL,U25,1X,Under 2.5,Home or draw,1693,610,0.498523,0.682221,0.360307,0.340103,1.0594,2.02,0.0868,0.337778,0.383469,0.180744,0.498523,True,True,RESEARCH,1.0.0
league=League One,League One,ALL,U25,X2,Under 2.5,Draw or away,1693,552,0.498523,0.565269,0.326048,0.2818,1.157,4.425,0.1785,0.304134,0.34875,0.063792,0.498523,True,False,RESEARCH,1.0.0
league=League One,League One,ALL,U25,12,Under 2.5,Home or away,1693,526,0.498523,0.75251,0.310691,0.375144,0.8282,-6.445,-0.2987,0.289096,0.333143,0.251034,0.498523,True,False,RESEARCH,1.0.0
league=League One,League One,ALL,O35,BTTS,Over 3.5,BTTS Yes,1693,379,0.255759,0.519197,0.223863,0.132789,1.6859,9.107,0.4178,0.204645,0.244331,0.0,0.255759,True,False,RESEARCH,1.0.0
league=League One,League One,ALL,O35,BTTS_NO,Over 3.5,BTTS No,1693,54,0.255759,0.480803,0.031896,0.12297,0.2594,-9.107,-0.4178,0.024528,0.041384,0.0,0.255759,True,False,RESEARCH,1.0.0
league=League One,League One,ALL,O35,HOME,Over 3.5,Home win,1693,199,0.255759,0.434731,0.117543,0.111186,1.0572,0.636,0.0294,0.10306,0.133757,0.0,0.255759,True,True,RESEARCH,1.0.0
league=League One,League One,ALL,O35,DRAW,Over 3.5,Draw,1693,101,0.255759,0.24749,0.059657,0.063298,0.9425,-0.364,-0.0193,0.049341,0.071968,0.0,0.24749,True,True,RESEARCH,1.0.0
league=League One,League One,ALL,O35,AWAY,Over 3.5,Away win,1693,133,0.255759,0.317779,0.078559,0.081275,0.9666,-0.272,-0.0134,0.066676,0.09235,0.0,0.255759,True,True,RESEARCH,1.0.0
league=League One,League One,ALL,O35,1X,Over 3.5,Home or draw,1693,300,0.255759,0.682221,0.1772,0.174484,1.0156,0.272,0.0134,0.159748,0.196114,0.0,0.255759,True,True,RESEARCH,1.0.0
league=League One,League One,ALL,O35,X2,Over 3.5,Draw or away,1693,234,0.255759,0.565269,0.138216,0.144573,0.956,-0.636,-0.0294,0.122593,0.155477,0.0,0.255759,True,True,RESEARCH,1.0.0
league=League One,League One,ALL,O35,12,Over 3.5,Home or away,1693,332,0.255759,0.75251,0.196102,0.192461,1.0189,0.364,0.0193,0.177885,0.215694,0.008269,0.255759,True,True,RESEARCH,1.0.0
league=League One,League One,ALL,U35,BTTS,Under 3.5,BTTS Yes,1693,500,0.744241,0.519197,0.295334,0.386407,0.7643,-9.107,-0.4178,0.274086,0.317508,0.263438,0.519197,True,False,RESEARCH,1.0.0
league=League One,League One,ALL,U35,BTTS_NO,Under 3.5,BTTS No,1693,760,0.744241,0.480803,0.448907,0.357834,1.2545,9.107,0.4178,0.425357,0.472689,0.225044,0.480803,True,False,RESEARCH,1.0.0
league=League One,League One,ALL,U35,HOME,Under 3.5,Home win,1693,537,0.744241,0.434731,0.317188,0.323545,0.9804,-0.636,-0.0294,0.295455,0.33975,0.178972,0.434731,True,True,RESEARCH,1.0.0
league=League One,League One,ALL,U35,DRAW,Under 3.5,Draw,1693,318,0.744241,0.24749,0.187832,0.184192,1.0198,0.364,0.0193,0.169941,0.207137,0.0,0.24749,True,True,RESEARCH,1.0.0
league=League One,League One,ALL,U35,AWAY,Under 3.5,Away win,1693,405,0.744241,0.317779,0.23922,0.236504,1.0115,0.272,0.0134,0.219504,0.260118,0.06202,0.317779,True,True,RESEARCH,1.0.0
league=League One,League One,ALL,U35,1X,Under 3.5,Home or draw,1693,855,0.744241,0.682221,0.505021,0.507737,0.9947,-0.272,-0.0134,0.48122,0.528799,0.426462,0.682221,True,True,RESEARCH,1.0.0
league=League One,League One,ALL,U35,X2,Under 3.5,Draw or away,1693,723,0.744241,0.565269,0.427053,0.420696,1.0151,0.636,0.0294,0.403681,0.450754,0.30951,0.565269,True,True,RESEARCH,1.0.0
league=League One,League One,ALL,U35,12,Under 3.5,Home or away,1693,942,0.744241,0.75251,0.556409,0.560049,0.9935,-0.364,-0.0193,0.532642,0.57992,0.496751,0.744241,True,True,RESEARCH,1.0.0
league=League One,League One,ALL,BTTS,HOME,BTTS Yes,Home win,1693,333,0.519197,0.434731,0.196692,0.225711,0.8714,-2.902,-0.1172,0.178453,0.216305,0.0,0.434731,True,False,RESEARCH,1.0.0
league=League One,League One,ALL,BTTS,DRAW,BTTS Yes,Draw,1693,299,0.519197,0.24749,0.17661,0.128496,1.3744,4.811,0.2231,0.159182,0.195501,0.0,0.24749,True,False,RESEARCH,1.0.0
league=League One,League One,ALL,BTTS,AWAY,BTTS Yes,Away win,1693,247,0.519197,0.317779,0.145895,0.16499,0.8843,-1.909,-0.0821,0.129881,0.163512,0.0,0.317779,True,False,RESEARCH,1.0.0
league=League One,League One,ALL,BTTS,1X,BTTS Yes,Home or draw,1693,632,0.519197,0.682221,0.373302,0.354207,1.0539,1.909,0.0821,0.350573,0.396605,0.201418,0.519197,True,True,RESEARCH,1.0.0
league=League One,League One,ALL,BTTS,X2,BTTS Yes,Draw or away,1693,546,0.519197,0.565269,0.322504,0.293486,1.0989,2.902,0.1172,0.300662,0.345151,0.084465,0.519197,True,False,RESEARCH,1.0.0
league=League One,League One,ALL,BTTS,12,BTTS Yes,Home or away,1693,580,0.519197,0.75251,0.342587,0.390701,0.8769,-4.811,-0.2231,0.32036,0.365527,0.271707,0.519197,True,False,RESEARCH,1.0.0
league=League One,League One,ALL,BTTS_NO,HOME,BTTS No,Home win,1693,403,0.480803,0.434731,0.238039,0.20902,1.1388,2.902,0.1172,0.218359,0.258905,0.0,0.434731,True,False,RESEARCH,1.0.0
league=League One,League One,ALL,BTTS_NO,DRAW,BTTS No,Draw,1693,120,0.480803,0.24749,0.07088,0.118994,0.5957,-4.811,-0.2231,0.059603,0.084101,0.0,0.24749,True,False,RESEARCH,1.0.0
league=League One,League One,ALL,BTTS_NO,AWAY,BTTS No,Away win,1693,291,0.480803,0.317779,0.171884,0.152789,1.125,1.909,0.0821,0.15466,0.190594,0.0,0.317779,True,False,RESEARCH,1.0.0
league=League One,League One,ALL,BTTS_NO,1X,BTTS No,Home or draw,1693,523,0.480803,0.682221,0.308919,0.328014,0.9418,-1.909,-0.0821,0.287363,0.331341,0.163024,0.480803,True,True,RESEARCH,1.0.0
league=League One,League One,ALL,BTTS_NO,X2,BTTS No,Draw or away,1693,411,0.480803,0.565269,0.242764,0.271783,0.8932,-2.902,-0.1172,0.222938,0.263756,0.046072,0.480803,True,False,RESEARCH,1.0.0
league=League One,League One,ALL,BTTS_NO,12,BTTS No,Home or away,1693,694,0.480803,0.75251,0.409923,0.361809,1.133,4.811,0.2231,0.386725,0.433529,0.233314,0.480803,True,False,RESEARCH,1.0.0
league=League One,League One,ALL,1X,X2,Home or draw,Draw or away,1693,419,0.682221,0.565269,0.24749,0.385638,0.6418,-13.815,-0.5985,0.22752,0.268603,0.24749,0.565269,True,False,RESEARCH,1.0.0
league=League One,League One,ALL,1X,12,Home or draw,Home or away,1693,736,0.682221,0.75251,0.434731,0.513378,0.8468,-7.865,-0.3914,0.411292,0.458467,0.434731,0.682221,True,False,RESEARCH,1.0.0
league=League One,League One,ALL,X2,12,Draw or away,Home or away,1693,538,0.565269,0.75251,0.317779,0.425371,0.7471,-10.759,-0.5029,0.296033,0.34035,0.317779,0.565269,True,False,RESEARCH,1.0.0
league=League Two,League Two,ALL,O15,U25,Over 1.5,Under 2.5,1693,410,0.740697,0.501477,0.242174,0.371442,0.652,-12.927,-0.5899,0.222365,0.263149,0.242174,0.501477,True,False,RESEARCH,1.0.0
league=League Two,League Two,ALL,O15,U35,Over 1.5,Under 3.5,1693,784,0.740697,0.722386,0.463083,0.535069,0.8655,-7.199,-0.3668,0.439441,0.486893,0.463083,0.722386,True,False,RESEARCH,1.0.0
league=League Two,League Two,ALL,O15,BTTS_NO,Over 1.5,BTTS No,1693,354,0.740697,0.468399,0.209096,0.346942,0.6027,-13.785,-0.6303,0.190394,0.229116,0.209096,0.468399,True,False,RESEARCH,1.0.0
league=League Two,League Two,ALL,O15,HOME,Over 1.5,Home win,1693,542,0.740697,0.431187,0.320142,0.319379,1.0024,0.076,0.0035,0.298347,0.342751,0.171884,0.431187,True,True,RESEARCH,1.0.0
league=League Two,League Two,ALL,O15,DRAW,Over 1.5,Draw,1693,318,0.740697,0.255759,0.187832,0.18944,0.9915,-0.161,-0.0084,0.169941,0.207137,0.0,0.255759,True,True,RESEARCH,1.0.0
league=League Two,League Two,ALL,O15,AWAY,Over 1.5,Away win,1693,394,0.740697,0.313054,0.232723,0.231878,1.0036,0.085,0.0042,0.213213,0.253443,0.053751,0.313054,True,True,RESEARCH,1.0.0
league=League Two,League Two,ALL,O15,1X,Over 1.5,Home or draw,1693,860,0.740697,0.686946,0.507974,0.508819,0.9983,-0.085,-0.0042,0.484168,0.531744,0.427643,0.686946,True,True,RESEARCH,1.0.0
league=League Two,League Two,ALL,O15,X2,Over 1.5,Draw or away,1693,712,0.740697,0.568813,0.420555,0.421318,0.9982,-0.076,-0.0035,0.397246,0.444224,0.30951,0.568813,True,True,RESEARCH,1.0.0
league=League Two,League Two,ALL,O15,12,Over 1.5,Home or away,1693,936,0.740697,0.744241,0.552865,0.551257,1.0029,0.161,0.0084,0.529087,0.576403,0.484938,0.740697,True,True,RESEARCH,1.0.0
league=League Two,League Two,ALL,U15,HOME,Under 1.5,Home win,1693,188,0.259303,0.431187,0.111045,0.111808,0.9932,-0.076,-0.0035,0.096951,0.126901,0.0,0.259303,True,True,RESEARCH,1.0.0
league=League Two,League Two,ALL,U15,DRAW,Under 1.5,Draw,1693,115,0.259303,0.255759,0.067927,0.066319,1.0242,0.161,0.0084,0.056893,0.080917,0.0,0.255759,True,True,RESEARCH,1.0.0
league=League Two,League Two,ALL,U15,AWAY,Under 1.5,Away win,1693,136,0.259303,0.313054,0.080331,0.081176,0.9896,-0.085,-0.0042,0.068313,0.094249,0.0,0.259303,True,True,RESEARCH,1.0.0
league=League Two,League Two,ALL,U15,1X,Under 1.5,Home or draw,1693,303,0.259303,0.686946,0.178972,0.178127,1.0047,0.085,0.0042,0.161445,0.197953,0.0,0.259303,True,True,RESEARCH,1.0.0
league=League Two,League Two,ALL,U15,X2,Under 1.5,Draw or away,1693,251,0.259303,0.568813,0.148258,0.147495,1.0052,0.076,0.0035,0.132127,0.165981,0.0,0.259303,True,True,RESEARCH,1.0.0
league=League Two,League Two,ALL,U15,12,Under 1.5,Home or away,1693,324,0.259303,0.744241,0.191376,0.192984,0.9917,-0.161,-0.0084,0.173344,0.210806,0.003544,0.259303,True,True,RESEARCH,1.0.0
league=League Two,League Two,ALL,O25,U35,Over 2.5,Under 3.5,1693,374,0.498523,0.722386,0.22091,0.360126,0.6134,-13.922,-0.6218,0.201792,0.241291,0.22091,0.498523,True,False,RESEARCH,1.0.0
league=League Two,League Two,ALL,O25,BTTS,Over 2.5,BTTS Yes,1693,693,0.498523,0.531601,0.409333,0.265015,1.5446,14.432,0.5784,0.386141,0.432935,0.030124,0.498523,True,False,RESEARCH,1.0.0
league=League Two,League Two,ALL,O25,BTTS_NO,Over 2.5,BTTS No,1693,151,0.498523,0.468399,0.089191,0.233508,0.382,-14.432,-0.5784,0.076527,0.103714,0.0,0.468399,True,False,RESEARCH,1.0.0
league=League Two,League Two,ALL,O25,HOME,Over 2.5,Home win,1693,425,0.498523,0.431187,0.251034,0.214957,1.1678,3.608,0.1457,0.230958,0.272237,0.0,0.431187,True,False,RESEARCH,1.0.0
league=League Two,League Two,ALL,O25,DRAW,Over 2.5,Draw,1693,111,0.498523,0.255759,0.065564,0.127502,0.5142,-6.194,-0.2839,0.054729,0.078366,0.0,0.255759,True,False,RESEARCH,1.0.0
league=League Two,League Two,ALL,O25,AWAY,Over 2.5,Away win,1693,308,0.498523,0.313054,0.181926,0.156065,1.1657,2.586,0.1115,0.164276,0.201016,0.0,0.313054,True,False,RESEARCH,1.0.0
league=League Two,League Two,ALL,O25,1X,Over 2.5,Home or draw,1693,536,0.498523,0.686946,0.316598,0.342459,0.9245,-2.586,-0.1115,0.294877,0.339149,0.18547,0.498523,True,False,RESEARCH,1.0.0
league=League Two,League Two,ALL,O25,X2,Over 2.5,Draw or away,1693,419,0.498523,0.568813,0.24749,0.283566,0.8728,-3.608,-0.1457,0.22752,0.268603,0.067336,0.498523,True,False,RESEARCH,1.0.0
league=League Two,League Two,ALL,O25,12,Over 2.5,Home or away,1693,733,0.498523,0.744241,0.432959,0.371021,1.1669,6.194,0.2839,0.409535,0.456687,0.242764,0.498523,True,False,RESEARCH,1.0.0
league=League Two,League Two,ALL,U25,BTTS,Under 2.5,BTTS Yes,1693,207,0.501477,0.531601,0.122268,0.266585,0.4586,-14.432,-0.5784,0.107513,0.138734,0.033077,0.501477,True,False,RESEARCH,1.0.0
league=League Two,League Two,ALL,U25,BTTS_NO,Under 2.5,BTTS No,1693,642,0.501477,0.468399,0.379209,0.234891,1.6144,14.432,0.5784,0.356394,0.40257,0.0,0.468399,True,False,RESEARCH,1.0.0
league=League Two,League Two,ALL,U25,HOME,Under 2.5,Home win,1693,305,0.501477,0.431187,0.180154,0.21623,0.8332,-3.608,-0.1457,0.162577,0.199178,0.0,0.431187,True,False,RESEARCH,1.0.0
league=League Two,League Two,ALL,U25,DRAW,Under 2.5,Draw,1693,322,0.501477,0.255759,0.190195,0.128257,1.4829,6.194,0.2839,0.17221,0.209583,0.0,0.255759,True,False,RESEARCH,1.0.0
league=League Two,League Two,ALL,U25,AWAY,Under 2.5,Away win,1693,222,0.501477,0.313054,0.131128,0.156989,0.8353,-2.586,-0.1115,0.115881,0.148046,0.0,0.313054,True,False,RESEARCH,1.0.0
league=League Two,League Two,ALL,U25,1X,Under 2.5,Home or draw,1693,627,0.501477,0.686946,0.370348,0.344488,1.0751,2.586,0.1115,0.347663,0.393621,0.188423,0.501477,True,False,RESEARCH,1.0.0
league=League Two,League Two,ALL,U25,X2,Under 2.5,Draw or away,1693,544,0.501477,0.568813,0.321323,0.285246,1.1265,3.608,0.1457,0.299504,0.343951,0.070289,0.501477,True,False,RESEARCH,1.0.0
league=League Two,League Two,ALL,U25,12,Under 2.5,Home or away,1693,527,0.501477,0.744241,0.311282,0.373219,0.834,-6.194,-0.2839,0.289674,0.333744,0.245718,0.501477,True,False,RESEARCH,1.0.0
league=League Two,League Two,ALL,O35,BTTS,Over 3.5,BTTS Yes,1693,420,0.277614,0.531601,0.24808,0.14758,1.681,10.05,0.4497,0.228092,0.269209,0.0,0.277614,True,False,RESEARCH,1.0.0
league=League Two,League Two,ALL,O35,BTTS_NO,Over 3.5,BTTS No,1693,50,0.277614,0.468399,0.029533,0.130034,0.2271,-10.05,-0.4497,0.022473,0.038724,0.0,0.277614,True,False,RESEARCH,1.0.0
league=League Two,League Two,ALL,O35,HOME,Over 3.5,Home win,1693,216,0.277614,0.431187,0.127584,0.119703,1.0658,0.788,0.0355,0.112531,0.144324,0.0,0.277614,True,True,RESEARCH,1.0.0
league=League Two,League Two,ALL,O35,DRAW,Over 3.5,Draw,1693,111,0.277614,0.255759,0.065564,0.071002,0.9234,-0.544,-0.0278,0.054729,0.078366,0.0,0.255759,True,True,RESEARCH,1.0.0
league=League Two,League Two,ALL,O35,AWAY,Over 3.5,Away win,1693,143,0.277614,0.313054,0.084465,0.086908,0.9719,-0.244,-0.0118,0.072141,0.098671,0.0,0.277614,True,True,RESEARCH,1.0.0
league=League Two,League Two,ALL,O35,1X,Over 3.5,Home or draw,1693,327,0.277614,0.686946,0.193148,0.190706,1.0128,0.244,0.0118,0.175047,0.212639,0.0,0.277614,True,True,RESEARCH,1.0.0
league=League Two,League Two,ALL,O35,X2,Over 3.5,Draw or away,1693,254,0.277614,0.568813,0.15003,0.15791,0.9501,-0.788,-0.0355,0.133812,0.167832,0.0,0.277614,True,True,RESEARCH,1.0.0
league=League Two,League Two,ALL,O35,12,Over 3.5,Home or away,1693,359,0.277614,0.744241,0.21205,0.206611,1.0263,0.544,0.0278,0.193241,0.232162,0.021855,0.277614,True,True,RESEARCH,1.0.0
league=League Two,League Two,ALL,U35,BTTS,Under 3.5,BTTS Yes,1693,480,0.722386,0.531601,0.28352,0.384021,0.7383,-10.05,-0.4497,0.26256,0.305461,0.253987,0.531601,True,False,RESEARCH,1.0.0
league=League Two,League Two,ALL,U35,BTTS_NO,Under 3.5,BTTS No,1693,743,0.722386,0.468399,0.438866,0.338365,1.297,10.05,0.4497,0.415392,0.462617,0.190786,0.468399,True,False,RESEARCH,1.0.0
league=League Two,League Two,ALL,U35,HOME,Under 3.5,Home win,1693,514,0.722386,0.431187,0.303603,0.311484,0.9747,-0.788,-0.0355,0.282165,0.325931,0.153574,0.431187,True,True,RESEARCH,1.0.0
league=League Two,League Two,ALL,U35,DRAW,Under 3.5,Draw,1693,322,0.722386,0.255759,0.190195,0.184757,1.0294,0.544,0.0278,0.17221,0.209583,0.0,0.255759,True,True,RESEARCH,1.0.0
league=League Two,League Two,ALL,U35,AWAY,Under 3.5,Away win,1693,387,0.722386,0.313054,0.228588,0.226146,1.0108,0.244,0.0118,0.209213,0.249193,0.03544,0.313054,True,True,RESEARCH,1.0.0
league=League Two,League Two,ALL,U35,1X,Under 3.5,Home or draw,1693,836,0.722386,0.686946,0.493798,0.496241,0.9951,-0.244,-0.0118,0.470023,0.517601,0.409333,0.686946,True,True,RESEARCH,1.0.0
league=League Two,League Two,ALL,U35,X2,Under 3.5,Draw or away,1693,709,0.722386,0.568813,0.418783,0.410903,1.0192,0.788,0.0355,0.395492,0.442442,0.291199,0.568813,True,True,RESEARCH,1.0.0
league=League Two,League Two,ALL,U35,12,Under 3.5,Home or away,1693,901,0.722386,0.744241,0.532191,0.537629,0.9899,-0.544,-0.0278,0.508377,0.55586,0.466627,0.722386,True,True,RESEARCH,1.0.0
league=League Two,League Two,ALL,BTTS,HOME,BTTS Yes,Home win,1693,329,0.531601,0.431187,0.19433,0.229219,0.8478,-3.489,-0.1412,0.176182,0.213861,0.0,0.431187,True,False,RESEARCH,1.0.0
league=League Two,League Two,ALL,BTTS,DRAW,BTTS Yes,Draw,1693,318,0.531601,0.255759,0.187832,0.135962,1.3815,5.187,0.2383,0.169941,0.207137,0.0,0.255759,True,False,RESEARCH,1.0.0
league=League Two,League Two,ALL,BTTS,AWAY,BTTS Yes,Away win,1693,253,0.531601,0.313054,0.149439,0.16642,0.898,-1.698,-0.0734,0.13325,0.167215,0.0,0.313054,True,True,RESEARCH,1.0.0
league=League Two,League Two,ALL,BTTS,1X,BTTS Yes,Home or draw,1693,647,0.531601,0.686946,0.382162,0.365181,1.0465,1.698,0.0734,0.359307,0.405551,0.218547,0.531601,True,True,RESEARCH,1.0.0
league=League Two,League Two,ALL,BTTS,X2,BTTS Yes,Draw or away,1693,571,0.531601,0.568813,0.337271,0.302381,1.1154,3.489,0.1412,0.315141,0.360138,0.100413,0.531601,True,False,RESEARCH,1.0.0
league=League Two,League Two,ALL,BTTS,12,BTTS Yes,Home or away,1693,582,0.531601,0.744241,0.343768,0.395639,0.8689,-5.187,-0.2383,0.32152,0.366724,0.275842,0.531601,True,False,RESEARCH,1.0.0
league=League Two,League Two,ALL,BTTS_NO,HOME,BTTS No,Home win,1693,401,0.468399,0.431187,0.236858,0.201968,1.1727,3.489,0.1412,0.217215,0.257692,0.0,0.431187,True,False,RESEARCH,1.0.0
league=League Two,League Two,ALL,BTTS_NO,DRAW,BTTS No,Draw,1693,115,0.468399,0.255759,0.067927,0.119797,0.567,-5.187,-0.2383,0.056893,0.080917,0.0,0.255759,True,False,RESEARCH,1.0.0
league=League Two,League Two,ALL,BTTS_NO,AWAY,BTTS No,Away win,1693,277,0.468399,0.313054,0.163615,0.146634,1.1158,1.698,0.0734,0.146758,0.181994,0.0,0.313054,True,False,RESEARCH,1.0.0
league=League Two,League Two,ALL,BTTS_NO,1X,BTTS No,Home or draw,1693,516,0.468399,0.686946,0.304784,0.321765,0.9472,-1.698,-0.0734,0.28332,0.327133,0.155346,0.468399,True,True,RESEARCH,1.0.0
league=League Two,League Two,ALL,BTTS_NO,X2,BTTS No,Draw or away,1693,392,0.468399,0.568813,0.231542,0.266431,0.869,-3.489,-0.1412,0.21207,0.252229,0.037212,0.468399,True,False,RESEARCH,1.0.0
league=League Two,League Two,ALL,BTTS_NO,12,BTTS No,Home or away,1693,678,0.468399,0.744241,0.400473,0.348602,1.1488,5.187,0.2383,0.377382,0.424013,0.21264,0.468399,True,False,RESEARCH,1.0.0
league=League Two,League Two,ALL,1X,X2,Home or draw,Draw or away,1693,433,0.686946,0.568813,0.255759,0.390744,0.6545,-13.498,-0.5878,0.235546,0.277078,0.255759,0.568813,True,False,RESEARCH,1.0.0
league=League Two,League Two,ALL,1X,12,Home or draw,Home or away,1693,730,0.686946,0.744241,0.431187,0.511254,0.8434,-8.007,-0.3957,0.407778,0.454908,0.431187,0.686946,True,False,RESEARCH,1.0.0
league=League Two,League Two,ALL,X2,12,Draw or away,Home or away,1693,530,0.568813,0.744241,0.313054,0.423334,0.7395,-11.028,-0.5104,0.291408,0.335546,0.313054,0.568813,True,False,RESEARCH,1.0.0
league=Mexico Liga MX,Mexico Liga MX,ALL,O15,U25,Over 1.5,Under 2.5,1055,242,0.780095,0.449289,0.229384,0.350488,0.6545,-12.11,-0.5878,0.205022,0.255709,0.229384,0.449289,True,False,RESEARCH,1.0.0
league=Mexico Liga MX,Mexico Liga MX,ALL,O15,U35,Over 1.5,Under 3.5,1055,497,0.780095,0.690995,0.47109,0.539042,0.8739,-6.795,-0.355,0.441128,0.501262,0.47109,0.690995,True,False,RESEARCH,1.0.0
league=Mexico Liga MX,Mexico Liga MX,ALL,O15,BTTS_NO,Over 1.5,BTTS No,1055,223,0.780095,0.43128,0.211374,0.336439,0.6283,-12.506,-0.6097,0.187807,0.237036,0.211374,0.43128,True,False,RESEARCH,1.0.0
league=Mexico Liga MX,Mexico Liga MX,ALL,O15,HOME,Over 1.5,Home win,1055,391,0.780095,0.470142,0.370616,0.366755,1.0105,0.386,0.0187,0.341991,0.40018,0.250237,0.470142,True,True,RESEARCH,1.0.0
league=Mexico Liga MX,Mexico Liga MX,ALL,O15,DRAW,Over 1.5,Draw,1055,191,0.780095,0.24455,0.181043,0.190772,0.949,-0.973,-0.0547,0.158978,0.205422,0.024645,0.24455,True,True,RESEARCH,1.0.0
league=Mexico Liga MX,Mexico Liga MX,ALL,O15,AWAY,Over 1.5,Away win,1055,241,0.780095,0.285308,0.228436,0.222567,1.0264,0.587,0.0314,0.204114,0.254728,0.065403,0.285308,True,True,RESEARCH,1.0.0
league=Mexico Liga MX,Mexico Liga MX,ALL,O15,1X,Over 1.5,Home or draw,1055,582,0.780095,0.714692,0.551659,0.557527,0.9895,-0.587,-0.0314,0.521515,0.581428,0.494787,0.714692,True,True,RESEARCH,1.0.0
league=Mexico Liga MX,Mexico Liga MX,ALL,O15,X2,Over 1.5,Draw or away,1055,432,0.780095,0.529858,0.409479,0.413339,0.9907,-0.386,-0.0187,0.380186,0.439428,0.309953,0.529858,True,True,RESEARCH,1.0.0
league=Mexico Liga MX,Mexico Liga MX,ALL,O15,12,Over 1.5,Home or away,1055,632,0.780095,0.75545,0.599052,0.589323,1.0165,0.973,0.0547,0.569171,0.628215,0.535545,0.75545,True,True,RESEARCH,1.0.0
league=Mexico Liga MX,Mexico Liga MX,ALL,U15,HOME,Under 1.5,Home win,1055,105,0.219905,0.470142,0.099526,0.103387,0.9627,-0.386,-0.0187,0.082889,0.11907,0.0,0.219905,True,True,RESEARCH,1.0.0
league=Mexico Liga MX,Mexico Liga MX,ALL,U15,DRAW,Under 1.5,Draw,1055,67,0.219905,0.24455,0.063507,0.053778,1.1809,0.973,0.0547,0.050316,0.079865,0.0,0.219905,True,True,RESEARCH,1.0.0
league=Mexico Liga MX,Mexico Liga MX,ALL,U15,AWAY,Under 1.5,Away win,1055,60,0.219905,0.285308,0.056872,0.062741,0.9065,-0.587,-0.0314,0.044437,0.072522,0.0,0.219905,True,True,RESEARCH,1.0.0
league=Mexico Liga MX,Mexico Liga MX,ALL,U15,1X,Under 1.5,Home or draw,1055,172,0.219905,0.714692,0.163033,0.157164,1.0373,0.587,0.0314,0.141972,0.186539,0.0,0.219905,True,True,RESEARCH,1.0.0
league=Mexico Liga MX,Mexico Liga MX,ALL,U15,X2,Under 1.5,Draw or away,1055,127,0.219905,0.529858,0.120379,0.116518,1.0331,0.386,0.0187,0.102108,0.141405,0.0,0.219905,True,True,RESEARCH,1.0.0
league=Mexico Liga MX,Mexico Liga MX,ALL,U15,12,Under 1.5,Home or away,1055,165,0.219905,0.75545,0.156398,0.166127,0.9414,-0.973,-0.0547,0.13573,0.179559,0.0,0.219905,True,True,RESEARCH,1.0.0
league=Mexico Liga MX,Mexico Liga MX,ALL,O25,U35,Over 2.5,Under 3.5,1055,255,0.550711,0.690995,0.241706,0.380539,0.6352,-13.883,-0.604,0.216839,0.268447,0.241706,0.550711,True,False,RESEARCH,1.0.0
league=Mexico Liga MX,Mexico Liga MX,ALL,O25,BTTS,Over 2.5,BTTS Yes,1055,473,0.550711,0.56872,0.448341,0.313201,1.4315,13.514,0.5486,0.418572,0.478485,0.119431,0.550711,True,False,RESEARCH,1.0.0
league=Mexico Liga MX,Mexico Liga MX,ALL,O25,BTTS_NO,Over 2.5,BTTS No,1055,108,0.550711,0.43128,0.10237,0.23751,0.431,-13.514,-0.5486,0.085496,0.122128,0.0,0.43128,True,False,RESEARCH,1.0.0
league=Mexico Liga MX,Mexico Liga MX,ALL,O25,HOME,Over 2.5,Home win,1055,325,0.550711,0.470142,0.308057,0.258912,1.1898,4.914,0.1979,0.280935,0.336571,0.020853,0.470142,True,False,RESEARCH,1.0.0
league=Mexico Liga MX,Mexico Liga MX,ALL,O25,DRAW,Over 2.5,Draw,1055,64,0.550711,0.24455,0.060664,0.134676,0.4504,-7.401,-0.3462,0.047791,0.076724,0.0,0.24455,True,False,RESEARCH,1.0.0
league=Mexico Liga MX,Mexico Liga MX,ALL,O25,AWAY,Over 2.5,Away win,1055,192,0.550711,0.285308,0.181991,0.157122,1.1583,2.487,0.1107,0.159875,0.206413,0.0,0.285308,True,False,RESEARCH,1.0.0
league=Mexico Liga MX,Mexico Liga MX,ALL,O25,1X,Over 2.5,Home or draw,1055,389,0.550711,0.714692,0.36872,0.393589,0.9368,-2.487,-0.1107,0.340132,0.398261,0.265403,0.550711,True,True,RESEARCH,1.0.0
league=Mexico Liga MX,Mexico Liga MX,ALL,O25,X2,Over 2.5,Draw or away,1055,256,0.550711,0.529858,0.242654,0.291798,0.8316,-4.914,-0.1979,0.217749,0.269426,0.080569,0.529858,True,False,RESEARCH,1.0.0
league=Mexico Liga MX,Mexico Liga MX,ALL,O25,12,Over 2.5,Home or away,1055,517,0.550711,0.75545,0.490047,0.416035,1.1779,7.401,0.3462,0.459973,0.520194,0.306161,0.550711,True,False,RESEARCH,1.0.0
league=Mexico Liga MX,Mexico Liga MX,ALL,U25,BTTS,Under 2.5,BTTS Yes,1055,127,0.449289,0.56872,0.120379,0.25552,0.4711,-13.514,-0.5486,0.102108,0.141405,0.018009,0.449289,True,False,RESEARCH,1.0.0
league=Mexico Liga MX,Mexico Liga MX,ALL,U25,BTTS_NO,Under 2.5,BTTS No,1055,347,0.449289,0.43128,0.32891,0.193769,1.6974,13.514,0.5486,0.301225,0.357836,0.0,0.43128,True,False,RESEARCH,1.0.0
league=Mexico Liga MX,Mexico Liga MX,ALL,U25,HOME,Under 2.5,Home win,1055,171,0.449289,0.470142,0.162085,0.21123,0.7673,-4.914,-0.1979,0.14108,0.185543,0.0,0.449289,True,False,RESEARCH,1.0.0
league=Mexico Liga MX,Mexico Liga MX,ALL,U25,DRAW,Under 2.5,Draw,1055,194,0.449289,0.24455,0.183886,0.109874,1.6736,7.401,0.3462,0.161671,0.208395,0.0,0.24455,True,False,RESEARCH,1.0.0
league=Mexico Liga MX,Mexico Liga MX,ALL,U25,AWAY,Under 2.5,Away win,1055,109,0.449289,0.285308,0.103318,0.128186,0.806,-2.487,-0.1107,0.086367,0.123147,0.0,0.285308,True,False,RESEARCH,1.0.0
league=Mexico Liga MX,Mexico Liga MX,ALL,U25,1X,Under 2.5,Home or draw,1055,365,0.449289,0.714692,0.345972,0.321103,1.0774,2.487,0.1107,0.317873,0.375188,0.163981,0.449289,True,True,RESEARCH,1.0.0
league=Mexico Liga MX,Mexico Liga MX,ALL,U25,X2,Under 2.5,Draw or away,1055,303,0.449289,0.529858,0.287204,0.238059,1.2064,4.914,0.1979,0.260712,0.31524,0.0,0.449289,True,False,RESEARCH,1.0.0
league=Mexico Liga MX,Mexico Liga MX,ALL,U25,12,Under 2.5,Home or away,1055,280,0.449289,0.75545,0.265403,0.339416,0.7819,-7.401,-0.3462,0.239644,0.292864,0.204739,0.449289,True,False,RESEARCH,1.0.0
league=Mexico Liga MX,Mexico Liga MX,ALL,O35,BTTS,Over 3.5,BTTS Yes,1055,288,0.309005,0.56872,0.272986,0.175737,1.5534,9.725,0.4249,0.246963,0.300656,0.0,0.309005,True,False,RESEARCH,1.0.0
league=Mexico Liga MX,Mexico Liga MX,ALL,O35,BTTS_NO,Over 3.5,BTTS No,1055,38,0.309005,0.43128,0.036019,0.133267,0.2703,-9.725,-0.4249,0.026353,0.049052,0.0,0.309005,True,False,RESEARCH,1.0.0
league=Mexico Liga MX,Mexico Liga MX,ALL,O35,HOME,Over 3.5,Home win,1055,172,0.309005,0.470142,0.163033,0.145276,1.1222,1.776,0.077,0.141972,0.186539,0.0,0.309005,True,True,RESEARCH,1.0.0
league=Mexico Liga MX,Mexico Liga MX,ALL,O35,DRAW,Over 3.5,Draw,1055,64,0.309005,0.24455,0.060664,0.075567,0.8028,-1.49,-0.075,0.047791,0.076724,0.0,0.24455,True,True,RESEARCH,1.0.0
league=Mexico Liga MX,Mexico Liga MX,ALL,O35,AWAY,Over 3.5,Away win,1055,90,0.309005,0.285308,0.085308,0.088162,0.9676,-0.285,-0.0137,0.06992,0.103705,0.0,0.285308,True,True,RESEARCH,1.0.0
league=Mexico Liga MX,Mexico Liga MX,ALL,O35,1X,Over 3.5,Home or draw,1055,236,0.309005,0.714692,0.223697,0.220843,1.0129,0.285,0.0137,0.199578,0.24982,0.023697,0.309005,True,True,RESEARCH,1.0.0
league=Mexico Liga MX,Mexico Liga MX,ALL,O35,X2,Over 3.5,Draw or away,1055,154,0.309005,0.529858,0.145972,0.163729,0.8915,-1.776,-0.077,0.12595,0.168562,0.0,0.309005,True,True,RESEARCH,1.0.0
league=Mexico Liga MX,Mexico Liga MX,ALL,O35,12,Over 3.5,Home or away,1055,262,0.309005,0.75545,0.248341,0.233438,1.0638,1.49,0.075,0.223214,0.275294,0.064455,0.309005,True,True,RESEARCH,1.0.0
league=Mexico Liga MX,Mexico Liga MX,ALL,U35,BTTS,Under 3.5,BTTS Yes,1055,312,0.690995,0.56872,0.295735,0.392983,0.7525,-9.725,-0.4249,0.268977,0.323975,0.259716,0.56872,True,False,RESEARCH,1.0.0
league=Mexico Liga MX,Mexico Liga MX,ALL,U35,BTTS_NO,Under 3.5,BTTS No,1055,417,0.690995,0.43128,0.395261,0.298012,1.3263,9.725,0.4249,0.366189,0.425092,0.122275,0.43128,True,False,RESEARCH,1.0.0
league=Mexico Liga MX,Mexico Liga MX,ALL,U35,HOME,Under 3.5,Home win,1055,324,0.690995,0.470142,0.307109,0.324866,0.9453,-1.776,-0.077,0.280014,0.335603,0.161137,0.470142,True,True,RESEARCH,1.0.0
league=Mexico Liga MX,Mexico Liga MX,ALL,U35,DRAW,Under 3.5,Draw,1055,194,0.690995,0.24455,0.183886,0.168983,1.0882,1.49,0.075,0.161671,0.208395,0.0,0.24455,True,True,RESEARCH,1.0.0
league=Mexico Liga MX,Mexico Liga MX,ALL,U35,AWAY,Under 3.5,Away win,1055,211,0.690995,0.285308,0.2,0.197147,1.0145,0.285,0.0137,0.17697,0.225207,0.0,0.285308,True,True,RESEARCH,1.0.0
league=Mexico Liga MX,Mexico Liga MX,ALL,U35,1X,Under 3.5,Home or draw,1055,518,0.690995,0.714692,0.490995,0.493849,0.9942,-0.285,-0.0137,0.460916,0.52114,0.405687,0.690995,True,True,RESEARCH,1.0.0
league=Mexico Liga MX,Mexico Liga MX,ALL,U35,X2,Under 3.5,Draw or away,1055,405,0.690995,0.529858,0.383886,0.366129,1.0485,1.776,0.077,0.355011,0.413604,0.220853,0.529858,True,True,RESEARCH,1.0.0
league=Mexico Liga MX,Mexico Liga MX,ALL,U35,12,Under 3.5,Home or away,1055,535,0.690995,0.75545,0.507109,0.522013,0.9714,-1.49,-0.075,0.476969,0.537197,0.446445,0.690995,True,True,RESEARCH,1.0.0
league=Mexico Liga MX,Mexico Liga MX,ALL,BTTS,HOME,BTTS Yes,Home win,1055,244,0.56872,0.470142,0.23128,0.267379,0.865,-3.61,-0.146,0.206838,0.257671,0.038863,0.470142,True,False,RESEARCH,1.0.0
league=Mexico Liga MX,Mexico Liga MX,ALL,BTTS,DRAW,BTTS Yes,Draw,1055,191,0.56872,0.24455,0.181043,0.13908,1.3017,4.196,0.1971,0.158978,0.205422,0.0,0.24455,True,False,RESEARCH,1.0.0
league=Mexico Liga MX,Mexico Liga MX,ALL,BTTS,AWAY,BTTS Yes,Away win,1055,165,0.56872,0.285308,0.156398,0.162261,0.9639,-0.586,-0.0262,0.13573,0.179559,0.0,0.285308,True,True,RESEARCH,1.0.0
league=Mexico Liga MX,Mexico Liga MX,ALL,BTTS,1X,BTTS Yes,Home or draw,1055,435,0.56872,0.714692,0.412322,0.40646,1.0144,0.586,0.0262,0.382988,0.442292,0.283412,0.56872,True,True,RESEARCH,1.0.0
league=Mexico Liga MX,Mexico Liga MX,ALL,BTTS,X2,BTTS Yes,Draw or away,1055,356,0.56872,0.529858,0.337441,0.301341,1.1198,3.61,0.146,0.309544,0.366517,0.098578,0.529858,True,False,RESEARCH,1.0.0
league=Mexico Liga MX,Mexico Liga MX,ALL,BTTS,12,BTTS Yes,Home or away,1055,409,0.56872,0.75545,0.387678,0.42964,0.9023,-4.196,-0.1971,0.358735,0.417435,0.324171,0.56872,True,False,RESEARCH,1.0.0
league=Mexico Liga MX,Mexico Liga MX,ALL,BTTS_NO,HOME,BTTS No,Home win,1055,252,0.43128,0.470142,0.238863,0.202763,1.178,3.61,0.146,0.21411,0.26551,0.0,0.43128,True,False,RESEARCH,1.0.0
league=Mexico Liga MX,Mexico Liga MX,ALL,BTTS_NO,DRAW,BTTS No,Draw,1055,67,0.43128,0.24455,0.063507,0.105469,0.6021,-4.196,-0.1971,0.050316,0.079865,0.0,0.24455,True,False,RESEARCH,1.0.0
league=Mexico Liga MX,Mexico Liga MX,ALL,BTTS_NO,AWAY,BTTS No,Away win,1055,136,0.43128,0.285308,0.12891,0.123048,1.0476,0.586,0.0262,0.110027,0.150486,0.0,0.285308,True,True,RESEARCH,1.0.0
league=Mexico Liga MX,Mexico Liga MX,ALL,BTTS_NO,1X,BTTS No,Home or draw,1055,319,0.43128,0.714692,0.30237,0.308232,0.981,-0.586,-0.0262,0.275413,0.33076,0.145972,0.43128,True,True,RESEARCH,1.0.0
league=Mexico Liga MX,Mexico Liga MX,ALL,BTTS_NO,X2,BTTS No,Draw or away,1055,203,0.43128,0.529858,0.192417,0.228517,0.842,-3.61,-0.146,0.169763,0.217303,0.0,0.43128,True,False,RESEARCH,1.0.0
league=Mexico Liga MX,Mexico Liga MX,ALL,BTTS_NO,12,BTTS No,Home or away,1055,388,0.43128,0.75545,0.367773,0.32581,1.1288,4.196,0.1971,0.339204,0.397301,0.18673,0.43128,True,False,RESEARCH,1.0.0
league=Mexico Liga MX,Mexico Liga MX,ALL,1X,X2,Home or draw,Draw or away,1055,258,0.714692,0.529858,0.24455,0.378685,0.6458,-13.414,-0.5952,0.21957,0.271383,0.24455,0.529858,True,False,RESEARCH,1.0.0
league=Mexico Liga MX,Mexico Liga MX,ALL,1X,12,Home or draw,Home or away,1055,496,0.714692,0.75545,0.470142,0.539914,0.8708,-6.977,-0.3595,0.440187,0.500314,0.470142,0.714692,True,False,RESEARCH,1.0.0
league=Mexico Liga MX,Mexico Liga MX,ALL,X2,12,Draw or away,Home or away,1055,301,0.529858,0.75545,0.285308,0.400281,0.7128,-11.497,-0.5359,0.258877,0.313297,0.285308,0.529858,True,False,RESEARCH,1.0.0
league=Norway Eliteserien,Norway Eliteserien,ALL,O15,U25,Over 1.5,Under 2.5,860,175,0.794186,0.409302,0.203488,0.325062,0.626,-12.157,-0.6116,0.177927,0.231687,0.203488,0.409302,True,False,RESEARCH,1.0.0
league=Norway Eliteserien,Norway Eliteserien,ALL,O15,U35,Over 1.5,Under 3.5,860,365,0.794186,0.630233,0.424419,0.500522,0.848,-7.61,-0.3899,0.391793,0.457717,0.424419,0.630233,True,False,RESEARCH,1.0.0
league=Norway Eliteserien,Norway Eliteserien,ALL,O15,BTTS_NO,Over 1.5,BTTS No,860,208,0.794186,0.447674,0.24186,0.355537,0.6803,-11.368,-0.5654,0.214429,0.271587,0.24186,0.447674,True,False,RESEARCH,1.0.0
league=Norway Eliteserien,Norway Eliteserien,ALL,O15,HOME,Over 1.5,Home win,860,331,0.794186,0.475581,0.384884,0.3777,1.019,0.718,0.0356,0.352944,0.417847,0.269767,0.475581,True,True,RESEARCH,1.0.0
league=Norway Eliteserien,Norway Eliteserien,ALL,O15,DRAW,Over 1.5,Draw,860,132,0.794186,0.202326,0.153488,0.160684,0.9552,-0.72,-0.0443,0.130942,0.179116,0.0,0.202326,True,True,RESEARCH,1.0.0
league=Norway Eliteserien,Norway Eliteserien,ALL,O15,AWAY,Over 1.5,Away win,860,220,0.794186,0.322093,0.255814,0.255802,1.0,0.001,0.0001,0.227783,0.286017,0.116279,0.322093,True,True,RESEARCH,1.0.0
league=Norway Eliteserien,Norway Eliteserien,ALL,O15,1X,Over 1.5,Home or draw,860,463,0.794186,0.677907,0.538372,0.538384,1.0,-0.001,-0.0001,0.504956,0.571447,0.472093,0.677907,True,True,RESEARCH,1.0.0
league=Norway Eliteserien,Norway Eliteserien,ALL,O15,X2,Over 1.5,Draw or away,860,352,0.794186,0.524419,0.409302,0.416486,0.9828,-0.718,-0.0356,0.376913,0.442498,0.318605,0.524419,True,True,RESEARCH,1.0.0
league=Norway Eliteserien,Norway Eliteserien,ALL,O15,12,Over 1.5,Home or away,860,551,0.794186,0.797674,0.640698,0.633502,1.0114,0.72,0.0443,0.60807,0.672074,0.59186,0.794186,True,True,RESEARCH,1.0.0
league=Norway Eliteserien,Norway Eliteserien,ALL,U15,HOME,Under 1.5,Home win,860,78,0.205814,0.475581,0.090698,0.097881,0.9266,-0.718,-0.0356,0.073281,0.111755,0.0,0.205814,True,True,RESEARCH,1.0.0
league=Norway Eliteserien,Norway Eliteserien,ALL,U15,DRAW,Under 1.5,Draw,860,42,0.205814,0.202326,0.048837,0.041641,1.1728,0.72,0.0443,0.036331,0.065356,0.0,0.202326,True,True,RESEARCH,1.0.0
league=Norway Eliteserien,Norway Eliteserien,ALL,U15,AWAY,Under 1.5,Away win,860,57,0.205814,0.322093,0.066279,0.066291,0.9998,-0.001,-0.0001,0.051507,0.084909,0.0,0.205814,True,True,RESEARCH,1.0.0
league=Norway Eliteserien,Norway Eliteserien,ALL,U15,1X,Under 1.5,Home or draw,860,120,0.205814,0.677907,0.139535,0.139523,1.0001,0.001,0.0001,0.117975,0.164301,0.0,0.205814,True,True,RESEARCH,1.0.0
league=Norway Eliteserien,Norway Eliteserien,ALL,U15,X2,Under 1.5,Draw or away,860,99,0.205814,0.524419,0.115116,0.107933,1.0666,0.718,0.0356,0.095475,0.13818,0.0,0.205814,True,True,RESEARCH,1.0.0
league=Norway Eliteserien,Norway Eliteserien,ALL,U15,12,Under 1.5,Home or away,860,135,0.205814,0.797674,0.156977,0.164173,0.9562,-0.72,-0.0443,0.134195,0.182809,0.003488,0.205814,True,True,RESEARCH,1.0.0
league=Norway Eliteserien,Norway Eliteserien,ALL,O25,U35,Over 2.5,Under 3.5,860,190,0.590698,0.630233,0.22093,0.372277,0.5935,-15.135,-0.6376,0.194477,0.249866,0.22093,0.590698,True,False,RESEARCH,1.0.0
league=Norway Eliteserien,Norway Eliteserien,ALL,O25,BTTS,Over 2.5,BTTS Yes,860,395,0.590698,0.552326,0.459302,0.326257,1.4078,13.304,0.5441,0.42625,0.492717,0.143023,0.552326,True,False,RESEARCH,1.0.0
league=Norway Eliteserien,Norway Eliteserien,ALL,O25,BTTS_NO,Over 2.5,BTTS No,860,113,0.590698,0.447674,0.131395,0.26444,0.4969,-13.304,-0.5441,0.110446,0.155623,0.038372,0.447674,True,False,RESEARCH,1.0.0
league=Norway Eliteserien,Norway Eliteserien,ALL,O25,HOME,Over 2.5,Home win,860,280,0.590698,0.475581,0.325581,0.280925,1.159,4.466,0.1819,0.295099,0.357615,0.066279,0.475581,True,False,RESEARCH,1.0.0
league=Norway Eliteserien,Norway Eliteserien,ALL,O25,DRAW,Over 2.5,Draw,860,52,0.590698,0.202326,0.060465,0.119513,0.5059,-5.905,-0.2989,0.046406,0.078434,0.0,0.202326,True,False,RESEARCH,1.0.0
league=Norway Eliteserien,Norway Eliteserien,ALL,O25,AWAY,Over 2.5,Away win,860,176,0.590698,0.322093,0.204651,0.19026,1.0756,1.439,0.0626,0.179028,0.232901,0.0,0.322093,True,True,RESEARCH,1.0.0
league=Norway Eliteserien,Norway Eliteserien,ALL,O25,1X,Over 2.5,Home or draw,860,332,0.590698,0.677907,0.386047,0.400438,0.9641,-1.439,-0.0626,0.354083,0.419023,0.268605,0.590698,True,True,RESEARCH,1.0.0
league=Norway Eliteserien,Norway Eliteserien,ALL,O25,X2,Over 2.5,Draw or away,860,228,0.590698,0.524419,0.265116,0.309773,0.8558,-4.466,-0.1819,0.236707,0.295615,0.115116,0.524419,True,False,RESEARCH,1.0.0
league=Norway Eliteserien,Norway Eliteserien,ALL,O25,12,Over 2.5,Home or away,860,456,0.590698,0.797674,0.530233,0.471184,1.1253,5.905,0.2989,0.496816,0.563381,0.388372,0.590698,True,False,RESEARCH,1.0.0
league=Norway Eliteserien,Norway Eliteserien,ALL,U25,BTTS,Under 2.5,BTTS Yes,860,80,0.409302,0.552326,0.093023,0.226068,0.4115,-13.304,-0.5441,0.075379,0.114288,0.0,0.409302,True,False,RESEARCH,1.0.0
league=Norway Eliteserien,Norway Eliteserien,ALL,U25,BTTS_NO,Under 2.5,BTTS No,860,272,0.409302,0.447674,0.316279,0.183234,1.7261,13.304,0.5441,0.286074,0.348118,0.0,0.409302,True,False,RESEARCH,1.0.0
league=Norway Eliteserien,Norway Eliteserien,ALL,U25,HOME,Under 2.5,Home win,860,129,0.409302,0.475581,0.15,0.194657,0.7706,-4.466,-0.1819,0.127694,0.175419,0.0,0.409302,True,False,RESEARCH,1.0.0
league=Norway Eliteserien,Norway Eliteserien,ALL,U25,DRAW,Under 2.5,Draw,860,122,0.409302,0.202326,0.14186,0.082812,1.713,5.905,0.2989,0.120131,0.166775,0.0,0.202326,True,False,RESEARCH,1.0.0
league=Norway Eliteserien,Norway Eliteserien,ALL,U25,AWAY,Under 2.5,Away win,860,101,0.409302,0.322093,0.117442,0.131833,0.8908,-1.439,-0.0626,0.097606,0.14068,0.0,0.322093,True,True,RESEARCH,1.0.0
league=Norway Eliteserien,Norway Eliteserien,ALL,U25,1X,Under 2.5,Home or draw,860,251,0.409302,0.677907,0.29186,0.277469,1.0519,1.439,0.0626,0.262455,0.323117,0.087209,0.409302,True,True,RESEARCH,1.0.0
league=Norway Eliteserien,Norway Eliteserien,ALL,U25,X2,Under 2.5,Draw or away,860,223,0.409302,0.524419,0.259302,0.214646,1.208,4.466,0.1819,0.231128,0.289618,0.0,0.409302,True,False,RESEARCH,1.0.0
league=Norway Eliteserien,Norway Eliteserien,ALL,U25,12,Under 2.5,Home or away,860,230,0.409302,0.797674,0.267442,0.32649,0.8191,-5.905,-0.2989,0.238941,0.298011,0.206977,0.409302,True,False,RESEARCH,1.0.0
league=Norway Eliteserien,Norway Eliteserien,ALL,O35,BTTS,Over 3.5,BTTS Yes,860,263,0.369767,0.552326,0.305814,0.204232,1.4974,10.158,0.4232,0.275939,0.337416,0.0,0.369767,True,False,RESEARCH,1.0.0
league=Norway Eliteserien,Norway Eliteserien,ALL,O35,BTTS_NO,Over 3.5,BTTS No,860,55,0.369767,0.447674,0.063953,0.165535,0.3863,-10.158,-0.4232,0.049462,0.082324,0.0,0.369767,True,False,RESEARCH,1.0.0
league=Norway Eliteserien,Norway Eliteserien,ALL,O35,HOME,Over 3.5,Home win,860,170,0.369767,0.475581,0.197674,0.175855,1.1241,2.182,0.0905,0.172427,0.225611,0.0,0.369767,True,True,RESEARCH,1.0.0
league=Norway Eliteserien,Norway Eliteserien,ALL,O35,DRAW,Over 3.5,Draw,860,52,0.369767,0.202326,0.060465,0.074813,0.8082,-1.435,-0.074,0.046406,0.078434,0.0,0.202326,True,True,RESEARCH,1.0.0
league=Norway Eliteserien,Norway Eliteserien,ALL,O35,AWAY,Over 3.5,Away win,860,96,0.369767,0.322093,0.111628,0.1191,0.9373,-0.747,-0.0331,0.092284,0.134426,0.0,0.322093,True,True,RESEARCH,1.0.0
league=Norway Eliteserien,Norway Eliteserien,ALL,O35,1X,Over 3.5,Home or draw,860,222,0.369767,0.677907,0.25814,0.250668,1.0298,0.747,0.0331,0.230012,0.288418,0.047674,0.369767,True,True,RESEARCH,1.0.0
league=Norway Eliteserien,Norway Eliteserien,ALL,O35,X2,Over 3.5,Draw or away,860,148,0.369767,0.524419,0.172093,0.193913,0.8875,-2.182,-0.0905,0.148337,0.198765,0.0,0.369767,True,True,RESEARCH,1.0.0
league=Norway Eliteserien,Norway Eliteserien,ALL,O35,12,Over 3.5,Home or away,860,266,0.369767,0.797674,0.309302,0.294954,1.0486,1.435,0.074,0.279316,0.340985,0.167442,0.369767,True,True,RESEARCH,1.0.0
league=Norway Eliteserien,Norway Eliteserien,ALL,U35,BTTS,Under 3.5,BTTS Yes,860,212,0.630233,0.552326,0.246512,0.348094,0.7082,-10.158,-0.4232,0.218876,0.276402,0.182558,0.552326,True,False,RESEARCH,1.0.0
league=Norway Eliteserien,Norway Eliteserien,ALL,U35,BTTS_NO,Under 3.5,BTTS No,860,330,0.630233,0.447674,0.383721,0.282139,1.36,10.158,0.4232,0.351805,0.416671,0.077907,0.447674,True,False,RESEARCH,1.0.0
league=Norway Eliteserien,Norway Eliteserien,ALL,U35,HOME,Under 3.5,Home win,860,239,0.630233,0.475581,0.277907,0.299727,0.9272,-2.182,-0.0905,0.249005,0.308784,0.105814,0.475581,True,True,RESEARCH,1.0.0
league=Norway Eliteserien,Norway Eliteserien,ALL,U35,DRAW,Under 3.5,Draw,860,122,0.630233,0.202326,0.14186,0.127512,1.1125,1.435,0.074,0.120131,0.166775,0.0,0.202326,True,True,RESEARCH,1.0.0
league=Norway Eliteserien,Norway Eliteserien,ALL,U35,AWAY,Under 3.5,Away win,860,181,0.630233,0.322093,0.210465,0.202994,1.0368,0.747,0.0331,0.184538,0.238967,0.0,0.322093,True,True,RESEARCH,1.0.0
league=Norway Eliteserien,Norway Eliteserien,ALL,U35,1X,Under 3.5,Home or draw,860,361,0.630233,0.677907,0.419767,0.427239,0.9825,-0.747,-0.0331,0.387211,0.453037,0.30814,0.630233,True,True,RESEARCH,1.0.0
league=Norway Eliteserien,Norway Eliteserien,ALL,U35,X2,Under 3.5,Draw or away,860,303,0.630233,0.524419,0.352326,0.330506,1.066,2.182,0.0905,0.32112,0.384845,0.154651,0.524419,True,True,RESEARCH,1.0.0
league=Norway Eliteserien,Norway Eliteserien,ALL,U35,12,Under 3.5,Home or away,860,420,0.630233,0.797674,0.488372,0.50272,0.9715,-1.435,-0.074,0.455089,0.521758,0.427907,0.630233,True,True,RESEARCH,1.0.0
league=Norway Eliteserien,Norway Eliteserien,ALL,BTTS,HOME,BTTS Yes,Home win,860,207,0.552326,0.475581,0.240698,0.262676,0.9163,-2.198,-0.0885,0.213318,0.270383,0.027907,0.475581,True,True,RESEARCH,1.0.0
league=Norway Eliteserien,Norway Eliteserien,ALL,BTTS,DRAW,BTTS Yes,Draw,860,132,0.552326,0.202326,0.153488,0.11175,1.3735,4.174,0.2089,0.130942,0.179116,0.0,0.202326,True,False,RESEARCH,1.0.0
league=Norway Eliteserien,Norway Eliteserien,ALL,BTTS,AWAY,BTTS Yes,Away win,860,136,0.552326,0.322093,0.15814,0.1779,0.8889,-1.976,-0.085,0.13528,0.184039,0.0,0.322093,True,True,RESEARCH,1.0.0
league=Norway Eliteserien,Norway Eliteserien,ALL,BTTS,1X,BTTS Yes,Home or draw,860,339,0.552326,0.677907,0.394186,0.374425,1.0528,1.976,0.085,0.362065,0.427248,0.230233,0.552326,True,True,RESEARCH,1.0.0
league=Norway Eliteserien,Norway Eliteserien,ALL,BTTS,X2,BTTS Yes,Draw or away,860,268,0.552326,0.524419,0.311628,0.28965,1.0759,2.198,0.0885,0.281568,0.343363,0.076744,0.524419,True,True,RESEARCH,1.0.0
league=Norway Eliteserien,Norway Eliteserien,ALL,BTTS,12,BTTS Yes,Home or away,860,343,0.552326,0.797674,0.398837,0.440576,0.9053,-4.174,-0.2089,0.36663,0.431944,0.35,0.552326,True,False,RESEARCH,1.0.0
league=Norway Eliteserien,Norway Eliteserien,ALL,BTTS_NO,HOME,BTTS No,Home win,860,202,0.447674,0.475581,0.234884,0.212906,1.1032,2.198,0.0885,0.207768,0.264358,0.0,0.447674,True,True,RESEARCH,1.0.0
league=Norway Eliteserien,Norway Eliteserien,ALL,BTTS_NO,DRAW,BTTS No,Draw,860,42,0.447674,0.202326,0.048837,0.090576,0.5392,-4.174,-0.2089,0.036331,0.065356,0.0,0.202326,True,False,RESEARCH,1.0.0
league=Norway Eliteserien,Norway Eliteserien,ALL,BTTS_NO,AWAY,BTTS No,Away win,860,141,0.447674,0.322093,0.163953,0.144193,1.137,1.976,0.085,0.140713,0.190183,0.0,0.322093,True,True,RESEARCH,1.0.0
league=Norway Eliteserien,Norway Eliteserien,ALL,BTTS_NO,1X,BTTS No,Home or draw,860,244,0.447674,0.677907,0.283721,0.303482,0.9349,-1.976,-0.085,0.254605,0.314761,0.125581,0.447674,True,True,RESEARCH,1.0.0
league=Norway Eliteserien,Norway Eliteserien,ALL,BTTS_NO,X2,BTTS No,Draw or away,860,183,0.447674,0.524419,0.212791,0.234769,0.9064,-2.198,-0.0885,0.186745,0.241391,0.0,0.447674,True,True,RESEARCH,1.0.0
league=Norway Eliteserien,Norway Eliteserien,ALL,BTTS_NO,12,BTTS No,Home or away,860,343,0.447674,0.797674,0.398837,0.357098,1.1169,4.174,0.2089,0.36663,0.431944,0.245349,0.447674,True,False,RESEARCH,1.0.0
league=Norway Eliteserien,Norway Eliteserien,ALL,1X,X2,Home or draw,Draw or away,860,174,0.677907,0.524419,0.202326,0.355507,0.5691,-15.318,-0.6564,0.176826,0.230472,0.202326,0.524419,True,False,RESEARCH,1.0.0
league=Norway Eliteserien,Norway Eliteserien,ALL,1X,12,Home or draw,Home or away,860,409,0.677907,0.797674,0.475581,0.540749,0.8795,-6.517,-0.3472,0.442386,0.508994,0.475581,0.677907,True,False,RESEARCH,1.0.0
league=Norway Eliteserien,Norway Eliteserien,ALL,X2,12,Draw or away,Home or away,860,277,0.524419,0.797674,0.322093,0.418315,0.77,-9.622,-0.4796,0.291713,0.354055,0.322093,0.524419,True,False,RESEARCH,1.0.0
league=Romanian Superliga,Romanian Superliga,ALL,O15,U25,Over 1.5,Under 2.5,990,254,0.69798,0.558586,0.256566,0.389882,0.6581,-13.332,-0.5848,0.230337,0.284676,0.256566,0.558586,True,False,RESEARCH,1.0.0
league=Romanian Superliga,Romanian Superliga,ALL,O15,U35,Over 1.5,Under 3.5,990,441,0.69798,0.747475,0.445455,0.521722,0.8538,-7.627,-0.3823,0.414764,0.476567,0.445455,0.69798,True,False,RESEARCH,1.0.0
league=Romanian Superliga,Romanian Superliga,ALL,O15,BTTS_NO,Over 1.5,BTTS No,990,189,0.69798,0.492929,0.190909,0.344055,0.5549,-15.315,-0.6672,0.16764,0.216568,0.190909,0.492929,True,False,RESEARCH,1.0.0
league=Romanian Superliga,Romanian Superliga,ALL,O15,HOME,Over 1.5,Home win,990,307,0.69798,0.435354,0.310101,0.303868,1.0205,0.623,0.0274,0.282069,0.339601,0.133333,0.435354,True,True,RESEARCH,1.0.0
league=Romanian Superliga,Romanian Superliga,ALL,O15,DRAW,Over 1.5,Draw,990,197,0.69798,0.294949,0.19899,0.205869,0.9666,-0.688,-0.0329,0.175304,0.225002,0.0,0.294949,True,True,RESEARCH,1.0.0
league=Romanian Superliga,Romanian Superliga,ALL,O15,AWAY,Over 1.5,Away win,990,187,0.69798,0.269697,0.188889,0.188243,1.0034,0.065,0.0032,0.165726,0.214457,0.0,0.269697,True,True,RESEARCH,1.0.0
league=Romanian Superliga,Romanian Superliga,ALL,O15,1X,Over 1.5,Home or draw,990,504,0.69798,0.730303,0.509091,0.509737,0.9987,-0.065,-0.0032,0.477975,0.540137,0.428283,0.69798,True,True,RESEARCH,1.0.0
league=Romanian Superliga,Romanian Superliga,ALL,O15,X2,Over 1.5,Draw or away,990,384,0.69798,0.564646,0.387879,0.394112,0.9842,-0.623,-0.0274,0.358015,0.41861,0.262626,0.564646,True,True,RESEARCH,1.0.0
league=Romanian Superliga,Romanian Superliga,ALL,O15,12,Over 1.5,Home or away,990,494,0.69798,0.705051,0.49899,0.492111,1.014,0.688,0.0329,0.467908,0.53008,0.40303,0.69798,True,True,RESEARCH,1.0.0
league=Romanian Superliga,Romanian Superliga,ALL,U15,HOME,Under 1.5,Home win,990,124,0.30202,0.435354,0.125253,0.131486,0.9526,-0.623,-0.0274,0.106071,0.147331,0.0,0.30202,True,True,RESEARCH,1.0.0
league=Romanian Superliga,Romanian Superliga,ALL,U15,DRAW,Under 1.5,Draw,990,95,0.30202,0.294949,0.09596,0.089081,1.0772,0.688,0.0329,0.079143,0.1159,0.0,0.294949,True,True,RESEARCH,1.0.0
league=Romanian Superliga,Romanian Superliga,ALL,U15,AWAY,Under 1.5,Away win,990,80,0.30202,0.269697,0.080808,0.081454,0.9921,-0.065,-0.0032,0.065407,0.09945,0.0,0.269697,True,True,RESEARCH,1.0.0
league=Romanian Superliga,Romanian Superliga,ALL,U15,1X,Under 1.5,Home or draw,990,219,0.30202,0.730303,0.221212,0.220566,1.0029,0.065,0.0032,0.196462,0.248118,0.032323,0.30202,True,True,RESEARCH,1.0.0
league=Romanian Superliga,Romanian Superliga,ALL,U15,X2,Under 1.5,Draw or away,990,175,0.30202,0.564646,0.176768,0.170535,1.0365,0.623,0.0274,0.154267,0.201767,0.0,0.30202,True,True,RESEARCH,1.0.0
league=Romanian Superliga,Romanian Superliga,ALL,U15,12,Under 1.5,Home or away,990,204,0.30202,0.705051,0.206061,0.212939,0.9677,-0.688,-0.0329,0.182024,0.23237,0.007071,0.30202,True,True,RESEARCH,1.0.0
league=Romanian Superliga,Romanian Superliga,ALL,O25,U35,Over 2.5,Under 3.5,990,187,0.441414,0.747475,0.188889,0.329946,0.5725,-14.106,-0.6538,0.165726,0.214457,0.188889,0.441414,True,False,RESEARCH,1.0.0
league=Romanian Superliga,Romanian Superliga,ALL,O25,BTTS,Over 2.5,BTTS Yes,990,366,0.441414,0.507071,0.369697,0.223828,1.6517,14.587,0.5876,0.340184,0.400217,0.0,0.441414,True,False,RESEARCH,1.0.0
league=Romanian Superliga,Romanian Superliga,ALL,O25,BTTS_NO,Over 2.5,BTTS No,990,71,0.441414,0.492929,0.071717,0.217586,0.3296,-14.587,-0.5876,0.057246,0.0895,0.0,0.441414,True,False,RESEARCH,1.0.0
league=Romanian Superliga,Romanian Superliga,ALL,O25,HOME,Over 2.5,Home win,990,248,0.441414,0.435354,0.250505,0.192171,1.3036,5.833,0.2369,0.224513,0.278426,0.0,0.435354,True,False,RESEARCH,1.0.0
league=Romanian Superliga,Romanian Superliga,ALL,O25,DRAW,Over 2.5,Draw,990,61,0.441414,0.294949,0.061616,0.130195,0.4733,-6.858,-0.3029,0.048265,0.078356,0.0,0.294949,True,False,RESEARCH,1.0.0
league=Romanian Superliga,Romanian Superliga,ALL,O25,AWAY,Over 2.5,Away win,990,128,0.441414,0.269697,0.129293,0.119048,1.0861,1.024,0.0465,0.109816,0.151635,0.0,0.269697,True,True,RESEARCH,1.0.0
league=Romanian Superliga,Romanian Superliga,ALL,O25,1X,Over 2.5,Home or draw,990,309,0.441414,0.730303,0.312121,0.322366,0.9682,-1.024,-0.0465,0.28403,0.341665,0.171717,0.441414,True,True,RESEARCH,1.0.0
league=Romanian Superliga,Romanian Superliga,ALL,O25,X2,Over 2.5,Draw or away,990,189,0.441414,0.564646,0.190909,0.249243,0.766,-5.833,-0.2369,0.16764,0.216568,0.006061,0.441414,True,False,RESEARCH,1.0.0
league=Romanian Superliga,Romanian Superliga,ALL,O25,12,Over 2.5,Home or away,990,376,0.441414,0.705051,0.379798,0.311219,1.2204,6.858,0.3029,0.350085,0.410441,0.146465,0.441414,True,False,RESEARCH,1.0.0
league=Romanian Superliga,Romanian Superliga,ALL,U25,BTTS,Under 2.5,BTTS Yes,990,136,0.558586,0.507071,0.137374,0.283243,0.485,-14.587,-0.5876,0.117327,0.160224,0.065657,0.507071,True,False,RESEARCH,1.0.0
league=Romanian Superliga,Romanian Superliga,ALL,U25,BTTS_NO,Under 2.5,BTTS No,990,417,0.558586,0.492929,0.421212,0.275343,1.5298,14.587,0.5876,0.390817,0.452216,0.051515,0.492929,True,False,RESEARCH,1.0.0
league=Romanian Superliga,Romanian Superliga,ALL,U25,HOME,Under 2.5,Home win,990,183,0.558586,0.435354,0.184848,0.243182,0.7601,-5.833,-0.2369,0.161902,0.210231,0.0,0.435354,True,False,RESEARCH,1.0.0
league=Romanian Superliga,Romanian Superliga,ALL,U25,DRAW,Under 2.5,Draw,990,231,0.558586,0.294949,0.233333,0.164755,1.4162,6.858,0.3029,0.208048,0.26068,0.0,0.294949,True,False,RESEARCH,1.0.0
league=Romanian Superliga,Romanian Superliga,ALL,U25,AWAY,Under 2.5,Away win,990,139,0.558586,0.269697,0.140404,0.150649,0.932,-1.024,-0.0465,0.12015,0.163438,0.0,0.269697,True,True,RESEARCH,1.0.0
league=Romanian Superliga,Romanian Superliga,ALL,U25,1X,Under 2.5,Home or draw,990,414,0.558586,0.730303,0.418182,0.407937,1.0251,1.024,0.0465,0.387829,0.449167,0.288889,0.558586,True,True,RESEARCH,1.0.0
league=Romanian Superliga,Romanian Superliga,ALL,U25,X2,Under 2.5,Draw or away,990,370,0.558586,0.564646,0.373737,0.315404,1.1849,5.833,0.2369,0.344143,0.404308,0.123232,0.558586,True,False,RESEARCH,1.0.0
league=Romanian Superliga,Romanian Superliga,ALL,U25,12,Under 2.5,Home or away,990,322,0.558586,0.705051,0.325253,0.393831,0.8259,-6.858,-0.3029,0.296794,0.355062,0.263636,0.558586,True,False,RESEARCH,1.0.0
league=Romanian Superliga,Romanian Superliga,ALL,O35,BTTS,Over 3.5,BTTS Yes,990,219,0.252525,0.507071,0.221212,0.128048,1.7276,9.316,0.4289,0.196462,0.248118,0.0,0.252525,True,False,RESEARCH,1.0.0
league=Romanian Superliga,Romanian Superliga,ALL,O35,BTTS_NO,Over 3.5,BTTS No,990,31,0.252525,0.492929,0.031313,0.124477,0.2516,-9.316,-0.4289,0.022146,0.044103,0.0,0.252525,True,False,RESEARCH,1.0.0
league=Romanian Superliga,Romanian Superliga,ALL,O35,HOME,Over 3.5,Home win,990,128,0.252525,0.435354,0.129293,0.109938,1.1761,1.936,0.0899,0.109816,0.151635,0.0,0.252525,True,True,RESEARCH,1.0.0
league=Romanian Superliga,Romanian Superliga,ALL,O35,DRAW,Over 3.5,Draw,990,61,0.252525,0.294949,0.061616,0.074482,0.8273,-1.287,-0.0649,0.048265,0.078356,0.0,0.252525,True,True,RESEARCH,1.0.0
league=Romanian Superliga,Romanian Superliga,ALL,O35,AWAY,Over 3.5,Away win,990,61,0.252525,0.269697,0.061616,0.068105,0.9047,-0.649,-0.0337,0.048265,0.078356,0.0,0.252525,True,True,RESEARCH,1.0.0
league=Romanian Superliga,Romanian Superliga,ALL,O35,1X,Over 3.5,Home or draw,990,189,0.252525,0.730303,0.190909,0.18442,1.0352,0.649,0.0337,0.16764,0.216568,0.0,0.252525,True,True,RESEARCH,1.0.0
league=Romanian Superliga,Romanian Superliga,ALL,O35,X2,Over 3.5,Draw or away,990,122,0.252525,0.564646,0.123232,0.142587,0.8643,-1.936,-0.0899,0.104201,0.145177,0.0,0.252525,True,True,RESEARCH,1.0.0
league=Romanian Superliga,Romanian Superliga,ALL,O35,12,Over 3.5,Home or away,990,189,0.252525,0.705051,0.190909,0.178043,1.0723,1.287,0.0649,0.16764,0.216568,0.0,0.252525,True,True,RESEARCH,1.0.0
league=Romanian Superliga,Romanian Superliga,ALL,U35,BTTS,Under 3.5,BTTS Yes,990,283,0.747475,0.507071,0.285859,0.379023,0.7542,-9.316,-0.4289,0.258583,0.314789,0.254545,0.507071,True,False,RESEARCH,1.0.0
league=Romanian Superliga,Romanian Superliga,ALL,U35,BTTS_NO,Under 3.5,BTTS No,990,457,0.747475,0.492929,0.461616,0.368452,1.2529,9.316,0.4289,0.43077,0.492759,0.240404,0.492929,True,False,RESEARCH,1.0.0
league=Romanian Superliga,Romanian Superliga,ALL,U35,HOME,Under 3.5,Home win,990,303,0.747475,0.435354,0.306061,0.325416,0.9405,-1.936,-0.0899,0.278148,0.335473,0.182828,0.435354,True,True,RESEARCH,1.0.0
league=Romanian Superliga,Romanian Superliga,ALL,U35,DRAW,Under 3.5,Draw,990,231,0.747475,0.294949,0.233333,0.220467,1.0584,1.287,0.0649,0.208048,0.26068,0.042424,0.294949,True,True,RESEARCH,1.0.0
league=Romanian Superliga,Romanian Superliga,ALL,U35,AWAY,Under 3.5,Away win,990,206,0.747475,0.269697,0.208081,0.201592,1.0322,0.649,0.0337,0.183946,0.234472,0.017172,0.269697,True,True,RESEARCH,1.0.0
league=Romanian Superliga,Romanian Superliga,ALL,U35,1X,Under 3.5,Home or draw,990,534,0.747475,0.730303,0.539394,0.545883,0.9881,-0.649,-0.0337,0.508252,0.570232,0.477778,0.730303,True,True,RESEARCH,1.0.0
league=Romanian Superliga,Romanian Superliga,ALL,U35,X2,Under 3.5,Draw or away,990,437,0.747475,0.564646,0.441414,0.422059,1.0459,1.936,0.0899,0.410768,0.472513,0.312121,0.564646,True,True,RESEARCH,1.0.0
league=Romanian Superliga,Romanian Superliga,ALL,U35,12,Under 3.5,Home or away,990,509,0.747475,0.705051,0.514141,0.527007,0.9756,-1.287,-0.0649,0.483013,0.545161,0.452525,0.705051,True,True,RESEARCH,1.0.0
league=Romanian Superliga,Romanian Superliga,ALL,BTTS,HOME,BTTS Yes,Home win,990,192,0.507071,0.435354,0.193939,0.220755,0.8785,-2.682,-0.1082,0.170512,0.219733,0.0,0.435354,True,False,RESEARCH,1.0.0
league=Romanian Superliga,Romanian Superliga,ALL,BTTS,DRAW,BTTS Yes,Draw,990,197,0.507071,0.294949,0.19899,0.14956,1.3305,4.943,0.2168,0.175304,0.225002,0.0,0.294949,True,False,RESEARCH,1.0.0
league=Romanian Superliga,Romanian Superliga,ALL,BTTS,AWAY,BTTS Yes,Away win,990,113,0.507071,0.269697,0.114141,0.136755,0.8346,-2.261,-0.1019,0.095807,0.135459,0.0,0.269697,True,False,RESEARCH,1.0.0
league=Romanian Superliga,Romanian Superliga,ALL,BTTS,1X,BTTS Yes,Home or draw,990,389,0.507071,0.730303,0.392929,0.370315,1.0611,2.261,0.1019,0.362975,0.423711,0.237374,0.507071,True,True,RESEARCH,1.0.0
league=Romanian Superliga,Romanian Superliga,ALL,BTTS,X2,BTTS Yes,Draw or away,990,310,0.507071,0.564646,0.313131,0.286316,1.0937,2.682,0.1082,0.285011,0.342696,0.071717,0.507071,True,True,RESEARCH,1.0.0
league=Romanian Superliga,Romanian Superliga,ALL,BTTS,12,BTTS Yes,Home or away,990,305,0.507071,0.705051,0.308081,0.35751,0.8617,-4.943,-0.2168,0.280108,0.337537,0.212121,0.507071,True,False,RESEARCH,1.0.0
league=Romanian Superliga,Romanian Superliga,ALL,BTTS_NO,HOME,BTTS No,Home win,990,239,0.492929,0.435354,0.241414,0.214599,1.125,2.682,0.1082,0.215789,0.269039,0.0,0.435354,True,False,RESEARCH,1.0.0
league=Romanian Superliga,Romanian Superliga,ALL,BTTS_NO,DRAW,BTTS No,Draw,990,95,0.492929,0.294949,0.09596,0.145389,0.66,-4.943,-0.2168,0.079143,0.1159,0.0,0.294949,True,False,RESEARCH,1.0.0
league=Romanian Superliga,Romanian Superliga,ALL,BTTS_NO,AWAY,BTTS No,Away win,990,154,0.492929,0.269697,0.155556,0.132942,1.1701,2.261,0.1019,0.134314,0.17946,0.0,0.269697,True,False,RESEARCH,1.0.0
league=Romanian Superliga,Romanian Superliga,ALL,BTTS_NO,1X,BTTS No,Home or draw,990,334,0.492929,0.730303,0.337374,0.359988,0.9372,-2.261,-0.1019,0.3086,0.367405,0.223232,0.492929,True,True,RESEARCH,1.0.0
league=Romanian Superliga,Romanian Superliga,ALL,BTTS_NO,X2,BTTS No,Draw or away,990,249,0.492929,0.564646,0.251515,0.278331,0.9037,-2.682,-0.1082,0.225483,0.279468,0.057576,0.492929,True,True,RESEARCH,1.0.0
league=Romanian Superliga,Romanian Superliga,ALL,BTTS_NO,12,BTTS No,Home or away,990,393,0.492929,0.705051,0.39697,0.34754,1.1422,4.943,0.2168,0.366946,0.42779,0.19798,0.492929,True,False,RESEARCH,1.0.0
league=Romanian Superliga,Romanian Superliga,ALL,1X,X2,Home or draw,Draw or away,990,292,0.730303,0.564646,0.294949,0.412363,0.7153,-11.741,-0.5336,0.267379,0.324105,0.294949,0.564646,True,False,RESEARCH,1.0.0
league=Romanian Superliga,Romanian Superliga,ALL,1X,12,Home or draw,Home or away,990,431,0.730303,0.705051,0.435354,0.514901,0.8455,-7.955,-0.3931,0.404777,0.46643,0.435354,0.705051,True,False,RESEARCH,1.0.0
league=Romanian Superliga,Romanian Superliga,ALL,X2,12,Draw or away,Home or away,990,267,0.564646,0.705051,0.269697,0.398104,0.6775,-12.841,-0.5679,0.242981,0.298194,0.269697,0.564646,True,False,RESEARCH,1.0.0
league=Saudi Pro League,Saudi Pro League,ALL,O15,U25,Over 1.5,Under 2.5,940,208,0.78617,0.435106,0.221277,0.342068,0.6469,-12.079,-0.5942,0.195904,0.248918,0.221277,0.435106,True,False,RESEARCH,1.0.0
league=Saudi Pro League,Saudi Pro League,ALL,O15,U35,Over 1.5,Under 3.5,940,396,0.78617,0.635106,0.421277,0.499302,0.8437,-7.803,-0.3953,0.390094,0.4531,0.421277,0.635106,True,False,RESEARCH,1.0.0
league=Saudi Pro League,Saudi Pro League,ALL,O15,BTTS_NO,Over 1.5,BTTS No,940,205,0.78617,0.431915,0.218085,0.339559,0.6423,-12.147,-0.5981,0.192863,0.245603,0.218085,0.431915,True,False,RESEARCH,1.0.0
league=Saudi Pro League,Saudi Pro League,ALL,O15,HOME,Over 1.5,Home win,940,321,0.78617,0.430851,0.341489,0.338722,1.0082,0.277,0.0136,0.311874,0.372395,0.217021,0.430851,True,True,RESEARCH,1.0.0
league=Saudi Pro League,Saudi Pro League,ALL,O15,DRAW,Over 1.5,Draw,940,154,0.78617,0.221277,0.16383,0.173961,0.9418,-1.013,-0.0595,0.141545,0.188851,0.007447,0.221277,True,True,RESEARCH,1.0.0
league=Saudi Pro League,Saudi Pro League,ALL,O15,AWAY,Over 1.5,Away win,940,264,0.78617,0.347872,0.280851,0.273487,1.0269,0.736,0.0377,0.253057,0.310429,0.134043,0.347872,True,True,RESEARCH,1.0.0
league=Saudi Pro League,Saudi Pro League,ALL,O15,1X,Over 1.5,Home or draw,940,475,0.78617,0.652128,0.505319,0.512683,0.9856,-0.736,-0.0377,0.4734,0.537195,0.438298,0.652128,True,True,RESEARCH,1.0.0
league=Saudi Pro League,Saudi Pro League,ALL,O15,X2,Over 1.5,Draw or away,940,418,0.78617,0.569149,0.444681,0.447448,0.9938,-0.277,-0.0136,0.413202,0.47661,0.355319,0.569149,True,True,RESEARCH,1.0.0
league=Saudi Pro League,Saudi Pro League,ALL,O15,12,Over 1.5,Home or away,940,585,0.78617,0.778723,0.62234,0.612209,1.0165,1.013,0.0595,0.590909,0.652776,0.564894,0.778723,True,True,RESEARCH,1.0.0
league=Saudi Pro League,Saudi Pro League,ALL,U15,HOME,Under 1.5,Home win,940,84,0.21383,0.430851,0.089362,0.092129,0.97,-0.277,-0.0136,0.072757,0.109309,0.0,0.21383,True,True,RESEARCH,1.0.0
league=Saudi Pro League,Saudi Pro League,ALL,U15,DRAW,Under 1.5,Draw,940,54,0.21383,0.221277,0.057447,0.047316,1.2141,1.013,0.0595,0.044294,0.074202,0.0,0.21383,True,True,RESEARCH,1.0.0
league=Saudi Pro League,Saudi Pro League,ALL,U15,AWAY,Under 1.5,Away win,940,63,0.21383,0.347872,0.067021,0.074385,0.901,-0.736,-0.0377,0.052733,0.084834,0.0,0.21383,True,True,RESEARCH,1.0.0
league=Saudi Pro League,Saudi Pro League,ALL,U15,1X,Under 1.5,Home or draw,940,138,0.21383,0.652128,0.146809,0.139444,1.0528,0.736,0.0377,0.125621,0.170871,0.0,0.21383,True,True,RESEARCH,1.0.0
league=Saudi Pro League,Saudi Pro League,ALL,U15,X2,Under 1.5,Draw or away,940,117,0.21383,0.569149,0.124468,0.121701,1.0227,0.277,0.0136,0.104881,0.147113,0.0,0.21383,True,True,RESEARCH,1.0.0
league=Saudi Pro League,Saudi Pro League,ALL,U15,12,Under 1.5,Home or away,940,147,0.21383,0.778723,0.156383,0.166514,0.9392,-1.013,-0.0595,0.134567,0.180996,0.0,0.21383,True,True,RESEARCH,1.0.0
league=Saudi Pro League,Saudi Pro League,ALL,O25,U35,Over 2.5,Under 3.5,940,188,0.564894,0.635106,0.2,0.358768,0.5575,-15.877,-0.6652,0.175673,0.226769,0.2,0.564894,True,False,RESEARCH,1.0.0
league=Saudi Pro League,Saudi Pro League,ALL,O25,BTTS,Over 2.5,BTTS Yes,940,431,0.564894,0.568085,0.458511,0.320908,1.4288,13.76,0.5603,0.42689,0.490469,0.132979,0.564894,True,False,RESEARCH,1.0.0
league=Saudi Pro League,Saudi Pro League,ALL,O25,BTTS_NO,Over 2.5,BTTS No,940,100,0.564894,0.431915,0.106383,0.243986,0.436,-13.76,-0.5603,0.088249,0.127721,0.0,0.431915,True,False,RESEARCH,1.0.0
league=Saudi Pro League,Saudi Pro League,ALL,O25,HOME,Over 2.5,Home win,940,260,0.564894,0.430851,0.276596,0.243385,1.1365,3.321,0.1353,0.248953,0.306057,0.0,0.430851,True,False,RESEARCH,1.0.0
league=Saudi Pro League,Saudi Pro League,ALL,O25,DRAW,Over 2.5,Draw,940,51,0.564894,0.221277,0.054255,0.124998,0.4341,-7.074,-0.3437,0.041505,0.070635,0.0,0.221277,True,False,RESEARCH,1.0.0
league=Saudi Pro League,Saudi Pro League,ALL,O25,AWAY,Over 2.5,Away win,940,220,0.564894,0.347872,0.234043,0.196511,1.191,3.753,0.1589,0.208091,0.262159,0.0,0.347872,True,False,RESEARCH,1.0.0
league=Saudi Pro League,Saudi Pro League,ALL,O25,1X,Over 2.5,Home or draw,940,311,0.564894,0.652128,0.330851,0.368383,0.8981,-3.753,-0.1589,0.301513,0.361566,0.217021,0.564894,True,False,RESEARCH,1.0.0
league=Saudi Pro League,Saudi Pro League,ALL,O25,X2,Over 2.5,Draw or away,940,271,0.564894,0.569149,0.288298,0.321509,0.8967,-3.321,-0.1353,0.260248,0.318071,0.134043,0.564894,True,False,RESEARCH,1.0.0
league=Saudi Pro League,Saudi Pro League,ALL,O25,12,Over 2.5,Home or away,940,480,0.564894,0.778723,0.510638,0.439896,1.1608,7.074,0.3437,0.478703,0.542487,0.343617,0.564894,True,False,RESEARCH,1.0.0
league=Saudi Pro League,Saudi Pro League,ALL,U25,BTTS,Under 2.5,BTTS Yes,940,103,0.435106,0.568085,0.109574,0.247177,0.4433,-13.76,-0.5603,0.091172,0.131155,0.003191,0.435106,True,False,RESEARCH,1.0.0
league=Saudi Pro League,Saudi Pro League,ALL,U25,BTTS_NO,Under 2.5,BTTS No,940,306,0.435106,0.431915,0.325532,0.187929,1.7322,13.76,0.5603,0.29634,0.356144,0.0,0.431915,True,False,RESEARCH,1.0.0
league=Saudi Pro League,Saudi Pro League,ALL,U25,HOME,Under 2.5,Home win,940,145,0.435106,0.430851,0.154255,0.187466,0.8228,-3.321,-0.1353,0.132576,0.178749,0.0,0.430851,True,False,RESEARCH,1.0.0
league=Saudi Pro League,Saudi Pro League,ALL,U25,DRAW,Under 2.5,Draw,940,157,0.435106,0.221277,0.167021,0.096279,1.7348,7.074,0.3437,0.144542,0.192211,0.0,0.221277,True,False,RESEARCH,1.0.0
league=Saudi Pro League,Saudi Pro League,ALL,U25,AWAY,Under 2.5,Away win,940,107,0.435106,0.347872,0.11383,0.151361,0.752,-3.753,-0.1589,0.095078,0.135725,0.0,0.347872,True,False,RESEARCH,1.0.0
league=Saudi Pro League,Saudi Pro League,ALL,U25,1X,Under 2.5,Home or draw,940,302,0.435106,0.652128,0.321277,0.283745,1.1323,3.753,0.1589,0.292204,0.351804,0.087234,0.435106,True,False,RESEARCH,1.0.0
league=Saudi Pro League,Saudi Pro League,ALL,U25,X2,Under 2.5,Draw or away,940,264,0.435106,0.569149,0.280851,0.24764,1.1341,3.321,0.1353,0.253057,0.310429,0.004255,0.435106,True,False,RESEARCH,1.0.0
league=Saudi Pro League,Saudi Pro League,ALL,U25,12,Under 2.5,Home or away,940,252,0.435106,0.778723,0.268085,0.338828,0.7912,-7.074,-0.3437,0.240753,0.297305,0.21383,0.435106,True,False,RESEARCH,1.0.0
league=Saudi Pro League,Saudi Pro League,ALL,O35,BTTS,Over 3.5,BTTS Yes,940,291,0.364894,0.568085,0.309574,0.207291,1.4934,10.228,0.4289,0.280844,0.339855,0.0,0.364894,True,False,RESEARCH,1.0.0
league=Saudi Pro League,Saudi Pro League,ALL,O35,BTTS_NO,Over 3.5,BTTS No,940,52,0.364894,0.431915,0.055319,0.157603,0.351,-10.228,-0.4289,0.042433,0.071825,0.0,0.364894,True,False,RESEARCH,1.0.0
league=Saudi Pro League,Saudi Pro League,ALL,O35,HOME,Over 3.5,Home win,940,161,0.364894,0.430851,0.171277,0.157215,1.0894,1.406,0.059,0.148541,0.196688,0.0,0.364894,True,True,RESEARCH,1.0.0
league=Saudi Pro League,Saudi Pro League,ALL,O35,DRAW,Over 3.5,Draw,940,51,0.364894,0.221277,0.054255,0.080742,0.672,-2.649,-0.1325,0.041505,0.070635,0.0,0.221277,True,False,RESEARCH,1.0.0
league=Saudi Pro League,Saudi Pro League,ALL,O35,AWAY,Over 3.5,Away win,940,131,0.364894,0.347872,0.139362,0.126936,1.0979,1.243,0.0542,0.118686,0.162973,0.0,0.347872,True,True,RESEARCH,1.0.0
league=Saudi Pro League,Saudi Pro League,ALL,O35,1X,Over 3.5,Home or draw,940,212,0.364894,0.652128,0.225532,0.237957,0.9478,-1.243,-0.0542,0.199962,0.253336,0.017021,0.364894,True,True,RESEARCH,1.0.0
league=Saudi Pro League,Saudi Pro League,ALL,O35,X2,Over 3.5,Draw or away,940,182,0.364894,0.569149,0.193617,0.207679,0.9323,-1.406,-0.059,0.169625,0.220103,0.0,0.364894,True,True,RESEARCH,1.0.0
league=Saudi Pro League,Saudi Pro League,ALL,O35,12,Over 3.5,Home or away,940,292,0.364894,0.778723,0.310638,0.284151,1.0932,2.649,0.1325,0.281876,0.340942,0.143617,0.364894,True,True,RESEARCH,1.0.0
league=Saudi Pro League,Saudi Pro League,ALL,U35,BTTS,Under 3.5,BTTS Yes,940,243,0.635106,0.568085,0.258511,0.360794,0.7165,-10.228,-0.4289,0.231545,0.287443,0.203191,0.568085,True,False,RESEARCH,1.0.0
league=Saudi Pro League,Saudi Pro League,ALL,U35,BTTS_NO,Under 3.5,BTTS No,940,354,0.635106,0.431915,0.376596,0.274312,1.3729,10.228,0.4289,0.346182,0.408014,0.067021,0.431915,True,False,RESEARCH,1.0.0
league=Saudi Pro League,Saudi Pro League,ALL,U35,HOME,Under 3.5,Home win,940,244,0.635106,0.430851,0.259574,0.273636,0.9486,-1.406,-0.059,0.232567,0.288539,0.065957,0.430851,True,True,RESEARCH,1.0.0
league=Saudi Pro League,Saudi Pro League,ALL,U35,DRAW,Under 3.5,Draw,940,157,0.635106,0.221277,0.167021,0.140534,1.1885,2.649,0.1325,0.144542,0.192211,0.0,0.221277,True,False,RESEARCH,1.0.0
league=Saudi Pro League,Saudi Pro League,ALL,U35,AWAY,Under 3.5,Away win,940,196,0.635106,0.347872,0.208511,0.220936,0.9438,-1.243,-0.0542,0.183752,0.235642,0.0,0.347872,True,True,RESEARCH,1.0.0
league=Saudi Pro League,Saudi Pro League,ALL,U35,1X,Under 3.5,Home or draw,940,401,0.635106,0.652128,0.426596,0.41417,1.03,1.243,0.0542,0.39534,0.458449,0.287234,0.635106,True,True,RESEARCH,1.0.0
league=Saudi Pro League,Saudi Pro League,ALL,U35,X2,Under 3.5,Draw or away,940,353,0.635106,0.569149,0.375532,0.36147,1.0389,1.406,0.059,0.34514,0.406937,0.204255,0.569149,True,True,RESEARCH,1.0.0
league=Saudi Pro League,Saudi Pro League,ALL,U35,12,Under 3.5,Home or away,940,440,0.635106,0.778723,0.468085,0.494572,0.9464,-2.649,-0.1325,0.436381,0.500049,0.41383,0.635106,True,True,RESEARCH,1.0.0
league=Saudi Pro League,Saudi Pro League,ALL,BTTS,HOME,BTTS Yes,Home win,940,206,0.568085,0.430851,0.219149,0.24476,0.8954,-2.561,-0.1044,0.193876,0.246708,0.0,0.430851,True,True,RESEARCH,1.0.0
league=Saudi Pro League,Saudi Pro League,ALL,BTTS,DRAW,BTTS Yes,Draw,940,154,0.568085,0.221277,0.16383,0.125704,1.3033,3.813,0.1854,0.141545,0.188851,0.0,0.221277,True,False,RESEARCH,1.0.0
league=Saudi Pro League,Saudi Pro League,ALL,BTTS,AWAY,BTTS Yes,Away win,940,174,0.568085,0.347872,0.185106,0.197621,0.9367,-1.251,-0.053,0.161577,0.211199,0.0,0.347872,True,True,RESEARCH,1.0.0
league=Saudi Pro League,Saudi Pro League,ALL,BTTS,1X,BTTS Yes,Home or draw,940,360,0.568085,0.652128,0.382979,0.370464,1.0338,1.251,0.053,0.352438,0.414472,0.220213,0.568085,True,True,RESEARCH,1.0.0
league=Saudi Pro League,Saudi Pro League,ALL,BTTS,X2,BTTS Yes,Draw or away,940,328,0.568085,0.569149,0.348936,0.323325,1.0792,2.561,0.1044,0.319137,0.379965,0.137234,0.568085,True,True,RESEARCH,1.0.0
league=Saudi Pro League,Saudi Pro League,ALL,BTTS,12,BTTS Yes,Home or away,940,380,0.568085,0.778723,0.404255,0.442381,0.9138,-3.813,-0.1854,0.373334,0.435956,0.346809,0.568085,True,False,RESEARCH,1.0.0
league=Saudi Pro League,Saudi Pro League,ALL,BTTS_NO,HOME,BTTS No,Home win,940,199,0.431915,0.430851,0.211702,0.186091,1.1376,2.561,0.1044,0.186787,0.238964,0.0,0.430851,True,False,RESEARCH,1.0.0
league=Saudi Pro League,Saudi Pro League,ALL,BTTS_NO,DRAW,BTTS No,Draw,940,54,0.431915,0.221277,0.057447,0.095573,0.6011,-3.813,-0.1854,0.044294,0.074202,0.0,0.221277,True,False,RESEARCH,1.0.0
league=Saudi Pro League,Saudi Pro League,ALL,BTTS_NO,AWAY,BTTS No,Away win,940,153,0.431915,0.347872,0.162766,0.150251,1.0833,1.251,0.053,0.140547,0.18773,0.0,0.347872,True,True,RESEARCH,1.0.0
league=Saudi Pro League,Saudi Pro League,ALL,BTTS_NO,1X,BTTS No,Home or draw,940,253,0.431915,0.652128,0.269149,0.281664,0.9556,-1.251,-0.053,0.241777,0.2984,0.084043,0.431915,True,True,RESEARCH,1.0.0
league=Saudi Pro League,Saudi Pro League,ALL,BTTS_NO,X2,BTTS No,Draw or away,940,207,0.431915,0.569149,0.220213,0.245824,0.8958,-2.561,-0.1044,0.19489,0.247813,0.001064,0.431915,True,True,RESEARCH,1.0.0
league=Saudi Pro League,Saudi Pro League,ALL,BTTS_NO,12,BTTS No,Home or away,940,352,0.431915,0.778723,0.374468,0.336342,1.1134,3.813,0.1854,0.344098,0.405861,0.210638,0.431915,True,False,RESEARCH,1.0.0
league=Saudi Pro League,Saudi Pro League,ALL,1X,X2,Home or draw,Draw or away,940,208,0.652128,0.569149,0.221277,0.371158,0.5962,-14.988,-0.6355,0.195904,0.248918,0.221277,0.569149,True,False,RESEARCH,1.0.0
league=Saudi Pro League,Saudi Pro League,ALL,1X,12,Home or draw,Home or away,940,405,0.652128,0.778723,0.430851,0.507827,0.8484,-7.698,-0.3893,0.399539,0.462726,0.430851,0.652128,True,False,RESEARCH,1.0.0
league=Saudi Pro League,Saudi Pro League,ALL,X2,12,Draw or away,Home or away,940,327,0.569149,0.778723,0.347872,0.44321,0.7849,-9.534,-0.4638,0.318099,0.378884,0.347872,0.569149,True,False,RESEARCH,1.0.0
league=Serie B,Serie B,ALL,O15,U25,Over 1.5,Under 2.5,1178,299,0.729202,0.524618,0.25382,0.382553,0.6635,-12.873,-0.5801,0.229795,0.279445,0.25382,0.524618,True,False,RESEARCH,1.0.0
league=Serie B,Serie B,ALL,O15,U35,Over 1.5,Under 3.5,1178,571,0.729202,0.755518,0.48472,0.550925,0.8798,-6.621,-0.3467,0.456276,0.513263,0.48472,0.729202,True,False,RESEARCH,1.0.0
league=Serie B,Serie B,ALL,O15,BTTS_NO,Over 1.5,BTTS No,1178,219,0.729202,0.456706,0.185908,0.333031,0.5582,-14.712,-0.6647,0.164726,0.209133,0.185908,0.456706,True,False,RESEARCH,1.0.0
league=Serie B,Serie B,ALL,O15,HOME,Over 1.5,Home win,1178,358,0.729202,0.408319,0.303905,0.297747,1.0207,0.616,0.0282,0.278312,0.330773,0.137521,0.408319,True,True,RESEARCH,1.0.0
league=Serie B,Serie B,ALL,O15,DRAW,Over 1.5,Draw,1178,268,0.729202,0.320034,0.227504,0.233369,0.9749,-0.587,-0.0283,0.204472,0.252308,0.049236,0.320034,True,True,RESEARCH,1.0.0
league=Serie B,Serie B,ALL,O15,AWAY,Over 1.5,Away win,1178,233,0.729202,0.271647,0.197793,0.198085,0.9985,-0.029,-0.0015,0.176044,0.221507,0.000849,0.271647,True,True,RESEARCH,1.0.0
league=Serie B,Serie B,ALL,O15,1X,Over 1.5,Home or draw,1178,626,0.729202,0.728353,0.531409,0.531117,1.0006,0.029,0.0015,0.502857,0.559758,0.457555,0.728353,True,True,RESEARCH,1.0.0
league=Serie B,Serie B,ALL,O15,X2,Over 1.5,Draw or away,1178,501,0.729202,0.591681,0.425297,0.431455,0.9857,-0.616,-0.0282,0.397352,0.453728,0.320883,0.591681,True,True,RESEARCH,1.0.0
league=Serie B,Serie B,ALL,O15,12,Over 1.5,Home or away,1178,591,0.729202,0.679966,0.501698,0.495833,1.0118,0.587,0.0283,0.473186,0.530199,0.409168,0.679966,True,True,RESEARCH,1.0.0
league=Serie B,Serie B,ALL,U15,HOME,Under 1.5,Home win,1178,123,0.270798,0.408319,0.104414,0.110572,0.9443,-0.616,-0.0282,0.088218,0.123182,0.0,0.270798,True,True,RESEARCH,1.0.0
league=Serie B,Serie B,ALL,U15,DRAW,Under 1.5,Draw,1178,109,0.270798,0.320034,0.09253,0.086665,1.0677,0.587,0.0283,0.07728,0.110428,0.0,0.270798,True,True,RESEARCH,1.0.0
league=Serie B,Serie B,ALL,U15,AWAY,Under 1.5,Away win,1178,87,0.270798,0.271647,0.073854,0.073561,1.004,0.029,0.0015,0.060264,0.090214,0.0,0.270798,True,True,RESEARCH,1.0.0
league=Serie B,Serie B,ALL,U15,1X,Under 1.5,Home or draw,1178,232,0.270798,0.728353,0.196944,0.197237,0.9985,-0.029,-0.0015,0.175234,0.220624,0.0,0.270798,True,True,RESEARCH,1.0.0
league=Serie B,Serie B,ALL,U15,X2,Under 1.5,Draw or away,1178,196,0.270798,0.591681,0.166384,0.160226,1.0384,0.616,0.0282,0.146207,0.188729,0.0,0.270798,True,True,RESEARCH,1.0.0
league=Serie B,Serie B,ALL,U15,12,Under 1.5,Home or away,1178,210,0.270798,0.679966,0.178268,0.184133,0.9681,-0.587,-0.0283,0.157468,0.20116,0.0,0.270798,True,True,RESEARCH,1.0.0
league=Serie B,Serie B,ALL,O25,U35,Over 2.5,Under 3.5,1178,272,0.475382,0.755518,0.2309,0.35916,0.6429,-12.826,-0.5976,0.207733,0.255816,0.2309,0.475382,True,False,RESEARCH,1.0.0
league=Serie B,Serie B,ALL,O25,BTTS,Over 2.5,BTTS Yes,1178,468,0.475382,0.543294,0.397284,0.258272,1.5382,13.901,0.5588,0.369717,0.425518,0.018676,0.475382,True,False,RESEARCH,1.0.0
league=Serie B,Serie B,ALL,O25,BTTS_NO,Over 2.5,BTTS No,1178,92,0.475382,0.456706,0.078098,0.21711,0.3597,-13.901,-0.5588,0.06411,0.094829,0.0,0.456706,True,False,RESEARCH,1.0.0
league=Serie B,Serie B,ALL,O25,HOME,Over 2.5,Home win,1178,276,0.475382,0.408319,0.234295,0.194108,1.207,4.019,0.1637,0.210995,0.259323,0.0,0.408319,True,False,RESEARCH,1.0.0
league=Serie B,Serie B,ALL,O25,DRAW,Over 2.5,Draw,1178,96,0.475382,0.320034,0.081494,0.152138,0.5357,-7.064,-0.3032,0.067197,0.098512,0.0,0.320034,True,False,RESEARCH,1.0.0
league=Serie B,Serie B,ALL,O25,AWAY,Over 2.5,Away win,1178,188,0.475382,0.271647,0.159593,0.129136,1.2358,3.046,0.1371,0.13979,0.181608,0.0,0.271647,True,False,RESEARCH,1.0.0
league=Serie B,Serie B,ALL,O25,1X,Over 2.5,Home or draw,1178,372,0.475382,0.728353,0.315789,0.346246,0.912,-3.046,-0.1371,0.28988,0.342896,0.203735,0.475382,True,False,RESEARCH,1.0.0
league=Serie B,Serie B,ALL,O25,X2,Over 2.5,Draw or away,1178,284,0.475382,0.591681,0.241087,0.281274,0.8571,-4.019,-0.1637,0.217527,0.26633,0.067063,0.475382,True,False,RESEARCH,1.0.0
league=Serie B,Serie B,ALL,O25,12,Over 2.5,Home or away,1178,464,0.475382,0.679966,0.393888,0.323244,1.2185,7.064,0.3032,0.366373,0.422092,0.155348,0.475382,True,False,RESEARCH,1.0.0
league=Serie B,Serie B,ALL,U25,BTTS,Under 2.5,BTTS Yes,1178,172,0.524618,0.543294,0.14601,0.285022,0.5123,-13.901,-0.5588,0.126996,0.167326,0.067912,0.524618,True,False,RESEARCH,1.0.0
league=Serie B,Serie B,ALL,U25,BTTS_NO,Under 2.5,BTTS No,1178,446,0.524618,0.456706,0.378608,0.239596,1.5802,13.901,0.5588,0.351346,0.406659,0.0,0.456706,True,False,RESEARCH,1.0.0
league=Serie B,Serie B,ALL,U25,HOME,Under 2.5,Home win,1178,205,0.524618,0.408319,0.174024,0.214212,0.8124,-4.019,-0.1637,0.153442,0.196725,0.0,0.408319,True,False,RESEARCH,1.0.0
league=Serie B,Serie B,ALL,U25,DRAW,Under 2.5,Draw,1178,281,0.524618,0.320034,0.23854,0.167896,1.4208,7.064,0.3032,0.215076,0.263703,0.0,0.320034,True,False,RESEARCH,1.0.0
league=Serie B,Serie B,ALL,U25,AWAY,Under 2.5,Away win,1178,132,0.524618,0.271647,0.112054,0.142511,0.7863,-3.046,-0.1371,0.095287,0.131343,0.0,0.271647,True,False,RESEARCH,1.0.0
league=Serie B,Serie B,ALL,U25,1X,Under 2.5,Home or draw,1178,486,0.524618,0.728353,0.412564,0.382107,1.0797,3.046,0.1371,0.384779,0.440917,0.252971,0.524618,True,False,RESEARCH,1.0.0
league=Serie B,Serie B,ALL,U25,X2,Under 2.5,Draw or away,1178,413,0.524618,0.591681,0.350594,0.310406,1.1295,4.019,0.1637,0.323871,0.378288,0.116299,0.524618,True,False,RESEARCH,1.0.0
league=Serie B,Serie B,ALL,U25,12,Under 2.5,Home or away,1178,337,0.524618,0.679966,0.286078,0.356722,0.802,-7.064,-0.3032,0.260998,0.312549,0.204584,0.524618,True,False,RESEARCH,1.0.0
league=Serie B,Serie B,ALL,O35,BTTS,Over 3.5,BTTS Yes,1178,265,0.244482,0.543294,0.224958,0.132826,1.6936,9.213,0.4304,0.202029,0.249675,0.0,0.244482,True,False,RESEARCH,1.0.0
league=Serie B,Serie B,ALL,O35,BTTS_NO,Over 3.5,BTTS No,1178,23,0.244482,0.456706,0.019525,0.111657,0.1749,-9.213,-0.4304,0.013045,0.029128,0.0,0.244482,True,False,RESEARCH,1.0.0
league=Serie B,Serie B,ALL,O35,HOME,Over 3.5,Home win,1178,122,0.244482,0.408319,0.103565,0.099827,1.0375,0.374,0.0177,0.087435,0.122273,0.0,0.244482,True,True,RESEARCH,1.0.0
league=Serie B,Serie B,ALL,O35,DRAW,Over 3.5,Draw,1178,96,0.244482,0.320034,0.081494,0.078243,1.0416,0.325,0.0162,0.067197,0.098512,0.0,0.244482,True,True,RESEARCH,1.0.0
league=Serie B,Serie B,ALL,O35,AWAY,Over 3.5,Away win,1178,70,0.244482,0.271647,0.059423,0.066413,0.8947,-0.699,-0.0366,0.0473,0.074409,0.0,0.244482,True,True,RESEARCH,1.0.0
league=Serie B,Serie B,ALL,O35,1X,Over 3.5,Home or draw,1178,218,0.244482,0.728353,0.185059,0.178069,1.0393,0.699,0.0366,0.163919,0.208248,0.0,0.244482,True,True,RESEARCH,1.0.0
league=Serie B,Serie B,ALL,O35,X2,Over 3.5,Draw or away,1178,166,0.244482,0.591681,0.140917,0.144655,0.9742,-0.374,-0.0177,0.122213,0.161955,0.0,0.244482,True,True,RESEARCH,1.0.0
league=Serie B,Serie B,ALL,O35,12,Over 3.5,Home or away,1178,192,0.244482,0.679966,0.162988,0.16624,0.9804,-0.325,-0.0162,0.142997,0.18517,0.0,0.244482,True,True,RESEARCH,1.0.0
league=Serie B,Serie B,ALL,U35,BTTS,Under 3.5,BTTS Yes,1178,375,0.755518,0.543294,0.318336,0.410468,0.7755,-9.213,-0.4304,0.292362,0.345492,0.298812,0.543294,True,False,RESEARCH,1.0.0
league=Serie B,Serie B,ALL,U35,BTTS_NO,Under 3.5,BTTS No,1178,515,0.755518,0.456706,0.437182,0.34505,1.267,9.213,0.4304,0.409104,0.465667,0.212224,0.456706,True,False,RESEARCH,1.0.0
league=Serie B,Serie B,ALL,U35,HOME,Under 3.5,Home win,1178,359,0.755518,0.408319,0.304754,0.308492,0.9879,-0.374,-0.0177,0.279137,0.33164,0.163837,0.408319,True,True,RESEARCH,1.0.0
league=Serie B,Serie B,ALL,U35,DRAW,Under 3.5,Draw,1178,281,0.755518,0.320034,0.23854,0.241791,0.9866,-0.325,-0.0162,0.215076,0.263703,0.075552,0.320034,True,True,RESEARCH,1.0.0
league=Serie B,Serie B,ALL,U35,AWAY,Under 3.5,Away win,1178,250,0.755518,0.271647,0.212224,0.205234,1.0341,0.699,0.0366,0.189829,0.23649,0.027165,0.271647,True,True,RESEARCH,1.0.0
league=Serie B,Serie B,ALL,U35,1X,Under 3.5,Home or draw,1178,640,0.755518,0.728353,0.543294,0.550284,0.9873,-0.699,-0.0366,0.514753,0.571553,0.483871,0.728353,True,True,RESEARCH,1.0.0
league=Serie B,Serie B,ALL,U35,X2,Under 3.5,Draw or away,1178,531,0.755518,0.591681,0.450764,0.447025,1.0084,0.374,0.0177,0.422555,0.479293,0.347199,0.591681,True,True,RESEARCH,1.0.0
league=Serie B,Serie B,ALL,U35,12,Under 3.5,Home or away,1178,609,0.755518,0.679966,0.516978,0.513726,1.0063,0.325,0.0162,0.488432,0.545413,0.435484,0.679966,True,True,RESEARCH,1.0.0
league=Serie B,Serie B,ALL,BTTS,HOME,BTTS Yes,Home win,1178,215,0.543294,0.408319,0.182513,0.221837,0.8227,-3.932,-0.1606,0.161498,0.205591,0.0,0.408319,True,False,RESEARCH,1.0.0
league=Serie B,Serie B,ALL,BTTS,DRAW,BTTS Yes,Draw,1178,268,0.543294,0.320034,0.227504,0.173872,1.3085,5.363,0.2308,0.204472,0.252308,0.0,0.320034,True,False,RESEARCH,1.0.0
league=Serie B,Serie B,ALL,BTTS,AWAY,BTTS Yes,Away win,1178,157,0.543294,0.271647,0.133277,0.147584,0.9031,-1.431,-0.0646,0.115055,0.153883,0.0,0.271647,True,True,RESEARCH,1.0.0
league=Serie B,Serie B,ALL,BTTS,1X,BTTS Yes,Home or draw,1178,483,0.543294,0.728353,0.410017,0.39571,1.0362,1.431,0.0646,0.382267,0.438352,0.271647,0.543294,True,True,RESEARCH,1.0.0
league=Serie B,Serie B,ALL,BTTS,X2,BTTS Yes,Draw or away,1178,425,0.543294,0.591681,0.360781,0.321456,1.1223,3.932,0.1606,0.33385,0.388617,0.134975,0.543294,True,False,RESEARCH,1.0.0
league=Serie B,Serie B,ALL,BTTS,12,BTTS Yes,Home or away,1178,372,0.543294,0.679966,0.315789,0.369421,0.8548,-5.363,-0.2308,0.28988,0.342896,0.22326,0.543294,True,False,RESEARCH,1.0.0
league=Serie B,Serie B,ALL,BTTS_NO,HOME,BTTS No,Home win,1178,266,0.456706,0.408319,0.225806,0.186482,1.2109,3.932,0.1606,0.202843,0.250552,0.0,0.408319,True,False,RESEARCH,1.0.0
league=Serie B,Serie B,ALL,BTTS_NO,DRAW,BTTS No,Draw,1178,109,0.456706,0.320034,0.09253,0.146162,0.6331,-5.363,-0.2308,0.07728,0.110428,0.0,0.320034,True,False,RESEARCH,1.0.0
league=Serie B,Serie B,ALL,BTTS_NO,AWAY,BTTS No,Away win,1178,163,0.456706,0.271647,0.13837,0.124063,1.1153,1.431,0.0646,0.119825,0.159267,0.0,0.271647,True,True,RESEARCH,1.0.0
league=Serie B,Serie B,ALL,BTTS_NO,1X,BTTS No,Home or draw,1178,375,0.456706,0.728353,0.318336,0.332643,0.957,-1.431,-0.0646,0.292362,0.345492,0.185059,0.456706,True,True,RESEARCH,1.0.0
league=Serie B,Serie B,ALL,BTTS_NO,X2,BTTS No,Draw or away,1178,272,0.456706,0.591681,0.2309,0.270224,0.8545,-3.932,-0.1606,0.207733,0.255816,0.048387,0.456706,True,False,RESEARCH,1.0.0
league=Serie B,Serie B,ALL,BTTS_NO,12,BTTS No,Home or away,1178,429,0.456706,0.679966,0.364177,0.310545,1.1727,5.363,0.2308,0.33718,0.392056,0.136672,0.456706,True,False,RESEARCH,1.0.0
league=Serie B,Serie B,ALL,1X,X2,Home or draw,Draw or away,1178,377,0.728353,0.591681,0.320034,0.430953,0.7426,-11.092,-0.5073,0.294016,0.347221,0.320034,0.591681,True,False,RESEARCH,1.0.0
league=Serie B,Serie B,ALL,1X,12,Home or draw,Home or away,1178,481,0.728353,0.679966,0.408319,0.495255,0.8245,-8.694,-0.419,0.380592,0.436642,0.408319,0.679966,True,False,RESEARCH,1.0.0
league=Serie B,Serie B,ALL,X2,12,Draw or away,Home or away,1178,320,0.591681,0.679966,0.271647,0.402323,0.6752,-13.068,-0.5699,0.247018,0.29776,0.271647,0.591681,True,False,RESEARCH,1.0.0
league=Sweden Allsvenskan,Sweden Allsvenskan,ALL,O15,U25,Over 1.5,Under 2.5,868,208,0.78341,0.456221,0.239631,0.357408,0.6705,-11.778,-0.574,0.212421,0.269137,0.239631,0.456221,True,False,RESEARCH,1.0.0
league=Sweden Allsvenskan,Sweden Allsvenskan,ALL,O15,U35,Over 1.5,Under 3.5,868,418,0.78341,0.698157,0.481567,0.546943,0.8805,-6.538,-0.3457,0.448481,0.514816,0.481567,0.698157,True,False,RESEARCH,1.0.0
league=Sweden Allsvenskan,Sweden Allsvenskan,ALL,O15,BTTS_NO,Over 1.5,BTTS No,868,223,0.78341,0.473502,0.256912,0.370947,0.6926,-11.403,-0.5544,0.22896,0.287007,0.256912,0.473502,True,False,RESEARCH,1.0.0
league=Sweden Allsvenskan,Sweden Allsvenskan,ALL,O15,HOME,Over 1.5,Home win,868,311,0.78341,0.43318,0.358295,0.339357,1.0558,1.894,0.0928,0.327084,0.390755,0.21659,0.43318,True,True,RESEARCH,1.0.0
league=Sweden Allsvenskan,Sweden Allsvenskan,ALL,O15,DRAW,Over 1.5,Draw,868,142,0.78341,0.220046,0.163594,0.172386,0.949,-0.879,-0.0515,0.140478,0.189676,0.003456,0.220046,True,True,RESEARCH,1.0.0
league=Sweden Allsvenskan,Sweden Allsvenskan,ALL,O15,AWAY,Over 1.5,Away win,868,227,0.78341,0.346774,0.261521,0.271666,0.9627,-1.015,-0.0518,0.233381,0.291762,0.130184,0.346774,True,True,RESEARCH,1.0.0
league=Sweden Allsvenskan,Sweden Allsvenskan,ALL,O15,1X,Over 1.5,Home or draw,868,453,0.78341,0.653226,0.521889,0.511744,1.0198,1.015,0.0518,0.488635,0.554951,0.436636,0.653226,True,True,RESEARCH,1.0.0
league=Sweden Allsvenskan,Sweden Allsvenskan,ALL,O15,X2,Over 1.5,Draw or away,868,369,0.78341,0.56682,0.425115,0.444053,0.9574,-1.894,-0.0928,0.392628,0.458262,0.35023,0.56682,True,True,RESEARCH,1.0.0
league=Sweden Allsvenskan,Sweden Allsvenskan,ALL,O15,12,Over 1.5,Home or away,868,538,0.78341,0.779954,0.619816,0.611024,1.0144,0.879,0.0515,0.58706,0.651515,0.563364,0.779954,True,True,RESEARCH,1.0.0
league=Sweden Allsvenskan,Sweden Allsvenskan,ALL,U15,HOME,Under 1.5,Home win,868,65,0.21659,0.43318,0.074885,0.093822,0.7982,-1.894,-0.0928,0.059186,0.09433,0.0,0.21659,True,True,RESEARCH,1.0.0
league=Sweden Allsvenskan,Sweden Allsvenskan,ALL,U15,DRAW,Under 1.5,Draw,868,49,0.21659,0.220046,0.056452,0.04766,1.1845,0.879,0.0515,0.042962,0.07385,0.0,0.21659,True,True,RESEARCH,1.0.0
league=Sweden Allsvenskan,Sweden Allsvenskan,ALL,U15,AWAY,Under 1.5,Away win,868,74,0.21659,0.346774,0.085253,0.075108,1.1351,1.015,0.0518,0.068454,0.105708,0.0,0.21659,True,True,RESEARCH,1.0.0
league=Sweden Allsvenskan,Sweden Allsvenskan,ALL,U15,1X,Under 1.5,Home or draw,868,114,0.21659,0.653226,0.131336,0.141482,0.9283,-1.015,-0.0518,0.110481,0.155441,0.0,0.21659,True,True,RESEARCH,1.0.0
league=Sweden Allsvenskan,Sweden Allsvenskan,ALL,U15,X2,Under 1.5,Draw or away,868,123,0.21659,0.56682,0.141705,0.122768,1.1543,1.894,0.0928,0.12008,0.166487,0.0,0.21659,True,True,RESEARCH,1.0.0
league=Sweden Allsvenskan,Sweden Allsvenskan,ALL,U15,12,Under 1.5,Home or away,868,139,0.21659,0.779954,0.160138,0.16893,0.948,-0.879,-0.0515,0.137246,0.186026,0.0,0.21659,True,True,RESEARCH,1.0.0
league=Sweden Allsvenskan,Sweden Allsvenskan,ALL,O25,U35,Over 2.5,Under 3.5,868,210,0.543779,0.698157,0.241935,0.379643,0.6373,-13.771,-0.6023,0.214622,0.271523,0.241935,0.543779,True,False,RESEARCH,1.0.0
league=Sweden Allsvenskan,Sweden Allsvenskan,ALL,O25,BTTS,Over 2.5,BTTS Yes,868,366,0.543779,0.526498,0.421659,0.286298,1.4728,13.536,0.5443,0.389222,0.454786,0.070276,0.526498,True,False,RESEARCH,1.0.0
league=Sweden Allsvenskan,Sweden Allsvenskan,ALL,O25,BTTS_NO,Over 2.5,BTTS No,868,106,0.543779,0.473502,0.12212,0.257481,0.4743,-13.536,-0.5443,0.101987,0.145583,0.017281,0.473502,True,False,RESEARCH,1.0.0
league=Sweden Allsvenskan,Sweden Allsvenskan,ALL,O25,HOME,Over 2.5,Home win,868,234,0.543779,0.43318,0.269585,0.235554,1.1445,3.403,0.1379,0.241127,0.300074,0.0,0.43318,True,False,RESEARCH,1.0.0
league=Sweden Allsvenskan,Sweden Allsvenskan,ALL,O25,DRAW,Over 2.5,Draw,868,51,0.543779,0.220046,0.058756,0.119656,0.491,-6.09,-0.2951,0.044969,0.076431,0.0,0.220046,True,False,RESEARCH,1.0.0
league=Sweden Allsvenskan,Sweden Allsvenskan,ALL,O25,AWAY,Over 2.5,Away win,868,187,0.543779,0.346774,0.215438,0.188568,1.1425,2.687,0.1133,0.189372,0.244011,0.0,0.346774,True,False,RESEARCH,1.0.0
league=Sweden Allsvenskan,Sweden Allsvenskan,ALL,O25,1X,Over 2.5,Home or draw,868,285,0.543779,0.653226,0.328341,0.35521,0.9244,-2.687,-0.1133,0.297916,0.360279,0.197005,0.543779,True,True,RESEARCH,1.0.0
league=Sweden Allsvenskan,Sweden Allsvenskan,ALL,O25,X2,Over 2.5,Draw or away,868,238,0.543779,0.56682,0.274194,0.308225,0.8896,-3.403,-0.1379,0.245559,0.304818,0.110599,0.543779,True,False,RESEARCH,1.0.0
league=Sweden Allsvenskan,Sweden Allsvenskan,ALL,O25,12,Over 2.5,Home or away,868,421,0.543779,0.779954,0.485023,0.424122,1.1436,6.09,0.2951,0.451914,0.518264,0.323733,0.543779,True,False,RESEARCH,1.0.0
league=Sweden Allsvenskan,Sweden Allsvenskan,ALL,U25,BTTS,Under 2.5,BTTS Yes,868,91,0.456221,0.526498,0.104839,0.240199,0.4365,-13.536,-0.5443,0.08617,0.12699,0.0,0.456221,True,False,RESEARCH,1.0.0
league=Sweden Allsvenskan,Sweden Allsvenskan,ALL,U25,BTTS_NO,Under 2.5,BTTS No,868,305,0.456221,0.473502,0.351382,0.216022,1.6266,13.536,0.5443,0.320341,0.383734,0.0,0.456221,True,False,RESEARCH,1.0.0
league=Sweden Allsvenskan,Sweden Allsvenskan,ALL,U25,HOME,Under 2.5,Home win,868,142,0.456221,0.43318,0.163594,0.197626,0.8278,-3.403,-0.1379,0.140478,0.189676,0.0,0.43318,True,False,RESEARCH,1.0.0
league=Sweden Allsvenskan,Sweden Allsvenskan,ALL,U25,DRAW,Under 2.5,Draw,868,140,0.456221,0.220046,0.16129,0.10039,1.6066,6.09,0.2951,0.138323,0.187243,0.0,0.220046,True,False,RESEARCH,1.0.0
league=Sweden Allsvenskan,Sweden Allsvenskan,ALL,U25,AWAY,Under 2.5,Away win,868,114,0.456221,0.346774,0.131336,0.158206,0.8302,-2.687,-0.1133,0.110481,0.155441,0.0,0.346774,True,False,RESEARCH,1.0.0
league=Sweden Allsvenskan,Sweden Allsvenskan,ALL,U25,1X,Under 2.5,Home or draw,868,282,0.456221,0.653226,0.324885,0.298015,1.0902,2.687,0.1133,0.294559,0.356754,0.109447,0.456221,True,True,RESEARCH,1.0.0
league=Sweden Allsvenskan,Sweden Allsvenskan,ALL,U25,X2,Under 2.5,Draw or away,868,254,0.456221,0.56682,0.292627,0.258595,1.1316,3.403,0.1379,0.263326,0.323755,0.023041,0.456221,True,False,RESEARCH,1.0.0
league=Sweden Allsvenskan,Sweden Allsvenskan,ALL,U25,12,Under 2.5,Home or away,868,256,0.456221,0.779954,0.294931,0.355832,0.8288,-6.09,-0.2951,0.265551,0.326118,0.236175,0.456221,True,False,RESEARCH,1.0.0
league=Sweden Allsvenskan,Sweden Allsvenskan,ALL,O35,BTTS,Over 3.5,BTTS Yes,868,226,0.301843,0.526498,0.260369,0.15892,1.6384,10.145,0.4426,0.232276,0.290574,0.0,0.301843,True,False,RESEARCH,1.0.0
league=Sweden Allsvenskan,Sweden Allsvenskan,ALL,O35,BTTS_NO,Over 3.5,BTTS No,868,36,0.301843,0.473502,0.041475,0.142924,0.2902,-10.145,-0.4426,0.030107,0.056884,0.0,0.301843,True,False,RESEARCH,1.0.0
league=Sweden Allsvenskan,Sweden Allsvenskan,ALL,O35,HOME,Over 3.5,Home win,868,126,0.301843,0.43318,0.145161,0.130752,1.1102,1.441,0.0633,0.123289,0.17016,0.0,0.301843,True,True,RESEARCH,1.0.0
league=Sweden Allsvenskan,Sweden Allsvenskan,ALL,O35,DRAW,Over 3.5,Draw,868,51,0.301843,0.220046,0.058756,0.066419,0.8846,-0.766,-0.0403,0.044969,0.076431,0.0,0.220046,True,True,RESEARCH,1.0.0
league=Sweden Allsvenskan,Sweden Allsvenskan,ALL,O35,AWAY,Over 3.5,Away win,868,85,0.301843,0.346774,0.097926,0.104671,0.9356,-0.675,-0.0309,0.079889,0.119506,0.0,0.301843,True,True,RESEARCH,1.0.0
league=Sweden Allsvenskan,Sweden Allsvenskan,ALL,O35,1X,Over 3.5,Home or draw,868,177,0.301843,0.653226,0.203917,0.197172,1.0342,0.675,0.0309,0.178445,0.231999,0.0,0.301843,True,True,RESEARCH,1.0.0
league=Sweden Allsvenskan,Sweden Allsvenskan,ALL,O35,X2,Over 3.5,Draw or away,868,136,0.301843,0.56682,0.156682,0.171091,0.9158,-1.441,-0.0633,0.134018,0.182371,0.0,0.301843,True,True,RESEARCH,1.0.0
league=Sweden Allsvenskan,Sweden Allsvenskan,ALL,O35,12,Over 3.5,Home or away,868,211,0.301843,0.779954,0.243088,0.235424,1.0326,0.766,0.0403,0.215724,0.272716,0.081797,0.301843,True,True,RESEARCH,1.0.0
league=Sweden Allsvenskan,Sweden Allsvenskan,ALL,U35,BTTS,Under 3.5,BTTS Yes,868,231,0.698157,0.526498,0.266129,0.367578,0.724,-10.145,-0.4426,0.237806,0.296513,0.224654,0.526498,True,False,RESEARCH,1.0.0
league=Sweden Allsvenskan,Sweden Allsvenskan,ALL,U35,BTTS_NO,Under 3.5,BTTS No,868,375,0.698157,0.473502,0.432028,0.330579,1.3069,10.145,0.4426,0.399444,0.46521,0.171659,0.473502,True,False,RESEARCH,1.0.0
league=Sweden Allsvenskan,Sweden Allsvenskan,ALL,U35,HOME,Under 3.5,Home win,868,250,0.698157,0.43318,0.288018,0.302427,0.9524,-1.441,-0.0633,0.258878,0.319027,0.131336,0.43318,True,True,RESEARCH,1.0.0
league=Sweden Allsvenskan,Sweden Allsvenskan,ALL,U35,DRAW,Under 3.5,Draw,868,140,0.698157,0.220046,0.16129,0.153627,1.0499,0.766,0.0403,0.138323,0.187243,0.0,0.220046,True,True,RESEARCH,1.0.0
league=Sweden Allsvenskan,Sweden Allsvenskan,ALL,U35,AWAY,Under 3.5,Away win,868,216,0.698157,0.346774,0.248848,0.242103,1.0279,0.675,0.0309,0.221234,0.278675,0.044931,0.346774,True,True,RESEARCH,1.0.0
league=Sweden Allsvenskan,Sweden Allsvenskan,ALL,U35,1X,Under 3.5,Home or draw,868,390,0.698157,0.653226,0.449309,0.456054,0.9852,-0.675,-0.0309,0.416512,0.482552,0.351382,0.653226,True,True,RESEARCH,1.0.0
league=Sweden Allsvenskan,Sweden Allsvenskan,ALL,U35,X2,Under 3.5,Draw or away,868,356,0.698157,0.56682,0.410138,0.395729,1.0364,1.441,0.0633,0.377882,0.443186,0.264977,0.56682,True,True,RESEARCH,1.0.0
league=Sweden Allsvenskan,Sweden Allsvenskan,ALL,U35,12,Under 3.5,Home or away,868,466,0.698157,0.779954,0.536866,0.54453,0.9859,-0.766,-0.0403,0.503604,0.569804,0.478111,0.698157,True,True,RESEARCH,1.0.0
league=Sweden Allsvenskan,Sweden Allsvenskan,ALL,BTTS,HOME,BTTS Yes,Home win,868,171,0.526498,0.43318,0.197005,0.228068,0.8638,-3.106,-0.1256,0.171904,0.224775,0.0,0.43318,True,False,RESEARCH,1.0.0
league=Sweden Allsvenskan,Sweden Allsvenskan,ALL,BTTS,DRAW,BTTS Yes,Draw,868,142,0.526498,0.220046,0.163594,0.115854,1.4121,4.774,0.2308,0.140478,0.189676,0.0,0.220046,True,False,RESEARCH,1.0.0
league=Sweden Allsvenskan,Sweden Allsvenskan,ALL,BTTS,AWAY,BTTS Yes,Away win,868,144,0.526498,0.346774,0.165899,0.182576,0.9087,-1.668,-0.0702,0.142634,0.192107,0.0,0.346774,True,True,RESEARCH,1.0.0
league=Sweden Allsvenskan,Sweden Allsvenskan,ALL,BTTS,1X,BTTS Yes,Home or draw,868,313,0.526498,0.653226,0.360599,0.343922,1.0485,1.668,0.0702,0.329333,0.393093,0.179724,0.526498,True,True,RESEARCH,1.0.0
league=Sweden Allsvenskan,Sweden Allsvenskan,ALL,BTTS,X2,BTTS Yes,Draw or away,868,286,0.526498,0.56682,0.329493,0.29843,1.1041,3.106,0.1256,0.299035,0.361454,0.093318,0.526498,True,False,RESEARCH,1.0.0
league=Sweden Allsvenskan,Sweden Allsvenskan,ALL,BTTS,12,BTTS Yes,Home or away,868,315,0.526498,0.779954,0.362903,0.410644,0.8837,-4.774,-0.2308,0.331584,0.395431,0.306452,0.526498,True,False,RESEARCH,1.0.0
league=Sweden Allsvenskan,Sweden Allsvenskan,ALL,BTTS_NO,HOME,BTTS No,Home win,868,205,0.473502,0.43318,0.236175,0.205112,1.1514,3.106,0.1256,0.20912,0.265555,0.0,0.43318,True,False,RESEARCH,1.0.0
league=Sweden Allsvenskan,Sweden Allsvenskan,ALL,BTTS_NO,DRAW,BTTS No,Draw,868,49,0.473502,0.220046,0.056452,0.104192,0.5418,-4.774,-0.2308,0.042962,0.07385,0.0,0.220046,True,False,RESEARCH,1.0.0
league=Sweden Allsvenskan,Sweden Allsvenskan,ALL,BTTS_NO,AWAY,BTTS No,Away win,868,157,0.473502,0.346774,0.180876,0.164198,1.1016,1.668,0.0702,0.156692,0.207871,0.0,0.346774,True,True,RESEARCH,1.0.0
league=Sweden Allsvenskan,Sweden Allsvenskan,ALL,BTTS_NO,1X,BTTS No,Home or draw,868,254,0.473502,0.653226,0.292627,0.309304,0.9461,-1.668,-0.0702,0.263326,0.323755,0.126728,0.473502,True,True,RESEARCH,1.0.0
league=Sweden Allsvenskan,Sweden Allsvenskan,ALL,BTTS_NO,X2,BTTS No,Draw or away,868,206,0.473502,0.56682,0.237327,0.268391,0.8843,-3.106,-0.1256,0.21022,0.266749,0.040323,0.473502,True,False,RESEARCH,1.0.0
league=Sweden Allsvenskan,Sweden Allsvenskan,ALL,BTTS_NO,12,BTTS No,Home or away,868,362,0.473502,0.779954,0.417051,0.36931,1.1293,4.774,0.2308,0.384684,0.450148,0.253456,0.473502,True,False,RESEARCH,1.0.0
league=Sweden Allsvenskan,Sweden Allsvenskan,ALL,1X,X2,Home or draw,Draw or away,868,191,0.653226,0.56682,0.220046,0.370262,0.5943,-15.022,-0.6369,0.193752,0.248807,0.220046,0.56682,True,False,RESEARCH,1.0.0
league=Sweden Allsvenskan,Sweden Allsvenskan,ALL,1X,12,Home or draw,Home or away,868,376,0.653226,0.779954,0.43318,0.509486,0.8502,-7.631,-0.387,0.400581,0.466368,0.43318,0.653226,True,False,RESEARCH,1.0.0
league=Sweden Allsvenskan,Sweden Allsvenskan,ALL,X2,12,Draw or away,Home or away,868,301,0.56682,0.779954,0.346774,0.442094,0.7844,-9.532,-0.4643,0.315849,0.37905,0.346774,0.56682,True,False,RESEARCH,1.0.0
league=USA MLS,USA MLS,ALL,O15,U25,Over 1.5,Under 2.5,1873,380,0.793914,0.40897,0.202883,0.324686,0.6249,-12.18,-0.6125,0.185287,0.221695,0.202883,0.40897,True,False,RESEARCH,1.0.0
league=USA MLS,USA MLS,ALL,O15,U35,Over 1.5,Under 3.5,1873,827,0.793914,0.647624,0.441538,0.514158,0.8588,-7.262,-0.3758,0.419191,0.464123,0.441538,0.647624,True,False,RESEARCH,1.0.0
league=USA MLS,USA MLS,ALL,O15,BTTS_NO,Over 1.5,BTTS No,1873,363,0.793914,0.399893,0.193807,0.317481,0.6105,-12.367,-0.6241,0.176539,0.212328,0.193807,0.399893,True,False,RESEARCH,1.0.0
league=USA MLS,USA MLS,ALL,O15,HOME,Over 1.5,Home win,1873,728,0.793914,0.466631,0.388681,0.370465,1.0492,1.822,0.0903,0.366855,0.410964,0.260545,0.466631,True,True,RESEARCH,1.0.0
league=USA MLS,USA MLS,ALL,O15,DRAW,Over 1.5,Draw,1873,349,0.793914,0.249867,0.186332,0.198372,0.9393,-1.204,-0.0688,0.169346,0.204602,0.04378,0.249867,True,True,RESEARCH,1.0.0
league=USA MLS,USA MLS,ALL,O15,AWAY,Over 1.5,Away win,1873,410,0.793914,0.283502,0.2189,0.225076,0.9726,-0.618,-0.0339,0.200759,0.238192,0.077416,0.283502,True,True,RESEARCH,1.0.0
league=USA MLS,USA MLS,ALL,O15,1X,Over 1.5,Home or draw,1873,1077,0.793914,0.716498,0.575013,0.568837,1.0109,0.618,0.0339,0.552494,0.597225,0.510411,0.716498,True,True,RESEARCH,1.0.0
league=USA MLS,USA MLS,ALL,O15,X2,Over 1.5,Draw or away,1873,759,0.793914,0.533369,0.405232,0.423449,0.957,-1.822,-0.0903,0.383214,0.427638,0.327282,0.533369,True,True,RESEARCH,1.0.0
league=USA MLS,USA MLS,ALL,O15,12,Over 1.5,Home or away,1873,1138,0.793914,0.750133,0.607581,0.595541,1.0202,1.204,0.0688,0.585269,0.629454,0.544047,0.750133,True,True,RESEARCH,1.0.0
league=USA MLS,USA MLS,ALL,U15,HOME,Under 1.5,Home win,1873,146,0.206086,0.466631,0.07795,0.096166,0.8106,-1.822,-0.0903,0.066654,0.090973,0.0,0.206086,True,False,RESEARCH,1.0.0
league=USA MLS,USA MLS,ALL,U15,DRAW,Under 1.5,Draw,1873,119,0.206086,0.249867,0.063534,0.051494,1.2338,1.204,0.0688,0.053356,0.075499,0.0,0.206086,True,False,RESEARCH,1.0.0
league=USA MLS,USA MLS,ALL,U15,AWAY,Under 1.5,Away win,1873,121,0.206086,0.283502,0.064602,0.058426,1.1057,0.618,0.0339,0.054336,0.076651,0.0,0.206086,True,True,RESEARCH,1.0.0
league=USA MLS,USA MLS,ALL,U15,1X,Under 1.5,Home or draw,1873,265,0.206086,0.716498,0.141484,0.14766,0.9582,-0.618,-0.0339,0.126433,0.158003,0.0,0.206086,True,True,RESEARCH,1.0.0
league=USA MLS,USA MLS,ALL,U15,X2,Under 1.5,Draw or away,1873,240,0.206086,0.533369,0.128137,0.10992,1.1657,1.822,0.0903,0.113757,0.144039,0.0,0.206086,True,False,RESEARCH,1.0.0
league=USA MLS,USA MLS,ALL,U15,12,Under 1.5,Home or away,1873,267,0.206086,0.750133,0.142552,0.154592,0.9221,-1.204,-0.0688,0.127449,0.159118,0.0,0.206086,True,True,RESEARCH,1.0.0
league=USA MLS,USA MLS,ALL,O25,U35,Over 2.5,Under 3.5,1873,447,0.59103,0.647624,0.238655,0.382766,0.6235,-14.411,-0.6136,0.219897,0.258482,0.238655,0.59103,True,False,RESEARCH,1.0.0
league=USA MLS,USA MLS,ALL,O25,BTTS,Over 2.5,BTTS Yes,1873,927,0.59103,0.600107,0.494928,0.354681,1.3954,14.025,0.5823,0.472318,0.517558,0.191137,0.59103,True,False,RESEARCH,1.0.0
league=USA MLS,USA MLS,ALL,O25,BTTS_NO,Over 2.5,BTTS No,1873,180,0.59103,0.399893,0.096103,0.236349,0.4066,-14.025,-0.5823,0.083569,0.110289,0.0,0.399893,True,False,RESEARCH,1.0.0
league=USA MLS,USA MLS,ALL,O25,HOME,Over 2.5,Home win,1873,600,0.59103,0.466631,0.320342,0.275793,1.1615,4.455,0.1816,0.299596,0.341823,0.057662,0.466631,True,False,RESEARCH,1.0.0
league=USA MLS,USA MLS,ALL,O25,DRAW,Over 2.5,Draw,1873,152,0.59103,0.249867,0.081153,0.147679,0.5495,-6.653,-0.3125,0.069627,0.094395,0.0,0.249867,True,False,RESEARCH,1.0.0
league=USA MLS,USA MLS,ALL,O25,AWAY,Over 2.5,Away win,1873,355,0.59103,0.283502,0.189536,0.167559,1.1312,2.198,0.0992,0.172428,0.207914,0.0,0.283502,True,False,RESEARCH,1.0.0
league=USA MLS,USA MLS,ALL,O25,1X,Over 2.5,Home or draw,1873,752,0.59103,0.716498,0.401495,0.423472,0.9481,-2.198,-0.0992,0.379518,0.423875,0.307528,0.59103,True,True,RESEARCH,1.0.0
league=USA MLS,USA MLS,ALL,O25,X2,Over 2.5,Draw or away,1873,507,0.59103,0.533369,0.270689,0.315237,0.8587,-4.455,-0.1816,0.251051,0.291265,0.124399,0.533369,True,False,RESEARCH,1.0.0
league=USA MLS,USA MLS,ALL,O25,12,Over 2.5,Home or away,1873,955,0.59103,0.750133,0.509877,0.443352,1.1501,6.653,0.3125,0.48724,0.532474,0.341164,0.59103,True,False,RESEARCH,1.0.0
league=USA MLS,USA MLS,ALL,U25,BTTS,Under 2.5,BTTS Yes,1873,197,0.40897,0.600107,0.105179,0.245425,0.4286,-14.025,-0.5823,0.092084,0.11989,0.009076,0.40897,True,False,RESEARCH,1.0.0
league=USA MLS,USA MLS,ALL,U25,BTTS_NO,Under 2.5,BTTS No,1873,569,0.40897,0.399893,0.303791,0.163544,1.8575,14.025,0.5823,0.283382,0.325003,0.0,0.399893,True,False,RESEARCH,1.0.0
league=USA MLS,USA MLS,ALL,U25,HOME,Under 2.5,Home win,1873,274,0.40897,0.466631,0.146289,0.190838,0.7666,-4.455,-0.1816,0.131009,0.163018,0.0,0.40897,True,False,RESEARCH,1.0.0
league=USA MLS,USA MLS,ALL,U25,DRAW,Under 2.5,Draw,1873,316,0.40897,0.249867,0.168713,0.102188,1.651,6.653,0.3125,0.152435,0.186348,0.0,0.249867,True,False,RESEARCH,1.0.0
league=USA MLS,USA MLS,ALL,U25,AWAY,Under 2.5,Away win,1873,176,0.40897,0.283502,0.093967,0.115944,0.8105,-2.198,-0.0992,0.081571,0.108025,0.0,0.283502,True,False,RESEARCH,1.0.0
league=USA MLS,USA MLS,ALL,U25,1X,Under 2.5,Home or draw,1873,590,0.40897,0.716498,0.315003,0.293026,1.075,2.198,0.0992,0.294362,0.3364,0.125467,0.40897,True,False,RESEARCH,1.0.0
league=USA MLS,USA MLS,ALL,U25,X2,Under 2.5,Draw or away,1873,492,0.40897,0.533369,0.26268,0.218132,1.2042,4.455,0.1816,0.243249,0.283082,0.0,0.40897,True,False,RESEARCH,1.0.0
league=USA MLS,USA MLS,ALL,U25,12,Under 2.5,Home or away,1873,450,0.40897,0.750133,0.240256,0.306782,0.7832,-6.653,-0.3125,0.221451,0.260124,0.159103,0.40897,True,False,RESEARCH,1.0.0
league=USA MLS,USA MLS,ALL,O35,BTTS,Over 3.5,BTTS Yes,1873,597,0.352376,0.600107,0.31874,0.211463,1.5073,10.728,0.4584,0.298025,0.340197,0.0,0.352376,True,False,RESEARCH,1.0.0
league=USA MLS,USA MLS,ALL,O35,BTTS_NO,Over 3.5,BTTS No,1873,63,0.352376,0.399893,0.033636,0.140913,0.2387,-10.728,-0.4584,0.026378,0.042803,0.0,0.352376,True,False,RESEARCH,1.0.0
league=USA MLS,USA MLS,ALL,O35,HOME,Over 3.5,Home win,1873,322,0.352376,0.466631,0.171917,0.16443,1.0455,0.749,0.0314,0.155505,0.189672,0.0,0.352376,True,True,RESEARCH,1.0.0
league=USA MLS,USA MLS,ALL,O35,DRAW,Over 3.5,Draw,1873,152,0.352376,0.249867,0.081153,0.088047,0.9217,-0.689,-0.0333,0.069627,0.094395,0.0,0.249867,True,True,RESEARCH,1.0.0
league=USA MLS,USA MLS,ALL,O35,AWAY,Over 3.5,Away win,1873,186,0.352376,0.283502,0.099306,0.099899,0.9941,-0.059,-0.0028,0.086571,0.113682,0.0,0.283502,True,True,RESEARCH,1.0.0
league=USA MLS,USA MLS,ALL,O35,1X,Over 3.5,Home or draw,1873,474,0.352376,0.716498,0.25307,0.252476,1.0024,0.059,0.0028,0.233899,0.273252,0.068873,0.352376,True,True,RESEARCH,1.0.0
league=USA MLS,USA MLS,ALL,O35,X2,Over 3.5,Draw or away,1873,338,0.352376,0.533369,0.180459,0.187946,0.9602,-0.749,-0.0314,0.163702,0.198524,0.0,0.352376,True,True,RESEARCH,1.0.0
league=USA MLS,USA MLS,ALL,O35,12,Over 3.5,Home or away,1873,508,0.352376,0.750133,0.271223,0.264329,1.0261,0.689,0.0333,0.251571,0.291811,0.102509,0.352376,True,True,RESEARCH,1.0.0
league=USA MLS,USA MLS,ALL,U35,BTTS,Under 3.5,BTTS Yes,1873,527,0.647624,0.600107,0.281367,0.388644,0.724,-10.728,-0.4584,0.261466,0.302163,0.247731,0.600107,True,False,RESEARCH,1.0.0
league=USA MLS,USA MLS,ALL,U35,BTTS_NO,Under 3.5,BTTS No,1873,686,0.647624,0.399893,0.366257,0.25898,1.4142,10.728,0.4584,0.344733,0.38833,0.047517,0.399893,True,False,RESEARCH,1.0.0
league=USA MLS,USA MLS,ALL,U35,HOME,Under 3.5,Home win,1873,552,0.647624,0.466631,0.294714,0.302202,0.9752,-0.749,-0.0314,0.274504,0.315765,0.114255,0.466631,True,True,RESEARCH,1.0.0
league=USA MLS,USA MLS,ALL,U35,DRAW,Under 3.5,Draw,1873,316,0.647624,0.249867,0.168713,0.16182,1.0426,0.689,0.0333,0.152435,0.186348,0.0,0.249867,True,True,RESEARCH,1.0.0
league=USA MLS,USA MLS,ALL,U35,AWAY,Under 3.5,Away win,1873,345,0.647624,0.283502,0.184196,0.183603,1.0032,0.059,0.0028,0.167293,0.202393,0.0,0.283502,True,True,RESEARCH,1.0.0
league=USA MLS,USA MLS,ALL,U35,1X,Under 3.5,Home or draw,1873,868,0.647624,0.716498,0.463428,0.464021,0.9987,-0.059,-0.0028,0.440942,0.486063,0.364122,0.647624,True,True,RESEARCH,1.0.0
league=USA MLS,USA MLS,ALL,U35,X2,Under 3.5,Draw or away,1873,661,0.647624,0.533369,0.35291,0.345423,1.0217,0.749,0.0314,0.331589,0.374833,0.180993,0.533369,True,True,RESEARCH,1.0.0
league=USA MLS,USA MLS,ALL,U35,12,Under 3.5,Home or away,1873,897,0.647624,0.750133,0.478911,0.485805,0.9858,-0.689,-0.0333,0.456353,0.501555,0.397758,0.647624,True,True,RESEARCH,1.0.0
league=USA MLS,USA MLS,ALL,BTTS,HOME,BTTS Yes,Home win,1873,462,0.600107,0.466631,0.246663,0.280028,0.8809,-3.337,-0.1365,0.227672,0.266691,0.066738,0.466631,True,False,RESEARCH,1.0.0
league=USA MLS,USA MLS,ALL,BTTS,DRAW,BTTS Yes,Draw,1873,349,0.600107,0.249867,0.186332,0.149947,1.2427,3.639,0.1716,0.169346,0.204602,0.0,0.249867,True,False,RESEARCH,1.0.0
league=USA MLS,USA MLS,ALL,BTTS,AWAY,BTTS Yes,Away win,1873,313,0.600107,0.283502,0.167112,0.170132,0.9822,-0.302,-0.0137,0.150901,0.184685,0.0,0.283502,True,True,RESEARCH,1.0.0
league=USA MLS,USA MLS,ALL,BTTS,1X,BTTS Yes,Home or draw,1873,811,0.600107,0.716498,0.432995,0.429975,1.007,0.302,0.0137,0.410715,0.45555,0.316604,0.600107,True,True,RESEARCH,1.0.0
league=USA MLS,USA MLS,ALL,BTTS,X2,BTTS Yes,Draw or away,1873,662,0.600107,0.533369,0.353444,0.320078,1.1042,3.337,0.1365,0.332114,0.375373,0.133476,0.533369,True,False,RESEARCH,1.0.0
league=USA MLS,USA MLS,ALL,BTTS,12,BTTS Yes,Home or away,1873,775,0.600107,0.750133,0.413775,0.45016,0.9192,-3.639,-0.1716,0.391668,0.436234,0.35024,0.600107,True,False,RESEARCH,1.0.0
league=USA MLS,USA MLS,ALL,BTTS_NO,HOME,BTTS No,Home win,1873,412,0.399893,0.466631,0.219968,0.186603,1.1788,3.337,0.1365,0.201792,0.23929,0.0,0.399893,True,False,RESEARCH,1.0.0
league=USA MLS,USA MLS,ALL,BTTS_NO,DRAW,BTTS No,Draw,1873,119,0.399893,0.249867,0.063534,0.09992,0.6359,-3.639,-0.1716,0.053356,0.075499,0.0,0.249867,True,False,RESEARCH,1.0.0
league=USA MLS,USA MLS,ALL,BTTS_NO,AWAY,BTTS No,Away win,1873,218,0.399893,0.283502,0.116391,0.113371,1.0266,0.302,0.0137,0.102646,0.131706,0.0,0.283502,True,True,RESEARCH,1.0.0
league=USA MLS,USA MLS,ALL,BTTS_NO,1X,BTTS No,Home or draw,1873,531,0.399893,0.716498,0.283502,0.286523,0.9895,-0.302,-0.0137,0.26355,0.304341,0.116391,0.399893,True,True,RESEARCH,1.0.0
league=USA MLS,USA MLS,ALL,BTTS_NO,X2,BTTS No,Draw or away,1873,337,0.399893,0.533369,0.179925,0.213291,0.8436,-3.337,-0.1365,0.163189,0.197971,0.0,0.399893,True,False,RESEARCH,1.0.0
league=USA MLS,USA MLS,ALL,BTTS_NO,12,BTTS No,Home or away,1873,630,0.399893,0.750133,0.336359,0.299973,1.1213,3.639,0.1716,0.315316,0.358072,0.150027,0.399893,True,False,RESEARCH,1.0.0
league=USA MLS,USA MLS,ALL,1X,X2,Home or draw,Draw or away,1873,468,0.716498,0.533369,0.249867,0.382158,0.6538,-13.229,-0.5884,0.230785,0.269972,0.249867,0.533369,True,False,RESEARCH,1.0.0
league=USA MLS,USA MLS,ALL,1X,12,Home or draw,Home or away,1873,874,0.716498,0.750133,0.466631,0.537469,0.8682,-7.084,-0.363,0.444129,0.48927,0.466631,0.716498,True,False,RESEARCH,1.0.0
league=USA MLS,USA MLS,ALL,X2,12,Draw or away,Home or away,1873,531,0.533369,0.750133,0.283502,0.400098,0.7086,-11.66,-0.5398,0.26355,0.304341,0.283502,0.533369,True,False,RESEARCH,1.0.0
season=2023,ALL,ALL,O15,U25,Over 1.5,Under 2.5,7162,1733,0.744624,0.497347,0.241972,0.370337,0.6534,-12.837,-0.5887,0.232193,0.252027,0.241972,0.497347,True,False,VALIDATION_CANDIDATE,1.0.0
season=2023,ALL,ALL,O15,U35,Over 1.5,Under 3.5,7162,3331,0.744624,0.720469,0.465094,0.536479,0.8669,-7.139,-0.3648,0.453564,0.476661,0.465094,0.720469,True,False,VALIDATION_CANDIDATE,1.0.0
season=2023,ALL,ALL,O15,BTTS_NO,Over 1.5,BTTS No,7162,1569,0.744624,0.474448,0.219073,0.353286,0.6201,-13.421,-0.6164,0.209645,0.228802,0.219073,0.474448,True,False,VALIDATION_CANDIDATE,1.0.0
season=2023,ALL,ALL,O15,HOME,Over 1.5,Home win,7162,2418,0.744624,0.440101,0.337615,0.32771,1.0302,0.991,0.0458,0.326753,0.348652,0.184725,0.440101,True,True,VALIDATION_CANDIDATE,1.0.0
season=2023,ALL,ALL,O15,DRAW,Over 1.5,Draw,7162,1334,0.744624,0.263893,0.186261,0.196501,0.9479,-1.024,-0.0533,0.177413,0.195445,0.008517,0.263893,True,False,VALIDATION_CANDIDATE,1.0.0
season=2023,ALL,ALL,O15,AWAY,Over 1.5,Away win,7162,1581,0.744624,0.296007,0.220748,0.220414,1.0015,0.033,0.0017,0.211294,0.230502,0.040631,0.296007,True,True,VALIDATION_CANDIDATE,1.0.0
season=2023,ALL,ALL,O15,1X,Over 1.5,Home or draw,7162,3752,0.744624,0.703993,0.523876,0.524211,0.9994,-0.033,-0.0017,0.5123,0.535427,0.448618,0.703993,True,True,VALIDATION_CANDIDATE,1.0.0
season=2023,ALL,ALL,O15,X2,Over 1.5,Draw or away,7162,2915,0.744624,0.559899,0.407009,0.416915,0.9762,-0.991,-0.0458,0.395684,0.418434,0.304524,0.559899,True,True,VALIDATION_CANDIDATE,1.0.0
season=2023,ALL,ALL,O15,12,Over 1.5,Home or away,7162,3999,0.744624,0.736107,0.558364,0.548123,1.0187,1.024,0.0533,0.546834,0.56983,0.480732,0.736107,True,True,VALIDATION_CANDIDATE,1.0.0
season=2023,ALL,ALL,U15,HOME,Under 1.5,Home win,7162,734,0.255376,0.440101,0.102485,0.112391,0.9119,-0.991,-0.0458,0.095673,0.109724,0.0,0.255376,True,False,VALIDATION_CANDIDATE,1.0.0
season=2023,ALL,ALL,U15,DRAW,Under 1.5,Draw,7162,556,0.255376,0.263893,0.077632,0.067392,1.1519,1.024,0.0533,0.071658,0.084058,0.0,0.255376,True,False,VALIDATION_CANDIDATE,1.0.0
season=2023,ALL,ALL,U15,AWAY,Under 1.5,Away win,7162,539,0.255376,0.296007,0.075258,0.075593,0.9956,-0.033,-0.0017,0.069374,0.081598,0.0,0.255376,True,True,VALIDATION_CANDIDATE,1.0.0
season=2023,ALL,ALL,U15,1X,Under 1.5,Home or draw,7162,1290,0.255376,0.703993,0.180117,0.179783,1.0019,0.033,0.0017,0.171389,0.189188,0.0,0.255376,True,True,VALIDATION_CANDIDATE,1.0.0
season=2023,ALL,ALL,U15,X2,Under 1.5,Draw or away,7162,1095,0.255376,0.559899,0.15289,0.142985,1.0693,0.991,0.0458,0.144742,0.161411,0.0,0.255376,True,False,VALIDATION_CANDIDATE,1.0.0
season=2023,ALL,ALL,U15,12,Under 1.5,Home or away,7162,1273,0.255376,0.736107,0.177744,0.187984,0.9455,-1.024,-0.0533,0.169063,0.18677,0.0,0.255376,True,False,VALIDATION_CANDIDATE,1.0.0
season=2023,ALL,ALL,O25,U35,Over 2.5,Under 3.5,7162,1598,0.502653,0.720469,0.223122,0.362146,0.6161,-13.902,-0.6196,0.213629,0.232911,0.223122,0.502653,True,False,VALIDATION_CANDIDATE,1.0.0
season=2023,ALL,ALL,O25,BTTS,Over 2.5,BTTS Yes,7162,2889,0.502653,0.525552,0.403379,0.26417,1.527,13.921,0.5576,0.392072,0.41479,0.028204,0.502653,True,False,VALIDATION_CANDIDATE,1.0.0
season=2023,ALL,ALL,O25,BTTS_NO,Over 2.5,BTTS No,7162,711,0.502653,0.474448,0.099274,0.238483,0.4163,-13.921,-0.5576,0.092562,0.106416,0.0,0.474448,True,False,VALIDATION_CANDIDATE,1.0.0
season=2023,ALL,ALL,O25,HOME,Over 2.5,Home win,7162,1900,0.502653,0.440101,0.265289,0.221218,1.1992,4.407,0.1776,0.255192,0.275638,0.0,0.440101,True,False,VALIDATION_CANDIDATE,1.0.0
season=2023,ALL,ALL,O25,DRAW,Over 2.5,Draw,7162,459,0.502653,0.263893,0.064088,0.132646,0.4832,-6.856,-0.3111,0.058647,0.069997,0.0,0.263893,True,False,VALIDATION_CANDIDATE,1.0.0
season=2023,ALL,ALL,O25,AWAY,Over 2.5,Away win,7162,1241,0.502653,0.296007,0.173276,0.148789,1.1646,2.449,0.1073,0.164686,0.182216,0.0,0.296007,True,False,VALIDATION_CANDIDATE,1.0.0
season=2023,ALL,ALL,O25,1X,Over 2.5,Home or draw,7162,2359,0.502653,0.703993,0.329377,0.353864,0.9308,-2.449,-0.1073,0.318586,0.340351,0.206646,0.502653,True,False,VALIDATION_CANDIDATE,1.0.0
season=2023,ALL,ALL,O25,X2,Over 2.5,Draw or away,7162,1700,0.502653,0.559899,0.237364,0.281435,0.8434,-4.407,-0.1776,0.227652,0.247357,0.062552,0.502653,True,False,VALIDATION_CANDIDATE,1.0.0
season=2023,ALL,ALL,O25,12,Over 2.5,Home or away,7162,3141,0.502653,0.736107,0.438565,0.370006,1.1853,6.856,0.3111,0.427108,0.450087,0.23876,0.502653,True,False,VALIDATION_CANDIDATE,1.0.0
season=2023,ALL,ALL,U25,BTTS,Under 2.5,BTTS Yes,7162,875,0.497347,0.525552,0.122173,0.261382,0.4674,-13.921,-0.5576,0.11479,0.12996,0.022899,0.497347,True,False,VALIDATION_CANDIDATE,1.0.0
season=2023,ALL,ALL,U25,BTTS_NO,Under 2.5,BTTS No,7162,2687,0.497347,0.474448,0.375175,0.235966,1.59,13.921,0.5576,0.364031,0.386452,0.0,0.474448,True,False,VALIDATION_CANDIDATE,1.0.0
season=2023,ALL,ALL,U25,HOME,Under 2.5,Home win,7162,1252,0.497347,0.440101,0.174812,0.218883,0.7987,-4.407,-0.1776,0.16619,0.183782,0.0,0.440101,True,False,VALIDATION_CANDIDATE,1.0.0
season=2023,ALL,ALL,U25,DRAW,Under 2.5,Draw,7162,1431,0.497347,0.263893,0.199805,0.131246,1.5224,6.856,0.3111,0.190706,0.209225,0.0,0.263893,True,False,VALIDATION_CANDIDATE,1.0.0
season=2023,ALL,ALL,U25,AWAY,Under 2.5,Away win,7162,879,0.497347,0.296007,0.122731,0.147218,0.8337,-2.449,-0.1073,0.115333,0.130533,0.0,0.296007,True,False,VALIDATION_CANDIDATE,1.0.0
season=2023,ALL,ALL,U25,1X,Under 2.5,Home or draw,7162,2683,0.497347,0.703993,0.374616,0.350129,1.0699,2.449,0.1073,0.363476,0.38589,0.20134,0.497347,True,False,VALIDATION_CANDIDATE,1.0.0
season=2023,ALL,ALL,U25,X2,Under 2.5,Draw or away,7162,2310,0.497347,0.559899,0.322536,0.278464,1.1583,4.407,0.1776,0.311807,0.333454,0.057247,0.497347,True,False,VALIDATION_CANDIDATE,1.0.0
season=2023,ALL,ALL,U25,12,Under 2.5,Home or away,7162,2131,0.497347,0.736107,0.297543,0.366101,0.8127,-6.856,-0.3111,0.287065,0.308237,0.233454,0.497347,True,False,VALIDATION_CANDIDATE,1.0.0
season=2023,ALL,ALL,O35,BTTS,Over 3.5,BTTS Yes,7162,1748,0.279531,0.525552,0.244066,0.146908,1.6614,9.716,0.4336,0.234257,0.254149,0.0,0.279531,True,False,VALIDATION_CANDIDATE,1.0.0
season=2023,ALL,ALL,O35,BTTS_NO,Over 3.5,BTTS No,7162,254,0.279531,0.474448,0.035465,0.132623,0.2674,-9.716,-0.4336,0.031424,0.040004,0.0,0.279531,True,False,VALIDATION_CANDIDATE,1.0.0
season=2023,ALL,ALL,O35,HOME,Over 3.5,Home win,7162,968,0.279531,0.440101,0.135158,0.123022,1.0987,1.214,0.0545,0.127435,0.143272,0.0,0.279531,True,False,VALIDATION_CANDIDATE,1.0.0
season=2023,ALL,ALL,O35,DRAW,Over 3.5,Draw,7162,459,0.279531,0.263893,0.064088,0.073766,0.8688,-0.968,-0.0489,0.058647,0.069997,0.0,0.263893,True,False,VALIDATION_CANDIDATE,1.0.0
season=2023,ALL,ALL,O35,AWAY,Over 3.5,Away win,7162,575,0.279531,0.296007,0.080285,0.082743,0.9703,-0.246,-0.012,0.074214,0.086806,0.0,0.279531,True,True,VALIDATION_CANDIDATE,1.0.0
season=2023,ALL,ALL,O35,1X,Over 3.5,Home or draw,7162,1427,0.279531,0.703993,0.199246,0.196788,1.0125,0.246,0.012,0.190157,0.208657,0.0,0.279531,True,True,VALIDATION_CANDIDATE,1.0.0
season=2023,ALL,ALL,O35,X2,Over 3.5,Draw or away,7162,1034,0.279531,0.559899,0.144373,0.156509,0.9225,-1.214,-0.0545,0.136424,0.152704,0.0,0.279531,True,False,VALIDATION_CANDIDATE,1.0.0
season=2023,ALL,ALL,O35,12,Over 3.5,Home or away,7162,1543,0.279531,0.736107,0.215443,0.205765,1.047,0.968,0.0489,0.206075,0.225116,0.015638,0.279531,True,False,VALIDATION_CANDIDATE,1.0.0
season=2023,ALL,ALL,U35,BTTS,Under 3.5,BTTS Yes,7162,2016,0.720469,0.525552,0.281486,0.378644,0.7434,-9.716,-0.4336,0.271189,0.292016,0.246021,0.525552,True,False,VALIDATION_CANDIDATE,1.0.0
season=2023,ALL,ALL,U35,BTTS_NO,Under 3.5,BTTS No,7162,3144,0.720469,0.474448,0.438984,0.341825,1.2842,9.716,0.4336,0.427526,0.450507,0.194918,0.474448,True,False,VALIDATION_CANDIDATE,1.0.0
season=2023,ALL,ALL,U35,HOME,Under 3.5,Home win,7162,2184,0.720469,0.440101,0.304943,0.317079,0.9617,-1.214,-0.0545,0.294387,0.315707,0.16057,0.440101,True,False,VALIDATION_CANDIDATE,1.0.0
season=2023,ALL,ALL,U35,DRAW,Under 3.5,Draw,7162,1431,0.720469,0.263893,0.199805,0.190127,1.0509,0.968,0.0489,0.190706,0.209225,0.0,0.263893,True,False,VALIDATION_CANDIDATE,1.0.0
season=2023,ALL,ALL,U35,AWAY,Under 3.5,Away win,7162,1545,0.720469,0.296007,0.215722,0.213264,1.0115,0.246,0.012,0.206349,0.225399,0.016476,0.296007,True,True,VALIDATION_CANDIDATE,1.0.0
season=2023,ALL,ALL,U35,1X,Under 3.5,Home or draw,7162,3615,0.720469,0.703993,0.504747,0.507205,0.9952,-0.246,-0.012,0.493168,0.516321,0.424462,0.703993,True,True,VALIDATION_CANDIDATE,1.0.0
season=2023,ALL,ALL,U35,X2,Under 3.5,Draw or away,7162,2976,0.720469,0.559899,0.415526,0.40339,1.0301,1.214,0.0545,0.404161,0.426982,0.280369,0.559899,True,False,VALIDATION_CANDIDATE,1.0.0
season=2023,ALL,ALL,U35,12,Under 3.5,Home or away,7162,3729,0.720469,0.736107,0.520665,0.530343,0.9818,-0.968,-0.0489,0.509087,0.532221,0.456576,0.720469,True,True,VALIDATION_CANDIDATE,1.0.0
season=2023,ALL,ALL,BTTS,HOME,BTTS Yes,Home win,7162,1428,0.525552,0.440101,0.199386,0.231296,0.862,-3.191,-0.1287,0.190295,0.208799,0.0,0.440101,True,False,VALIDATION_CANDIDATE,1.0.0
season=2023,ALL,ALL,BTTS,DRAW,BTTS Yes,Draw,7162,1334,0.525552,0.263893,0.186261,0.138689,1.343,4.757,0.2162,0.177413,0.195445,0.0,0.263893,True,False,VALIDATION_CANDIDATE,1.0.0
season=2023,ALL,ALL,BTTS,AWAY,BTTS Yes,Away win,7162,1002,0.525552,0.296007,0.139905,0.155567,0.8993,-1.566,-0.0687,0.132064,0.148132,0.0,0.296007,True,False,VALIDATION_CANDIDATE,1.0.0
season=2023,ALL,ALL,BTTS,1X,BTTS Yes,Home or draw,7162,2762,0.525552,0.703993,0.385646,0.369985,1.0423,1.566,0.0687,0.374438,0.396978,0.229545,0.525552,True,False,VALIDATION_CANDIDATE,1.0.0
season=2023,ALL,ALL,BTTS,X2,BTTS Yes,Draw or away,7162,2336,0.525552,0.559899,0.326166,0.294256,1.1084,3.191,0.1287,0.315404,0.337114,0.085451,0.525552,True,False,VALIDATION_CANDIDATE,1.0.0
season=2023,ALL,ALL,BTTS,12,BTTS Yes,Home or away,7162,2430,0.525552,0.736107,0.339291,0.386862,0.877,-4.757,-0.2162,0.328414,0.35034,0.261659,0.525552,True,False,VALIDATION_CANDIDATE,1.0.0
season=2023,ALL,ALL,BTTS_NO,HOME,BTTS No,Home win,7162,1724,0.474448,0.440101,0.240715,0.208805,1.1528,3.191,0.1287,0.230954,0.250754,0.0,0.440101,True,False,VALIDATION_CANDIDATE,1.0.0
season=2023,ALL,ALL,BTTS_NO,DRAW,BTTS No,Draw,7162,556,0.474448,0.263893,0.077632,0.125204,0.62,-4.757,-0.2162,0.071658,0.084058,0.0,0.263893,True,False,VALIDATION_CANDIDATE,1.0.0
season=2023,ALL,ALL,BTTS_NO,AWAY,BTTS No,Away win,7162,1118,0.474448,0.296007,0.156102,0.14044,1.1115,1.566,0.0687,0.14788,0.164692,0.0,0.296007,True,False,VALIDATION_CANDIDATE,1.0.0
season=2023,ALL,ALL,BTTS_NO,1X,BTTS No,Home or draw,7162,2280,0.474448,0.703993,0.318347,0.334009,0.9531,-1.566,-0.0687,0.307658,0.329231,0.178442,0.474448,True,False,VALIDATION_CANDIDATE,1.0.0
season=2023,ALL,ALL,BTTS_NO,X2,BTTS No,Draw or away,7162,1674,0.474448,0.559899,0.233734,0.265643,0.8799,-3.191,-0.1287,0.224076,0.243676,0.034348,0.474448,True,False,VALIDATION_CANDIDATE,1.0.0
season=2023,ALL,ALL,BTTS_NO,12,BTTS No,Home or away,7162,2842,0.474448,0.736107,0.396817,0.349245,1.1362,4.757,0.2162,0.385544,0.4082,0.210556,0.474448,True,False,VALIDATION_CANDIDATE,1.0.0
season=2023,ALL,ALL,1X,X2,Home or draw,Draw or away,7162,1890,0.703993,0.559899,0.263893,0.394165,0.6695,-13.027,-0.5749,0.253814,0.274225,0.263893,0.559899,True,False,VALIDATION_CANDIDATE,1.0.0
season=2023,ALL,ALL,1X,12,Home or draw,Home or away,7162,3152,0.703993,0.736107,0.440101,0.518215,0.8493,-7.811,-0.3882,0.428639,0.451626,0.440101,0.703993,True,False,VALIDATION_CANDIDATE,1.0.0
season=2023,ALL,ALL,X2,12,Draw or away,Home or away,7162,2120,0.559899,0.736107,0.296007,0.412146,0.7182,-11.614,-0.5308,0.285546,0.306686,0.296007,0.559899,True,False,VALIDATION_CANDIDATE,1.0.0
season=2024,ALL,ALL,O15,U25,Over 1.5,Under 2.5,7030,1665,0.732717,0.504125,0.236842,0.369381,0.6412,-13.254,-0.599,0.227049,0.246923,0.236842,0.504125,True,False,VALIDATION_CANDIDATE,1.0.0
season=2024,ALL,ALL,O15,U35,Over 1.5,Under 3.5,7030,3260,0.732717,0.73101,0.463727,0.535623,0.8658,-7.19,-0.3664,0.452092,0.475401,0.463727,0.73101,True,False,VALIDATION_CANDIDATE,1.0.0
season=2024,ALL,ALL,O15,BTTS_NO,Over 1.5,BTTS No,7030,1431,0.732717,0.470839,0.203556,0.344992,0.59,-14.144,-0.6403,0.194307,0.213129,0.203556,0.470839,True,False,VALIDATION_CANDIDATE,1.0.0
season=2024,ALL,ALL,O15,HOME,Over 1.5,Home win,7030,2327,0.732717,0.438549,0.33101,0.321332,1.0301,0.968,0.0441,0.320104,0.3421,0.171266,0.438549,True,True,VALIDATION_CANDIDATE,1.0.0
season=2024,ALL,ALL,O15,DRAW,Over 1.5,Draw,7030,1306,0.732717,0.266145,0.185775,0.195009,0.9526,-0.923,-0.0472,0.176856,0.195038,0.0,0.266145,True,True,VALIDATION_CANDIDATE,1.0.0
season=2024,ALL,ALL,O15,AWAY,Over 1.5,Away win,7030,1518,0.732717,0.295306,0.215932,0.216376,0.9979,-0.044,-0.0022,0.20647,0.225704,0.028023,0.295306,True,True,VALIDATION_CANDIDATE,1.0.0
season=2024,ALL,ALL,O15,1X,Over 1.5,Home or draw,7030,3633,0.732717,0.704694,0.516785,0.516341,1.0009,0.044,0.0022,0.505098,0.528454,0.437411,0.704694,True,True,VALIDATION_CANDIDATE,1.0.0
season=2024,ALL,ALL,O15,X2,Over 1.5,Draw or away,7030,2824,0.732717,0.561451,0.401707,0.411385,0.9765,-0.968,-0.0441,0.390304,0.413218,0.294168,0.561451,True,True,VALIDATION_CANDIDATE,1.0.0
season=2024,ALL,ALL,O15,12,Over 1.5,Home or away,7030,3845,0.732717,0.733855,0.546942,0.537708,1.0172,0.923,0.0472,0.535283,0.558549,0.466572,0.732717,True,True,VALIDATION_CANDIDATE,1.0.0
season=2024,ALL,ALL,U15,HOME,Under 1.5,Home win,7030,756,0.267283,0.438549,0.107539,0.117217,0.9174,-0.968,-0.0441,0.10051,0.114997,0.0,0.267283,True,False,VALIDATION_CANDIDATE,1.0.0
season=2024,ALL,ALL,U15,DRAW,Under 1.5,Draw,7030,565,0.267283,0.266145,0.08037,0.071136,1.1298,0.923,0.0472,0.074241,0.086957,0.0,0.266145,True,False,VALIDATION_CANDIDATE,1.0.0
season=2024,ALL,ALL,U15,AWAY,Under 1.5,Away win,7030,558,0.267283,0.295306,0.079374,0.07893,1.0056,0.044,0.0022,0.073282,0.085925,0.0,0.267283,True,True,VALIDATION_CANDIDATE,1.0.0
season=2024,ALL,ALL,U15,1X,Under 1.5,Home or draw,7030,1321,0.267283,0.704694,0.187909,0.188353,0.9976,-0.044,-0.0022,0.178949,0.19721,0.0,0.267283,True,True,VALIDATION_CANDIDATE,1.0.0
season=2024,ALL,ALL,U15,X2,Under 1.5,Draw or away,7030,1123,0.267283,0.561451,0.159744,0.150066,1.0645,0.968,0.0441,0.151366,0.168494,0.0,0.267283,True,False,VALIDATION_CANDIDATE,1.0.0
season=2024,ALL,ALL,U15,12,Under 1.5,Home or away,7030,1314,0.267283,0.733855,0.186913,0.196147,0.9529,-0.923,-0.0472,0.177972,0.196196,0.001138,0.267283,True,True,VALIDATION_CANDIDATE,1.0.0
season=2024,ALL,ALL,O25,U35,Over 2.5,Under 3.5,7030,1595,0.495875,0.73101,0.226885,0.362489,0.6259,-13.56,-0.6116,0.217245,0.236823,0.226885,0.495875,True,False,VALIDATION_CANDIDATE,1.0.0
season=2024,ALL,ALL,O25,BTTS,Over 2.5,BTTS Yes,7030,2871,0.495875,0.529161,0.408393,0.262397,1.5564,14.6,0.585,0.396955,0.41993,0.025036,0.495875,True,False,VALIDATION_CANDIDATE,1.0.0
season=2024,ALL,ALL,O25,BTTS_NO,Over 2.5,BTTS No,7030,615,0.495875,0.470839,0.087482,0.233477,0.3747,-14.6,-0.585,0.081101,0.094314,0.0,0.470839,True,False,VALIDATION_CANDIDATE,1.0.0
season=2024,ALL,ALL,O25,HOME,Over 2.5,Home win,7030,1835,0.495875,0.438549,0.261024,0.217465,1.2003,4.356,0.1756,0.25089,0.271419,0.0,0.438549,True,False,VALIDATION_CANDIDATE,1.0.0
season=2024,ALL,ALL,O25,DRAW,Over 2.5,Draw,7030,457,0.495875,0.266145,0.065007,0.131975,0.4926,-6.697,-0.3031,0.059478,0.071011,0.0,0.266145,True,False,VALIDATION_CANDIDATE,1.0.0
season=2024,ALL,ALL,O25,AWAY,Over 2.5,Away win,7030,1194,0.495875,0.295306,0.169844,0.146435,1.1599,2.341,0.1026,0.161247,0.178801,0.0,0.295306,True,False,VALIDATION_CANDIDATE,1.0.0
season=2024,ALL,ALL,O25,1X,Over 2.5,Home or draw,7030,2292,0.495875,0.704694,0.326031,0.34944,0.933,-2.341,-0.1026,0.315171,0.337082,0.200569,0.495875,True,False,VALIDATION_CANDIDATE,1.0.0
season=2024,ALL,ALL,O25,X2,Over 2.5,Draw or away,7030,1651,0.495875,0.561451,0.234851,0.278409,0.8435,-4.356,-0.1756,0.225088,0.244903,0.057326,0.495875,True,False,VALIDATION_CANDIDATE,1.0.0
season=2024,ALL,ALL,O25,12,Over 2.5,Home or away,7030,3029,0.495875,0.733855,0.430868,0.3639,1.184,6.697,0.3031,0.419333,0.442478,0.22973,0.495875,True,False,VALIDATION_CANDIDATE,1.0.0
season=2024,ALL,ALL,U25,BTTS,Under 2.5,BTTS Yes,7030,849,0.504125,0.529161,0.120768,0.266763,0.4527,-14.6,-0.585,0.113357,0.128593,0.033286,0.504125,True,False,VALIDATION_CANDIDATE,1.0.0
season=2024,ALL,ALL,U25,BTTS_NO,Under 2.5,BTTS No,7030,2695,0.504125,0.470839,0.383357,0.237362,1.6151,14.6,0.585,0.372058,0.394784,0.0,0.470839,True,False,VALIDATION_CANDIDATE,1.0.0
season=2024,ALL,ALL,U25,HOME,Under 2.5,Home win,7030,1248,0.504125,0.438549,0.177525,0.221084,0.803,-4.356,-0.1756,0.168769,0.186633,0.0,0.438549,True,False,VALIDATION_CANDIDATE,1.0.0
season=2024,ALL,ALL,U25,DRAW,Under 2.5,Draw,7030,1414,0.504125,0.266145,0.201138,0.13417,1.4991,6.697,0.3031,0.191932,0.210671,0.0,0.266145,True,False,VALIDATION_CANDIDATE,1.0.0
season=2024,ALL,ALL,U25,AWAY,Under 2.5,Away win,7030,882,0.504125,0.295306,0.125462,0.148871,0.8428,-2.341,-0.1026,0.117923,0.133411,0.0,0.295306,True,False,VALIDATION_CANDIDATE,1.0.0
season=2024,ALL,ALL,U25,1X,Under 2.5,Home or draw,7030,2662,0.504125,0.704694,0.378663,0.355254,1.0659,2.341,0.1026,0.367393,0.390065,0.208819,0.504125,True,False,VALIDATION_CANDIDATE,1.0.0
season=2024,ALL,ALL,U25,X2,Under 2.5,Draw or away,7030,2296,0.504125,0.561451,0.3266,0.283042,1.1539,4.356,0.1756,0.315735,0.337655,0.065576,0.504125,True,False,VALIDATION_CANDIDATE,1.0.0
season=2024,ALL,ALL,U25,12,Under 2.5,Home or away,7030,2130,0.504125,0.733855,0.302987,0.369955,0.819,-6.697,-0.3031,0.292355,0.313835,0.23798,0.504125,True,False,VALIDATION_CANDIDATE,1.0.0
season=2024,ALL,ALL,O35,BTTS,Over 3.5,BTTS Yes,7030,1668,0.26899,0.529161,0.237269,0.142339,1.6669,9.493,0.4289,0.227469,0.247355,0.0,0.26899,True,False,VALIDATION_CANDIDATE,1.0.0
season=2024,ALL,ALL,O35,BTTS_NO,Over 3.5,BTTS No,7030,223,0.26899,0.470839,0.031721,0.126651,0.2505,-9.493,-0.4289,0.027873,0.036081,0.0,0.26899,True,False,VALIDATION_CANDIDATE,1.0.0
season=2024,ALL,ALL,O35,HOME,Over 3.5,Home win,7030,885,0.26899,0.438549,0.125889,0.117965,1.0672,0.792,0.036,0.118338,0.133848,0.0,0.26899,True,False,VALIDATION_CANDIDATE,1.0.0
season=2024,ALL,ALL,O35,DRAW,Over 3.5,Draw,7030,457,0.26899,0.266145,0.065007,0.07159,0.908,-0.658,-0.0336,0.059478,0.071011,0.0,0.266145,True,False,VALIDATION_CANDIDATE,1.0.0
season=2024,ALL,ALL,O35,AWAY,Over 3.5,Away win,7030,549,0.26899,0.295306,0.078094,0.079434,0.9831,-0.134,-0.0066,0.072049,0.084599,0.0,0.26899,True,True,VALIDATION_CANDIDATE,1.0.0
season=2024,ALL,ALL,O35,1X,Over 3.5,Home or draw,7030,1342,0.26899,0.704694,0.190896,0.189556,1.0071,0.134,0.0066,0.181879,0.200251,0.0,0.26899,True,True,VALIDATION_CANDIDATE,1.0.0
season=2024,ALL,ALL,O35,X2,Over 3.5,Draw or away,7030,1006,0.26899,0.561451,0.143101,0.151025,0.9475,-0.792,-0.036,0.13511,0.151482,0.0,0.26899,True,True,VALIDATION_CANDIDATE,1.0.0
season=2024,ALL,ALL,O35,12,Over 3.5,Home or away,7030,1434,0.26899,0.733855,0.203983,0.1974,1.0333,0.658,0.0336,0.194726,0.213563,0.002845,0.26899,True,True,VALIDATION_CANDIDATE,1.0.0
season=2024,ALL,ALL,U35,BTTS,Under 3.5,BTTS Yes,7030,2052,0.73101,0.529161,0.291892,0.386822,0.7546,-9.493,-0.4289,0.28138,0.302631,0.260171,0.529161,True,False,VALIDATION_CANDIDATE,1.0.0
season=2024,ALL,ALL,U35,BTTS_NO,Under 3.5,BTTS No,7030,3087,0.73101,0.470839,0.439118,0.344188,1.2758,9.493,0.4289,0.427553,0.450749,0.201849,0.470839,True,False,VALIDATION_CANDIDATE,1.0.0
season=2024,ALL,ALL,U35,HOME,Under 3.5,Home win,7030,2198,0.73101,0.438549,0.31266,0.320584,0.9753,-0.792,-0.036,0.301928,0.323597,0.169559,0.438549,True,True,VALIDATION_CANDIDATE,1.0.0
season=2024,ALL,ALL,U35,DRAW,Under 3.5,Draw,7030,1414,0.73101,0.266145,0.201138,0.194555,1.0338,0.658,0.0336,0.191932,0.210671,0.0,0.266145,True,True,VALIDATION_CANDIDATE,1.0.0
season=2024,ALL,ALL,U35,AWAY,Under 3.5,Away win,7030,1527,0.73101,0.295306,0.217212,0.215872,1.0062,0.134,0.0066,0.207729,0.227004,0.026316,0.295306,True,True,VALIDATION_CANDIDATE,1.0.0
season=2024,ALL,ALL,U35,1X,Under 3.5,Home or draw,7030,3612,0.73101,0.704694,0.513798,0.515138,0.9974,-0.134,-0.0066,0.50211,0.525471,0.435704,0.704694,True,True,VALIDATION_CANDIDATE,1.0.0
season=2024,ALL,ALL,U35,X2,Under 3.5,Draw or away,7030,2941,0.73101,0.561451,0.41835,0.410426,1.0193,0.792,0.036,0.406866,0.429923,0.292461,0.561451,True,True,VALIDATION_CANDIDATE,1.0.0
season=2024,ALL,ALL,U35,12,Under 3.5,Home or away,7030,3725,0.73101,0.733855,0.529872,0.536455,0.9877,-0.658,-0.0336,0.518191,0.54152,0.464865,0.73101,True,True,VALIDATION_CANDIDATE,1.0.0
season=2024,ALL,ALL,BTTS,HOME,BTTS Yes,Home win,7030,1421,0.529161,0.438549,0.202134,0.232063,0.871,-2.993,-0.1208,0.19291,0.211683,0.0,0.438549,True,False,VALIDATION_CANDIDATE,1.0.0
season=2024,ALL,ALL,BTTS,DRAW,BTTS Yes,Draw,7030,1306,0.529161,0.266145,0.185775,0.140834,1.3191,4.494,0.2037,0.176856,0.195038,0.0,0.266145,True,False,VALIDATION_CANDIDATE,1.0.0
season=2024,ALL,ALL,BTTS,AWAY,BTTS Yes,Away win,7030,993,0.529161,0.295306,0.141252,0.156264,0.9039,-1.501,-0.0659,0.133306,0.149589,0.0,0.295306,True,False,VALIDATION_CANDIDATE,1.0.0
season=2024,ALL,ALL,BTTS,1X,BTTS Yes,Home or draw,7030,2727,0.529161,0.704694,0.387909,0.372896,1.0403,1.501,0.0659,0.376582,0.399358,0.233855,0.529161,True,False,VALIDATION_CANDIDATE,1.0.0
season=2024,ALL,ALL,BTTS,X2,BTTS Yes,Draw or away,7030,2299,0.529161,0.561451,0.327027,0.297098,1.1007,2.993,0.1208,0.316158,0.338085,0.090612,0.529161,True,False,VALIDATION_CANDIDATE,1.0.0
season=2024,ALL,ALL,BTTS,12,BTTS Yes,Home or away,7030,2414,0.529161,0.733855,0.343385,0.388327,0.8843,-4.494,-0.2037,0.332374,0.354568,0.263016,0.529161,True,False,VALIDATION_CANDIDATE,1.0.0
season=2024,ALL,ALL,BTTS_NO,HOME,BTTS No,Home win,7030,1662,0.470839,0.438549,0.236415,0.206486,1.1449,2.993,0.1208,0.226629,0.24649,0.0,0.438549,True,False,VALIDATION_CANDIDATE,1.0.0
season=2024,ALL,ALL,BTTS_NO,DRAW,BTTS No,Draw,7030,565,0.470839,0.266145,0.08037,0.125312,0.6414,-4.494,-0.2037,0.074241,0.086957,0.0,0.266145,True,False,VALIDATION_CANDIDATE,1.0.0
season=2024,ALL,ALL,BTTS_NO,AWAY,BTTS No,Away win,7030,1083,0.470839,0.295306,0.154054,0.139042,1.108,1.501,0.0659,0.145804,0.162682,0.0,0.295306,True,False,VALIDATION_CANDIDATE,1.0.0
season=2024,ALL,ALL,BTTS_NO,1X,BTTS No,Home or draw,7030,2227,0.470839,0.704694,0.316785,0.331798,0.9548,-1.501,-0.0659,0.306013,0.327758,0.175533,0.470839,True,False,VALIDATION_CANDIDATE,1.0.0
season=2024,ALL,ALL,BTTS_NO,X2,BTTS No,Draw or away,7030,1648,0.470839,0.561451,0.234424,0.264353,0.8868,-2.993,-0.1208,0.224667,0.24447,0.03229,0.470839,True,False,VALIDATION_CANDIDATE,1.0.0
season=2024,ALL,ALL,BTTS_NO,12,BTTS No,Home or away,7030,2745,0.470839,0.733855,0.390469,0.345528,1.1301,4.494,0.2037,0.379128,0.401931,0.204694,0.470839,True,False,VALIDATION_CANDIDATE,1.0.0
season=2024,ALL,ALL,1X,X2,Home or draw,Draw or away,7030,1871,0.704694,0.561451,0.266145,0.395651,0.6727,-12.951,-0.5721,0.255944,0.276602,0.266145,0.561451,True,False,VALIDATION_CANDIDATE,1.0.0
season=2024,ALL,ALL,1X,12,Home or draw,Home or away,7030,3083,0.704694,0.733855,0.438549,0.517143,0.848,-7.859,-0.3898,0.426986,0.450179,0.438549,0.704694,True,False,VALIDATION_CANDIDATE,1.0.0
season=2024,ALL,ALL,X2,12,Draw or away,Home or away,7030,2076,0.561451,0.733855,0.295306,0.412024,0.7167,-11.672,-0.5322,0.284756,0.306079,0.295306,0.561451,True,False,VALIDATION_CANDIDATE,1.0.0
season=2025,ALL,ALL,O15,U25,Over 1.5,Under 2.5,7282,1711,0.742378,0.492584,0.234963,0.365684,0.6425,-13.072,-0.5979,0.225366,0.244839,0.234963,0.492584,True,False,VALIDATION_CANDIDATE,1.0.0
season=2025,ALL,ALL,O15,U35,Over 1.5,Under 3.5,7282,3342,0.742378,0.716561,0.45894,0.53196,0.8627,-7.302,-0.3705,0.447519,0.470404,0.45894,0.716561,True,False,VALIDATION_CANDIDATE,1.0.0
season=2025,ALL,ALL,O15,BTTS_NO,Over 1.5,BTTS No,7282,1503,0.742378,0.464021,0.206399,0.344479,0.5992,-13.808,-0.6331,0.19726,0.215849,0.206399,0.464021,True,False,VALIDATION_CANDIDATE,1.0.0
season=2025,ALL,ALL,O15,HOME,Over 1.5,Home win,7282,2421,0.742378,0.441637,0.332464,0.327862,1.014,0.46,0.0212,0.321734,0.34337,0.184015,0.441637,True,True,VALIDATION_CANDIDATE,1.0.0
season=2025,ALL,ALL,O15,DRAW,Over 1.5,Draw,7282,1350,0.742378,0.257759,0.185389,0.191355,0.9688,-0.597,-0.0312,0.17663,0.19448,0.000137,0.257759,True,True,VALIDATION_CANDIDATE,1.0.0
season=2025,ALL,ALL,O15,AWAY,Over 1.5,Away win,7282,1635,0.742378,0.300604,0.224526,0.223162,1.0061,0.136,0.0068,0.215089,0.234254,0.042983,0.300604,True,True,VALIDATION_CANDIDATE,1.0.0
season=2025,ALL,ALL,O15,1X,Over 1.5,Home or draw,7282,3771,0.742378,0.699396,0.517852,0.519216,0.9974,-0.136,-0.0068,0.506369,0.529317,0.441774,0.699396,True,True,VALIDATION_CANDIDATE,1.0.0
season=2025,ALL,ALL,O15,X2,Over 1.5,Draw or away,7282,2985,0.742378,0.558363,0.409915,0.414517,0.9889,-0.46,-0.0212,0.398669,0.421256,0.300742,0.558363,True,True,VALIDATION_CANDIDATE,1.0.0
season=2025,ALL,ALL,O15,12,Over 1.5,Home or away,7282,4056,0.742378,0.742241,0.55699,0.551024,1.0108,0.597,0.0312,0.545553,0.568366,0.48462,0.742241,True,True,VALIDATION_CANDIDATE,1.0.0
season=2025,ALL,ALL,U15,HOME,Under 1.5,Home win,7282,795,0.257622,0.441637,0.109173,0.113775,0.9596,-0.46,-0.0212,0.102215,0.116543,0.0,0.257622,True,True,VALIDATION_CANDIDATE,1.0.0
season=2025,ALL,ALL,U15,DRAW,Under 1.5,Draw,7282,527,0.257622,0.257759,0.07237,0.066404,1.0898,0.597,0.0312,0.066642,0.07855,0.0,0.257622,True,False,VALIDATION_CANDIDATE,1.0.0
season=2025,ALL,ALL,U15,AWAY,Under 1.5,Away win,7282,554,0.257622,0.300604,0.076078,0.077442,0.9824,-0.136,-0.0068,0.07021,0.082393,0.0,0.257622,True,True,VALIDATION_CANDIDATE,1.0.0
season=2025,ALL,ALL,U15,1X,Under 1.5,Home or draw,7282,1322,0.257622,0.699396,0.181544,0.180179,1.0076,0.136,0.0068,0.172859,0.190564,0.0,0.257622,True,True,VALIDATION_CANDIDATE,1.0.0
season=2025,ALL,ALL,U15,X2,Under 1.5,Draw or away,7282,1081,0.257622,0.558363,0.148448,0.143846,1.032,0.46,0.0212,0.140467,0.1568,0.0,0.257622,True,True,VALIDATION_CANDIDATE,1.0.0
season=2025,ALL,ALL,U15,12,Under 1.5,Home or away,7282,1349,0.257622,0.742241,0.185251,0.191217,0.9688,-0.597,-0.0312,0.176495,0.19434,0.0,0.257622,True,True,VALIDATION_CANDIDATE,1.0.0
season=2025,ALL,ALL,O25,U35,Over 2.5,Under 3.5,7282,1631,0.507416,0.716561,0.223977,0.363594,0.616,-13.962,-0.6197,0.214548,0.233697,0.223977,0.507416,True,False,VALIDATION_CANDIDATE,1.0.0
season=2025,ALL,ALL,O25,BTTS,Over 2.5,BTTS Yes,7282,3013,0.507416,0.535979,0.41376,0.271964,1.5214,14.18,0.5687,0.402496,0.425115,0.043395,0.507416,True,False,VALIDATION_CANDIDATE,1.0.0
season=2025,ALL,ALL,O25,BTTS_NO,Over 2.5,BTTS No,7282,682,0.507416,0.464021,0.093656,0.235451,0.3978,-14.18,-0.5687,0.087176,0.100563,0.0,0.464021,True,False,VALIDATION_CANDIDATE,1.0.0
season=2025,ALL,ALL,O25,HOME,Over 2.5,Home win,7282,1931,0.507416,0.441637,0.265174,0.224093,1.1833,4.108,0.1655,0.255161,0.275435,0.0,0.441637,True,False,VALIDATION_CANDIDATE,1.0.0
season=2025,ALL,ALL,O25,DRAW,Over 2.5,Draw,7282,460,0.507416,0.257759,0.063169,0.130791,0.483,-6.762,-0.3092,0.057809,0.068991,0.0,0.257759,True,False,VALIDATION_CANDIDATE,1.0.0
season=2025,ALL,ALL,O25,AWAY,Over 2.5,Away win,7282,1304,0.507416,0.300604,0.179072,0.152531,1.174,2.654,0.1158,0.170435,0.188047,0.0,0.300604,True,False,VALIDATION_CANDIDATE,1.0.0
season=2025,ALL,ALL,O25,1X,Over 2.5,Home or draw,7282,2391,0.507416,0.699396,0.328344,0.354884,0.9252,-2.654,-0.1158,0.317651,0.339218,0.206811,0.507416,True,False,VALIDATION_CANDIDATE,1.0.0
season=2025,ALL,ALL,O25,X2,Over 2.5,Draw or away,7282,1764,0.507416,0.558363,0.242241,0.283322,0.855,-4.108,-0.1655,0.232538,0.252216,0.065779,0.507416,True,False,VALIDATION_CANDIDATE,1.0.0
season=2025,ALL,ALL,O25,12,Over 2.5,Home or away,7282,3235,0.507416,0.742241,0.444246,0.376625,1.1795,6.762,0.3092,0.432866,0.455685,0.249657,0.507416,True,False,VALIDATION_CANDIDATE,1.0.0
season=2025,ALL,ALL,U25,BTTS,Under 2.5,BTTS Yes,7282,890,0.492584,0.535979,0.122219,0.264015,0.4629,-14.18,-0.5687,0.114895,0.129942,0.028564,0.492584,True,False,VALIDATION_CANDIDATE,1.0.0
season=2025,ALL,ALL,U25,BTTS_NO,Under 2.5,BTTS No,7282,2697,0.492584,0.464021,0.370365,0.228569,1.6204,14.18,0.5687,0.359345,0.381522,0.0,0.464021,True,False,VALIDATION_CANDIDATE,1.0.0
season=2025,ALL,ALL,U25,HOME,Under 2.5,Home win,7282,1285,0.492584,0.441637,0.176463,0.217543,0.8112,-4.108,-0.1655,0.167878,0.185388,0.0,0.441637,True,False,VALIDATION_CANDIDATE,1.0.0
season=2025,ALL,ALL,U25,DRAW,Under 2.5,Draw,7282,1417,0.492584,0.257759,0.194589,0.126968,1.5326,6.762,0.3092,0.185659,0.203842,0.0,0.257759,True,False,VALIDATION_CANDIDATE,1.0.0
season=2025,ALL,ALL,U25,AWAY,Under 2.5,Away win,7282,885,0.492584,0.300604,0.121533,0.148073,0.8208,-2.654,-0.1158,0.114227,0.129238,0.0,0.300604,True,False,VALIDATION_CANDIDATE,1.0.0
season=2025,ALL,ALL,U25,1X,Under 2.5,Home or draw,7282,2702,0.492584,0.699396,0.371052,0.344511,1.077,2.654,0.1158,0.360027,0.382213,0.19198,0.492584,True,False,VALIDATION_CANDIDATE,1.0.0
season=2025,ALL,ALL,U25,X2,Under 2.5,Draw or away,7282,2302,0.492584,0.558363,0.316122,0.275041,1.1494,4.108,0.1655,0.305542,0.326896,0.050948,0.492584,True,False,VALIDATION_CANDIDATE,1.0.0
season=2025,ALL,ALL,U25,12,Under 2.5,Home or away,7282,2170,0.492584,0.742241,0.297995,0.365616,0.815,-6.762,-0.3092,0.287599,0.308605,0.234826,0.492584,True,False,VALIDATION_CANDIDATE,1.0.0
season=2025,ALL,ALL,O35,BTTS,Over 3.5,BTTS Yes,7282,1815,0.283439,0.535979,0.249245,0.151917,1.6407,9.733,0.433,0.239443,0.259311,0.0,0.283439,True,False,VALIDATION_CANDIDATE,1.0.0
season=2025,ALL,ALL,O35,BTTS_NO,Over 3.5,BTTS No,7282,249,0.283439,0.464021,0.034194,0.131521,0.26,-9.733,-0.433,0.030259,0.03862,0.0,0.283439,True,False,VALIDATION_CANDIDATE,1.0.0
season=2025,ALL,ALL,O35,HOME,Over 3.5,Home win,7282,973,0.283439,0.441637,0.133617,0.125177,1.0674,0.844,0.0377,0.125995,0.141625,0.0,0.283439,True,False,VALIDATION_CANDIDATE,1.0.0
season=2025,ALL,ALL,O35,DRAW,Over 3.5,Draw,7282,460,0.283439,0.257759,0.063169,0.073059,0.8646,-0.989,-0.0502,0.057809,0.068991,0.0,0.257759,True,False,VALIDATION_CANDIDATE,1.0.0
season=2025,ALL,ALL,O35,AWAY,Over 3.5,Away win,7282,631,0.283439,0.300604,0.086652,0.085203,1.017,0.145,0.007,0.080406,0.093334,0.0,0.283439,True,True,VALIDATION_CANDIDATE,1.0.0
season=2025,ALL,ALL,O35,1X,Over 3.5,Home or draw,7282,1433,0.283439,0.699396,0.196787,0.198236,0.9927,-0.145,-0.007,0.187816,0.206077,0.0,0.283439,True,True,VALIDATION_CANDIDATE,1.0.0
season=2025,ALL,ALL,O35,X2,Over 3.5,Draw or away,7282,1091,0.283439,0.558363,0.149821,0.158262,0.9467,-0.844,-0.0377,0.141809,0.158203,0.0,0.283439,True,False,VALIDATION_CANDIDATE,1.0.0
season=2025,ALL,ALL,O35,12,Over 3.5,Home or away,7282,1604,0.283439,0.742241,0.220269,0.21038,1.047,0.989,0.0502,0.210899,0.229934,0.02568,0.283439,True,False,VALIDATION_CANDIDATE,1.0.0
season=2025,ALL,ALL,U35,BTTS,Under 3.5,BTTS Yes,7282,2088,0.716561,0.535979,0.286734,0.384062,0.7466,-9.733,-0.433,0.276462,0.297232,0.252541,0.535979,True,False,VALIDATION_CANDIDATE,1.0.0
season=2025,ALL,ALL,U35,BTTS_NO,Under 3.5,BTTS No,7282,3130,0.716561,0.464021,0.429827,0.332499,1.2927,9.733,0.433,0.418496,0.441232,0.180582,0.464021,True,False,VALIDATION_CANDIDATE,1.0.0
season=2025,ALL,ALL,U35,HOME,Under 3.5,Home win,7282,2243,0.716561,0.441637,0.30802,0.31646,0.9733,-0.844,-0.0377,0.297519,0.318723,0.158198,0.441637,True,True,VALIDATION_CANDIDATE,1.0.0
season=2025,ALL,ALL,U35,DRAW,Under 3.5,Draw,7282,1417,0.716561,0.257759,0.194589,0.1847,1.0535,0.989,0.0502,0.185659,0.203842,0.0,0.257759,True,False,VALIDATION_CANDIDATE,1.0.0
season=2025,ALL,ALL,U35,AWAY,Under 3.5,Away win,7282,1558,0.716561,0.300604,0.213952,0.215401,0.9933,-0.145,-0.007,0.204685,0.223521,0.017166,0.300604,True,True,VALIDATION_CANDIDATE,1.0.0
season=2025,ALL,ALL,U35,1X,Under 3.5,Home or draw,7282,3660,0.716561,0.699396,0.502609,0.50116,1.0029,0.145,0.007,0.491127,0.514089,0.415957,0.699396,True,True,VALIDATION_CANDIDATE,1.0.0
season=2025,ALL,ALL,U35,X2,Under 3.5,Draw or away,7282,2975,0.716561,0.558363,0.408542,0.400101,1.0211,0.844,0.0377,0.397302,0.419877,0.274924,0.558363,True,True,VALIDATION_CANDIDATE,1.0.0
season=2025,ALL,ALL,U35,12,Under 3.5,Home or away,7282,3801,0.716561,0.742241,0.521972,0.531861,0.9814,-0.989,-0.0502,0.51049,0.53343,0.458803,0.716561,True,True,VALIDATION_CANDIDATE,1.0.0
season=2025,ALL,ALL,BTTS,HOME,BTTS Yes,Home win,7282,1481,0.535979,0.441637,0.203378,0.236708,0.8592,-3.333,-0.1346,0.194291,0.212779,0.0,0.441637,True,False,VALIDATION_CANDIDATE,1.0.0
season=2025,ALL,ALL,BTTS,DRAW,BTTS Yes,Draw,7282,1350,0.535979,0.257759,0.185389,0.138153,1.3419,4.724,0.2165,0.17663,0.19448,0.0,0.257759,True,False,VALIDATION_CANDIDATE,1.0.0
season=2025,ALL,ALL,BTTS,AWAY,BTTS Yes,Away win,7282,1072,0.535979,0.300604,0.147212,0.161118,0.9137,-1.391,-0.0608,0.13926,0.155536,0.0,0.300604,True,False,VALIDATION_CANDIDATE,1.0.0
season=2025,ALL,ALL,BTTS,1X,BTTS Yes,Home or draw,7282,2831,0.535979,0.699396,0.388767,0.374862,1.0371,1.391,0.0608,0.377632,0.400019,0.235375,0.535979,True,False,VALIDATION_CANDIDATE,1.0.0
season=2025,ALL,ALL,BTTS,X2,BTTS Yes,Draw or away,7282,2422,0.535979,0.558363,0.332601,0.299271,1.1114,3.333,0.1346,0.32187,0.343508,0.094342,0.535979,True,False,VALIDATION_CANDIDATE,1.0.0
season=2025,ALL,ALL,BTTS,12,BTTS Yes,Home or away,7282,2553,0.535979,0.742241,0.35059,0.397826,0.8813,-4.724,-0.2165,0.339712,0.361626,0.27822,0.535979,True,False,VALIDATION_CANDIDATE,1.0.0
season=2025,ALL,ALL,BTTS_NO,HOME,BTTS No,Home win,7282,1735,0.464021,0.441637,0.238259,0.204929,1.1626,3.333,0.1346,0.228613,0.24818,0.0,0.441637,True,False,VALIDATION_CANDIDATE,1.0.0
season=2025,ALL,ALL,BTTS_NO,DRAW,BTTS No,Draw,7282,527,0.464021,0.257759,0.07237,0.119605,0.6051,-4.724,-0.2165,0.066642,0.07855,0.0,0.257759,True,False,VALIDATION_CANDIDATE,1.0.0
season=2025,ALL,ALL,BTTS_NO,AWAY,BTTS No,Away win,7282,1117,0.464021,0.300604,0.153392,0.139487,1.0997,1.391,0.0608,0.145298,0.161852,0.0,0.300604,True,False,VALIDATION_CANDIDATE,1.0.0
season=2025,ALL,ALL,BTTS_NO,1X,BTTS No,Home or draw,7282,2262,0.464021,0.699396,0.310629,0.324534,0.9572,-1.391,-0.0608,0.300102,0.321355,0.163417,0.464021,True,False,VALIDATION_CANDIDATE,1.0.0
season=2025,ALL,ALL,BTTS_NO,X2,BTTS No,Draw or away,7282,1644,0.464021,0.558363,0.225762,0.259092,0.8714,-3.333,-0.1346,0.216305,0.235508,0.022384,0.464021,True,False,VALIDATION_CANDIDATE,1.0.0
season=2025,ALL,ALL,BTTS_NO,12,BTTS No,Home or away,7282,2852,0.464021,0.742241,0.391651,0.344415,1.1371,4.724,0.2165,0.380499,0.402916,0.206262,0.464021,True,False,VALIDATION_CANDIDATE,1.0.0
season=2025,ALL,ALL,1X,X2,Home or draw,Draw or away,7282,1877,0.699396,0.558363,0.257759,0.390517,0.66,-13.276,-0.5831,0.247842,0.267931,0.257759,0.558363,True,False,VALIDATION_CANDIDATE,1.0.0
season=2025,ALL,ALL,1X,12,Home or draw,Home or away,7282,3216,0.699396,0.742241,0.441637,0.51912,0.8507,-7.748,-0.3863,0.430265,0.45307,0.441637,0.699396,True,False,VALIDATION_CANDIDATE,1.0.0
season=2025,ALL,ALL,X2,12,Draw or away,Home or away,7282,2189,0.558363,0.742241,0.300604,0.41444,0.7253,-11.384,-0.5241,0.29018,0.311239,0.300604,0.558363,True,False,VALIDATION_CANDIDATE,1.0.0
season=2026,ALL,ALL,O15,U25,Over 1.5,Under 2.5,2130,514,0.758216,0.483099,0.241315,0.366293,0.6588,-12.498,-0.5841,0.223619,0.259941,0.241315,0.483099,True,False,VALIDATION_CANDIDATE,1.0.0
season=2026,ALL,ALL,O15,U35,Over 1.5,Under 3.5,2130,1009,0.758216,0.715493,0.473709,0.542498,0.8732,-6.879,-0.3561,0.45257,0.494942,0.473709,0.715493,True,False,VALIDATION_CANDIDATE,1.0.0
season=2026,ALL,ALL,O15,BTTS_NO,Over 1.5,BTTS No,2130,453,0.758216,0.45446,0.212676,0.344579,0.6172,-13.19,-0.6187,0.195823,0.230563,0.212676,0.45446,True,False,VALIDATION_CANDIDATE,1.0.0
season=2026,ALL,ALL,O15,HOME,Over 1.5,Home win,2130,749,0.758216,0.453521,0.351643,0.343867,1.0226,0.778,0.0365,0.331649,0.372172,0.211737,0.453521,True,True,VALIDATION_CANDIDATE,1.0.0
season=2026,ALL,ALL,O15,DRAW,Over 1.5,Draw,2130,386,0.758216,0.249296,0.181221,0.18902,0.9587,-0.78,-0.0421,0.16544,0.198149,0.007512,0.249296,True,True,VALIDATION_CANDIDATE,1.0.0
season=2026,ALL,ALL,O15,AWAY,Over 1.5,Away win,2130,480,0.758216,0.297183,0.225352,0.225329,1.0001,0.002,0.0001,0.208112,0.243581,0.055399,0.297183,True,True,VALIDATION_CANDIDATE,1.0.0
season=2026,ALL,ALL,O15,1X,Over 1.5,Home or draw,2130,1135,0.758216,0.702817,0.532864,0.532887,1.0,-0.002,-0.0001,0.511635,0.553974,0.461033,0.702817,True,True,VALIDATION_CANDIDATE,1.0.0
season=2026,ALL,ALL,O15,X2,Over 1.5,Draw or away,2130,866,0.758216,0.546479,0.406573,0.414349,0.9812,-0.778,-0.0365,0.385899,0.427583,0.304695,0.546479,True,True,VALIDATION_CANDIDATE,1.0.0
season=2026,ALL,ALL,O15,12,Over 1.5,Home or away,2130,1229,0.758216,0.750704,0.576995,0.569196,1.0137,0.78,0.0421,0.555894,0.597819,0.50892,0.750704,True,True,VALIDATION_CANDIDATE,1.0.0
season=2026,ALL,ALL,U15,HOME,Under 1.5,Home win,2130,217,0.241784,0.453521,0.101878,0.109654,0.9291,-0.778,-0.0365,0.08974,0.115449,0.0,0.241784,True,True,VALIDATION_CANDIDATE,1.0.0
season=2026,ALL,ALL,U15,DRAW,Under 1.5,Draw,2130,145,0.241784,0.249296,0.068075,0.060276,1.1294,0.78,0.0421,0.058137,0.079568,0.0,0.241784,True,True,VALIDATION_CANDIDATE,1.0.0
season=2026,ALL,ALL,U15,AWAY,Under 1.5,Away win,2130,153,0.241784,0.297183,0.071831,0.071854,0.9997,-0.002,-0.0001,0.061619,0.083585,0.0,0.241784,True,True,VALIDATION_CANDIDATE,1.0.0
season=2026,ALL,ALL,U15,1X,Under 1.5,Home or draw,2130,362,0.241784,0.702817,0.169953,0.16993,1.0001,0.002,0.0001,0.1546,0.186495,0.0,0.241784,True,True,VALIDATION_CANDIDATE,1.0.0
season=2026,ALL,ALL,U15,X2,Under 1.5,Draw or away,2130,298,0.241784,0.546479,0.139906,0.13213,1.0589,0.778,0.0365,0.125822,0.155287,0.0,0.241784,True,True,VALIDATION_CANDIDATE,1.0.0
season=2026,ALL,ALL,U15,12,Under 1.5,Home or away,2130,370,0.241784,0.750704,0.173709,0.181508,0.957,-0.78,-0.0421,0.158211,0.190382,0.0,0.241784,True,True,VALIDATION_CANDIDATE,1.0.0
season=2026,ALL,ALL,O25,U35,Over 2.5,Under 3.5,2130,495,0.516901,0.715493,0.232394,0.369839,0.6284,-13.744,-0.6096,0.214949,0.250803,0.232394,0.516901,True,False,VALIDATION_CANDIDATE,1.0.0
season=2026,ALL,ALL,O25,BTTS,Over 2.5,BTTS Yes,2130,900,0.516901,0.54554,0.422535,0.28199,1.4984,14.054,0.5648,0.401715,0.443634,0.062441,0.516901,True,False,VALIDATION_CANDIDATE,1.0.0
season=2026,ALL,ALL,O25,BTTS_NO,Over 2.5,BTTS No,2130,201,0.516901,0.45446,0.094366,0.234911,0.4017,-14.054,-0.5648,0.082671,0.107522,0.0,0.45446,True,False,VALIDATION_CANDIDATE,1.0.0
season=2026,ALL,ALL,O25,HOME,Over 2.5,Home win,2130,582,0.516901,0.453521,0.273239,0.234426,1.1656,3.881,0.156,0.254735,0.29256,0.0,0.453521,True,False,VALIDATION_CANDIDATE,1.0.0
season=2026,ALL,ALL,O25,DRAW,Over 2.5,Draw,2130,124,0.516901,0.249296,0.058216,0.128861,0.4518,-7.065,-0.3268,0.049044,0.068978,0.0,0.249296,True,False,VALIDATION_CANDIDATE,1.0.0
season=2026,ALL,ALL,O25,AWAY,Over 2.5,Away win,2130,395,0.516901,0.297183,0.185446,0.153614,1.2072,3.183,0.1394,0.169512,0.202513,0.0,0.297183,True,False,VALIDATION_CANDIDATE,1.0.0
season=2026,ALL,ALL,O25,1X,Over 2.5,Home or draw,2130,706,0.516901,0.702817,0.331455,0.363287,0.9124,-3.183,-0.1394,0.311783,0.351735,0.219718,0.516901,True,False,VALIDATION_CANDIDATE,1.0.0
season=2026,ALL,ALL,O25,X2,Over 2.5,Draw or away,2130,519,0.516901,0.546479,0.243662,0.282476,0.8626,-3.881,-0.156,0.225903,0.262344,0.06338,0.516901,True,False,VALIDATION_CANDIDATE,1.0.0
season=2026,ALL,ALL,O25,12,Over 2.5,Home or away,2130,977,0.516901,0.750704,0.458685,0.38804,1.1821,7.065,0.3268,0.437617,0.479903,0.267606,0.516901,True,False,VALIDATION_CANDIDATE,1.0.0
season=2026,ALL,ALL,U25,BTTS,Under 2.5,BTTS Yes,2130,262,0.483099,0.54554,0.123005,0.26355,0.4667,-14.054,-0.5648,0.109731,0.137636,0.028638,0.483099,True,False,VALIDATION_CANDIDATE,1.0.0
season=2026,ALL,ALL,U25,BTTS_NO,Under 2.5,BTTS No,2130,767,0.483099,0.45446,0.360094,0.219549,1.6402,14.054,0.5648,0.339977,0.380715,0.0,0.45446,True,False,VALIDATION_CANDIDATE,1.0.0
season=2026,ALL,ALL,U25,HOME,Under 2.5,Home win,2130,384,0.483099,0.453521,0.180282,0.219095,0.8228,-3.881,-0.156,0.164536,0.197179,0.0,0.453521,True,False,VALIDATION_CANDIDATE,1.0.0
season=2026,ALL,ALL,U25,DRAW,Under 2.5,Draw,2130,407,0.483099,0.249296,0.19108,0.120434,1.5866,7.065,0.3268,0.174945,0.208327,0.0,0.249296,True,False,VALIDATION_CANDIDATE,1.0.0
season=2026,ALL,ALL,U25,AWAY,Under 2.5,Away win,2130,238,0.483099,0.297183,0.111737,0.143569,0.7783,-3.183,-0.1394,0.099051,0.125822,0.0,0.297183,True,False,VALIDATION_CANDIDATE,1.0.0
season=2026,ALL,ALL,U25,1X,Under 2.5,Home or draw,2130,791,0.483099,0.702817,0.371362,0.33953,1.0938,3.183,0.1394,0.351091,0.392095,0.185915,0.483099,True,False,VALIDATION_CANDIDATE,1.0.0
season=2026,ALL,ALL,U25,X2,Under 2.5,Draw or away,2130,645,0.483099,0.546479,0.302817,0.264003,1.147,3.881,0.156,0.283673,0.322671,0.029577,0.483099,True,False,VALIDATION_CANDIDATE,1.0.0
season=2026,ALL,ALL,U25,12,Under 2.5,Home or away,2130,622,0.483099,0.750704,0.292019,0.362664,0.8052,-7.065,-0.3268,0.273097,0.311689,0.233803,0.483099,True,False,VALIDATION_CANDIDATE,1.0.0
season=2026,ALL,ALL,O35,BTTS,Over 3.5,BTTS Yes,2130,528,0.284507,0.54554,0.247887,0.15521,1.5971,9.268,0.4125,0.230015,0.266668,0.0,0.284507,True,False,VALIDATION_CANDIDATE,1.0.0
season=2026,ALL,ALL,O35,BTTS_NO,Over 3.5,BTTS No,2130,78,0.284507,0.45446,0.03662,0.129297,0.2832,-9.268,-0.4125,0.029441,0.045467,0.0,0.284507,True,False,VALIDATION_CANDIDATE,1.0.0
season=2026,ALL,ALL,O35,HOME,Over 3.5,Home win,2130,305,0.284507,0.453521,0.143192,0.12903,1.1098,1.416,0.0631,0.128959,0.158711,0.0,0.284507,True,True,VALIDATION_CANDIDATE,1.0.0
season=2026,ALL,ALL,O35,DRAW,Over 3.5,Draw,2130,124,0.284507,0.249296,0.058216,0.070926,0.8208,-1.271,-0.0651,0.049044,0.068978,0.0,0.249296,True,False,VALIDATION_CANDIDATE,1.0.0
season=2026,ALL,ALL,O35,AWAY,Over 3.5,Away win,2130,177,0.284507,0.297183,0.083099,0.084551,0.9828,-0.145,-0.007,0.072113,0.095585,0.0,0.284507,True,True,VALIDATION_CANDIDATE,1.0.0
season=2026,ALL,ALL,O35,1X,Over 3.5,Home or draw,2130,429,0.284507,0.702817,0.201408,0.199956,1.0073,0.145,0.007,0.184921,0.218971,0.0,0.284507,True,True,VALIDATION_CANDIDATE,1.0.0
season=2026,ALL,ALL,O35,X2,Over 3.5,Draw or away,2130,301,0.284507,0.546479,0.141315,0.155477,0.9089,-1.416,-0.0631,0.127166,0.156755,0.0,0.284507,True,True,VALIDATION_CANDIDATE,1.0.0
season=2026,ALL,ALL,O35,12,Over 3.5,Home or away,2130,482,0.284507,0.750704,0.226291,0.213581,1.0595,1.271,0.0651,0.209023,0.244545,0.035211,0.284507,True,True,VALIDATION_CANDIDATE,1.0.0
season=2026,ALL,ALL,U35,BTTS,Under 3.5,BTTS Yes,2130,634,0.715493,0.54554,0.297653,0.39033,0.7626,-9.268,-0.4125,0.278613,0.31742,0.261033,0.54554,True,False,VALIDATION_CANDIDATE,1.0.0
season=2026,ALL,ALL,U35,BTTS_NO,Under 3.5,BTTS No,2130,890,0.715493,0.45446,0.41784,0.325163,1.285,9.268,0.4125,0.397061,0.438916,0.169953,0.45446,True,False,VALIDATION_CANDIDATE,1.0.0
season=2026,ALL,ALL,U35,HOME,Under 3.5,Home win,2130,661,0.715493,0.453521,0.310329,0.324491,0.9564,-1.416,-0.0631,0.291038,0.330302,0.169014,0.453521,True,True,VALIDATION_CANDIDATE,1.0.0
season=2026,ALL,ALL,U35,DRAW,Under 3.5,Draw,2130,407,0.715493,0.249296,0.19108,0.178369,1.0713,1.271,0.0651,0.174945,0.208327,0.0,0.249296,True,True,VALIDATION_CANDIDATE,1.0.0
season=2026,ALL,ALL,U35,AWAY,Under 3.5,Away win,2130,456,0.715493,0.297183,0.214085,0.212632,1.0068,0.145,0.007,0.197187,0.232011,0.012676,0.297183,True,True,VALIDATION_CANDIDATE,1.0.0
season=2026,ALL,ALL,U35,1X,Under 3.5,Home or draw,2130,1068,0.715493,0.702817,0.501408,0.502861,0.9971,-0.145,-0.007,0.480191,0.522621,0.41831,0.702817,True,True,VALIDATION_CANDIDATE,1.0.0
season=2026,ALL,ALL,U35,X2,Under 3.5,Draw or away,2130,863,0.715493,0.546479,0.405164,0.391002,1.0362,1.416,0.0631,0.384504,0.426166,0.261972,0.546479,True,True,VALIDATION_CANDIDATE,1.0.0
season=2026,ALL,ALL,U35,12,Under 3.5,Home or away,2130,1117,0.715493,0.750704,0.524413,0.537124,0.9763,-1.271,-0.0651,0.503179,0.545559,0.466197,0.715493,True,True,VALIDATION_CANDIDATE,1.0.0
season=2026,ALL,ALL,BTTS,HOME,BTTS Yes,Home win,2130,447,0.54554,0.453521,0.209859,0.247414,0.8482,-3.755,-0.1515,0.193096,0.227667,0.0,0.453521,True,False,VALIDATION_CANDIDATE,1.0.0
season=2026,ALL,ALL,BTTS,DRAW,BTTS Yes,Draw,2130,386,0.54554,0.249296,0.181221,0.136001,1.3325,4.522,0.2099,0.16544,0.198149,0.0,0.249296,True,False,VALIDATION_CANDIDATE,1.0.0
season=2026,ALL,ALL,BTTS,AWAY,BTTS Yes,Away win,2130,329,0.54554,0.297183,0.15446,0.162125,0.9527,-0.767,-0.0337,0.139736,0.170429,0.0,0.297183,True,True,VALIDATION_CANDIDATE,1.0.0
season=2026,ALL,ALL,BTTS,1X,BTTS Yes,Home or draw,2130,833,0.54554,0.702817,0.39108,0.383415,1.02,0.767,0.0337,0.370569,0.411982,0.248357,0.54554,True,True,VALIDATION_CANDIDATE,1.0.0
season=2026,ALL,ALL,BTTS,X2,BTTS Yes,Draw or away,2130,715,0.54554,0.546479,0.335681,0.298126,1.126,3.755,0.1515,0.315938,0.356015,0.092019,0.54554,True,False,VALIDATION_CANDIDATE,1.0.0
season=2026,ALL,ALL,BTTS,12,BTTS Yes,Home or away,2130,776,0.54554,0.750704,0.364319,0.409539,0.8896,-4.522,-0.2099,0.344143,0.384984,0.296244,0.54554,True,False,VALIDATION_CANDIDATE,1.0.0
season=2026,ALL,ALL,BTTS_NO,HOME,BTTS No,Home win,2130,519,0.45446,0.453521,0.243662,0.206107,1.1822,3.755,0.1515,0.225903,0.262344,0.0,0.453521,True,False,VALIDATION_CANDIDATE,1.0.0
season=2026,ALL,ALL,BTTS_NO,DRAW,BTTS No,Draw,2130,145,0.45446,0.249296,0.068075,0.113295,0.6009,-4.522,-0.2099,0.058137,0.079568,0.0,0.249296,True,False,VALIDATION_CANDIDATE,1.0.0
season=2026,ALL,ALL,BTTS_NO,AWAY,BTTS No,Away win,2130,304,0.45446,0.297183,0.142723,0.135058,1.0568,0.767,0.0337,0.128511,0.158222,0.0,0.297183,True,True,VALIDATION_CANDIDATE,1.0.0
season=2026,ALL,ALL,BTTS_NO,1X,BTTS No,Home or draw,2130,664,0.45446,0.702817,0.311737,0.319402,0.976,-0.767,-0.0337,0.292419,0.331733,0.157277,0.45446,True,True,VALIDATION_CANDIDATE,1.0.0
season=2026,ALL,ALL,BTTS_NO,X2,BTTS No,Draw or away,2130,449,0.45446,0.546479,0.210798,0.248353,0.8488,-3.755,-0.1515,0.194005,0.228633,0.000939,0.45446,True,False,VALIDATION_CANDIDATE,1.0.0
season=2026,ALL,ALL,BTTS_NO,12,BTTS No,Home or away,2130,823,0.45446,0.750704,0.386385,0.341165,1.1325,4.522,0.2099,0.365928,0.407251,0.205164,0.45446,True,False,VALIDATION_CANDIDATE,1.0.0
season=2026,ALL,ALL,1X,X2,Home or draw,Draw or away,2130,531,0.702817,0.546479,0.249296,0.384075,0.6491,-13.478,-0.5924,0.231386,0.268108,0.249296,0.546479,True,False,VALIDATION_CANDIDATE,1.0.0
season=2026,ALL,ALL,1X,12,Home or draw,Home or away,2130,966,0.702817,0.750704,0.453521,0.527608,0.8596,-7.409,-0.3747,0.432481,0.474728,0.453521,0.702817,True,False,VALIDATION_CANDIDATE,1.0.0
season=2026,ALL,ALL,X2,12,Draw or away,Home or away,2130,633,0.546479,0.750704,0.297183,0.410244,0.7244,-11.306,-0.525,0.278153,0.316943,0.297183,0.546479,True,False,VALIDATION_CANDIDATE,1.0.0
