policy,target,month,n_test,live_log_loss,live_brier,challenger_log_loss,adopted
always_promote,btts,2022-08,1462,0.69306,0.24989,0.69306,True
never_promote,btts,2022-08,1462,0.69306,0.24989,0.69306,True
v9_current_tol005,btts,2022-08,1462,0.69306,0.24989,0.69306,True
not_worse_tol000,btts,2022-08,1462,0.69306,0.24989,0.69306,True
must_improve_tol000,btts,2022-08,1462,0.69306,0.24989,0.69306,True
must_improve_tol002,btts,2022-08,1462,0.69306,0.24989,0.69306,True
v9_rule_6m_window,btts,2022-08,1462,0.69306,0.24989,0.69306,True
two_window_tol005,btts,2022-08,1462,0.69306,0.24989,0.69306,True
always_promote,btts,2022-09,1210,0.69216,0.24949,0.69216,True
never_promote,btts,2022-09,1210,0.69008,0.24851,0.69216,False
v9_current_tol005,btts,2022-09,1210,0.69216,0.24949,0.69216,True
not_worse_tol000,btts,2022-09,1210,0.69216,0.24949,0.69216,True
must_improve_tol000,btts,2022-09,1210,0.69216,0.24949,0.69216,True
must_improve_tol002,btts,2022-09,1210,0.69216,0.24949,0.69216,True
v9_rule_6m_window,btts,2022-09,1210,0.69008,0.24851,0.69216,False
two_window_tol005,btts,2022-09,1210,0.69008,0.24851,0.69216,False
always_promote,btts,2022-10,1707,0.68566,0.24631,0.68566,True
never_promote,btts,2022-10,1707,0.68795,0.24742,0.68566,False
v9_current_tol005,btts,2022-10,1707,0.68566,0.24631,0.68566,True
not_worse_tol000,btts,2022-10,1707,0.68566,0.24631,0.68566,True
must_improve_tol000,btts,2022-10,1707,0.68566,0.24631,0.68566,True
must_improve_tol002,btts,2022-10,1707,0.68566,0.24631,0.68566,True
v9_rule_6m_window,btts,2022-10,1707,0.68566,0.24631,0.68566,True
two_window_tol005,btts,2022-10,1707,0.68795,0.24742,0.68566,False
always_promote,btts,2022-11,726,0.68657,0.24668,0.68657,True
never_promote,btts,2022-11,726,0.68831,0.2474,0.68657,False
v9_current_tol005,btts,2022-11,726,0.68657,0.24668,0.68657,True
not_worse_tol000,btts,2022-11,726,0.68657,0.24668,0.68657,True
must_improve_tol000,btts,2022-11,726,0.68657,0.24668,0.68657,True
must_improve_tol002,btts,2022-11,726,0.68657,0.24668,0.68657,True
v9_rule_6m_window,btts,2022-11,726,0.68657,0.24668,0.68657,True
two_window_tol005,btts,2022-11,726,0.68831,0.2474,0.68657,False
always_promote,btts,2022-12,558,0.69364,0.25024,0.69364,True
never_promote,btts,2022-12,558,0.69922,0.25295,0.69364,False
v9_current_tol005,btts,2022-12,558,0.69655,0.25165,0.69364,False
not_worse_tol000,btts,2022-12,558,0.69655,0.25165,0.69364,False
must_improve_tol000,btts,2022-12,558,0.69655,0.25165,0.69364,False
must_improve_tol002,btts,2022-12,558,0.69655,0.25165,0.69364,False
v9_rule_6m_window,btts,2022-12,558,0.69655,0.25165,0.69364,False
two_window_tol005,btts,2022-12,558,0.69364,0.25024,0.69364,True
always_promote,btts,2023-01,717,0.68646,0.24669,0.68646,True
never_promote,btts,2023-01,717,0.693,0.24991,0.68646,False
v9_current_tol005,btts,2023-01,717,0.68646,0.24669,0.68646,True
not_worse_tol000,btts,2023-01,717,0.68646,0.24669,0.68646,True
must_improve_tol000,btts,2023-01,717,0.68646,0.24669,0.68646,True
must_improve_tol002,btts,2023-01,717,0.68646,0.24669,0.68646,True
v9_rule_6m_window,btts,2023-01,717,0.68646,0.24669,0.68646,True
two_window_tol005,btts,2023-01,717,0.68646,0.24669,0.68646,True
always_promote,btts,2023-02,1014,0.68763,0.24726,0.68763,True
never_promote,btts,2023-02,1014,0.69147,0.24915,0.68763,False
v9_current_tol005,btts,2023-02,1014,0.68763,0.24726,0.68763,True
not_worse_tol000,btts,2023-02,1014,0.68763,0.24726,0.68763,True
must_improve_tol000,btts,2023-02,1014,0.68763,0.24726,0.68763,True
must_improve_tol002,btts,2023-02,1014,0.68763,0.24726,0.68763,True
v9_rule_6m_window,btts,2023-02,1014,0.68763,0.24726,0.68763,True
two_window_tol005,btts,2023-02,1014,0.68763,0.24726,0.68763,True
always_promote,btts,2023-03,984,0.69442,0.25057,0.69442,True
never_promote,btts,2023-03,984,0.69114,0.24899,0.69442,False
v9_current_tol005,btts,2023-03,984,0.69442,0.25057,0.69442,True
not_worse_tol000,btts,2023-03,984,0.69442,0.25057,0.69442,True
must_improve_tol000,btts,2023-03,984,0.69442,0.25057,0.69442,True
must_improve_tol002,btts,2023-03,984,0.69442,0.25057,0.69442,True
v9_rule_6m_window,btts,2023-03,984,0.69442,0.25057,0.69442,True
two_window_tol005,btts,2023-03,984,0.69442,0.25057,0.69442,True
always_promote,btts,2023-04,1671,0.69614,0.25144,0.69614,True
never_promote,btts,2023-04,1671,0.69919,0.25294,0.69614,False
v9_current_tol005,btts,2023-04,1671,0.69614,0.25144,0.69614,True
not_worse_tol000,btts,2023-04,1671,0.69614,0.25144,0.69614,True
must_improve_tol000,btts,2023-04,1671,0.69614,0.25144,0.69614,True
must_improve_tol002,btts,2023-04,1671,0.69614,0.25144,0.69614,True
v9_rule_6m_window,btts,2023-04,1671,0.69614,0.25144,0.69614,True
two_window_tol005,btts,2023-04,1671,0.69614,0.25144,0.69614,True
always_promote,btts,2023-05,1234,0.68208,0.24454,0.68208,True
never_promote,btts,2023-05,1234,0.6876,0.24718,0.68208,False
v9_current_tol005,btts,2023-05,1234,0.68208,0.24454,0.68208,True
not_worse_tol000,btts,2023-05,1234,0.68208,0.24454,0.68208,True
must_improve_tol000,btts,2023-05,1234,0.68208,0.24454,0.68208,True
must_improve_tol002,btts,2023-05,1234,0.68208,0.24454,0.68208,True
v9_rule_6m_window,btts,2023-05,1234,0.68208,0.24454,0.68208,True
two_window_tol005,btts,2023-05,1234,0.68639,0.24661,0.68208,False
always_promote,btts,2023-06,539,0.67869,0.24292,0.67869,True
never_promote,btts,2023-06,539,0.69735,0.2518,0.67869,False
v9_current_tol005,btts,2023-06,539,0.67869,0.24292,0.67869,True
not_worse_tol000,btts,2023-06,539,0.67869,0.24292,0.67869,True
must_improve_tol000,btts,2023-06,539,0.67869,0.24292,0.67869,True
must_improve_tol002,btts,2023-06,539,0.67869,0.24292,0.67869,True
v9_rule_6m_window,btts,2023-06,539,0.67869,0.24292,0.67869,True
two_window_tol005,btts,2023-06,539,0.67708,0.24207,0.67869,False
always_promote,btts,2023-07,755,0.66818,0.23772,0.66818,True
never_promote,btts,2023-07,755,0.6818,0.24429,0.66818,False
v9_current_tol005,btts,2023-07,755,0.66818,0.23772,0.66818,True
not_worse_tol000,btts,2023-07,755,0.66818,0.23772,0.66818,True
must_improve_tol000,btts,2023-07,755,0.66818,0.23772,0.66818,True
must_improve_tol002,btts,2023-07,755,0.66818,0.23772,0.66818,True
v9_rule_6m_window,btts,2023-07,755,0.66818,0.23772,0.66818,True
two_window_tol005,btts,2023-07,755,0.67474,0.2408,0.66818,False
always_promote,btts,2023-08,1311,0.68787,0.24739,0.68787,True
never_promote,btts,2023-08,1311,0.69902,0.25277,0.68787,False
v9_current_tol005,btts,2023-08,1311,0.68787,0.24739,0.68787,True
not_worse_tol000,btts,2023-08,1311,0.68787,0.24739,0.68787,True
must_improve_tol000,btts,2023-08,1311,0.68787,0.24739,0.68787,True
must_improve_tol002,btts,2023-08,1311,0.68787,0.24739,0.68787,True
v9_rule_6m_window,btts,2023-08,1311,0.68787,0.24739,0.68787,True
two_window_tol005,btts,2023-08,1311,0.68787,0.24739,0.68787,True
always_promote,btts,2023-09,1510,0.68437,0.24573,0.68437,True
never_promote,btts,2023-09,1510,0.68894,0.24786,0.68437,False
v9_current_tol005,btts,2023-09,1510,0.68437,0.24573,0.68437,True
not_worse_tol000,btts,2023-09,1510,0.68437,0.24573,0.68437,True
must_improve_tol000,btts,2023-09,1510,0.68437,0.24573,0.68437,True
must_improve_tol002,btts,2023-09,1510,0.68437,0.24573,0.68437,True
v9_rule_6m_window,btts,2023-09,1510,0.68437,0.24573,0.68437,True
two_window_tol005,btts,2023-09,1510,0.68437,0.24573,0.68437,True
always_promote,btts,2023-10,1430,0.67625,0.24188,0.67625,True
never_promote,btts,2023-10,1430,0.69384,0.25032,0.67625,False
v9_current_tol005,btts,2023-10,1430,0.67625,0.24188,0.67625,True
not_worse_tol000,btts,2023-10,1430,0.67625,0.24188,0.67625,True
must_improve_tol000,btts,2023-10,1430,0.67625,0.24188,0.67625,True
must_improve_tol002,btts,2023-10,1430,0.67625,0.24188,0.67625,True
v9_rule_6m_window,btts,2023-10,1430,0.67625,0.24188,0.67625,True
two_window_tol005,btts,2023-10,1430,0.67625,0.24188,0.67625,True
always_promote,btts,2023-11,1097,0.69026,0.24858,0.69026,True
never_promote,btts,2023-11,1097,0.70047,0.25343,0.69026,False
v9_current_tol005,btts,2023-11,1097,0.68828,0.24763,0.69026,False
not_worse_tol000,btts,2023-11,1097,0.68828,0.24763,0.69026,False
must_improve_tol000,btts,2023-11,1097,0.68828,0.24763,0.69026,False
must_improve_tol002,btts,2023-11,1097,0.68828,0.24763,0.69026,False
v9_rule_6m_window,btts,2023-11,1097,0.68828,0.24763,0.69026,False
two_window_tol005,btts,2023-11,1097,0.68828,0.24763,0.69026,False
always_promote,btts,2023-12,1018,0.68272,0.24494,0.68272,True
never_promote,btts,2023-12,1018,0.68995,0.24833,0.68272,False
v9_current_tol005,btts,2023-12,1018,0.68272,0.24494,0.68272,True
not_worse_tol000,btts,2023-12,1018,0.68272,0.24494,0.68272,True
must_improve_tol000,btts,2023-12,1018,0.68272,0.24494,0.68272,True
must_improve_tol002,btts,2023-12,1018,0.68272,0.24494,0.68272,True
v9_rule_6m_window,btts,2023-12,1018,0.68272,0.24494,0.68272,True
two_window_tol005,btts,2023-12,1018,0.68529,0.24618,0.68272,False
always_promote,btts,2024-01,766,0.68176,0.24452,0.68176,True
never_promote,btts,2024-01,766,0.67719,0.24216,0.68176,False
v9_current_tol005,btts,2024-01,766,0.68176,0.24452,0.68176,True
not_worse_tol000,btts,2024-01,766,0.68176,0.24452,0.68176,True
must_improve_tol000,btts,2024-01,766,0.68176,0.24452,0.68176,True
must_improve_tol002,btts,2024-01,766,0.68176,0.24452,0.68176,True
v9_rule_6m_window,btts,2024-01,766,0.68176,0.24452,0.68176,True
two_window_tol005,btts,2024-01,766,0.68176,0.24452,0.68176,True
always_promote,btts,2024-02,1214,0.67464,0.24091,0.67464,True
never_promote,btts,2024-02,1214,0.69138,0.24908,0.67464,False
v9_current_tol005,btts,2024-02,1214,0.67464,0.24091,0.67464,True
not_worse_tol000,btts,2024-02,1214,0.67464,0.24091,0.67464,True
must_improve_tol000,btts,2024-02,1214,0.67464,0.24091,0.67464,True
must_improve_tol002,btts,2024-02,1214,0.67464,0.24091,0.67464,True
v9_rule_6m_window,btts,2024-02,1214,0.67464,0.24091,0.67464,True
two_window_tol005,btts,2024-02,1214,0.67569,0.24147,0.67464,False
always_promote,btts,2024-03,1366,0.68218,0.24472,0.68218,True
never_promote,btts,2024-03,1366,0.70005,0.25334,0.68218,False
v9_current_tol005,btts,2024-03,1366,0.68218,0.24472,0.68218,True
not_worse_tol000,btts,2024-03,1366,0.68218,0.24472,0.68218,True
must_improve_tol000,btts,2024-03,1366,0.68218,0.24472,0.68218,True
must_improve_tol002,btts,2024-03,1366,0.68218,0.24472,0.68218,True
v9_rule_6m_window,btts,2024-03,1366,0.68218,0.24472,0.68218,True
two_window_tol005,btts,2024-03,1366,0.68329,0.24527,0.68218,False
always_promote,btts,2024-04,1750,0.67491,0.24111,0.67491,True
never_promote,btts,2024-04,1750,0.69101,0.24885,0.67491,False
v9_current_tol005,btts,2024-04,1750,0.67491,0.24111,0.67491,True
not_worse_tol000,btts,2024-04,1750,0.67491,0.24111,0.67491,True
must_improve_tol000,btts,2024-04,1750,0.67491,0.24111,0.67491,True
must_improve_tol002,btts,2024-04,1750,0.67491,0.24111,0.67491,True
v9_rule_6m_window,btts,2024-04,1750,0.67491,0.24111,0.67491,True
two_window_tol005,btts,2024-04,1750,0.67813,0.24272,0.67491,False
always_promote,btts,2024-05,1257,0.66357,0.23594,0.66357,True
never_promote,btts,2024-05,1257,0.68489,0.24579,0.66357,False
v9_current_tol005,btts,2024-05,1257,0.66357,0.23594,0.66357,True
not_worse_tol000,btts,2024-05,1257,0.66357,0.23594,0.66357,True
must_improve_tol000,btts,2024-05,1257,0.66357,0.23594,0.66357,True
must_improve_tol002,btts,2024-05,1257,0.66357,0.23594,0.66357,True
v9_rule_6m_window,btts,2024-05,1257,0.66357,0.23594,0.66357,True
two_window_tol005,btts,2024-05,1257,0.66357,0.23594,0.66357,True
always_promote,btts,2024-06,563,0.65803,0.23316,0.65803,True
never_promote,btts,2024-06,563,0.68219,0.24467,0.65803,False
v9_current_tol005,btts,2024-06,563,0.65803,0.23316,0.65803,True
not_worse_tol000,btts,2024-06,563,0.65803,0.23316,0.65803,True
must_improve_tol000,btts,2024-06,563,0.65803,0.23316,0.65803,True
must_improve_tol002,btts,2024-06,563,0.65803,0.23316,0.65803,True
v9_rule_6m_window,btts,2024-06,563,0.65803,0.23316,0.65803,True
two_window_tol005,btts,2024-06,563,0.66524,0.23674,0.65803,False
always_promote,btts,2024-07,676,0.66264,0.23556,0.66264,True
never_promote,btts,2024-07,676,0.67899,0.24292,0.66264,False
v9_current_tol005,btts,2024-07,676,0.66264,0.23556,0.66264,True
not_worse_tol000,btts,2024-07,676,0.66264,0.23556,0.66264,True
must_improve_tol000,btts,2024-07,676,0.66264,0.23556,0.66264,True
must_improve_tol002,btts,2024-07,676,0.66264,0.23556,0.66264,True
v9_rule_6m_window,btts,2024-07,676,0.66264,0.23556,0.66264,True
two_window_tol005,btts,2024-07,676,0.65548,0.23208,0.66264,False
always_promote,btts,2024-08,1343,0.67025,0.23933,0.67025,True
never_promote,btts,2024-08,1343,0.70063,0.25352,0.67025,False
v9_current_tol005,btts,2024-08,1343,0.67025,0.23933,0.67025,True
not_worse_tol000,btts,2024-08,1343,0.67025,0.23933,0.67025,True
must_improve_tol000,btts,2024-08,1343,0.67025,0.23933,0.67025,True
must_improve_tol002,btts,2024-08,1343,0.67025,0.23933,0.67025,True
v9_rule_6m_window,btts,2024-08,1343,0.67025,0.23933,0.67025,True
two_window_tol005,btts,2024-08,1343,0.67025,0.23933,0.67025,True
always_promote,btts,2024-09,1435,0.67292,0.24053,0.67292,True
never_promote,btts,2024-09,1435,0.69273,0.24979,0.67292,False
v9_current_tol005,btts,2024-09,1435,0.67292,0.24053,0.67292,True
not_worse_tol000,btts,2024-09,1435,0.67411,0.24119,0.67292,False
must_improve_tol000,btts,2024-09,1435,0.67411,0.24119,0.67292,False
must_improve_tol002,btts,2024-09,1435,0.67411,0.24119,0.67292,False
v9_rule_6m_window,btts,2024-09,1435,0.67411,0.24119,0.67292,False
two_window_tol005,btts,2024-09,1435,0.67411,0.24119,0.67292,False
always_promote,btts,2024-10,1342,0.66915,0.2387,0.66915,True
never_promote,btts,2024-10,1342,0.6946,0.25055,0.66915,False
v9_current_tol005,btts,2024-10,1342,0.66915,0.2387,0.66915,True
not_worse_tol000,btts,2024-10,1342,0.66915,0.2387,0.66915,True
must_improve_tol000,btts,2024-10,1342,0.66915,0.2387,0.66915,True
must_improve_tol002,btts,2024-10,1342,0.66915,0.2387,0.66915,True
v9_rule_6m_window,btts,2024-10,1342,0.67129,0.23996,0.66915,False
two_window_tol005,btts,2024-10,1342,0.67129,0.23996,0.66915,False
always_promote,btts,2024-11,1233,0.67376,0.24113,0.67376,True
never_promote,btts,2024-11,1233,0.7051,0.2557,0.67376,False
v9_current_tol005,btts,2024-11,1233,0.67376,0.24113,0.67376,True
not_worse_tol000,btts,2024-11,1233,0.67376,0.24113,0.67376,True
must_improve_tol000,btts,2024-11,1233,0.67376,0.24113,0.67376,True
must_improve_tol002,btts,2024-11,1233,0.67376,0.24113,0.67376,True
v9_rule_6m_window,btts,2024-11,1233,0.67376,0.24113,0.67376,True
two_window_tol005,btts,2024-11,1233,0.67376,0.24113,0.67376,True
always_promote,btts,2024-12,1040,0.67083,0.23943,0.67083,True
never_promote,btts,2024-12,1040,0.69719,0.25189,0.67083,False
v9_current_tol005,btts,2024-12,1040,0.67108,0.23979,0.67083,False
not_worse_tol000,btts,2024-12,1040,0.67108,0.23979,0.67083,False
must_improve_tol000,btts,2024-12,1040,0.67108,0.23979,0.67083,False
must_improve_tol002,btts,2024-12,1040,0.67108,0.23979,0.67083,False
v9_rule_6m_window,btts,2024-12,1040,0.67108,0.23979,0.67083,False
two_window_tol005,btts,2024-12,1040,0.67108,0.23979,0.67083,False
always_promote,btts,2025-01,863,0.67248,0.24011,0.67248,True
never_promote,btts,2025-01,863,0.68761,0.2472,0.67248,False
v9_current_tol005,btts,2025-01,863,0.67248,0.24011,0.67248,True
not_worse_tol000,btts,2025-01,863,0.67248,0.24011,0.67248,True
must_improve_tol000,btts,2025-01,863,0.67248,0.24011,0.67248,True
must_improve_tol002,btts,2025-01,863,0.67248,0.24011,0.67248,True
v9_rule_6m_window,btts,2025-01,863,0.67248,0.24011,0.67248,True
two_window_tol005,btts,2025-01,863,0.67389,0.2409,0.67248,False
always_promote,btts,2025-02,1180,0.67312,0.24065,0.67312,True
never_promote,btts,2025-02,1180,0.69065,0.24875,0.67312,False
v9_current_tol005,btts,2025-02,1180,0.67312,0.24065,0.67312,True
not_worse_tol000,btts,2025-02,1180,0.67312,0.24065,0.67312,True
must_improve_tol000,btts,2025-02,1180,0.67312,0.24065,0.67312,True
must_improve_tol002,btts,2025-02,1180,0.67075,0.23958,0.67312,False
v9_rule_6m_window,btts,2025-02,1180,0.67075,0.23958,0.67312,False
two_window_tol005,btts,2025-02,1180,0.67182,0.2401,0.67312,False
always_promote,btts,2025-03,1333,0.67869,0.24302,0.67869,True
never_promote,btts,2025-03,1333,0.69585,0.25123,0.67869,False
v9_current_tol005,btts,2025-03,1333,0.67869,0.24302,0.67869,True
not_worse_tol000,btts,2025-03,1333,0.67869,0.24302,0.67869,True
must_improve_tol000,btts,2025-03,1333,0.67869,0.24302,0.67869,True
must_improve_tol002,btts,2025-03,1333,0.67869,0.24302,0.67869,True
v9_rule_6m_window,btts,2025-03,1333,0.67869,0.24302,0.67869,True
two_window_tol005,btts,2025-03,1333,0.67869,0.24302,0.67869,True
always_promote,btts,2025-04,1570,0.67397,0.2408,0.67397,True
never_promote,btts,2025-04,1570,0.68872,0.24776,0.67397,False
v9_current_tol005,btts,2025-04,1570,0.67397,0.2408,0.67397,True
not_worse_tol000,btts,2025-04,1570,0.67397,0.2408,0.67397,True
must_improve_tol000,btts,2025-04,1570,0.67397,0.2408,0.67397,True
must_improve_tol002,btts,2025-04,1570,0.67397,0.2408,0.67397,True
v9_rule_6m_window,btts,2025-04,1570,0.67397,0.2408,0.67397,True
two_window_tol005,btts,2025-04,1570,0.67397,0.2408,0.67397,True
always_promote,btts,2025-05,1172,0.67377,0.24084,0.67377,True
never_promote,btts,2025-05,1172,0.69075,0.24869,0.67377,False
v9_current_tol005,btts,2025-05,1172,0.67377,0.24084,0.67377,True
not_worse_tol000,btts,2025-05,1172,0.67377,0.24084,0.67377,True
must_improve_tol000,btts,2025-05,1172,0.67377,0.24084,0.67377,True
must_improve_tol002,btts,2025-05,1172,0.67377,0.24084,0.67377,True
v9_rule_6m_window,btts,2025-05,1172,0.67377,0.24084,0.67377,True
two_window_tol005,btts,2025-05,1172,0.6762,0.24199,0.67377,False
always_promote,btts,2025-06,295,0.67422,0.24085,0.67422,True
never_promote,btts,2025-06,295,0.69218,0.24937,0.67422,False
v9_current_tol005,btts,2025-06,295,0.67422,0.24085,0.67422,True
not_worse_tol000,btts,2025-06,295,0.67422,0.24085,0.67422,True
must_improve_tol000,btts,2025-06,295,0.67422,0.24085,0.67422,True
must_improve_tol002,btts,2025-06,295,0.67422,0.24085,0.67422,True
v9_rule_6m_window,btts,2025-06,295,0.67422,0.24085,0.67422,True
two_window_tol005,btts,2025-06,295,0.67422,0.24085,0.67422,True
always_promote,btts,2025-07,449,0.66856,0.23806,0.66856,True
never_promote,btts,2025-07,449,0.68703,0.24687,0.66856,False
v9_current_tol005,btts,2025-07,449,0.66856,0.23806,0.66856,True
not_worse_tol000,btts,2025-07,449,0.66856,0.23806,0.66856,True
must_improve_tol000,btts,2025-07,449,0.66856,0.23806,0.66856,True
must_improve_tol002,btts,2025-07,449,0.66856,0.23806,0.66856,True
v9_rule_6m_window,btts,2025-07,449,0.66856,0.23806,0.66856,True
two_window_tol005,btts,2025-07,449,0.66856,0.23806,0.66856,True
always_promote,btts,2025-08,1350,0.6824,0.24481,0.6824,True
never_promote,btts,2025-08,1350,0.68456,0.24561,0.6824,False
v9_current_tol005,btts,2025-08,1350,0.6824,0.24481,0.6824,True
not_worse_tol000,btts,2025-08,1350,0.6824,0.24481,0.6824,True
must_improve_tol000,btts,2025-08,1350,0.6824,0.24481,0.6824,True
must_improve_tol002,btts,2025-08,1350,0.6824,0.24481,0.6824,True
v9_rule_6m_window,btts,2025-08,1350,0.6824,0.24481,0.6824,True
two_window_tol005,btts,2025-08,1350,0.6824,0.24481,0.6824,True
always_promote,btts,2025-09,1165,0.6793,0.24349,0.6793,True
never_promote,btts,2025-09,1165,0.68843,0.24762,0.6793,False
v9_current_tol005,btts,2025-09,1165,0.6793,0.24349,0.6793,True
not_worse_tol000,btts,2025-09,1165,0.6793,0.24349,0.6793,True
must_improve_tol000,btts,2025-09,1165,0.6793,0.24349,0.6793,True
must_improve_tol002,btts,2025-09,1165,0.6793,0.24349,0.6793,True
v9_rule_6m_window,btts,2025-09,1165,0.6793,0.24349,0.6793,True
two_window_tol005,btts,2025-09,1165,0.6793,0.24349,0.6793,True
always_promote,btts,2025-10,1154,0.6636,0.23591,0.6636,True
never_promote,btts,2025-10,1154,0.68277,0.24488,0.6636,False
v9_current_tol005,btts,2025-10,1154,0.6636,0.23591,0.6636,True
not_worse_tol000,btts,2025-10,1154,0.6636,0.23591,0.6636,True
must_improve_tol000,btts,2025-10,1154,0.6636,0.23591,0.6636,True
must_improve_tol002,btts,2025-10,1154,0.6636,0.23591,0.6636,True
v9_rule_6m_window,btts,2025-10,1154,0.6636,0.23591,0.6636,True
two_window_tol005,btts,2025-10,1154,0.6631,0.23562,0.6636,False
always_promote,btts,2025-11,1169,0.68326,0.24539,0.68326,True
never_promote,btts,2025-11,1169,0.70098,0.25377,0.68326,False
v9_current_tol005,btts,2025-11,1169,0.68326,0.24539,0.68326,True
not_worse_tol000,btts,2025-11,1169,0.68326,0.24539,0.68326,True
must_improve_tol000,btts,2025-11,1169,0.68326,0.24539,0.68326,True
must_improve_tol002,btts,2025-11,1169,0.68326,0.24539,0.68326,True
v9_rule_6m_window,btts,2025-11,1169,0.68326,0.24539,0.68326,True
two_window_tol005,btts,2025-11,1169,0.68326,0.24539,0.68326,True
always_promote,btts,2025-12,839,0.67823,0.24284,0.67823,True
never_promote,btts,2025-12,839,0.69104,0.24886,0.67823,False
v9_current_tol005,btts,2025-12,839,0.67823,0.24284,0.67823,True
not_worse_tol000,btts,2025-12,839,0.67823,0.24284,0.67823,True
must_improve_tol000,btts,2025-12,839,0.67823,0.24284,0.67823,True
must_improve_tol002,btts,2025-12,839,0.6771,0.24242,0.67823,False
v9_rule_6m_window,btts,2025-12,839,0.67823,0.24284,0.67823,True
two_window_tol005,btts,2025-12,839,0.6771,0.24242,0.67823,False
always_promote,btts,2026-01,940,0.67392,0.24087,0.67392,True
never_promote,btts,2026-01,940,0.69609,0.25135,0.67392,False
v9_current_tol005,btts,2026-01,940,0.67392,0.24087,0.67392,True
not_worse_tol000,btts,2026-01,940,0.67392,0.24087,0.67392,True
must_improve_tol000,btts,2026-01,940,0.67392,0.24087,0.67392,True
must_improve_tol002,btts,2026-01,940,0.67392,0.24087,0.67392,True
v9_rule_6m_window,btts,2026-01,940,0.67392,0.24087,0.67392,True
two_window_tol005,btts,2026-01,940,0.67392,0.24087,0.67392,True
always_promote,btts,2026-02,1248,0.67147,0.23968,0.67147,True
never_promote,btts,2026-02,1248,0.68504,0.246,0.67147,False
v9_current_tol005,btts,2026-02,1248,0.67147,0.23968,0.67147,True
not_worse_tol000,btts,2026-02,1248,0.67147,0.23968,0.67147,True
must_improve_tol000,btts,2026-02,1248,0.67147,0.23968,0.67147,True
must_improve_tol002,btts,2026-02,1248,0.67147,0.23968,0.67147,True
v9_rule_6m_window,btts,2026-02,1248,0.67147,0.23968,0.67147,True
two_window_tol005,btts,2026-02,1248,0.67147,0.23968,0.67147,True
always_promote,btts,2026-03,1322,0.67395,0.24097,0.67395,True
never_promote,btts,2026-03,1322,0.69685,0.25176,0.67395,False
v9_current_tol005,btts,2026-03,1322,0.67395,0.24097,0.67395,True
not_worse_tol000,btts,2026-03,1322,0.67395,0.24097,0.67395,True
must_improve_tol000,btts,2026-03,1322,0.67395,0.24097,0.67395,True
must_improve_tol002,btts,2026-03,1322,0.67395,0.24097,0.67395,True
v9_rule_6m_window,btts,2026-03,1322,0.67395,0.24097,0.67395,True
two_window_tol005,btts,2026-03,1322,0.67395,0.24097,0.67395,True
always_promote,btts,2026-04,1653,0.67416,0.24116,0.67416,True
never_promote,btts,2026-04,1653,0.68969,0.24813,0.67416,False
v9_current_tol005,btts,2026-04,1653,0.67416,0.24116,0.67416,True
not_worse_tol000,btts,2026-04,1653,0.67392,0.24111,0.67416,False
must_improve_tol000,btts,2026-04,1653,0.67392,0.24111,0.67416,False
must_improve_tol002,btts,2026-04,1653,0.67392,0.24111,0.67416,False
v9_rule_6m_window,btts,2026-04,1653,0.67416,0.24116,0.67416,True
two_window_tol005,btts,2026-04,1653,0.67392,0.24111,0.67416,False
always_promote,btts,2026-05,1224,0.65545,0.23247,0.65545,True
never_promote,btts,2026-05,1224,0.67471,0.24091,0.65545,False
v9_current_tol005,btts,2026-05,1224,0.65545,0.23247,0.65545,True
not_worse_tol000,btts,2026-05,1224,0.65545,0.23247,0.65545,True
must_improve_tol000,btts,2026-05,1224,0.65545,0.23247,0.65545,True
must_improve_tol002,btts,2026-05,1224,0.65545,0.23247,0.65545,True
v9_rule_6m_window,btts,2026-05,1224,0.65545,0.23247,0.65545,True
two_window_tol005,btts,2026-05,1224,0.65154,0.23078,0.65545,False
always_promote,btts,2026-06,92,0.6707,0.23912,0.6707,True
never_promote,btts,2026-06,92,0.68569,0.24608,0.6707,False
v9_current_tol005,btts,2026-06,92,0.6707,0.23912,0.6707,True
not_worse_tol000,btts,2026-06,92,0.6707,0.23912,0.6707,True
must_improve_tol000,btts,2026-06,92,0.6707,0.23912,0.6707,True
must_improve_tol002,btts,2026-06,92,0.6707,0.23912,0.6707,True
v9_rule_6m_window,btts,2026-06,92,0.6707,0.23912,0.6707,True
two_window_tol005,btts,2026-06,92,0.6707,0.23912,0.6707,True
always_promote,btts,2026-07,441,0.65844,0.2341,0.65844,True
never_promote,btts,2026-07,441,0.68348,0.24505,0.65844,False
v9_current_tol005,btts,2026-07,441,0.65844,0.2341,0.65844,True
not_worse_tol000,btts,2026-07,441,0.66085,0.23519,0.65844,False
must_improve_tol000,btts,2026-07,441,0.66085,0.23519,0.65844,False
must_improve_tol002,btts,2026-07,441,0.66085,0.23519,0.65844,False
v9_rule_6m_window,btts,2026-07,441,0.65844,0.2341,0.65844,True
two_window_tol005,btts,2026-07,441,0.65844,0.2341,0.65844,True
always_promote,btts,2026-08,1409,0.6504,0.23033,0.6504,True
never_promote,btts,2026-08,1409,0.67854,0.24279,0.6504,False
v9_current_tol005,btts,2026-08,1409,0.6504,0.23033,0.6504,True
not_worse_tol000,btts,2026-08,1409,0.6504,0.23033,0.6504,True
must_improve_tol000,btts,2026-08,1409,0.6504,0.23033,0.6504,True
must_improve_tol002,btts,2026-08,1409,0.65035,0.23027,0.6504,False
v9_rule_6m_window,btts,2026-08,1409,0.6504,0.23033,0.6504,True
two_window_tol005,btts,2026-08,1409,0.6504,0.23033,0.6504,True
always_promote,btts,2026-09,1049,0.67636,0.24215,0.67636,True
never_promote,btts,2026-09,1049,0.6964,0.25141,0.67636,False
v9_current_tol005,btts,2026-09,1049,0.67636,0.24215,0.67636,True
not_worse_tol000,btts,2026-09,1049,0.67636,0.24215,0.67636,True
must_improve_tol000,btts,2026-09,1049,0.67636,0.24215,0.67636,True
must_improve_tol002,btts,2026-09,1049,0.67636,0.24215,0.67636,True
v9_rule_6m_window,btts,2026-09,1049,0.67636,0.24215,0.67636,True
two_window_tol005,btts,2026-09,1049,0.67636,0.24215,0.67636,True
always_promote,over15,2022-08,1462,0.56563,0.18976,0.56563,True
never_promote,over15,2022-08,1462,0.56563,0.18976,0.56563,True
v9_current_tol005,over15,2022-08,1462,0.56563,0.18976,0.56563,True
not_worse_tol000,over15,2022-08,1462,0.56563,0.18976,0.56563,True
must_improve_tol000,over15,2022-08,1462,0.56563,0.18976,0.56563,True
must_improve_tol002,over15,2022-08,1462,0.56563,0.18976,0.56563,True
v9_rule_6m_window,over15,2022-08,1462,0.56563,0.18976,0.56563,True
two_window_tol005,over15,2022-08,1462,0.56563,0.18976,0.56563,True
always_promote,over15,2022-09,1210,0.56187,0.18848,0.56187,True
never_promote,over15,2022-09,1210,0.56409,0.1892,0.56187,False
v9_current_tol005,over15,2022-09,1210,0.56187,0.18848,0.56187,True
not_worse_tol000,over15,2022-09,1210,0.56187,0.18848,0.56187,True
must_improve_tol000,over15,2022-09,1210,0.56187,0.18848,0.56187,True
must_improve_tol002,over15,2022-09,1210,0.56187,0.18848,0.56187,True
v9_rule_6m_window,over15,2022-09,1210,0.56187,0.18848,0.56187,True
two_window_tol005,over15,2022-09,1210,0.56409,0.1892,0.56187,False
always_promote,over15,2022-10,1707,0.55506,0.18477,0.55506,True
never_promote,over15,2022-10,1707,0.55858,0.18617,0.55506,False
v9_current_tol005,over15,2022-10,1707,0.55506,0.18477,0.55506,True
not_worse_tol000,over15,2022-10,1707,0.55506,0.18477,0.55506,True
must_improve_tol000,over15,2022-10,1707,0.55506,0.18477,0.55506,True
must_improve_tol002,over15,2022-10,1707,0.55506,0.18477,0.55506,True
v9_rule_6m_window,over15,2022-10,1707,0.55506,0.18477,0.55506,True
two_window_tol005,over15,2022-10,1707,0.55506,0.18477,0.55506,True
always_promote,over15,2022-11,726,0.5412,0.17901,0.5412,True
never_promote,over15,2022-11,726,0.54574,0.18054,0.5412,False
v9_current_tol005,over15,2022-11,726,0.5412,0.17901,0.5412,True
not_worse_tol000,over15,2022-11,726,0.5412,0.17901,0.5412,True
must_improve_tol000,over15,2022-11,726,0.5412,0.17901,0.5412,True
must_improve_tol002,over15,2022-11,726,0.5412,0.17901,0.5412,True
v9_rule_6m_window,over15,2022-11,726,0.5412,0.17901,0.5412,True
two_window_tol005,over15,2022-11,726,0.54907,0.18184,0.5412,False
always_promote,over15,2022-12,558,0.55926,0.18695,0.55926,True
never_promote,over15,2022-12,558,0.56027,0.18763,0.55926,False
v9_current_tol005,over15,2022-12,558,0.55926,0.18695,0.55926,True
not_worse_tol000,over15,2022-12,558,0.55926,0.18695,0.55926,True
must_improve_tol000,over15,2022-12,558,0.55926,0.18695,0.55926,True
must_improve_tol002,over15,2022-12,558,0.55926,0.18695,0.55926,True
v9_rule_6m_window,over15,2022-12,558,0.55926,0.18695,0.55926,True
two_window_tol005,over15,2022-12,558,0.56074,0.18785,0.55926,False
always_promote,over15,2023-01,717,0.56649,0.1902,0.56649,True
never_promote,over15,2023-01,717,0.56984,0.19144,0.56649,False
v9_current_tol005,over15,2023-01,717,0.56649,0.1902,0.56649,True
not_worse_tol000,over15,2023-01,717,0.56649,0.1902,0.56649,True
must_improve_tol000,over15,2023-01,717,0.56649,0.1902,0.56649,True
must_improve_tol002,over15,2023-01,717,0.56649,0.1902,0.56649,True
v9_rule_6m_window,over15,2023-01,717,0.56649,0.1902,0.56649,True
two_window_tol005,over15,2023-01,717,0.56598,0.18964,0.56649,False
always_promote,over15,2023-02,1014,0.58375,0.19805,0.58375,True
never_promote,over15,2023-02,1014,0.59028,0.20087,0.58375,False
v9_current_tol005,over15,2023-02,1014,0.58375,0.19805,0.58375,True
not_worse_tol000,over15,2023-02,1014,0.58375,0.19805,0.58375,True
must_improve_tol000,over15,2023-02,1014,0.58375,0.19805,0.58375,True
must_improve_tol002,over15,2023-02,1014,0.58375,0.19805,0.58375,True
v9_rule_6m_window,over15,2023-02,1014,0.58375,0.19805,0.58375,True
two_window_tol005,over15,2023-02,1014,0.58375,0.19805,0.58375,True
always_promote,over15,2023-03,984,0.57564,0.19445,0.57564,True
never_promote,over15,2023-03,984,0.58153,0.19684,0.57564,False
v9_current_tol005,over15,2023-03,984,0.57564,0.19445,0.57564,True
not_worse_tol000,over15,2023-03,984,0.57564,0.19445,0.57564,True
must_improve_tol000,over15,2023-03,984,0.57564,0.19445,0.57564,True
must_improve_tol002,over15,2023-03,984,0.57564,0.19445,0.57564,True
v9_rule_6m_window,over15,2023-03,984,0.57564,0.19445,0.57564,True
two_window_tol005,over15,2023-03,984,0.57564,0.19445,0.57564,True
always_promote,over15,2023-04,1671,0.56489,0.18969,0.56489,True
never_promote,over15,2023-04,1671,0.56993,0.19165,0.56489,False
v9_current_tol005,over15,2023-04,1671,0.56489,0.18969,0.56489,True
not_worse_tol000,over15,2023-04,1671,0.56489,0.18969,0.56489,True
must_improve_tol000,over15,2023-04,1671,0.56489,0.18969,0.56489,True
must_improve_tol002,over15,2023-04,1671,0.56489,0.18969,0.56489,True
v9_rule_6m_window,over15,2023-04,1671,0.56489,0.18969,0.56489,True
two_window_tol005,over15,2023-04,1671,0.56489,0.18969,0.56489,True
always_promote,over15,2023-05,1234,0.55544,0.18494,0.55544,True
never_promote,over15,2023-05,1234,0.55166,0.18325,0.55544,False
v9_current_tol005,over15,2023-05,1234,0.55544,0.18494,0.55544,True
not_worse_tol000,over15,2023-05,1234,0.55544,0.18494,0.55544,True
must_improve_tol000,over15,2023-05,1234,0.55544,0.18494,0.55544,True
must_improve_tol002,over15,2023-05,1234,0.55544,0.18494,0.55544,True
v9_rule_6m_window,over15,2023-05,1234,0.55544,0.18494,0.55544,True
two_window_tol005,over15,2023-05,1234,0.55544,0.18494,0.55544,True
always_promote,over15,2023-06,539,0.56212,0.18831,0.56212,True
never_promote,over15,2023-06,539,0.56782,0.19081,0.56212,False
v9_current_tol005,over15,2023-06,539,0.56212,0.18831,0.56212,True
not_worse_tol000,over15,2023-06,539,0.56212,0.18831,0.56212,True
must_improve_tol000,over15,2023-06,539,0.56212,0.18831,0.56212,True
must_improve_tol002,over15,2023-06,539,0.56212,0.18831,0.56212,True
v9_rule_6m_window,over15,2023-06,539,0.56212,0.18831,0.56212,True
two_window_tol005,over15,2023-06,539,0.56212,0.18831,0.56212,True
always_promote,over15,2023-07,755,0.5432,0.18004,0.5432,True
never_promote,over15,2023-07,755,0.5495,0.18305,0.5432,False
v9_current_tol005,over15,2023-07,755,0.5432,0.18004,0.5432,True
not_worse_tol000,over15,2023-07,755,0.5432,0.18004,0.5432,True
must_improve_tol000,over15,2023-07,755,0.5432,0.18004,0.5432,True
must_improve_tol002,over15,2023-07,755,0.5432,0.18004,0.5432,True
v9_rule_6m_window,over15,2023-07,755,0.5432,0.18004,0.5432,True
two_window_tol005,over15,2023-07,755,0.5432,0.18004,0.5432,True
always_promote,over15,2023-08,1311,0.56065,0.18691,0.56065,True
never_promote,over15,2023-08,1311,0.56078,0.18713,0.56065,False
v9_current_tol005,over15,2023-08,1311,0.56065,0.18691,0.56065,True
not_worse_tol000,over15,2023-08,1311,0.56065,0.18691,0.56065,True
must_improve_tol000,over15,2023-08,1311,0.56065,0.18691,0.56065,True
must_improve_tol002,over15,2023-08,1311,0.56065,0.18691,0.56065,True
v9_rule_6m_window,over15,2023-08,1311,0.56065,0.18691,0.56065,True
two_window_tol005,over15,2023-08,1311,0.56065,0.18691,0.56065,True
always_promote,over15,2023-09,1510,0.53569,0.17602,0.53569,True
never_promote,over15,2023-09,1510,0.54322,0.17914,0.53569,False
v9_current_tol005,over15,2023-09,1510,0.53569,0.17602,0.53569,True
not_worse_tol000,over15,2023-09,1510,0.53569,0.17602,0.53569,True
must_improve_tol000,over15,2023-09,1510,0.53569,0.17602,0.53569,True
must_improve_tol002,over15,2023-09,1510,0.53569,0.17602,0.53569,True
v9_rule_6m_window,over15,2023-09,1510,0.53569,0.17602,0.53569,True
two_window_tol005,over15,2023-09,1510,0.53569,0.17602,0.53569,True
always_promote,over15,2023-10,1430,0.53636,0.17715,0.53636,True
never_promote,over15,2023-10,1430,0.54242,0.1793,0.53636,False
v9_current_tol005,over15,2023-10,1430,0.53636,0.17715,0.53636,True
not_worse_tol000,over15,2023-10,1430,0.53636,0.17715,0.53636,True
must_improve_tol000,over15,2023-10,1430,0.53636,0.17715,0.53636,True
must_improve_tol002,over15,2023-10,1430,0.53636,0.17715,0.53636,True
v9_rule_6m_window,over15,2023-10,1430,0.53636,0.17715,0.53636,True
two_window_tol005,over15,2023-10,1430,0.53636,0.17715,0.53636,True
always_promote,over15,2023-11,1097,0.53379,0.17543,0.53379,True
never_promote,over15,2023-11,1097,0.54621,0.18042,0.53379,False
v9_current_tol005,over15,2023-11,1097,0.53379,0.17543,0.53379,True
not_worse_tol000,over15,2023-11,1097,0.53379,0.17543,0.53379,True
must_improve_tol000,over15,2023-11,1097,0.53379,0.17543,0.53379,True
must_improve_tol002,over15,2023-11,1097,0.53672,0.17652,0.53379,False
v9_rule_6m_window,over15,2023-11,1097,0.53672,0.17652,0.53379,False
two_window_tol005,over15,2023-11,1097,0.53672,0.17652,0.53379,False
always_promote,over15,2023-12,1018,0.54144,0.17959,0.54144,True
never_promote,over15,2023-12,1018,0.5459,0.18112,0.54144,False
v9_current_tol005,over15,2023-12,1018,0.54144,0.17959,0.54144,True
not_worse_tol000,over15,2023-12,1018,0.54144,0.17959,0.54144,True
must_improve_tol000,over15,2023-12,1018,0.54144,0.17959,0.54144,True
must_improve_tol002,over15,2023-12,1018,0.54144,0.17959,0.54144,True
v9_rule_6m_window,over15,2023-12,1018,0.54144,0.17959,0.54144,True
two_window_tol005,over15,2023-12,1018,0.54097,0.17936,0.54144,False
always_promote,over15,2024-01,766,0.54267,0.17897,0.54267,True
never_promote,over15,2024-01,766,0.54692,0.18095,0.54267,False
v9_current_tol005,over15,2024-01,766,0.54267,0.17897,0.54267,True
not_worse_tol000,over15,2024-01,766,0.54267,0.17897,0.54267,True
must_improve_tol000,over15,2024-01,766,0.54267,0.17897,0.54267,True
must_improve_tol002,over15,2024-01,766,0.54267,0.17897,0.54267,True
v9_rule_6m_window,over15,2024-01,766,0.54267,0.17897,0.54267,True
two_window_tol005,over15,2024-01,766,0.54241,0.17889,0.54267,False
always_promote,over15,2024-02,1214,0.54139,0.17903,0.54139,True
never_promote,over15,2024-02,1214,0.55547,0.18459,0.54139,False
v9_current_tol005,over15,2024-02,1214,0.54139,0.17903,0.54139,True
not_worse_tol000,over15,2024-02,1214,0.54139,0.17903,0.54139,True
must_improve_tol000,over15,2024-02,1214,0.54139,0.17903,0.54139,True
must_improve_tol002,over15,2024-02,1214,0.54139,0.17903,0.54139,True
v9_rule_6m_window,over15,2024-02,1214,0.54139,0.17903,0.54139,True
two_window_tol005,over15,2024-02,1214,0.54139,0.17903,0.54139,True
always_promote,over15,2024-03,1366,0.57621,0.19449,0.57621,True
never_promote,over15,2024-03,1366,0.57754,0.19501,0.57621,False
v9_current_tol005,over15,2024-03,1366,0.57621,0.19449,0.57621,True
not_worse_tol000,over15,2024-03,1366,0.57621,0.19449,0.57621,True
must_improve_tol000,over15,2024-03,1366,0.57621,0.19449,0.57621,True
must_improve_tol002,over15,2024-03,1366,0.57621,0.19449,0.57621,True
v9_rule_6m_window,over15,2024-03,1366,0.57621,0.19449,0.57621,True
two_window_tol005,over15,2024-03,1366,0.57621,0.19449,0.57621,True
always_promote,over15,2024-04,1750,0.54624,0.18127,0.54624,True
never_promote,over15,2024-04,1750,0.55479,0.18472,0.54624,False
v9_current_tol005,over15,2024-04,1750,0.54624,0.18127,0.54624,True
not_worse_tol000,over15,2024-04,1750,0.54624,0.18127,0.54624,True
must_improve_tol000,over15,2024-04,1750,0.54624,0.18127,0.54624,True
must_improve_tol002,over15,2024-04,1750,0.54624,0.18127,0.54624,True
v9_rule_6m_window,over15,2024-04,1750,0.54705,0.18153,0.54624,False
two_window_tol005,over15,2024-04,1750,0.54705,0.18153,0.54624,False
always_promote,over15,2024-05,1257,0.51703,0.1691,0.51703,True
never_promote,over15,2024-05,1257,0.5288,0.1732,0.51703,False
v9_current_tol005,over15,2024-05,1257,0.51703,0.1691,0.51703,True
not_worse_tol000,over15,2024-05,1257,0.51703,0.1691,0.51703,True
must_improve_tol000,over15,2024-05,1257,0.51703,0.1691,0.51703,True
must_improve_tol002,over15,2024-05,1257,0.51703,0.1691,0.51703,True
v9_rule_6m_window,over15,2024-05,1257,0.51703,0.1691,0.51703,True
two_window_tol005,over15,2024-05,1257,0.51703,0.1691,0.51703,True
always_promote,over15,2024-06,563,0.54748,0.18204,0.54748,True
never_promote,over15,2024-06,563,0.55025,0.18247,0.54748,False
v9_current_tol005,over15,2024-06,563,0.54908,0.18308,0.54748,False
not_worse_tol000,over15,2024-06,563,0.54908,0.18308,0.54748,False
must_improve_tol000,over15,2024-06,563,0.54908,0.18308,0.54748,False
must_improve_tol002,over15,2024-06,563,0.54908,0.18308,0.54748,False
v9_rule_6m_window,over15,2024-06,563,0.54908,0.18308,0.54748,False
two_window_tol005,over15,2024-06,563,0.54908,0.18308,0.54748,False
always_promote,over15,2024-07,676,0.516,0.16899,0.516,True
never_promote,over15,2024-07,676,0.53062,0.17421,0.516,False
v9_current_tol005,over15,2024-07,676,0.516,0.16899,0.516,True
not_worse_tol000,over15,2024-07,676,0.51567,0.16875,0.516,False
must_improve_tol000,over15,2024-07,676,0.51567,0.16875,0.516,False
must_improve_tol002,over15,2024-07,676,0.51567,0.16875,0.516,False
v9_rule_6m_window,over15,2024-07,676,0.51567,0.16875,0.516,False
two_window_tol005,over15,2024-07,676,0.51567,0.16875,0.516,False
always_promote,over15,2024-08,1343,0.58361,0.1982,0.58361,True
never_promote,over15,2024-08,1343,0.58736,0.19932,0.58361,False
v9_current_tol005,over15,2024-08,1343,0.58361,0.1982,0.58361,True
not_worse_tol000,over15,2024-08,1343,0.58361,0.1982,0.58361,True
must_improve_tol000,over15,2024-08,1343,0.58361,0.1982,0.58361,True
must_improve_tol002,over15,2024-08,1343,0.58361,0.1982,0.58361,True
v9_rule_6m_window,over15,2024-08,1343,0.58793,0.19988,0.58361,False
two_window_tol005,over15,2024-08,1343,0.58793,0.19988,0.58361,False
always_promote,over15,2024-09,1435,0.54295,0.18061,0.54295,True
never_promote,over15,2024-09,1435,0.54945,0.183,0.54295,False
v9_current_tol005,over15,2024-09,1435,0.54295,0.18061,0.54295,True
not_worse_tol000,over15,2024-09,1435,0.54295,0.18061,0.54295,True
must_improve_tol000,over15,2024-09,1435,0.54295,0.18061,0.54295,True
must_improve_tol002,over15,2024-09,1435,0.54295,0.18061,0.54295,True
v9_rule_6m_window,over15,2024-09,1435,0.54295,0.18061,0.54295,True
two_window_tol005,over15,2024-09,1435,0.53896,0.17931,0.54295,False
always_promote,over15,2024-10,1342,0.57348,0.19293,0.57348,True
never_promote,over15,2024-10,1342,0.5761,0.19444,0.57348,False
v9_current_tol005,over15,2024-10,1342,0.57348,0.19293,0.57348,True
not_worse_tol000,over15,2024-10,1342,0.57348,0.19293,0.57348,True
must_improve_tol000,over15,2024-10,1342,0.57348,0.19293,0.57348,True
must_improve_tol002,over15,2024-10,1342,0.57348,0.19293,0.57348,True
v9_rule_6m_window,over15,2024-10,1342,0.57348,0.19293,0.57348,True
two_window_tol005,over15,2024-10,1342,0.57348,0.19293,0.57348,True
always_promote,over15,2024-11,1233,0.60281,0.20592,0.60281,True
never_promote,over15,2024-11,1233,0.61214,0.21028,0.60281,False
v9_current_tol005,over15,2024-11,1233,0.60281,0.20592,0.60281,True
not_worse_tol000,over15,2024-11,1233,0.60281,0.20592,0.60281,True
must_improve_tol000,over15,2024-11,1233,0.60281,0.20592,0.60281,True
must_improve_tol002,over15,2024-11,1233,0.60281,0.20592,0.60281,True
v9_rule_6m_window,over15,2024-11,1233,0.60281,0.20592,0.60281,True
two_window_tol005,over15,2024-11,1233,0.60281,0.20592,0.60281,True
always_promote,over15,2024-12,1040,0.53335,0.17537,0.53335,True
never_promote,over15,2024-12,1040,0.54179,0.17873,0.53335,False
v9_current_tol005,over15,2024-12,1040,0.53335,0.17537,0.53335,True
not_worse_tol000,over15,2024-12,1040,0.53335,0.17537,0.53335,True
must_improve_tol000,over15,2024-12,1040,0.53335,0.17537,0.53335,True
must_improve_tol002,over15,2024-12,1040,0.53333,0.17533,0.53335,False
v9_rule_6m_window,over15,2024-12,1040,0.53333,0.17533,0.53335,False
two_window_tol005,over15,2024-12,1040,0.53333,0.17533,0.53335,False
always_promote,over15,2025-01,863,0.57174,0.19291,0.57174,True
never_promote,over15,2025-01,863,0.58062,0.19642,0.57174,False
v9_current_tol005,over15,2025-01,863,0.57174,0.19291,0.57174,True
not_worse_tol000,over15,2025-01,863,0.57174,0.19291,0.57174,True
must_improve_tol000,over15,2025-01,863,0.57174,0.19291,0.57174,True
must_improve_tol002,over15,2025-01,863,0.57174,0.19291,0.57174,True
v9_rule_6m_window,over15,2025-01,863,0.57174,0.19291,0.57174,True
two_window_tol005,over15,2025-01,863,0.57174,0.19291,0.57174,True
always_promote,over15,2025-02,1180,0.57817,0.19576,0.57817,True
never_promote,over15,2025-02,1180,0.58734,0.19925,0.57817,False
v9_current_tol005,over15,2025-02,1180,0.57687,0.19534,0.57817,False
not_worse_tol000,over15,2025-02,1180,0.57687,0.19534,0.57817,False
must_improve_tol000,over15,2025-02,1180,0.57687,0.19534,0.57817,False
must_improve_tol002,over15,2025-02,1180,0.57687,0.19534,0.57817,False
v9_rule_6m_window,over15,2025-02,1180,0.57687,0.19534,0.57817,False
two_window_tol005,over15,2025-02,1180,0.57687,0.19534,0.57817,False
always_promote,over15,2025-03,1333,0.57955,0.19587,0.57955,True
never_promote,over15,2025-03,1333,0.5849,0.19809,0.57955,False
v9_current_tol005,over15,2025-03,1333,0.57955,0.19587,0.57955,True
not_worse_tol000,over15,2025-03,1333,0.57955,0.19587,0.57955,True
must_improve_tol000,over15,2025-03,1333,0.57955,0.19587,0.57955,True
must_improve_tol002,over15,2025-03,1333,0.57955,0.19587,0.57955,True
v9_rule_6m_window,over15,2025-03,1333,0.57955,0.19587,0.57955,True
two_window_tol005,over15,2025-03,1333,0.58086,0.19644,0.57955,False
always_promote,over15,2025-04,1570,0.55038,0.18346,0.55038,True
never_promote,over15,2025-04,1570,0.56224,0.18798,0.55038,False
v9_current_tol005,over15,2025-04,1570,0.55038,0.18346,0.55038,True
not_worse_tol000,over15,2025-04,1570,0.55038,0.18346,0.55038,True
must_improve_tol000,over15,2025-04,1570,0.55038,0.18346,0.55038,True
must_improve_tol002,over15,2025-04,1570,0.55038,0.18346,0.55038,True
v9_rule_6m_window,over15,2025-04,1570,0.55038,0.18346,0.55038,True
two_window_tol005,over15,2025-04,1570,0.54989,0.18311,0.55038,False
always_promote,over15,2025-05,1172,0.53362,0.17625,0.53362,True
never_promote,over15,2025-05,1172,0.54128,0.1792,0.53362,False
v9_current_tol005,over15,2025-05,1172,0.53362,0.17625,0.53362,True
not_worse_tol000,over15,2025-05,1172,0.53362,0.17625,0.53362,True
must_improve_tol000,over15,2025-05,1172,0.53362,0.17625,0.53362,True
must_improve_tol002,over15,2025-05,1172,0.53362,0.17625,0.53362,True
v9_rule_6m_window,over15,2025-05,1172,0.53362,0.17625,0.53362,True
two_window_tol005,over15,2025-05,1172,0.53362,0.17625,0.53362,True
always_promote,over15,2025-06,295,0.51072,0.16501,0.51072,True
never_promote,over15,2025-06,295,0.51506,0.16675,0.51072,False
v9_current_tol005,over15,2025-06,295,0.51072,0.16501,0.51072,True
not_worse_tol000,over15,2025-06,295,0.51072,0.16501,0.51072,True
must_improve_tol000,over15,2025-06,295,0.51072,0.16501,0.51072,True
must_improve_tol002,over15,2025-06,295,0.51072,0.16501,0.51072,True
v9_rule_6m_window,over15,2025-06,295,0.51072,0.16501,0.51072,True
two_window_tol005,over15,2025-06,295,0.51072,0.16501,0.51072,True
always_promote,over15,2025-07,449,0.54309,0.17991,0.54309,True
never_promote,over15,2025-07,449,0.5487,0.18222,0.54309,False
v9_current_tol005,over15,2025-07,449,0.54309,0.17991,0.54309,True
not_worse_tol000,over15,2025-07,449,0.54309,0.17991,0.54309,True
must_improve_tol000,over15,2025-07,449,0.54309,0.17991,0.54309,True
must_improve_tol002,over15,2025-07,449,0.54309,0.17991,0.54309,True
v9_rule_6m_window,over15,2025-07,449,0.54309,0.17991,0.54309,True
two_window_tol005,over15,2025-07,449,0.54309,0.17991,0.54309,True
always_promote,over15,2025-08,1350,0.55131,0.18339,0.55131,True
never_promote,over15,2025-08,1350,0.55818,0.18607,0.55131,False
v9_current_tol005,over15,2025-08,1350,0.55131,0.18339,0.55131,True
not_worse_tol000,over15,2025-08,1350,0.55131,0.18339,0.55131,True
must_improve_tol000,over15,2025-08,1350,0.55131,0.18339,0.55131,True
must_improve_tol002,over15,2025-08,1350,0.55131,0.18339,0.55131,True
v9_rule_6m_window,over15,2025-08,1350,0.55131,0.18339,0.55131,True
two_window_tol005,over15,2025-08,1350,0.55131,0.18339,0.55131,True
always_promote,over15,2025-09,1165,0.53903,0.17849,0.53903,True
never_promote,over15,2025-09,1165,0.5451,0.18055,0.53903,False
v9_current_tol005,over15,2025-09,1165,0.53903,0.17849,0.53903,True
not_worse_tol000,over15,2025-09,1165,0.53903,0.17849,0.53903,True
must_improve_tol000,over15,2025-09,1165,0.53903,0.17849,0.53903,True
must_improve_tol002,over15,2025-09,1165,0.53903,0.17849,0.53903,True
v9_rule_6m_window,over15,2025-09,1165,0.53903,0.17849,0.53903,True
two_window_tol005,over15,2025-09,1165,0.53903,0.17849,0.53903,True
always_promote,over15,2025-10,1154,0.51798,0.16962,0.51798,True
never_promote,over15,2025-10,1154,0.52793,0.17336,0.51798,False
v9_current_tol005,over15,2025-10,1154,0.51798,0.16962,0.51798,True
not_worse_tol000,over15,2025-10,1154,0.51798,0.16962,0.51798,True
must_improve_tol000,over15,2025-10,1154,0.51798,0.16962,0.51798,True
must_improve_tol002,over15,2025-10,1154,0.52043,0.17063,0.51798,False
v9_rule_6m_window,over15,2025-10,1154,0.52043,0.17063,0.51798,False
two_window_tol005,over15,2025-10,1154,0.52043,0.17063,0.51798,False
always_promote,over15,2025-11,1169,0.55094,0.18365,0.55094,True
never_promote,over15,2025-11,1169,0.5639,0.18861,0.55094,False
v9_current_tol005,over15,2025-11,1169,0.55094,0.18365,0.55094,True
not_worse_tol000,over15,2025-11,1169,0.55094,0.18365,0.55094,True
must_improve_tol000,over15,2025-11,1169,0.55094,0.18365,0.55094,True
must_improve_tol002,over15,2025-11,1169,0.55094,0.18365,0.55094,True
v9_rule_6m_window,over15,2025-11,1169,0.55094,0.18365,0.55094,True
two_window_tol005,over15,2025-11,1169,0.55456,0.18503,0.55094,False
always_promote,over15,2025-12,839,0.55262,0.18371,0.55262,True
never_promote,over15,2025-12,839,0.55074,0.18297,0.55262,False
v9_current_tol005,over15,2025-12,839,0.55262,0.18371,0.55262,True
not_worse_tol000,over15,2025-12,839,0.55262,0.18371,0.55262,True
must_improve_tol000,over15,2025-12,839,0.55262,0.18371,0.55262,True
must_improve_tol002,over15,2025-12,839,0.55262,0.18371,0.55262,True
v9_rule_6m_window,over15,2025-12,839,0.55262,0.18371,0.55262,True
two_window_tol005,over15,2025-12,839,0.55534,0.18459,0.55262,False
always_promote,over15,2026-01,940,0.55776,0.18672,0.55776,True
never_promote,over15,2026-01,940,0.56943,0.19122,0.55776,False
v9_current_tol005,over15,2026-01,940,0.55776,0.18672,0.55776,True
not_worse_tol000,over15,2026-01,940,0.55776,0.18672,0.55776,True
must_improve_tol000,over15,2026-01,940,0.55776,0.18672,0.55776,True
must_improve_tol002,over15,2026-01,940,0.55776,0.18672,0.55776,True
v9_rule_6m_window,over15,2026-01,940,0.55776,0.18672,0.55776,True
two_window_tol005,over15,2026-01,940,0.55776,0.18672,0.55776,True
always_promote,over15,2026-02,1248,0.54983,0.18287,0.54983,True
never_promote,over15,2026-02,1248,0.5603,0.18695,0.54983,False
v9_current_tol005,over15,2026-02,1248,0.54983,0.18287,0.54983,True
not_worse_tol000,over15,2026-02,1248,0.54983,0.18287,0.54983,True
must_improve_tol000,over15,2026-02,1248,0.54983,0.18287,0.54983,True
must_improve_tol002,over15,2026-02,1248,0.54983,0.18287,0.54983,True
v9_rule_6m_window,over15,2026-02,1248,0.54983,0.18287,0.54983,True
two_window_tol005,over15,2026-02,1248,0.54983,0.18287,0.54983,True
always_promote,over15,2026-03,1322,0.54868,0.18238,0.54868,True
never_promote,over15,2026-03,1322,0.56035,0.1871,0.54868,False
v9_current_tol005,over15,2026-03,1322,0.54868,0.18238,0.54868,True
not_worse_tol000,over15,2026-03,1322,0.54868,0.18238,0.54868,True
must_improve_tol000,over15,2026-03,1322,0.54868,0.18238,0.54868,True
must_improve_tol002,over15,2026-03,1322,0.54868,0.18238,0.54868,True
v9_rule_6m_window,over15,2026-03,1322,0.54868,0.18238,0.54868,True
two_window_tol005,over15,2026-03,1322,0.54868,0.18238,0.54868,True
always_promote,over15,2026-04,1653,0.52257,0.17064,0.52257,True
never_promote,over15,2026-04,1653,0.53741,0.17669,0.52257,False
v9_current_tol005,over15,2026-04,1653,0.52257,0.17064,0.52257,True
not_worse_tol000,over15,2026-04,1653,0.52257,0.17064,0.52257,True
must_improve_tol000,over15,2026-04,1653,0.52257,0.17064,0.52257,True
must_improve_tol002,over15,2026-04,1653,0.52257,0.17064,0.52257,True
v9_rule_6m_window,over15,2026-04,1653,0.52257,0.17064,0.52257,True
two_window_tol005,over15,2026-04,1653,0.52257,0.17064,0.52257,True
always_promote,over15,2026-05,1224,0.48947,0.15756,0.48947,True
never_promote,over15,2026-05,1224,0.50502,0.16296,0.48947,False
v9_current_tol005,over15,2026-05,1224,0.48947,0.15756,0.48947,True
not_worse_tol000,over15,2026-05,1224,0.48947,0.15756,0.48947,True
must_improve_tol000,over15,2026-05,1224,0.48947,0.15756,0.48947,True
must_improve_tol002,over15,2026-05,1224,0.48947,0.15756,0.48947,True
v9_rule_6m_window,over15,2026-05,1224,0.48947,0.15756,0.48947,True
two_window_tol005,over15,2026-05,1224,0.48947,0.15756,0.48947,True
always_promote,over15,2026-06,92,0.47497,0.14861,0.47497,True
never_promote,over15,2026-06,92,0.48324,0.15196,0.47497,False
v9_current_tol005,over15,2026-06,92,0.47497,0.14861,0.47497,True
not_worse_tol000,over15,2026-06,92,0.47497,0.14861,0.47497,True
must_improve_tol000,over15,2026-06,92,0.47497,0.14861,0.47497,True
must_improve_tol002,over15,2026-06,92,0.47497,0.14861,0.47497,True
v9_rule_6m_window,over15,2026-06,92,0.47497,0.14861,0.47497,True
two_window_tol005,over15,2026-06,92,0.47497,0.14861,0.47497,True
always_promote,over15,2026-07,441,0.53227,0.17555,0.53227,True
never_promote,over15,2026-07,441,0.54175,0.17879,0.53227,False
v9_current_tol005,over15,2026-07,441,0.53195,0.17548,0.53227,False
not_worse_tol000,over15,2026-07,441,0.53195,0.17548,0.53227,False
must_improve_tol000,over15,2026-07,441,0.53195,0.17548,0.53227,False
must_improve_tol002,over15,2026-07,441,0.53195,0.17548,0.53227,False
v9_rule_6m_window,over15,2026-07,441,0.53195,0.17548,0.53227,False
two_window_tol005,over15,2026-07,441,0.53195,0.17548,0.53227,False
always_promote,over15,2026-08,1409,0.52029,0.17054,0.52029,True
never_promote,over15,2026-08,1409,0.53489,0.17623,0.52029,False
v9_current_tol005,over15,2026-08,1409,0.52029,0.17054,0.52029,True
not_worse_tol000,over15,2026-08,1409,0.52029,0.17054,0.52029,True
must_improve_tol000,over15,2026-08,1409,0.52029,0.17054,0.52029,True
must_improve_tol002,over15,2026-08,1409,0.52029,0.17054,0.52029,True
v9_rule_6m_window,over15,2026-08,1409,0.52029,0.17054,0.52029,True
two_window_tol005,over15,2026-08,1409,0.52029,0.17054,0.52029,True
always_promote,over15,2026-09,1049,0.52024,0.16983,0.52024,True
never_promote,over15,2026-09,1049,0.52675,0.1723,0.52024,False
v9_current_tol005,over15,2026-09,1049,0.52024,0.16983,0.52024,True
not_worse_tol000,over15,2026-09,1049,0.52024,0.16983,0.52024,True
must_improve_tol000,over15,2026-09,1049,0.52024,0.16983,0.52024,True
must_improve_tol002,over15,2026-09,1049,0.52024,0.16983,0.52024,True
v9_rule_6m_window,over15,2026-09,1049,0.52024,0.16983,0.52024,True
two_window_tol005,over15,2026-09,1049,0.52024,0.16983,0.52024,True
always_promote,over25,2022-08,1462,0.67886,0.24296,0.67886,True
never_promote,over25,2022-08,1462,0.67886,0.24296,0.67886,True
v9_current_tol005,over25,2022-08,1462,0.67886,0.24296,0.67886,True
not_worse_tol000,over25,2022-08,1462,0.67886,0.24296,0.67886,True
must_improve_tol000,over25,2022-08,1462,0.67886,0.24296,0.67886,True
must_improve_tol002,over25,2022-08,1462,0.67886,0.24296,0.67886,True
v9_rule_6m_window,over25,2022-08,1462,0.67886,0.24296,0.67886,True
two_window_tol005,over25,2022-08,1462,0.67886,0.24296,0.67886,True
always_promote,over25,2022-09,1210,0.67841,0.24272,0.67841,True
never_promote,over25,2022-09,1210,0.68276,0.24483,0.67841,False
v9_current_tol005,over25,2022-09,1210,0.67841,0.24272,0.67841,True
not_worse_tol000,over25,2022-09,1210,0.67841,0.24272,0.67841,True
must_improve_tol000,over25,2022-09,1210,0.67841,0.24272,0.67841,True
must_improve_tol002,over25,2022-09,1210,0.67841,0.24272,0.67841,True
v9_rule_6m_window,over25,2022-09,1210,0.67841,0.24272,0.67841,True
two_window_tol005,over25,2022-09,1210,0.67841,0.24272,0.67841,True
always_promote,over25,2022-10,1707,0.68018,0.24361,0.68018,True
never_promote,over25,2022-10,1707,0.6831,0.24503,0.68018,False
v9_current_tol005,over25,2022-10,1707,0.68018,0.24361,0.68018,True
not_worse_tol000,over25,2022-10,1707,0.68018,0.24361,0.68018,True
must_improve_tol000,over25,2022-10,1707,0.68018,0.24361,0.68018,True
must_improve_tol002,over25,2022-10,1707,0.67693,0.24195,0.68018,False
v9_rule_6m_window,over25,2022-10,1707,0.67693,0.24195,0.68018,False
two_window_tol005,over25,2022-10,1707,0.67693,0.24195,0.68018,False
always_promote,over25,2022-11,726,0.67255,0.23987,0.67255,True
never_promote,over25,2022-11,726,0.67682,0.24197,0.67255,False
v9_current_tol005,over25,2022-11,726,0.67255,0.23987,0.67255,True
not_worse_tol000,over25,2022-11,726,0.67255,0.23987,0.67255,True
must_improve_tol000,over25,2022-11,726,0.67255,0.23987,0.67255,True
must_improve_tol002,over25,2022-11,726,0.67255,0.23987,0.67255,True
v9_rule_6m_window,over25,2022-11,726,0.67255,0.23987,0.67255,True
two_window_tol005,over25,2022-11,726,0.67135,0.23926,0.67255,False
always_promote,over25,2022-12,558,0.68597,0.24641,0.68597,True
never_promote,over25,2022-12,558,0.68391,0.24538,0.68597,False
v9_current_tol005,over25,2022-12,558,0.68597,0.24641,0.68597,True
not_worse_tol000,over25,2022-12,558,0.68073,0.24389,0.68597,False
must_improve_tol000,over25,2022-12,558,0.68073,0.24389,0.68597,False
must_improve_tol002,over25,2022-12,558,0.68073,0.24389,0.68597,False
v9_rule_6m_window,over25,2022-12,558,0.68073,0.24389,0.68597,False
two_window_tol005,over25,2022-12,558,0.68476,0.2458,0.68597,False
always_promote,over25,2023-01,717,0.68783,0.24727,0.68783,True
never_promote,over25,2023-01,717,0.69194,0.24929,0.68783,False
v9_current_tol005,over25,2023-01,717,0.68783,0.24727,0.68783,True
not_worse_tol000,over25,2023-01,717,0.68783,0.24727,0.68783,True
must_improve_tol000,over25,2023-01,717,0.68783,0.24727,0.68783,True
must_improve_tol002,over25,2023-01,717,0.68783,0.24727,0.68783,True
v9_rule_6m_window,over25,2023-01,717,0.68783,0.24727,0.68783,True
two_window_tol005,over25,2023-01,717,0.68783,0.24727,0.68783,True
always_promote,over25,2023-02,1014,0.67621,0.24165,0.67621,True
never_promote,over25,2023-02,1014,0.67572,0.2414,0.67621,False
v9_current_tol005,over25,2023-02,1014,0.67621,0.24165,0.67621,True
not_worse_tol000,over25,2023-02,1014,0.67621,0.24165,0.67621,True
must_improve_tol000,over25,2023-02,1014,0.67621,0.24165,0.67621,True
must_improve_tol002,over25,2023-02,1014,0.67621,0.24165,0.67621,True
v9_rule_6m_window,over25,2023-02,1014,0.67621,0.24165,0.67621,True
two_window_tol005,over25,2023-02,1014,0.67621,0.24165,0.67621,True
always_promote,over25,2023-03,984,0.67661,0.24178,0.67661,True
never_promote,over25,2023-03,984,0.67819,0.24254,0.67661,False
v9_current_tol005,over25,2023-03,984,0.67661,0.24178,0.67661,True
not_worse_tol000,over25,2023-03,984,0.67661,0.24178,0.67661,True
must_improve_tol000,over25,2023-03,984,0.67661,0.24178,0.67661,True
must_improve_tol002,over25,2023-03,984,0.67661,0.24178,0.67661,True
v9_rule_6m_window,over25,2023-03,984,0.67661,0.24178,0.67661,True
two_window_tol005,over25,2023-03,984,0.67661,0.24178,0.67661,True
always_promote,over25,2023-04,1671,0.68389,0.24551,0.68389,True
never_promote,over25,2023-04,1671,0.68602,0.2465,0.68389,False
v9_current_tol005,over25,2023-04,1671,0.68389,0.24551,0.68389,True
not_worse_tol000,over25,2023-04,1671,0.68581,0.24646,0.68389,False
must_improve_tol000,over25,2023-04,1671,0.68581,0.24646,0.68389,False
must_improve_tol002,over25,2023-04,1671,0.68581,0.24646,0.68389,False
v9_rule_6m_window,over25,2023-04,1671,0.68581,0.24646,0.68389,False
two_window_tol005,over25,2023-04,1671,0.68581,0.24646,0.68389,False
always_promote,over25,2023-05,1234,0.67522,0.24111,0.67522,True
never_promote,over25,2023-05,1234,0.6772,0.24211,0.67522,False
v9_current_tol005,over25,2023-05,1234,0.67522,0.24111,0.67522,True
not_worse_tol000,over25,2023-05,1234,0.67522,0.24111,0.67522,True
must_improve_tol000,over25,2023-05,1234,0.67522,0.24111,0.67522,True
must_improve_tol002,over25,2023-05,1234,0.67522,0.24111,0.67522,True
v9_rule_6m_window,over25,2023-05,1234,0.67522,0.24111,0.67522,True
two_window_tol005,over25,2023-05,1234,0.67969,0.24336,0.67522,False
always_promote,over25,2023-06,539,0.66875,0.23814,0.66875,True
never_promote,over25,2023-06,539,0.67736,0.24231,0.66875,False
v9_current_tol005,over25,2023-06,539,0.66875,0.23814,0.66875,True
not_worse_tol000,over25,2023-06,539,0.66875,0.23814,0.66875,True
must_improve_tol000,over25,2023-06,539,0.66875,0.23814,0.66875,True
must_improve_tol002,over25,2023-06,539,0.66875,0.23814,0.66875,True
v9_rule_6m_window,over25,2023-06,539,0.66875,0.23814,0.66875,True
two_window_tol005,over25,2023-06,539,0.67128,0.2394,0.66875,False
always_promote,over25,2023-07,755,0.66072,0.23426,0.66072,True
never_promote,over25,2023-07,755,0.66802,0.23766,0.66072,False
v9_current_tol005,over25,2023-07,755,0.66072,0.23426,0.66072,True
not_worse_tol000,over25,2023-07,755,0.66072,0.23426,0.66072,True
must_improve_tol000,over25,2023-07,755,0.66072,0.23426,0.66072,True
must_improve_tol002,over25,2023-07,755,0.66072,0.23426,0.66072,True
v9_rule_6m_window,over25,2023-07,755,0.66072,0.23426,0.66072,True
two_window_tol005,over25,2023-07,755,0.66072,0.23426,0.66072,True
always_promote,over25,2023-08,1311,0.68497,0.24594,0.68497,True
never_promote,over25,2023-08,1311,0.68418,0.24557,0.68497,False
v9_current_tol005,over25,2023-08,1311,0.68497,0.24594,0.68497,True
not_worse_tol000,over25,2023-08,1311,0.68497,0.24594,0.68497,True
must_improve_tol000,over25,2023-08,1311,0.68497,0.24594,0.68497,True
must_improve_tol002,over25,2023-08,1311,0.68497,0.24594,0.68497,True
v9_rule_6m_window,over25,2023-08,1311,0.68497,0.24594,0.68497,True
two_window_tol005,over25,2023-08,1311,0.68497,0.24594,0.68497,True
always_promote,over25,2023-09,1510,0.68479,0.24586,0.68479,True
never_promote,over25,2023-09,1510,0.68952,0.24819,0.68479,False
v9_current_tol005,over25,2023-09,1510,0.68479,0.24586,0.68479,True
not_worse_tol000,over25,2023-09,1510,0.68479,0.24586,0.68479,True
must_improve_tol000,over25,2023-09,1510,0.68479,0.24586,0.68479,True
must_improve_tol002,over25,2023-09,1510,0.68479,0.24586,0.68479,True
v9_rule_6m_window,over25,2023-09,1510,0.68479,0.24586,0.68479,True
two_window_tol005,over25,2023-09,1510,0.68479,0.24586,0.68479,True
always_promote,over25,2023-10,1430,0.67136,0.2394,0.67136,True
never_promote,over25,2023-10,1430,0.67862,0.24282,0.67136,False
v9_current_tol005,over25,2023-10,1430,0.67136,0.2394,0.67136,True
not_worse_tol000,over25,2023-10,1430,0.67136,0.2394,0.67136,True
must_improve_tol000,over25,2023-10,1430,0.67136,0.2394,0.67136,True
must_improve_tol002,over25,2023-10,1430,0.67136,0.2394,0.67136,True
v9_rule_6m_window,over25,2023-10,1430,0.67136,0.2394,0.67136,True
two_window_tol005,over25,2023-10,1430,0.67136,0.2394,0.67136,True
always_promote,over25,2023-11,1097,0.67525,0.24117,0.67525,True
never_promote,over25,2023-11,1097,0.68017,0.2436,0.67525,False
v9_current_tol005,over25,2023-11,1097,0.67525,0.24117,0.67525,True
not_worse_tol000,over25,2023-11,1097,0.67525,0.24117,0.67525,True
must_improve_tol000,over25,2023-11,1097,0.67525,0.24117,0.67525,True
must_improve_tol002,over25,2023-11,1097,0.67525,0.24117,0.67525,True
v9_rule_6m_window,over25,2023-11,1097,0.67525,0.24117,0.67525,True
two_window_tol005,over25,2023-11,1097,0.67173,0.23938,0.67525,False
always_promote,over25,2023-12,1018,0.68614,0.24653,0.68614,True
never_promote,over25,2023-12,1018,0.68116,0.24416,0.68614,False
v9_current_tol005,over25,2023-12,1018,0.68614,0.24653,0.68614,True
not_worse_tol000,over25,2023-12,1018,0.68614,0.24653,0.68614,True
must_improve_tol000,over25,2023-12,1018,0.68614,0.24653,0.68614,True
must_improve_tol002,over25,2023-12,1018,0.68614,0.24653,0.68614,True
v9_rule_6m_window,over25,2023-12,1018,0.68614,0.24653,0.68614,True
two_window_tol005,over25,2023-12,1018,0.68614,0.24653,0.68614,True
always_promote,over25,2024-01,766,0.67895,0.24308,0.67895,True
never_promote,over25,2024-01,766,0.69651,0.25172,0.67895,False
v9_current_tol005,over25,2024-01,766,0.67895,0.24308,0.67895,True
not_worse_tol000,over25,2024-01,766,0.67895,0.24308,0.67895,True
must_improve_tol000,over25,2024-01,766,0.67895,0.24308,0.67895,True
must_improve_tol002,over25,2024-01,766,0.67895,0.24308,0.67895,True
v9_rule_6m_window,over25,2024-01,766,0.67895,0.24308,0.67895,True
two_window_tol005,over25,2024-01,766,0.67752,0.24249,0.67895,False
always_promote,over25,2024-02,1214,0.67369,0.24046,0.67369,True
never_promote,over25,2024-02,1214,0.68746,0.24711,0.67369,False
v9_current_tol005,over25,2024-02,1214,0.67369,0.24046,0.67369,True
not_worse_tol000,over25,2024-02,1214,0.67369,0.24046,0.67369,True
must_improve_tol000,over25,2024-02,1214,0.67369,0.24046,0.67369,True
must_improve_tol002,over25,2024-02,1214,0.67369,0.24046,0.67369,True
v9_rule_6m_window,over25,2024-02,1214,0.67369,0.24046,0.67369,True
two_window_tol005,over25,2024-02,1214,0.67418,0.24066,0.67369,False
always_promote,over25,2024-03,1366,0.67581,0.24148,0.67581,True
never_promote,over25,2024-03,1366,0.68608,0.24648,0.67581,False
v9_current_tol005,over25,2024-03,1366,0.67581,0.24148,0.67581,True
not_worse_tol000,over25,2024-03,1366,0.67581,0.24148,0.67581,True
must_improve_tol000,over25,2024-03,1366,0.67581,0.24148,0.67581,True
must_improve_tol002,over25,2024-03,1366,0.67581,0.24148,0.67581,True
v9_rule_6m_window,over25,2024-03,1366,0.67581,0.24148,0.67581,True
two_window_tol005,over25,2024-03,1366,0.68023,0.24365,0.67581,False
always_promote,over25,2024-04,1750,0.67681,0.24202,0.67681,True
never_promote,over25,2024-04,1750,0.6894,0.24813,0.67681,False
v9_current_tol005,over25,2024-04,1750,0.67681,0.24202,0.67681,True
not_worse_tol000,over25,2024-04,1750,0.67681,0.24202,0.67681,True
must_improve_tol000,over25,2024-04,1750,0.67681,0.24202,0.67681,True
must_improve_tol002,over25,2024-04,1750,0.67681,0.24202,0.67681,True
v9_rule_6m_window,over25,2024-04,1750,0.67681,0.24202,0.67681,True
two_window_tol005,over25,2024-04,1750,0.67681,0.24202,0.67681,True
always_promote,over25,2024-05,1257,0.6556,0.23193,0.6556,True
never_promote,over25,2024-05,1257,0.67039,0.23887,0.6556,False
v9_current_tol005,over25,2024-05,1257,0.6556,0.23193,0.6556,True
not_worse_tol000,over25,2024-05,1257,0.6556,0.23193,0.6556,True
must_improve_tol000,over25,2024-05,1257,0.6556,0.23193,0.6556,True
must_improve_tol002,over25,2024-05,1257,0.6556,0.23193,0.6556,True
v9_rule_6m_window,over25,2024-05,1257,0.6556,0.23193,0.6556,True
two_window_tol005,over25,2024-05,1257,0.6556,0.23193,0.6556,True
always_promote,over25,2024-06,563,0.65534,0.23186,0.65534,True
never_promote,over25,2024-06,563,0.66595,0.23665,0.65534,False
v9_current_tol005,over25,2024-06,563,0.65534,0.23186,0.65534,True
not_worse_tol000,over25,2024-06,563,0.65534,0.23186,0.65534,True
must_improve_tol000,over25,2024-06,563,0.65534,0.23186,0.65534,True
must_improve_tol002,over25,2024-06,563,0.65534,0.23186,0.65534,True
v9_rule_6m_window,over25,2024-06,563,0.65534,0.23186,0.65534,True
two_window_tol005,over25,2024-06,563,0.65534,0.23186,0.65534,True
always_promote,over25,2024-07,676,0.65499,0.23164,0.65499,True
never_promote,over25,2024-07,676,0.676,0.24157,0.65499,False
v9_current_tol005,over25,2024-07,676,0.65499,0.23164,0.65499,True
not_worse_tol000,over25,2024-07,676,0.65499,0.23164,0.65499,True
must_improve_tol000,over25,2024-07,676,0.65499,0.23164,0.65499,True
must_improve_tol002,over25,2024-07,676,0.65499,0.23164,0.65499,True
v9_rule_6m_window,over25,2024-07,676,0.65499,0.23164,0.65499,True
two_window_tol005,over25,2024-07,676,0.65499,0.23164,0.65499,True
always_promote,over25,2024-08,1343,0.67555,0.24159,0.67555,True
never_promote,over25,2024-08,1343,0.68596,0.24642,0.67555,False
v9_current_tol005,over25,2024-08,1343,0.67555,0.24159,0.67555,True
not_worse_tol000,over25,2024-08,1343,0.67555,0.24159,0.67555,True
must_improve_tol000,over25,2024-08,1343,0.67555,0.24159,0.67555,True
must_improve_tol002,over25,2024-08,1343,0.67555,0.24159,0.67555,True
v9_rule_6m_window,over25,2024-08,1343,0.67555,0.24159,0.67555,True
two_window_tol005,over25,2024-08,1343,0.67839,0.24288,0.67555,False
always_promote,over25,2024-09,1435,0.68214,0.24447,0.68214,True
never_promote,over25,2024-09,1435,0.68933,0.24802,0.68214,False
v9_current_tol005,over25,2024-09,1435,0.68214,0.24447,0.68214,True
not_worse_tol000,over25,2024-09,1435,0.68214,0.24447,0.68214,True
must_improve_tol000,over25,2024-09,1435,0.68214,0.24447,0.68214,True
must_improve_tol002,over25,2024-09,1435,0.68214,0.24447,0.68214,True
v9_rule_6m_window,over25,2024-09,1435,0.68214,0.24447,0.68214,True
two_window_tol005,over25,2024-09,1435,0.68214,0.24447,0.68214,True
always_promote,over25,2024-10,1342,0.66787,0.23771,0.66787,True
never_promote,over25,2024-10,1342,0.67831,0.24265,0.66787,False
v9_current_tol005,over25,2024-10,1342,0.66787,0.23771,0.66787,True
not_worse_tol000,over25,2024-10,1342,0.66787,0.23771,0.66787,True
must_improve_tol000,over25,2024-10,1342,0.66787,0.23771,0.66787,True
must_improve_tol002,over25,2024-10,1342,0.66787,0.23771,0.66787,True
v9_rule_6m_window,over25,2024-10,1342,0.66787,0.23771,0.66787,True
two_window_tol005,over25,2024-10,1342,0.66787,0.23771,0.66787,True
always_promote,over25,2024-11,1233,0.67652,0.24195,0.67652,True
never_promote,over25,2024-11,1233,0.67883,0.24294,0.67652,False
v9_current_tol005,over25,2024-11,1233,0.67652,0.24195,0.67652,True
not_worse_tol000,over25,2024-11,1233,0.67652,0.24195,0.67652,True
must_improve_tol000,over25,2024-11,1233,0.67652,0.24195,0.67652,True
must_improve_tol002,over25,2024-11,1233,0.67652,0.24195,0.67652,True
v9_rule_6m_window,over25,2024-11,1233,0.67652,0.24195,0.67652,True
two_window_tol005,over25,2024-11,1233,0.67716,0.24221,0.67652,False
always_promote,over25,2024-12,1040,0.67712,0.24243,0.67712,True
never_promote,over25,2024-12,1040,0.68711,0.24698,0.67712,False
v9_current_tol005,over25,2024-12,1040,0.67712,0.24243,0.67712,True
not_worse_tol000,over25,2024-12,1040,0.67712,0.24243,0.67712,True
must_improve_tol000,over25,2024-12,1040,0.67712,0.24243,0.67712,True
must_improve_tol002,over25,2024-12,1040,0.67712,0.24243,0.67712,True
v9_rule_6m_window,over25,2024-12,1040,0.67712,0.24243,0.67712,True
two_window_tol005,over25,2024-12,1040,0.67712,0.24243,0.67712,True
always_promote,over25,2025-01,863,0.67656,0.242,0.67656,True
never_promote,over25,2025-01,863,0.69033,0.2485,0.67656,False
v9_current_tol005,over25,2025-01,863,0.67656,0.242,0.67656,True
not_worse_tol000,over25,2025-01,863,0.67656,0.242,0.67656,True
must_improve_tol000,over25,2025-01,863,0.67656,0.242,0.67656,True
must_improve_tol002,over25,2025-01,863,0.67656,0.242,0.67656,True
v9_rule_6m_window,over25,2025-01,863,0.67656,0.242,0.67656,True
two_window_tol005,over25,2025-01,863,0.67656,0.242,0.67656,True
always_promote,over25,2025-02,1180,0.66738,0.23756,0.66738,True
never_promote,over25,2025-02,1180,0.68595,0.24642,0.66738,False
v9_current_tol005,over25,2025-02,1180,0.66738,0.23756,0.66738,True
not_worse_tol000,over25,2025-02,1180,0.66738,0.23756,0.66738,True
must_improve_tol000,over25,2025-02,1180,0.66738,0.23756,0.66738,True
must_improve_tol002,over25,2025-02,1180,0.66738,0.23756,0.66738,True
v9_rule_6m_window,over25,2025-02,1180,0.66738,0.23756,0.66738,True
two_window_tol005,over25,2025-02,1180,0.66738,0.23756,0.66738,True
always_promote,over25,2025-03,1333,0.67967,0.24347,0.67967,True
never_promote,over25,2025-03,1333,0.68419,0.24557,0.67967,False
v9_current_tol005,over25,2025-03,1333,0.67967,0.24347,0.67967,True
not_worse_tol000,over25,2025-03,1333,0.67967,0.24347,0.67967,True
must_improve_tol000,over25,2025-03,1333,0.67967,0.24347,0.67967,True
must_improve_tol002,over25,2025-03,1333,0.67967,0.24347,0.67967,True
v9_rule_6m_window,over25,2025-03,1333,0.67967,0.24347,0.67967,True
two_window_tol005,over25,2025-03,1333,0.68019,0.24369,0.67967,False
always_promote,over25,2025-04,1570,0.67293,0.24019,0.67293,True
never_promote,over25,2025-04,1570,0.6887,0.24783,0.67293,False
v9_current_tol005,over25,2025-04,1570,0.67293,0.24019,0.67293,True
not_worse_tol000,over25,2025-04,1570,0.67293,0.24019,0.67293,True
must_improve_tol000,over25,2025-04,1570,0.67293,0.24019,0.67293,True
must_improve_tol002,over25,2025-04,1570,0.67293,0.24019,0.67293,True
v9_rule_6m_window,over25,2025-04,1570,0.67293,0.24019,0.67293,True
two_window_tol005,over25,2025-04,1570,0.67293,0.24019,0.67293,True
always_promote,over25,2025-05,1172,0.67762,0.24232,0.67762,True
never_promote,over25,2025-05,1172,0.68654,0.24667,0.67762,False
v9_current_tol005,over25,2025-05,1172,0.67762,0.24232,0.67762,True
not_worse_tol000,over25,2025-05,1172,0.67762,0.24232,0.67762,True
must_improve_tol000,over25,2025-05,1172,0.67762,0.24232,0.67762,True
must_improve_tol002,over25,2025-05,1172,0.67963,0.24322,0.67762,False
v9_rule_6m_window,over25,2025-05,1172,0.67762,0.24232,0.67762,True
two_window_tol005,over25,2025-05,1172,0.67963,0.24322,0.67762,False
always_promote,over25,2025-06,295,0.66992,0.23856,0.66992,True
never_promote,over25,2025-06,295,0.68602,0.2464,0.66992,False
v9_current_tol005,over25,2025-06,295,0.66992,0.23856,0.66992,True
not_worse_tol000,over25,2025-06,295,0.66992,0.23856,0.66992,True
must_improve_tol000,over25,2025-06,295,0.66992,0.23856,0.66992,True
must_improve_tol002,over25,2025-06,295,0.66992,0.23856,0.66992,True
v9_rule_6m_window,over25,2025-06,295,0.66992,0.23856,0.66992,True
two_window_tol005,over25,2025-06,295,0.66992,0.23856,0.66992,True
always_promote,over25,2025-07,449,0.67419,0.24057,0.67419,True
never_promote,over25,2025-07,449,0.69115,0.24895,0.67419,False
v9_current_tol005,over25,2025-07,449,0.67419,0.24057,0.67419,True
not_worse_tol000,over25,2025-07,449,0.67419,0.24057,0.67419,True
must_improve_tol000,over25,2025-07,449,0.67419,0.24057,0.67419,True
must_improve_tol002,over25,2025-07,449,0.67419,0.24057,0.67419,True
v9_rule_6m_window,over25,2025-07,449,0.67419,0.24057,0.67419,True
two_window_tol005,over25,2025-07,449,0.67419,0.24057,0.67419,True
always_promote,over25,2025-08,1350,0.68015,0.24358,0.68015,True
never_promote,over25,2025-08,1350,0.67956,0.24325,0.68015,False
v9_current_tol005,over25,2025-08,1350,0.68015,0.24358,0.68015,True
not_worse_tol000,over25,2025-08,1350,0.68015,0.24358,0.68015,True
must_improve_tol000,over25,2025-08,1350,0.68015,0.24358,0.68015,True
must_improve_tol002,over25,2025-08,1350,0.68015,0.24358,0.68015,True
v9_rule_6m_window,over25,2025-08,1350,0.68015,0.24358,0.68015,True
two_window_tol005,over25,2025-08,1350,0.68015,0.24358,0.68015,True
always_promote,over25,2025-09,1165,0.67889,0.24311,0.67889,True
never_promote,over25,2025-09,1165,0.68927,0.24802,0.67889,False
v9_current_tol005,over25,2025-09,1165,0.67889,0.24311,0.67889,True
not_worse_tol000,over25,2025-09,1165,0.67889,0.24311,0.67889,True
must_improve_tol000,over25,2025-09,1165,0.67889,0.24311,0.67889,True
must_improve_tol002,over25,2025-09,1165,0.67889,0.24311,0.67889,True
v9_rule_6m_window,over25,2025-09,1165,0.67889,0.24311,0.67889,True
two_window_tol005,over25,2025-09,1165,0.67772,0.24255,0.67889,False
always_promote,over25,2025-10,1154,0.67146,0.23931,0.67146,True
never_promote,over25,2025-10,1154,0.67825,0.24262,0.67146,False
v9_current_tol005,over25,2025-10,1154,0.67146,0.23931,0.67146,True
not_worse_tol000,over25,2025-10,1154,0.67146,0.23931,0.67146,True
must_improve_tol000,over25,2025-10,1154,0.67146,0.23931,0.67146,True
must_improve_tol002,over25,2025-10,1154,0.67146,0.23931,0.67146,True
v9_rule_6m_window,over25,2025-10,1154,0.67146,0.23931,0.67146,True
two_window_tol005,over25,2025-10,1154,0.67204,0.23962,0.67146,False
always_promote,over25,2025-11,1169,0.67632,0.24191,0.67632,True
never_promote,over25,2025-11,1169,0.68648,0.24672,0.67632,False
v9_current_tol005,over25,2025-11,1169,0.67632,0.24191,0.67632,True
not_worse_tol000,over25,2025-11,1169,0.67632,0.24191,0.67632,True
must_improve_tol000,over25,2025-11,1169,0.67632,0.24191,0.67632,True
must_improve_tol002,over25,2025-11,1169,0.67632,0.24191,0.67632,True
v9_rule_6m_window,over25,2025-11,1169,0.67632,0.24191,0.67632,True
two_window_tol005,over25,2025-11,1169,0.67766,0.24252,0.67632,False
always_promote,over25,2025-12,839,0.68237,0.24479,0.68237,True
never_promote,over25,2025-12,839,0.68897,0.24796,0.68237,False
v9_current_tol005,over25,2025-12,839,0.68237,0.24479,0.68237,True
not_worse_tol000,over25,2025-12,839,0.68237,0.24479,0.68237,True
must_improve_tol000,over25,2025-12,839,0.68237,0.24479,0.68237,True
must_improve_tol002,over25,2025-12,839,0.68237,0.24479,0.68237,True
v9_rule_6m_window,over25,2025-12,839,0.68237,0.24479,0.68237,True
two_window_tol005,over25,2025-12,839,0.68237,0.24479,0.68237,True
always_promote,over25,2026-01,940,0.6769,0.24212,0.6769,True
never_promote,over25,2026-01,940,0.68998,0.24842,0.6769,False
v9_current_tol005,over25,2026-01,940,0.6769,0.24212,0.6769,True
not_worse_tol000,over25,2026-01,940,0.6769,0.24212,0.6769,True
must_improve_tol000,over25,2026-01,940,0.6769,0.24212,0.6769,True
must_improve_tol002,over25,2026-01,940,0.6769,0.24212,0.6769,True
v9_rule_6m_window,over25,2026-01,940,0.6769,0.24212,0.6769,True
two_window_tol005,over25,2026-01,940,0.67845,0.24292,0.6769,False
always_promote,over25,2026-02,1248,0.67416,0.2409,0.67416,True
never_promote,over25,2026-02,1248,0.68561,0.24627,0.67416,False
v9_current_tol005,over25,2026-02,1248,0.67416,0.2409,0.67416,True
not_worse_tol000,over25,2026-02,1248,0.67416,0.2409,0.67416,True
must_improve_tol000,over25,2026-02,1248,0.67416,0.2409,0.67416,True
must_improve_tol002,over25,2026-02,1248,0.67416,0.2409,0.67416,True
v9_rule_6m_window,over25,2026-02,1248,0.67416,0.2409,0.67416,True
two_window_tol005,over25,2026-02,1248,0.67416,0.2409,0.67416,True
always_promote,over25,2026-03,1322,0.67328,0.24046,0.67328,True
never_promote,over25,2026-03,1322,0.68758,0.24722,0.67328,False
v9_current_tol005,over25,2026-03,1322,0.67328,0.24046,0.67328,True
not_worse_tol000,over25,2026-03,1322,0.67328,0.24046,0.67328,True
must_improve_tol000,over25,2026-03,1322,0.67328,0.24046,0.67328,True
must_improve_tol002,over25,2026-03,1322,0.67328,0.24046,0.67328,True
v9_rule_6m_window,over25,2026-03,1322,0.67328,0.24046,0.67328,True
two_window_tol005,over25,2026-03,1322,0.67328,0.24046,0.67328,True
always_promote,over25,2026-04,1653,0.67758,0.24254,0.67758,True
never_promote,over25,2026-04,1653,0.68418,0.24561,0.67758,False
v9_current_tol005,over25,2026-04,1653,0.67758,0.24254,0.67758,True
not_worse_tol000,over25,2026-04,1653,0.67758,0.24254,0.67758,True
must_improve_tol000,over25,2026-04,1653,0.67758,0.24254,0.67758,True
must_improve_tol002,over25,2026-04,1653,0.67758,0.24254,0.67758,True
v9_rule_6m_window,over25,2026-04,1653,0.67758,0.24254,0.67758,True
two_window_tol005,over25,2026-04,1653,0.6791,0.24308,0.67758,False
always_promote,over25,2026-05,1224,0.66327,0.23558,0.66327,True
never_promote,over25,2026-05,1224,0.67606,0.24158,0.66327,False
v9_current_tol005,over25,2026-05,1224,0.66327,0.23558,0.66327,True
not_worse_tol000,over25,2026-05,1224,0.66327,0.23558,0.66327,True
must_improve_tol000,over25,2026-05,1224,0.66327,0.23558,0.66327,True
must_improve_tol002,over25,2026-05,1224,0.66327,0.23558,0.66327,True
v9_rule_6m_window,over25,2026-05,1224,0.66327,0.23558,0.66327,True
two_window_tol005,over25,2026-05,1224,0.66752,0.23766,0.66327,False
always_promote,over25,2026-06,92,0.67579,0.24128,0.67579,True
never_promote,over25,2026-06,92,0.70275,0.25426,0.67579,False
v9_current_tol005,over25,2026-06,92,0.67579,0.24128,0.67579,True
not_worse_tol000,over25,2026-06,92,0.67579,0.24128,0.67579,True
must_improve_tol000,over25,2026-06,92,0.67579,0.24128,0.67579,True
must_improve_tol002,over25,2026-06,92,0.67579,0.24128,0.67579,True
v9_rule_6m_window,over25,2026-06,92,0.67579,0.24128,0.67579,True
two_window_tol005,over25,2026-06,92,0.68966,0.24773,0.67579,False
always_promote,over25,2026-07,441,0.67332,0.24073,0.67332,True
never_promote,over25,2026-07,441,0.69009,0.24842,0.67332,False
v9_current_tol005,over25,2026-07,441,0.67332,0.24073,0.67332,True
not_worse_tol000,over25,2026-07,441,0.67332,0.24073,0.67332,True
must_improve_tol000,over25,2026-07,441,0.67332,0.24073,0.67332,True
must_improve_tol002,over25,2026-07,441,0.67578,0.24197,0.67332,False
v9_rule_6m_window,over25,2026-07,441,0.67332,0.24073,0.67332,True
two_window_tol005,over25,2026-07,441,0.67668,0.24226,0.67332,False
always_promote,over25,2026-08,1409,0.65524,0.23173,0.65524,True
never_promote,over25,2026-08,1409,0.6753,0.24125,0.65524,False
v9_current_tol005,over25,2026-08,1409,0.65524,0.23173,0.65524,True
not_worse_tol000,over25,2026-08,1409,0.65524,0.23173,0.65524,True
must_improve_tol000,over25,2026-08,1409,0.65524,0.23173,0.65524,True
must_improve_tol002,over25,2026-08,1409,0.65524,0.23173,0.65524,True
v9_rule_6m_window,over25,2026-08,1409,0.65524,0.23173,0.65524,True
two_window_tol005,over25,2026-08,1409,0.65524,0.23173,0.65524,True
always_promote,over25,2026-09,1049,0.67854,0.24298,0.67854,True
never_promote,over25,2026-09,1049,0.68385,0.24535,0.67854,False
v9_current_tol005,over25,2026-09,1049,0.67854,0.24298,0.67854,True
not_worse_tol000,over25,2026-09,1049,0.67854,0.24298,0.67854,True
must_improve_tol000,over25,2026-09,1049,0.67854,0.24298,0.67854,True
must_improve_tol002,over25,2026-09,1049,0.67854,0.24298,0.67854,True
v9_rule_6m_window,over25,2026-09,1049,0.67854,0.24298,0.67854,True
two_window_tol005,over25,2026-09,1049,0.67854,0.24298,0.67854,True
always_promote,over35,2022-08,1462,0.59894,0.20487,0.59894,True
never_promote,over35,2022-08,1462,0.59894,0.20487,0.59894,True
v9_current_tol005,over35,2022-08,1462,0.59894,0.20487,0.59894,True
not_worse_tol000,over35,2022-08,1462,0.59894,0.20487,0.59894,True
must_improve_tol000,over35,2022-08,1462,0.59894,0.20487,0.59894,True
must_improve_tol002,over35,2022-08,1462,0.59894,0.20487,0.59894,True
v9_rule_6m_window,over35,2022-08,1462,0.59894,0.20487,0.59894,True
two_window_tol005,over35,2022-08,1462,0.59894,0.20487,0.59894,True
always_promote,over35,2022-09,1210,0.56246,0.18858,0.56246,True
never_promote,over35,2022-09,1210,0.56256,0.18871,0.56246,False
v9_current_tol005,over35,2022-09,1210,0.56246,0.18858,0.56246,True
not_worse_tol000,over35,2022-09,1210,0.56246,0.18858,0.56246,True
must_improve_tol000,over35,2022-09,1210,0.56246,0.18858,0.56246,True
must_improve_tol002,over35,2022-09,1210,0.56246,0.18858,0.56246,True
v9_rule_6m_window,over35,2022-09,1210,0.56246,0.18858,0.56246,True
two_window_tol005,over35,2022-09,1210,0.56256,0.18871,0.56246,False
always_promote,over35,2022-10,1707,0.58163,0.19694,0.58163,True
never_promote,over35,2022-10,1707,0.58328,0.19771,0.58163,False
v9_current_tol005,over35,2022-10,1707,0.58163,0.19694,0.58163,True
not_worse_tol000,over35,2022-10,1707,0.58163,0.19694,0.58163,True
must_improve_tol000,over35,2022-10,1707,0.58163,0.19694,0.58163,True
must_improve_tol002,over35,2022-10,1707,0.58163,0.19694,0.58163,True
v9_rule_6m_window,over35,2022-10,1707,0.58163,0.19694,0.58163,True
two_window_tol005,over35,2022-10,1707,0.58163,0.19694,0.58163,True
always_promote,over35,2022-11,726,0.6125,0.2114,0.6125,True
never_promote,over35,2022-11,726,0.61276,0.21172,0.6125,False
v9_current_tol005,over35,2022-11,726,0.6125,0.2114,0.6125,True
not_worse_tol000,over35,2022-11,726,0.6125,0.2114,0.6125,True
must_improve_tol000,over35,2022-11,726,0.6125,0.2114,0.6125,True
must_improve_tol002,over35,2022-11,726,0.6125,0.2114,0.6125,True
v9_rule_6m_window,over35,2022-11,726,0.6125,0.2114,0.6125,True
two_window_tol005,over35,2022-11,726,0.61432,0.21201,0.6125,False
always_promote,over35,2022-12,558,0.5238,0.17128,0.5238,True
never_promote,over35,2022-12,558,0.52839,0.17292,0.5238,False
v9_current_tol005,over35,2022-12,558,0.5238,0.17128,0.5238,True
not_worse_tol000,over35,2022-12,558,0.5238,0.17128,0.5238,True
must_improve_tol000,over35,2022-12,558,0.5238,0.17128,0.5238,True
must_improve_tol002,over35,2022-12,558,0.5261,0.17225,0.5238,False
v9_rule_6m_window,over35,2022-12,558,0.5238,0.17128,0.5238,True
two_window_tol005,over35,2022-12,558,0.53021,0.17381,0.5238,False
always_promote,over35,2023-01,717,0.56728,0.19038,0.56728,True
never_promote,over35,2023-01,717,0.5681,0.19064,0.56728,False
v9_current_tol005,over35,2023-01,717,0.56728,0.19038,0.56728,True
not_worse_tol000,over35,2023-01,717,0.56728,0.19038,0.56728,True
must_improve_tol000,over35,2023-01,717,0.56728,0.19038,0.56728,True
must_improve_tol002,over35,2023-01,717,0.56728,0.19038,0.56728,True
v9_rule_6m_window,over35,2023-01,717,0.56728,0.19038,0.56728,True
two_window_tol005,over35,2023-01,717,0.56981,0.19128,0.56728,False
always_promote,over35,2023-02,1014,0.52761,0.17258,0.52761,True
never_promote,over35,2023-02,1014,0.52991,0.17336,0.52761,False
v9_current_tol005,over35,2023-02,1014,0.52761,0.17258,0.52761,True
not_worse_tol000,over35,2023-02,1014,0.52761,0.17258,0.52761,True
must_improve_tol000,over35,2023-02,1014,0.52761,0.17258,0.52761,True
must_improve_tol002,over35,2023-02,1014,0.52761,0.17258,0.52761,True
v9_rule_6m_window,over35,2023-02,1014,0.52761,0.17258,0.52761,True
two_window_tol005,over35,2023-02,1014,0.52761,0.17258,0.52761,True
always_promote,over35,2023-03,984,0.56141,0.18729,0.56141,True
never_promote,over35,2023-03,984,0.564,0.18851,0.56141,False
v9_current_tol005,over35,2023-03,984,0.56141,0.18729,0.56141,True
not_worse_tol000,over35,2023-03,984,0.56141,0.18729,0.56141,True
must_improve_tol000,over35,2023-03,984,0.56141,0.18729,0.56141,True
must_improve_tol002,over35,2023-03,984,0.56141,0.18729,0.56141,True
v9_rule_6m_window,over35,2023-03,984,0.56141,0.18729,0.56141,True
two_window_tol005,over35,2023-03,984,0.56141,0.18729,0.56141,True
always_promote,over35,2023-04,1671,0.5739,0.19318,0.5739,True
never_promote,over35,2023-04,1671,0.57528,0.19371,0.5739,False
v9_current_tol005,over35,2023-04,1671,0.57627,0.19407,0.5739,False
not_worse_tol000,over35,2023-04,1671,0.57627,0.19407,0.5739,False
must_improve_tol000,over35,2023-04,1671,0.57627,0.19407,0.5739,False
must_improve_tol002,over35,2023-04,1671,0.57627,0.19407,0.5739,False
v9_rule_6m_window,over35,2023-04,1671,0.57627,0.19407,0.5739,False
two_window_tol005,over35,2023-04,1671,0.57627,0.19407,0.5739,False
always_promote,over35,2023-05,1234,0.59511,0.20344,0.59511,True
never_promote,over35,2023-05,1234,0.59615,0.20398,0.59511,False
v9_current_tol005,over35,2023-05,1234,0.59511,0.20344,0.59511,True
not_worse_tol000,over35,2023-05,1234,0.59511,0.20344,0.59511,True
must_improve_tol000,over35,2023-05,1234,0.59511,0.20344,0.59511,True
must_improve_tol002,over35,2023-05,1234,0.59511,0.20344,0.59511,True
v9_rule_6m_window,over35,2023-05,1234,0.59511,0.20344,0.59511,True
two_window_tol005,over35,2023-05,1234,0.59051,0.20159,0.59511,False
always_promote,over35,2023-06,539,0.57147,0.19314,0.57147,True
never_promote,over35,2023-06,539,0.58984,0.20106,0.57147,False
v9_current_tol005,over35,2023-06,539,0.57147,0.19314,0.57147,True
not_worse_tol000,over35,2023-06,539,0.57147,0.19314,0.57147,True
must_improve_tol000,over35,2023-06,539,0.57147,0.19314,0.57147,True
must_improve_tol002,over35,2023-06,539,0.57147,0.19314,0.57147,True
v9_rule_6m_window,over35,2023-06,539,0.57147,0.19314,0.57147,True
two_window_tol005,over35,2023-06,539,0.56637,0.1915,0.57147,False
always_promote,over35,2023-07,755,0.56725,0.19129,0.56725,True
never_promote,over35,2023-07,755,0.56861,0.19168,0.56725,False
v9_current_tol005,over35,2023-07,755,0.56725,0.19129,0.56725,True
not_worse_tol000,over35,2023-07,755,0.56725,0.19129,0.56725,True
must_improve_tol000,over35,2023-07,755,0.56725,0.19129,0.56725,True
must_improve_tol002,over35,2023-07,755,0.56725,0.19129,0.56725,True
v9_rule_6m_window,over35,2023-07,755,0.56725,0.19129,0.56725,True
two_window_tol005,over35,2023-07,755,0.56725,0.19129,0.56725,True
always_promote,over35,2023-08,1311,0.58028,0.19643,0.58028,True
never_promote,over35,2023-08,1311,0.58032,0.19628,0.58028,False
v9_current_tol005,over35,2023-08,1311,0.5856,0.19844,0.58028,False
not_worse_tol000,over35,2023-08,1311,0.5856,0.19844,0.58028,False
must_improve_tol000,over35,2023-08,1311,0.5856,0.19844,0.58028,False
must_improve_tol002,over35,2023-08,1311,0.5856,0.19844,0.58028,False
v9_rule_6m_window,over35,2023-08,1311,0.5856,0.19844,0.58028,False
two_window_tol005,over35,2023-08,1311,0.5856,0.19844,0.58028,False
always_promote,over35,2023-09,1510,0.60664,0.20855,0.60664,True
never_promote,over35,2023-09,1510,0.60887,0.2094,0.60664,False
v9_current_tol005,over35,2023-09,1510,0.60664,0.20855,0.60664,True
not_worse_tol000,over35,2023-09,1510,0.60664,0.20855,0.60664,True
must_improve_tol000,over35,2023-09,1510,0.60664,0.20855,0.60664,True
must_improve_tol002,over35,2023-09,1510,0.60664,0.20855,0.60664,True
v9_rule_6m_window,over35,2023-09,1510,0.60664,0.20855,0.60664,True
two_window_tol005,over35,2023-09,1510,0.60893,0.20957,0.60664,False
always_promote,over35,2023-10,1430,0.59439,0.20329,0.59439,True
never_promote,over35,2023-10,1430,0.60481,0.20766,0.59439,False
v9_current_tol005,over35,2023-10,1430,0.59439,0.20329,0.59439,True
not_worse_tol000,over35,2023-10,1430,0.59439,0.20329,0.59439,True
must_improve_tol000,over35,2023-10,1430,0.59439,0.20329,0.59439,True
must_improve_tol002,over35,2023-10,1430,0.59439,0.20329,0.59439,True
v9_rule_6m_window,over35,2023-10,1430,0.5965,0.20388,0.59439,False
two_window_tol005,over35,2023-10,1430,0.59663,0.20401,0.59439,False
always_promote,over35,2023-11,1097,0.59941,0.20586,0.59941,True
never_promote,over35,2023-11,1097,0.60552,0.20815,0.59941,False
v9_current_tol005,over35,2023-11,1097,0.59941,0.20586,0.59941,True
not_worse_tol000,over35,2023-11,1097,0.59941,0.20586,0.59941,True
must_improve_tol000,over35,2023-11,1097,0.59941,0.20586,0.59941,True
must_improve_tol002,over35,2023-11,1097,0.59941,0.20586,0.59941,True
v9_rule_6m_window,over35,2023-11,1097,0.59941,0.20586,0.59941,True
two_window_tol005,over35,2023-11,1097,0.59941,0.20586,0.59941,True
always_promote,over35,2023-12,1018,0.5831,0.19787,0.5831,True
never_promote,over35,2023-12,1018,0.58551,0.19877,0.5831,False
v9_current_tol005,over35,2023-12,1018,0.5831,0.19787,0.5831,True
not_worse_tol000,over35,2023-12,1018,0.5831,0.19787,0.5831,True
must_improve_tol000,over35,2023-12,1018,0.5831,0.19787,0.5831,True
must_improve_tol002,over35,2023-12,1018,0.5831,0.19787,0.5831,True
v9_rule_6m_window,over35,2023-12,1018,0.5831,0.19787,0.5831,True
two_window_tol005,over35,2023-12,1018,0.58587,0.19915,0.5831,False
always_promote,over35,2024-01,766,0.60581,0.20793,0.60581,True
never_promote,over35,2024-01,766,0.61221,0.21043,0.60581,False
v9_current_tol005,over35,2024-01,766,0.60581,0.20793,0.60581,True
not_worse_tol000,over35,2024-01,766,0.60581,0.20793,0.60581,True
must_improve_tol000,over35,2024-01,766,0.60581,0.20793,0.60581,True
must_improve_tol002,over35,2024-01,766,0.60581,0.20793,0.60581,True
v9_rule_6m_window,over35,2024-01,766,0.60581,0.20793,0.60581,True
two_window_tol005,over35,2024-01,766,0.60581,0.20793,0.60581,True
always_promote,over35,2024-02,1214,0.58148,0.19745,0.58148,True
never_promote,over35,2024-02,1214,0.58368,0.19823,0.58148,False
v9_current_tol005,over35,2024-02,1214,0.582,0.19779,0.58148,False
not_worse_tol000,over35,2024-02,1214,0.582,0.19779,0.58148,False
must_improve_tol000,over35,2024-02,1214,0.582,0.19779,0.58148,False
must_improve_tol002,over35,2024-02,1214,0.582,0.19779,0.58148,False
v9_rule_6m_window,over35,2024-02,1214,0.582,0.19779,0.58148,False
two_window_tol005,over35,2024-02,1214,0.582,0.19779,0.58148,False
always_promote,over35,2024-03,1366,0.58498,0.19848,0.58498,True
never_promote,over35,2024-03,1366,0.59383,0.20238,0.58498,False
v9_current_tol005,over35,2024-03,1366,0.58498,0.19848,0.58498,True
not_worse_tol000,over35,2024-03,1366,0.58498,0.19848,0.58498,True
must_improve_tol000,over35,2024-03,1366,0.58498,0.19848,0.58498,True
must_improve_tol002,over35,2024-03,1366,0.58498,0.19848,0.58498,True
v9_rule_6m_window,over35,2024-03,1366,0.5814,0.1973,0.58498,False
two_window_tol005,over35,2024-03,1366,0.5814,0.1973,0.58498,False
always_promote,over35,2024-04,1750,0.59736,0.20485,0.59736,True
never_promote,over35,2024-04,1750,0.60985,0.20979,0.59736,False
v9_current_tol005,over35,2024-04,1750,0.59736,0.20485,0.59736,True
not_worse_tol000,over35,2024-04,1750,0.59736,0.20485,0.59736,True
must_improve_tol000,over35,2024-04,1750,0.59736,0.20485,0.59736,True
must_improve_tol002,over35,2024-04,1750,0.59736,0.20485,0.59736,True
v9_rule_6m_window,over35,2024-04,1750,0.59736,0.20485,0.59736,True
two_window_tol005,over35,2024-04,1750,0.59798,0.20512,0.59736,False
always_promote,over35,2024-05,1257,0.61832,0.21442,0.61832,True
never_promote,over35,2024-05,1257,0.6291,0.21908,0.61832,False
v9_current_tol005,over35,2024-05,1257,0.61832,0.21442,0.61832,True
not_worse_tol000,over35,2024-05,1257,0.61832,0.21442,0.61832,True
must_improve_tol000,over35,2024-05,1257,0.61832,0.21442,0.61832,True
must_improve_tol002,over35,2024-05,1257,0.61832,0.21442,0.61832,True
v9_rule_6m_window,over35,2024-05,1257,0.61832,0.21442,0.61832,True
two_window_tol005,over35,2024-05,1257,0.61832,0.21442,0.61832,True
always_promote,over35,2024-06,563,0.56099,0.18832,0.56099,True
never_promote,over35,2024-06,563,0.57912,0.19611,0.56099,False
v9_current_tol005,over35,2024-06,563,0.56099,0.18832,0.56099,True
not_worse_tol000,over35,2024-06,563,0.56099,0.18832,0.56099,True
must_improve_tol000,over35,2024-06,563,0.56099,0.18832,0.56099,True
must_improve_tol002,over35,2024-06,563,0.56099,0.18832,0.56099,True
v9_rule_6m_window,over35,2024-06,563,0.56099,0.18832,0.56099,True
two_window_tol005,over35,2024-06,563,0.55479,0.18532,0.56099,False
always_promote,over35,2024-07,676,0.57005,0.19242,0.57005,True
never_promote,over35,2024-07,676,0.58277,0.19773,0.57005,False
v9_current_tol005,over35,2024-07,676,0.57005,0.19242,0.57005,True
not_worse_tol000,over35,2024-07,676,0.57005,0.19242,0.57005,True
must_improve_tol000,over35,2024-07,676,0.57005,0.19242,0.57005,True
must_improve_tol002,over35,2024-07,676,0.57043,0.19257,0.57005,False
v9_rule_6m_window,over35,2024-07,676,0.57005,0.19242,0.57005,True
two_window_tol005,over35,2024-07,676,0.56999,0.19216,0.57005,False
always_promote,over35,2024-08,1343,0.5846,0.1983,0.5846,True
never_promote,over35,2024-08,1343,0.58916,0.20006,0.5846,False
v9_current_tol005,over35,2024-08,1343,0.5846,0.1983,0.5846,True
not_worse_tol000,over35,2024-08,1343,0.5846,0.1983,0.5846,True
must_improve_tol000,over35,2024-08,1343,0.5846,0.1983,0.5846,True
must_improve_tol002,over35,2024-08,1343,0.5846,0.1983,0.5846,True
v9_rule_6m_window,over35,2024-08,1343,0.5846,0.1983,0.5846,True
two_window_tol005,over35,2024-08,1343,0.58216,0.19736,0.5846,False
always_promote,over35,2024-09,1435,0.58608,0.19914,0.58608,True
never_promote,over35,2024-09,1435,0.59233,0.2017,0.58608,False
v9_current_tol005,over35,2024-09,1435,0.58608,0.19914,0.58608,True
not_worse_tol000,over35,2024-09,1435,0.58608,0.19914,0.58608,True
must_improve_tol000,over35,2024-09,1435,0.58608,0.19914,0.58608,True
must_improve_tol002,over35,2024-09,1435,0.58608,0.19914,0.58608,True
v9_rule_6m_window,over35,2024-09,1435,0.58608,0.19914,0.58608,True
two_window_tol005,over35,2024-09,1435,0.58608,0.19914,0.58608,True
always_promote,over35,2024-10,1342,0.55624,0.18618,0.55624,True
never_promote,over35,2024-10,1342,0.56497,0.18966,0.55624,False
v9_current_tol005,over35,2024-10,1342,0.55624,0.18618,0.55624,True
not_worse_tol000,over35,2024-10,1342,0.55624,0.18618,0.55624,True
must_improve_tol000,over35,2024-10,1342,0.55624,0.18618,0.55624,True
must_improve_tol002,over35,2024-10,1342,0.55624,0.18618,0.55624,True
v9_rule_6m_window,over35,2024-10,1342,0.55624,0.18618,0.55624,True
two_window_tol005,over35,2024-10,1342,0.55624,0.18618,0.55624,True
always_promote,over35,2024-11,1233,0.53867,0.17807,0.53867,True
never_promote,over35,2024-11,1233,0.54785,0.18144,0.53867,False
v9_current_tol005,over35,2024-11,1233,0.53867,0.17807,0.53867,True
not_worse_tol000,over35,2024-11,1233,0.53867,0.17807,0.53867,True
must_improve_tol000,over35,2024-11,1233,0.53867,0.17807,0.53867,True
must_improve_tol002,over35,2024-11,1233,0.53867,0.17807,0.53867,True
v9_rule_6m_window,over35,2024-11,1233,0.53867,0.17807,0.53867,True
two_window_tol005,over35,2024-11,1233,0.53867,0.17807,0.53867,True
always_promote,over35,2024-12,1040,0.56798,0.19109,0.56798,True
never_promote,over35,2024-12,1040,0.57477,0.19376,0.56798,False
v9_current_tol005,over35,2024-12,1040,0.56798,0.19109,0.56798,True
not_worse_tol000,over35,2024-12,1040,0.56798,0.19109,0.56798,True
must_improve_tol000,over35,2024-12,1040,0.56798,0.19109,0.56798,True
must_improve_tol002,over35,2024-12,1040,0.56798,0.19109,0.56798,True
v9_rule_6m_window,over35,2024-12,1040,0.56798,0.19109,0.56798,True
two_window_tol005,over35,2024-12,1040,0.56798,0.19109,0.56798,True
always_promote,over35,2025-01,863,0.56451,0.18852,0.56451,True
never_promote,over35,2025-01,863,0.55682,0.18549,0.56451,False
v9_current_tol005,over35,2025-01,863,0.56451,0.18852,0.56451,True
not_worse_tol000,over35,2025-01,863,0.56451,0.18852,0.56451,True
must_improve_tol000,over35,2025-01,863,0.56451,0.18852,0.56451,True
must_improve_tol002,over35,2025-01,863,0.56451,0.18852,0.56451,True
v9_rule_6m_window,over35,2025-01,863,0.56451,0.18852,0.56451,True
two_window_tol005,over35,2025-01,863,0.56451,0.18852,0.56451,True
always_promote,over35,2025-02,1180,0.5431,0.18008,0.5431,True
never_promote,over35,2025-02,1180,0.54672,0.18124,0.5431,False
v9_current_tol005,over35,2025-02,1180,0.5431,0.18008,0.5431,True
not_worse_tol000,over35,2025-02,1180,0.5431,0.18008,0.5431,True
must_improve_tol000,over35,2025-02,1180,0.5431,0.18008,0.5431,True
must_improve_tol002,over35,2025-02,1180,0.5431,0.18008,0.5431,True
v9_rule_6m_window,over35,2025-02,1180,0.5431,0.18008,0.5431,True
two_window_tol005,over35,2025-02,1180,0.54217,0.17976,0.5431,False
always_promote,over35,2025-03,1333,0.53819,0.17817,0.53819,True
never_promote,over35,2025-03,1333,0.54555,0.1806,0.53819,False
v9_current_tol005,over35,2025-03,1333,0.53819,0.17817,0.53819,True
not_worse_tol000,over35,2025-03,1333,0.53819,0.17817,0.53819,True
must_improve_tol000,over35,2025-03,1333,0.53819,0.17817,0.53819,True
must_improve_tol002,over35,2025-03,1333,0.53819,0.17817,0.53819,True
v9_rule_6m_window,over35,2025-03,1333,0.53819,0.17817,0.53819,True
two_window_tol005,over35,2025-03,1333,0.53826,0.17834,0.53819,False
always_promote,over35,2025-04,1570,0.58284,0.19809,0.58284,True
never_promote,over35,2025-04,1570,0.59673,0.20363,0.58284,False
v9_current_tol005,over35,2025-04,1570,0.58284,0.19809,0.58284,True
not_worse_tol000,over35,2025-04,1570,0.58284,0.19809,0.58284,True
must_improve_tol000,over35,2025-04,1570,0.58284,0.19809,0.58284,True
must_improve_tol002,over35,2025-04,1570,0.58538,0.1992,0.58284,False
v9_rule_6m_window,over35,2025-04,1570,0.58538,0.1992,0.58284,False
two_window_tol005,over35,2025-04,1570,0.58354,0.19848,0.58284,False
always_promote,over35,2025-05,1172,0.6064,0.20863,0.6064,True
never_promote,over35,2025-05,1172,0.61513,0.21211,0.6064,False
v9_current_tol005,over35,2025-05,1172,0.6064,0.20863,0.6064,True
not_worse_tol000,over35,2025-05,1172,0.6064,0.20863,0.6064,True
must_improve_tol000,over35,2025-05,1172,0.6064,0.20863,0.6064,True
must_improve_tol002,over35,2025-05,1172,0.6064,0.20863,0.6064,True
v9_rule_6m_window,over35,2025-05,1172,0.6064,0.20863,0.6064,True
two_window_tol005,over35,2025-05,1172,0.60445,0.20789,0.6064,False
always_promote,over35,2025-06,295,0.61389,0.21308,0.61389,True
never_promote,over35,2025-06,295,0.63439,0.2209,0.61389,False
v9_current_tol005,over35,2025-06,295,0.61389,0.21308,0.61389,True
not_worse_tol000,over35,2025-06,295,0.61389,0.21308,0.61389,True
must_improve_tol000,over35,2025-06,295,0.61389,0.21308,0.61389,True
must_improve_tol002,over35,2025-06,295,0.61389,0.21308,0.61389,True
v9_rule_6m_window,over35,2025-06,295,0.61389,0.21308,0.61389,True
two_window_tol005,over35,2025-06,295,0.61389,0.21308,0.61389,True
always_promote,over35,2025-07,449,0.63111,0.22026,0.63111,True
never_promote,over35,2025-07,449,0.64912,0.22767,0.63111,False
v9_current_tol005,over35,2025-07,449,0.63111,0.22026,0.63111,True
not_worse_tol000,over35,2025-07,449,0.63111,0.22026,0.63111,True
must_improve_tol000,over35,2025-07,449,0.63111,0.22026,0.63111,True
must_improve_tol002,over35,2025-07,449,0.63111,0.22026,0.63111,True
v9_rule_6m_window,over35,2025-07,449,0.63111,0.22026,0.63111,True
two_window_tol005,over35,2025-07,449,0.63111,0.22026,0.63111,True
always_promote,over35,2025-08,1350,0.57942,0.19652,0.57942,True
never_promote,over35,2025-08,1350,0.58925,0.20038,0.57942,False
v9_current_tol005,over35,2025-08,1350,0.57942,0.19652,0.57942,True
not_worse_tol000,over35,2025-08,1350,0.57942,0.19652,0.57942,True
must_improve_tol000,over35,2025-08,1350,0.57942,0.19652,0.57942,True
must_improve_tol002,over35,2025-08,1350,0.57942,0.19652,0.57942,True
v9_rule_6m_window,over35,2025-08,1350,0.57942,0.19652,0.57942,True
two_window_tol005,over35,2025-08,1350,0.57916,0.19641,0.57942,False
always_promote,over35,2025-09,1165,0.59922,0.20513,0.59922,True
never_promote,over35,2025-09,1165,0.60604,0.20779,0.59922,False
v9_current_tol005,over35,2025-09,1165,0.59922,0.20513,0.59922,True
not_worse_tol000,over35,2025-09,1165,0.59922,0.20513,0.59922,True
must_improve_tol000,over35,2025-09,1165,0.59922,0.20513,0.59922,True
must_improve_tol002,over35,2025-09,1165,0.59922,0.20513,0.59922,True
v9_rule_6m_window,over35,2025-09,1165,0.59922,0.20513,0.59922,True
two_window_tol005,over35,2025-09,1165,0.59922,0.20513,0.59922,True
always_promote,over35,2025-10,1154,0.58174,0.19782,0.58174,True
never_promote,over35,2025-10,1154,0.58983,0.2012,0.58174,False
v9_current_tol005,over35,2025-10,1154,0.58174,0.19782,0.58174,True
not_worse_tol000,over35,2025-10,1154,0.58143,0.19758,0.58174,False
must_improve_tol000,over35,2025-10,1154,0.58143,0.19758,0.58174,False
must_improve_tol002,over35,2025-10,1154,0.58143,0.19758,0.58174,False
v9_rule_6m_window,over35,2025-10,1154,0.58143,0.19758,0.58174,False
two_window_tol005,over35,2025-10,1154,0.58143,0.19758,0.58174,False
always_promote,over35,2025-11,1169,0.58502,0.19877,0.58502,True
never_promote,over35,2025-11,1169,0.59486,0.20258,0.58502,False
v9_current_tol005,over35,2025-11,1169,0.58502,0.19877,0.58502,True
not_worse_tol000,over35,2025-11,1169,0.58502,0.19877,0.58502,True
must_improve_tol000,over35,2025-11,1169,0.58502,0.19877,0.58502,True
must_improve_tol002,over35,2025-11,1169,0.58502,0.19877,0.58502,True
v9_rule_6m_window,over35,2025-11,1169,0.58502,0.19877,0.58502,True
two_window_tol005,over35,2025-11,1169,0.58569,0.19892,0.58502,False
always_promote,over35,2025-12,839,0.57269,0.19298,0.57269,True
never_promote,over35,2025-12,839,0.58506,0.19797,0.57269,False
v9_current_tol005,over35,2025-12,839,0.57269,0.19298,0.57269,True
not_worse_tol000,over35,2025-12,839,0.57269,0.19298,0.57269,True
must_improve_tol000,over35,2025-12,839,0.57269,0.19298,0.57269,True
must_improve_tol002,over35,2025-12,839,0.57269,0.19298,0.57269,True
v9_rule_6m_window,over35,2025-12,839,0.57269,0.19298,0.57269,True
two_window_tol005,over35,2025-12,839,0.57495,0.19387,0.57269,False
always_promote,over35,2026-01,940,0.5652,0.19043,0.5652,True
never_promote,over35,2026-01,940,0.569,0.19123,0.5652,False
v9_current_tol005,over35,2026-01,940,0.5652,0.19043,0.5652,True
not_worse_tol000,over35,2026-01,940,0.5652,0.19043,0.5652,True
must_improve_tol000,over35,2026-01,940,0.5652,0.19043,0.5652,True
must_improve_tol002,over35,2026-01,940,0.5652,0.19043,0.5652,True
v9_rule_6m_window,over35,2026-01,940,0.5652,0.19043,0.5652,True
two_window_tol005,over35,2026-01,940,0.5652,0.19043,0.5652,True
always_promote,over35,2026-02,1248,0.57372,0.19384,0.57372,True
never_promote,over35,2026-02,1248,0.57764,0.19529,0.57372,False
v9_current_tol005,over35,2026-02,1248,0.57372,0.19384,0.57372,True
not_worse_tol000,over35,2026-02,1248,0.57238,0.19321,0.57372,False
must_improve_tol000,over35,2026-02,1248,0.57238,0.19321,0.57372,False
must_improve_tol002,over35,2026-02,1248,0.57238,0.19321,0.57372,False
v9_rule_6m_window,over35,2026-02,1248,0.57238,0.19321,0.57372,False
two_window_tol005,over35,2026-02,1248,0.57238,0.19321,0.57372,False
always_promote,over35,2026-03,1322,0.58373,0.1986,0.58373,True
never_promote,over35,2026-03,1322,0.59513,0.2027,0.58373,False
v9_current_tol005,over35,2026-03,1322,0.58373,0.1986,0.58373,True
not_worse_tol000,over35,2026-03,1322,0.58373,0.1986,0.58373,True
must_improve_tol000,over35,2026-03,1322,0.58373,0.1986,0.58373,True
must_improve_tol002,over35,2026-03,1322,0.58373,0.1986,0.58373,True
v9_rule_6m_window,over35,2026-03,1322,0.58373,0.1986,0.58373,True
two_window_tol005,over35,2026-03,1322,0.58349,0.19872,0.58373,False
always_promote,over35,2026-04,1653,0.59697,0.2036,0.59697,True
never_promote,over35,2026-04,1653,0.60292,0.20606,0.59697,False
v9_current_tol005,over35,2026-04,1653,0.59697,0.2036,0.59697,True
not_worse_tol000,over35,2026-04,1653,0.59697,0.2036,0.59697,True
must_improve_tol000,over35,2026-04,1653,0.59697,0.2036,0.59697,True
must_improve_tol002,over35,2026-04,1653,0.59697,0.2036,0.59697,True
v9_rule_6m_window,over35,2026-04,1653,0.59697,0.2036,0.59697,True
two_window_tol005,over35,2026-04,1653,0.59762,0.20411,0.59697,False
always_promote,over35,2026-05,1224,0.61305,0.21163,0.61305,True
never_promote,over35,2026-05,1224,0.6214,0.21548,0.61305,False
v9_current_tol005,over35,2026-05,1224,0.61305,0.21163,0.61305,True
not_worse_tol000,over35,2026-05,1224,0.61305,0.21163,0.61305,True
must_improve_tol000,over35,2026-05,1224,0.61305,0.21163,0.61305,True
must_improve_tol002,over35,2026-05,1224,0.61305,0.21163,0.61305,True
v9_rule_6m_window,over35,2026-05,1224,0.61305,0.21163,0.61305,True
two_window_tol005,over35,2026-05,1224,0.61305,0.21163,0.61305,True
always_promote,over35,2026-06,92,0.66058,0.23509,0.66058,True
never_promote,over35,2026-06,92,0.68854,0.24677,0.66058,False
v9_current_tol005,over35,2026-06,92,0.66058,0.23509,0.66058,True
not_worse_tol000,over35,2026-06,92,0.66058,0.23509,0.66058,True
must_improve_tol000,over35,2026-06,92,0.66058,0.23509,0.66058,True
must_improve_tol002,over35,2026-06,92,0.66058,0.23509,0.66058,True
v9_rule_6m_window,over35,2026-06,92,0.66058,0.23509,0.66058,True
two_window_tol005,over35,2026-06,92,0.66058,0.23509,0.66058,True
always_promote,over35,2026-07,441,0.56379,0.18939,0.56379,True
never_promote,over35,2026-07,441,0.57728,0.19469,0.56379,False
v9_current_tol005,over35,2026-07,441,0.56747,0.1911,0.56379,False
not_worse_tol000,over35,2026-07,441,0.56747,0.1911,0.56379,False
must_improve_tol000,over35,2026-07,441,0.56747,0.1911,0.56379,False
must_improve_tol002,over35,2026-07,441,0.56747,0.1911,0.56379,False
v9_rule_6m_window,over35,2026-07,441,0.56747,0.1911,0.56379,False
two_window_tol005,over35,2026-07,441,0.56747,0.1911,0.56379,False
always_promote,over35,2026-08,1409,0.60225,0.20741,0.60225,True
never_promote,over35,2026-08,1409,0.61182,0.21128,0.60225,False
v9_current_tol005,over35,2026-08,1409,0.60225,0.20741,0.60225,True
not_worse_tol000,over35,2026-08,1409,0.59949,0.20635,0.60225,False
must_improve_tol000,over35,2026-08,1409,0.59949,0.20635,0.60225,False
must_improve_tol002,over35,2026-08,1409,0.59949,0.20635,0.60225,False
v9_rule_6m_window,over35,2026-08,1409,0.59949,0.20635,0.60225,False
two_window_tol005,over35,2026-08,1409,0.59949,0.20635,0.60225,False
always_promote,over35,2026-09,1049,0.61456,0.21227,0.61456,True
never_promote,over35,2026-09,1049,0.62536,0.21702,0.61456,False
v9_current_tol005,over35,2026-09,1049,0.61456,0.21227,0.61456,True
not_worse_tol000,over35,2026-09,1049,0.61456,0.21227,0.61456,True
must_improve_tol000,over35,2026-09,1049,0.61456,0.21227,0.61456,True
must_improve_tol002,over35,2026-09,1049,0.61456,0.21227,0.61456,True
v9_rule_6m_window,over35,2026-09,1049,0.61456,0.21227,0.61456,True
two_window_tol005,over35,2026-09,1049,0.61642,0.21316,0.61456,False
