policy,target,month,adopted,val_champ,val_cand,next_month_live,next_month_challenger
always_promote,btts,2022-08,True,,,0.69306,0.69306
never_promote,btts,2022-08,True,,,0.69306,0.69306
v9_current_tol005,btts,2022-08,True,,,0.69306,0.69306
not_worse_tol000,btts,2022-08,True,,,0.69306,0.69306
must_improve_tol000,btts,2022-08,True,,,0.69306,0.69306
must_improve_tol002,btts,2022-08,True,,,0.69306,0.69306
v9_rule_6m_window,btts,2022-08,True,,,0.69306,0.69306
two_window_tol005,btts,2022-08,True,,,0.69306,0.69306
always_promote,btts,2022-09,True,0.65739,0.65189,0.69216,0.69216
never_promote,btts,2022-09,False,0.65739,0.65189,0.69008,0.69216
v9_current_tol005,btts,2022-09,True,0.65739,0.65189,0.69216,0.69216
not_worse_tol000,btts,2022-09,True,0.65739,0.65189,0.69216,0.69216
must_improve_tol000,btts,2022-09,True,0.65739,0.65189,0.69216,0.69216
must_improve_tol002,btts,2022-09,True,0.65739,0.65189,0.69216,0.69216
v9_rule_6m_window,btts,2022-09,False,0.64844,0.65695,0.69008,0.69216
two_window_tol005,btts,2022-09,False,0.65739,0.65189,0.69008,0.69216
always_promote,btts,2022-10,True,0.66503,0.65509,0.68566,0.68566
never_promote,btts,2022-10,False,0.67511,0.65509,0.68795,0.68566
v9_current_tol005,btts,2022-10,True,0.66503,0.65509,0.68566,0.68566
not_worse_tol000,btts,2022-10,True,0.66503,0.65509,0.68566,0.68566
must_improve_tol000,btts,2022-10,True,0.66503,0.65509,0.68566,0.68566
must_improve_tol002,btts,2022-10,True,0.66503,0.65509,0.68566,0.68566
v9_rule_6m_window,btts,2022-10,True,0.65538,0.65698,0.68566,0.68566
two_window_tol005,btts,2022-10,False,0.67511,0.65509,0.68795,0.68566
always_promote,btts,2022-11,True,0.66793,0.64648,0.68657,0.68657
never_promote,btts,2022-11,False,0.69025,0.64648,0.68831,0.68657
v9_current_tol005,btts,2022-11,True,0.66793,0.64648,0.68657,0.68657
not_worse_tol000,btts,2022-11,True,0.66793,0.64648,0.68657,0.68657
must_improve_tol000,btts,2022-11,True,0.66793,0.64648,0.68657,0.68657
must_improve_tol002,btts,2022-11,True,0.66793,0.64648,0.68657,0.68657
v9_rule_6m_window,btts,2022-11,True,0.66236,0.64499,0.68657,0.68657
two_window_tol005,btts,2022-11,False,0.69025,0.64648,0.68831,0.68657
always_promote,btts,2022-12,True,0.65411,0.66017,0.69364,0.69364
never_promote,btts,2022-12,False,0.68873,0.66017,0.69922,0.69364
v9_current_tol005,btts,2022-12,False,0.65411,0.66017,0.69655,0.69364
not_worse_tol000,btts,2022-12,False,0.65411,0.66017,0.69655,0.69364
must_improve_tol000,btts,2022-12,False,0.65411,0.66017,0.69655,0.69364
must_improve_tol002,btts,2022-12,False,0.65411,0.66017,0.69655,0.69364
v9_rule_6m_window,btts,2022-12,False,0.64891,0.6587,0.69655,0.69364
two_window_tol005,btts,2022-12,True,0.68873,0.66017,0.69364,0.69364
always_promote,btts,2023-01,True,0.66623,0.6578,0.68646,0.68646
never_promote,btts,2023-01,False,0.69014,0.6578,0.693,0.68646
v9_current_tol005,btts,2023-01,True,0.66574,0.6578,0.68646,0.68646
not_worse_tol000,btts,2023-01,True,0.66574,0.6578,0.68646,0.68646
must_improve_tol000,btts,2023-01,True,0.66574,0.6578,0.68646,0.68646
must_improve_tol002,btts,2023-01,True,0.66574,0.6578,0.68646,0.68646
v9_rule_6m_window,btts,2023-01,True,0.65373,0.65396,0.68646,0.68646
two_window_tol005,btts,2023-01,True,0.66623,0.6578,0.68646,0.68646
always_promote,btts,2023-02,True,0.67034,0.65475,0.68763,0.68763
never_promote,btts,2023-02,False,0.69303,0.65475,0.69147,0.68763
v9_current_tol005,btts,2023-02,True,0.67034,0.65475,0.68763,0.68763
not_worse_tol000,btts,2023-02,True,0.67034,0.65475,0.68763,0.68763
must_improve_tol000,btts,2023-02,True,0.67034,0.65475,0.68763,0.68763
must_improve_tol002,btts,2023-02,True,0.67034,0.65475,0.68763,0.68763
v9_rule_6m_window,btts,2023-02,True,0.65922,0.65201,0.68763,0.68763
two_window_tol005,btts,2023-02,True,0.67034,0.65475,0.68763,0.68763
always_promote,btts,2023-03,True,0.67025,0.65703,0.69442,0.69442
never_promote,btts,2023-03,False,0.69384,0.65703,0.69114,0.69442
v9_current_tol005,btts,2023-03,True,0.67025,0.65703,0.69442,0.69442
not_worse_tol000,btts,2023-03,True,0.67025,0.65703,0.69442,0.69442
must_improve_tol000,btts,2023-03,True,0.67025,0.65703,0.69442,0.69442
must_improve_tol002,btts,2023-03,True,0.67025,0.65703,0.69442,0.69442
v9_rule_6m_window,btts,2023-03,True,0.65825,0.65373,0.69442,0.69442
two_window_tol005,btts,2023-03,True,0.67025,0.65703,0.69442,0.69442
always_promote,btts,2023-04,True,0.66858,0.65197,0.69614,0.69614
never_promote,btts,2023-04,False,0.69175,0.65197,0.69919,0.69614
v9_current_tol005,btts,2023-04,True,0.66858,0.65197,0.69614,0.69614
not_worse_tol000,btts,2023-04,True,0.66858,0.65197,0.69614,0.69614
must_improve_tol000,btts,2023-04,True,0.66858,0.65197,0.69614,0.69614
must_improve_tol002,btts,2023-04,True,0.66858,0.65197,0.69614,0.69614
v9_rule_6m_window,btts,2023-04,True,0.66144,0.65143,0.69614,0.69614
two_window_tol005,btts,2023-04,True,0.66858,0.65197,0.69614,0.69614
always_promote,btts,2023-05,True,0.67214,0.66277,0.68208,0.68208
never_promote,btts,2023-05,False,0.6949,0.66277,0.6876,0.68208
v9_current_tol005,btts,2023-05,True,0.67214,0.66277,0.68208,0.68208
not_worse_tol000,btts,2023-05,True,0.67214,0.66277,0.68208,0.68208
must_improve_tol000,btts,2023-05,True,0.67214,0.66277,0.68208,0.68208
must_improve_tol002,btts,2023-05,True,0.67214,0.66277,0.68208,0.68208
v9_rule_6m_window,btts,2023-05,True,0.66536,0.66426,0.68208,0.68208
two_window_tol005,btts,2023-05,False,0.67214,0.66277,0.68639,0.68208
always_promote,btts,2023-06,True,0.66892,0.66025,0.67869,0.67869
never_promote,btts,2023-06,False,0.69347,0.66025,0.69735,0.67869
v9_current_tol005,btts,2023-06,True,0.66892,0.66025,0.67869,0.67869
not_worse_tol000,btts,2023-06,True,0.66892,0.66025,0.67869,0.67869
must_improve_tol000,btts,2023-06,True,0.66892,0.66025,0.67869,0.67869
must_improve_tol002,btts,2023-06,True,0.66892,0.66025,0.67869,0.67869
v9_rule_6m_window,btts,2023-06,True,0.66787,0.66331,0.67869,0.67869
two_window_tol005,btts,2023-06,False,0.68232,0.66025,0.67708,0.67869
always_promote,btts,2023-07,True,0.66133,0.64609,0.66818,0.66818
never_promote,btts,2023-07,False,0.69475,0.64609,0.6818,0.66818
v9_current_tol005,btts,2023-07,True,0.66133,0.64609,0.66818,0.66818
not_worse_tol000,btts,2023-07,True,0.66133,0.64609,0.66818,0.66818
must_improve_tol000,btts,2023-07,True,0.66133,0.64609,0.66818,0.66818
must_improve_tol002,btts,2023-07,True,0.66133,0.64609,0.66818,0.66818
v9_rule_6m_window,btts,2023-07,True,0.66386,0.65206,0.66818,0.66818
two_window_tol005,btts,2023-07,False,0.68966,0.64609,0.67474,0.66818
always_promote,btts,2023-08,True,0.64854,0.63577,0.68787,0.68787
never_promote,btts,2023-08,False,0.68795,0.63577,0.69902,0.68787
v9_current_tol005,btts,2023-08,True,0.64854,0.63577,0.68787,0.68787
not_worse_tol000,btts,2023-08,True,0.64854,0.63577,0.68787,0.68787
must_improve_tol000,btts,2023-08,True,0.64854,0.63577,0.68787,0.68787
must_improve_tol002,btts,2023-08,True,0.64854,0.63577,0.68787,0.68787
v9_rule_6m_window,btts,2023-08,True,0.65291,0.64841,0.68787,0.68787
two_window_tol005,btts,2023-08,True,0.68092,0.63577,0.68787,0.68787
always_promote,btts,2023-09,True,0.65769,0.64205,0.68437,0.68437
never_promote,btts,2023-09,False,0.69368,0.64205,0.68894,0.68437
v9_current_tol005,btts,2023-09,True,0.65769,0.64205,0.68437,0.68437
not_worse_tol000,btts,2023-09,True,0.65769,0.64205,0.68437,0.68437
must_improve_tol000,btts,2023-09,True,0.65769,0.64205,0.68437,0.68437
must_improve_tol002,btts,2023-09,True,0.65769,0.64205,0.68437,0.68437
v9_rule_6m_window,btts,2023-09,True,0.65466,0.65048,0.68437,0.68437
two_window_tol005,btts,2023-09,True,0.65769,0.64205,0.68437,0.68437
always_promote,btts,2023-10,True,0.66059,0.63477,0.67625,0.67625
never_promote,btts,2023-10,False,0.69113,0.63477,0.69384,0.67625
v9_current_tol005,btts,2023-10,True,0.66059,0.63477,0.67625,0.67625
not_worse_tol000,btts,2023-10,True,0.66059,0.63477,0.67625,0.67625
must_improve_tol000,btts,2023-10,True,0.66059,0.63477,0.67625,0.67625
must_improve_tol002,btts,2023-10,True,0.66059,0.63477,0.67625,0.67625
v9_rule_6m_window,btts,2023-10,True,0.65612,0.63613,0.67625,0.67625
two_window_tol005,btts,2023-10,True,0.66059,0.63477,0.67625,0.67625
always_promote,btts,2023-11,True,0.65181,0.65702,0.69026,0.69026
never_promote,btts,2023-11,False,0.6937,0.65702,0.70047,0.69026
v9_current_tol005,btts,2023-11,False,0.65181,0.65702,0.68828,0.69026
not_worse_tol000,btts,2023-11,False,0.65181,0.65702,0.68828,0.69026
must_improve_tol000,btts,2023-11,False,0.65181,0.65702,0.68828,0.69026
must_improve_tol002,btts,2023-11,False,0.65181,0.65702,0.68828,0.69026
v9_rule_6m_window,btts,2023-11,False,0.64208,0.6541,0.68828,0.69026
two_window_tol005,btts,2023-11,False,0.65181,0.65702,0.68828,0.69026
always_promote,btts,2023-12,True,0.66406,0.64569,0.68272,0.68272
never_promote,btts,2023-12,False,0.69381,0.64569,0.68995,0.68272
v9_current_tol005,btts,2023-12,True,0.66462,0.64569,0.68272,0.68272
not_worse_tol000,btts,2023-12,True,0.66462,0.64569,0.68272,0.68272
must_improve_tol000,btts,2023-12,True,0.66462,0.64569,0.68272,0.68272
must_improve_tol002,btts,2023-12,True,0.66462,0.64569,0.68272,0.68272
v9_rule_6m_window,btts,2023-12,True,0.65121,0.64483,0.68272,0.68272
two_window_tol005,btts,2023-12,False,0.66462,0.64569,0.68529,0.68272
always_promote,btts,2024-01,True,0.65639,0.63744,0.68176,0.68176
never_promote,btts,2024-01,False,0.69478,0.63744,0.67719,0.68176
v9_current_tol005,btts,2024-01,True,0.65639,0.63744,0.68176,0.68176
not_worse_tol000,btts,2024-01,True,0.65639,0.63744,0.68176,0.68176
must_improve_tol000,btts,2024-01,True,0.65639,0.63744,0.68176,0.68176
must_improve_tol002,btts,2024-01,True,0.65639,0.63744,0.68176,0.68176
v9_rule_6m_window,btts,2024-01,True,0.6511,0.63703,0.68176,0.68176
two_window_tol005,btts,2024-01,True,0.68257,0.63744,0.68176,0.68176
always_promote,btts,2024-02,True,0.65239,0.64863,0.67464,0.67464
never_promote,btts,2024-02,False,0.69057,0.64863,0.69138,0.67464
v9_current_tol005,btts,2024-02,True,0.65239,0.64863,0.67464,0.67464
not_worse_tol000,btts,2024-02,True,0.65239,0.64863,0.67464,0.67464
must_improve_tol000,btts,2024-02,True,0.65239,0.64863,0.67464,0.67464
must_improve_tol002,btts,2024-02,True,0.65239,0.64863,0.67464,0.67464
v9_rule_6m_window,btts,2024-02,True,0.64356,0.64777,0.67464,0.67464
two_window_tol005,btts,2024-02,False,0.65239,0.64863,0.67569,0.67464
always_promote,btts,2024-03,True,0.65821,0.63913,0.68218,0.68218
never_promote,btts,2024-03,False,0.68727,0.63913,0.70005,0.68218
v9_current_tol005,btts,2024-03,True,0.65821,0.63913,0.68218,0.68218
not_worse_tol000,btts,2024-03,True,0.65821,0.63913,0.68218,0.68218
must_improve_tol000,btts,2024-03,True,0.65821,0.63913,0.68218,0.68218
must_improve_tol002,btts,2024-03,True,0.65821,0.63913,0.68218,0.68218
v9_rule_6m_window,btts,2024-03,True,0.65111,0.64154,0.68218,0.68218
two_window_tol005,btts,2024-03,False,0.66526,0.63913,0.68329,0.68218
always_promote,btts,2024-04,True,0.65431,0.6491,0.67491,0.67491
never_promote,btts,2024-04,False,0.69167,0.6491,0.69101,0.67491
v9_current_tol005,btts,2024-04,True,0.65431,0.6491,0.67491,0.67491
not_worse_tol000,btts,2024-04,True,0.65431,0.6491,0.67491,0.67491
must_improve_tol000,btts,2024-04,True,0.65431,0.6491,0.67491,0.67491
must_improve_tol002,btts,2024-04,True,0.65431,0.6491,0.67491,0.67491
v9_rule_6m_window,btts,2024-04,True,0.6493,0.65051,0.67491,0.67491
two_window_tol005,btts,2024-04,False,0.68018,0.6491,0.67813,0.67491
always_promote,btts,2024-05,True,0.66041,0.63198,0.66357,0.66357
never_promote,btts,2024-05,False,0.69397,0.63198,0.68489,0.66357
v9_current_tol005,btts,2024-05,True,0.66041,0.63198,0.66357,0.66357
not_worse_tol000,btts,2024-05,True,0.66041,0.63198,0.66357,0.66357
must_improve_tol000,btts,2024-05,True,0.66041,0.63198,0.66357,0.66357
must_improve_tol002,btts,2024-05,True,0.66041,0.63198,0.66357,0.66357
v9_rule_6m_window,btts,2024-05,True,0.65732,0.63288,0.66357,0.66357
two_window_tol005,btts,2024-05,True,0.67907,0.63198,0.66357,0.66357
always_promote,btts,2024-06,True,0.64182,0.63895,0.65803,0.65803
never_promote,btts,2024-06,False,0.69208,0.63895,0.68219,0.65803
v9_current_tol005,btts,2024-06,True,0.64182,0.63895,0.65803,0.65803
not_worse_tol000,btts,2024-06,True,0.64182,0.63895,0.65803,0.65803
must_improve_tol000,btts,2024-06,True,0.64182,0.63895,0.65803,0.65803
must_improve_tol002,btts,2024-06,True,0.64182,0.63895,0.65803,0.65803
v9_rule_6m_window,btts,2024-06,True,0.63733,0.64104,0.65803,0.65803
two_window_tol005,btts,2024-06,False,0.64182,0.63895,0.66524,0.65803
always_promote,btts,2024-07,True,0.63977,0.62425,0.66264,0.66264
never_promote,btts,2024-07,False,0.68747,0.62425,0.67899,0.66264
v9_current_tol005,btts,2024-07,True,0.63977,0.62425,0.66264,0.66264
not_worse_tol000,btts,2024-07,True,0.63977,0.62425,0.66264,0.66264
must_improve_tol000,btts,2024-07,True,0.63977,0.62425,0.66264,0.66264
must_improve_tol002,btts,2024-07,True,0.63977,0.62425,0.66264,0.66264
v9_rule_6m_window,btts,2024-07,True,0.64053,0.63102,0.66264,0.66264
two_window_tol005,btts,2024-07,False,0.64778,0.62425,0.65548,0.66264
always_promote,btts,2024-08,True,0.62672,0.59454,0.67025,0.67025
never_promote,btts,2024-08,False,0.68268,0.59454,0.70063,0.67025
v9_current_tol005,btts,2024-08,True,0.62672,0.59454,0.67025,0.67025
not_worse_tol000,btts,2024-08,True,0.62672,0.59454,0.67025,0.67025
must_improve_tol000,btts,2024-08,True,0.62672,0.59454,0.67025,0.67025
must_improve_tol002,btts,2024-08,True,0.62672,0.59454,0.67025,0.67025
v9_rule_6m_window,btts,2024-08,True,0.63342,0.61199,0.67025,0.67025
two_window_tol005,btts,2024-08,True,0.66176,0.59454,0.67025,0.67025
always_promote,btts,2024-09,True,0.62866,0.63244,0.67292,0.67292
never_promote,btts,2024-09,False,0.69094,0.63244,0.69273,0.67292
v9_current_tol005,btts,2024-09,True,0.62866,0.63244,0.67292,0.67292
not_worse_tol000,btts,2024-09,False,0.62866,0.63244,0.67411,0.67292
must_improve_tol000,btts,2024-09,False,0.62866,0.63244,0.67411,0.67292
must_improve_tol002,btts,2024-09,False,0.62866,0.63244,0.67411,0.67292
v9_rule_6m_window,btts,2024-09,False,0.62204,0.63748,0.67411,0.67292
two_window_tol005,btts,2024-09,False,0.62866,0.63244,0.67411,0.67292
always_promote,btts,2024-10,True,0.65262,0.64246,0.66915,0.66915
never_promote,btts,2024-10,False,0.69311,0.64246,0.6946,0.66915
v9_current_tol005,btts,2024-10,True,0.65262,0.64246,0.66915,0.66915
not_worse_tol000,btts,2024-10,True,0.65611,0.64246,0.66915,0.66915
must_improve_tol000,btts,2024-10,True,0.65611,0.64246,0.66915,0.66915
must_improve_tol002,btts,2024-10,True,0.65611,0.64246,0.66915,0.66915
v9_rule_6m_window,btts,2024-10,False,0.63156,0.63887,0.67129,0.66915
two_window_tol005,btts,2024-10,False,0.65611,0.64246,0.67129,0.66915
always_promote,btts,2024-11,True,0.65448,0.62382,0.67376,0.67376
never_promote,btts,2024-11,False,0.69591,0.62382,0.7051,0.67376
v9_current_tol005,btts,2024-11,True,0.65448,0.62382,0.67376,0.67376
not_worse_tol000,btts,2024-11,True,0.65448,0.62382,0.67376,0.67376
must_improve_tol000,btts,2024-11,True,0.65448,0.62382,0.67376,0.67376
must_improve_tol002,btts,2024-11,True,0.65448,0.62382,0.67376,0.67376
v9_rule_6m_window,btts,2024-11,True,0.64274,0.61337,0.67376,0.67376
two_window_tol005,btts,2024-11,True,0.67193,0.62382,0.67376,0.67376
always_promote,btts,2024-12,True,0.63952,0.64924,0.67083,0.67083
never_promote,btts,2024-12,False,0.69716,0.64924,0.69719,0.67083
v9_current_tol005,btts,2024-12,False,0.63952,0.64924,0.67108,0.67083
not_worse_tol000,btts,2024-12,False,0.63952,0.64924,0.67108,0.67083
must_improve_tol000,btts,2024-12,False,0.63952,0.64924,0.67108,0.67083
must_improve_tol002,btts,2024-12,False,0.63952,0.64924,0.67108,0.67083
v9_rule_6m_window,btts,2024-12,False,0.62636,0.6441,0.67108,0.67083
two_window_tol005,btts,2024-12,False,0.63952,0.64924,0.67108,0.67083
always_promote,btts,2025-01,True,0.65524,0.643,0.67248,0.67248
never_promote,btts,2025-01,False,0.69893,0.643,0.68761,0.67248
v9_current_tol005,btts,2025-01,True,0.6538,0.643,0.67248,0.67248
not_worse_tol000,btts,2025-01,True,0.6538,0.643,0.67248,0.67248
must_improve_tol000,btts,2025-01,True,0.6538,0.643,0.67248,0.67248
must_improve_tol002,btts,2025-01,True,0.6538,0.643,0.67248,0.67248
v9_rule_6m_window,btts,2025-01,True,0.63681,0.63995,0.67248,0.67248
two_window_tol005,btts,2025-01,False,0.6538,0.643,0.67389,0.67248
always_promote,btts,2025-02,True,0.65229,0.65123,0.67312,0.67312
never_promote,btts,2025-02,False,0.69766,0.65123,0.69065,0.67312
v9_current_tol005,btts,2025-02,True,0.65229,0.65123,0.67312,0.67312
not_worse_tol000,btts,2025-02,True,0.65229,0.65123,0.67312,0.67312
must_improve_tol000,btts,2025-02,True,0.65229,0.65123,0.67312,0.67312
must_improve_tol002,btts,2025-02,False,0.65229,0.65123,0.67075,0.67312
v9_rule_6m_window,btts,2025-02,False,0.64622,0.65125,0.67075,0.67312
two_window_tol005,btts,2025-02,False,0.67291,0.65123,0.67182,0.67312
always_promote,btts,2025-03,True,0.65869,0.64561,0.67869,0.67869
never_promote,btts,2025-03,False,0.692,0.64561,0.69585,0.67869
v9_current_tol005,btts,2025-03,True,0.65869,0.64561,0.67869,0.67869
not_worse_tol000,btts,2025-03,True,0.65869,0.64561,0.67869,0.67869
must_improve_tol000,btts,2025-03,True,0.65869,0.64561,0.67869,0.67869
must_improve_tol002,btts,2025-03,True,0.66207,0.64561,0.67869,0.67869
v9_rule_6m_window,btts,2025-03,True,0.65091,0.64439,0.67869,0.67869
two_window_tol005,btts,2025-03,True,0.67215,0.64561,0.67869,0.67869
always_promote,btts,2025-04,True,0.65875,0.64555,0.67397,0.67397
never_promote,btts,2025-04,False,0.69193,0.64555,0.68872,0.67397
v9_current_tol005,btts,2025-04,True,0.65875,0.64555,0.67397,0.67397
not_worse_tol000,btts,2025-04,True,0.65875,0.64555,0.67397,0.67397
must_improve_tol000,btts,2025-04,True,0.65875,0.64555,0.67397,0.67397
must_improve_tol002,btts,2025-04,True,0.65875,0.64555,0.67397,0.67397
v9_rule_6m_window,btts,2025-04,True,0.65175,0.64396,0.67397,0.67397
two_window_tol005,btts,2025-04,True,0.65875,0.64555,0.67397,0.67397
always_promote,btts,2025-05,True,0.65692,0.65351,0.67377,0.67377
never_promote,btts,2025-05,False,0.69161,0.65351,0.69075,0.67377
v9_current_tol005,btts,2025-05,True,0.65692,0.65351,0.67377,0.67377
not_worse_tol000,btts,2025-05,True,0.65692,0.65351,0.67377,0.67377
must_improve_tol000,btts,2025-05,True,0.65692,0.65351,0.67377,0.67377
must_improve_tol002,btts,2025-05,True,0.65692,0.65351,0.67377,0.67377
v9_rule_6m_window,btts,2025-05,True,0.65079,0.65198,0.67377,0.67377
two_window_tol005,btts,2025-05,False,0.65692,0.65351,0.6762,0.67377
always_promote,btts,2025-06,True,0.66137,0.65286,0.67422,0.67422
never_promote,btts,2025-06,False,0.69164,0.65286,0.69218,0.67422
v9_current_tol005,btts,2025-06,True,0.66137,0.65286,0.67422,0.67422
not_worse_tol000,btts,2025-06,True,0.66137,0.65286,0.67422,0.67422
must_improve_tol000,btts,2025-06,True,0.66137,0.65286,0.67422,0.67422
must_improve_tol002,btts,2025-06,True,0.66137,0.65286,0.67422,0.67422
v9_rule_6m_window,btts,2025-06,True,0.65585,0.65019,0.67422,0.67422
two_window_tol005,btts,2025-06,True,0.66703,0.65286,0.67422,0.67422
always_promote,btts,2025-07,True,0.65318,0.65085,0.66856,0.66856
never_promote,btts,2025-07,False,0.68984,0.65085,0.68703,0.66856
v9_current_tol005,btts,2025-07,True,0.65318,0.65085,0.66856,0.66856
not_worse_tol000,btts,2025-07,True,0.65318,0.65085,0.66856,0.66856
must_improve_tol000,btts,2025-07,True,0.65318,0.65085,0.66856,0.66856
must_improve_tol002,btts,2025-07,True,0.65318,0.65085,0.66856,0.66856
v9_rule_6m_window,btts,2025-07,True,0.65223,0.65124,0.66856,0.66856
two_window_tol005,btts,2025-07,True,0.65318,0.65085,0.66856,0.66856
always_promote,btts,2025-08,True,0.65581,0.64991,0.6824,0.6824
never_promote,btts,2025-08,False,0.6901,0.64991,0.68456,0.6824
v9_current_tol005,btts,2025-08,True,0.65581,0.64991,0.6824,0.6824
not_worse_tol000,btts,2025-08,True,0.65581,0.64991,0.6824,0.6824
must_improve_tol000,btts,2025-08,True,0.65581,0.64991,0.6824,0.6824
must_improve_tol002,btts,2025-08,True,0.65581,0.64991,0.6824,0.6824
v9_rule_6m_window,btts,2025-08,True,0.65303,0.65192,0.6824,0.6824
two_window_tol005,btts,2025-08,True,0.65581,0.64991,0.6824,0.6824
always_promote,btts,2025-09,True,0.67003,0.65329,0.6793,0.6793
never_promote,btts,2025-09,False,0.68616,0.65329,0.68843,0.6793
v9_current_tol005,btts,2025-09,True,0.67003,0.65329,0.6793,0.6793
not_worse_tol000,btts,2025-09,True,0.67003,0.65329,0.6793,0.6793
must_improve_tol000,btts,2025-09,True,0.67003,0.65329,0.6793,0.6793
must_improve_tol002,btts,2025-09,True,0.67003,0.65329,0.6793,0.6793
v9_rule_6m_window,btts,2025-09,True,0.65961,0.6516,0.6793,0.6793
two_window_tol005,btts,2025-09,True,0.67003,0.65329,0.6793,0.6793
always_promote,btts,2025-10,True,0.66407,0.66088,0.6636,0.6636
never_promote,btts,2025-10,False,0.68646,0.66088,0.68277,0.6636
v9_current_tol005,btts,2025-10,True,0.66407,0.66088,0.6636,0.6636
not_worse_tol000,btts,2025-10,True,0.66407,0.66088,0.6636,0.6636
must_improve_tol000,btts,2025-10,True,0.66407,0.66088,0.6636,0.6636
must_improve_tol002,btts,2025-10,True,0.66407,0.66088,0.6636,0.6636
v9_rule_6m_window,btts,2025-10,True,0.65627,0.65853,0.6636,0.6636
two_window_tol005,btts,2025-10,False,0.66407,0.66088,0.6631,0.6636
always_promote,btts,2025-11,True,0.66224,0.65322,0.68326,0.68326
never_promote,btts,2025-11,False,0.68523,0.65322,0.70098,0.68326
v9_current_tol005,btts,2025-11,True,0.66224,0.65322,0.68326,0.68326
not_worse_tol000,btts,2025-11,True,0.66224,0.65322,0.68326,0.68326
must_improve_tol000,btts,2025-11,True,0.66224,0.65322,0.68326,0.68326
must_improve_tol002,btts,2025-11,True,0.66224,0.65322,0.68326,0.68326
v9_rule_6m_window,btts,2025-11,True,0.66063,0.65282,0.68326,0.68326
two_window_tol005,btts,2025-11,True,0.66621,0.65322,0.68326,0.68326
always_promote,btts,2025-12,True,0.66169,0.66035,0.67823,0.67823
never_promote,btts,2025-12,False,0.69076,0.66035,0.69104,0.67823
v9_current_tol005,btts,2025-12,True,0.66169,0.66035,0.67823,0.67823
not_worse_tol000,btts,2025-12,True,0.66169,0.66035,0.67823,0.67823
must_improve_tol000,btts,2025-12,True,0.66169,0.66035,0.67823,0.67823
must_improve_tol002,btts,2025-12,False,0.66169,0.66035,0.6771,0.67823
v9_rule_6m_window,btts,2025-12,True,0.65938,0.66062,0.67823,0.67823
two_window_tol005,btts,2025-12,False,0.66169,0.66035,0.6771,0.67823
always_promote,btts,2026-01,True,0.66443,0.65857,0.67392,0.67392
never_promote,btts,2026-01,False,0.69169,0.65857,0.69609,0.67392
v9_current_tol005,btts,2026-01,True,0.66443,0.65857,0.67392,0.67392
not_worse_tol000,btts,2026-01,True,0.66443,0.65857,0.67392,0.67392
must_improve_tol000,btts,2026-01,True,0.66443,0.65857,0.67392,0.67392
must_improve_tol002,btts,2026-01,True,0.66666,0.65857,0.67392,0.67392
v9_rule_6m_window,btts,2026-01,True,0.66337,0.65938,0.67392,0.67392
two_window_tol005,btts,2026-01,True,0.66666,0.65857,0.67392,0.67392
always_promote,btts,2026-02,True,0.66696,0.64906,0.67147,0.67147
never_promote,btts,2026-02,False,0.69659,0.64906,0.68504,0.67147
v9_current_tol005,btts,2026-02,True,0.66696,0.64906,0.67147,0.67147
not_worse_tol000,btts,2026-02,True,0.66696,0.64906,0.67147,0.67147
must_improve_tol000,btts,2026-02,True,0.66696,0.64906,0.67147,0.67147
must_improve_tol002,btts,2026-02,True,0.66696,0.64906,0.67147,0.67147
v9_rule_6m_window,btts,2026-02,True,0.66176,0.64917,0.67147,0.67147
two_window_tol005,btts,2026-02,True,0.66696,0.64906,0.67147,0.67147
always_promote,btts,2026-03,True,0.65546,0.64254,0.67395,0.67395
never_promote,btts,2026-03,False,0.69013,0.64254,0.69685,0.67395
v9_current_tol005,btts,2026-03,True,0.65546,0.64254,0.67395,0.67395
not_worse_tol000,btts,2026-03,True,0.65546,0.64254,0.67395,0.67395
must_improve_tol000,btts,2026-03,True,0.65546,0.64254,0.67395,0.67395
must_improve_tol002,btts,2026-03,True,0.65546,0.64254,0.67395,0.67395
v9_rule_6m_window,btts,2026-03,True,0.65227,0.64634,0.67395,0.67395
two_window_tol005,btts,2026-03,True,0.65546,0.64254,0.67395,0.67395
always_promote,btts,2026-04,True,0.65284,0.65286,0.67416,0.67416
never_promote,btts,2026-04,False,0.69245,0.65286,0.68969,0.67416
v9_current_tol005,btts,2026-04,True,0.65284,0.65286,0.67416,0.67416
not_worse_tol000,btts,2026-04,False,0.65284,0.65286,0.67392,0.67416
must_improve_tol000,btts,2026-04,False,0.65284,0.65286,0.67392,0.67416
must_improve_tol002,btts,2026-04,False,0.65284,0.65286,0.67392,0.67416
v9_rule_6m_window,btts,2026-04,True,0.65019,0.65442,0.67416,0.67416
two_window_tol005,btts,2026-04,False,0.65284,0.65286,0.67392,0.67416
always_promote,btts,2026-05,True,0.66173,0.65001,0.65545,0.65545
never_promote,btts,2026-05,False,0.69056,0.65001,0.67471,0.65545
v9_current_tol005,btts,2026-05,True,0.66173,0.65001,0.65545,0.65545
not_worse_tol000,btts,2026-05,True,0.66415,0.65001,0.65545,0.65545
must_improve_tol000,btts,2026-05,True,0.66415,0.65001,0.65545,0.65545
must_improve_tol002,btts,2026-05,True,0.66415,0.65001,0.65545,0.65545
v9_rule_6m_window,btts,2026-05,True,0.66026,0.65319,0.65545,0.65545
two_window_tol005,btts,2026-05,False,0.66415,0.65001,0.65154,0.65545
always_promote,btts,2026-06,True,0.6519,0.63915,0.6707,0.6707
never_promote,btts,2026-06,False,0.68758,0.63915,0.68569,0.6707
v9_current_tol005,btts,2026-06,True,0.6519,0.63915,0.6707,0.6707
not_worse_tol000,btts,2026-06,True,0.6519,0.63915,0.6707,0.6707
must_improve_tol000,btts,2026-06,True,0.6519,0.63915,0.6707,0.6707
must_improve_tol002,btts,2026-06,True,0.6519,0.63915,0.6707,0.6707
v9_rule_6m_window,btts,2026-06,True,0.65174,0.64166,0.6707,0.6707
two_window_tol005,btts,2026-06,True,0.66741,0.63915,0.6707,0.6707
always_promote,btts,2026-07,True,0.63531,0.63742,0.65844,0.65844
never_promote,btts,2026-07,False,0.68339,0.63742,0.68348,0.65844
v9_current_tol005,btts,2026-07,True,0.63531,0.63742,0.65844,0.65844
not_worse_tol000,btts,2026-07,False,0.63531,0.63742,0.66085,0.65844
must_improve_tol000,btts,2026-07,False,0.63531,0.63742,0.66085,0.65844
must_improve_tol002,btts,2026-07,False,0.63531,0.63742,0.66085,0.65844
v9_rule_6m_window,btts,2026-07,True,0.64099,0.64399,0.65844,0.65844
two_window_tol005,btts,2026-07,True,0.63531,0.63742,0.65844,0.65844
always_promote,btts,2026-08,True,0.63309,0.63229,0.6504,0.6504
never_promote,btts,2026-08,False,0.67748,0.63229,0.67854,0.6504
v9_current_tol005,btts,2026-08,True,0.63309,0.63229,0.6504,0.6504
not_worse_tol000,btts,2026-08,True,0.63414,0.63229,0.6504,0.6504
must_improve_tol000,btts,2026-08,True,0.63414,0.63229,0.6504,0.6504
must_improve_tol002,btts,2026-08,False,0.63414,0.63229,0.65035,0.6504
v9_rule_6m_window,btts,2026-08,True,0.64459,0.64479,0.6504,0.6504
two_window_tol005,btts,2026-08,True,0.63309,0.63229,0.6504,0.6504
always_promote,btts,2026-09,True,0.64769,0.63086,0.67636,0.67636
never_promote,btts,2026-09,False,0.68,0.63086,0.6964,0.67636
v9_current_tol005,btts,2026-09,True,0.64769,0.63086,0.67636,0.67636
not_worse_tol000,btts,2026-09,True,0.64769,0.63086,0.67636,0.67636
must_improve_tol000,btts,2026-09,True,0.64769,0.63086,0.67636,0.67636
must_improve_tol002,btts,2026-09,True,0.6537,0.63086,0.67636,0.67636
v9_rule_6m_window,btts,2026-09,True,0.64483,0.6417,0.67636,0.67636
two_window_tol005,btts,2026-09,True,0.64769,0.63086,0.67636,0.67636
always_promote,over15,2022-08,True,,,0.56563,0.56563
never_promote,over15,2022-08,True,,,0.56563,0.56563
v9_current_tol005,over15,2022-08,True,,,0.56563,0.56563
not_worse_tol000,over15,2022-08,True,,,0.56563,0.56563
must_improve_tol000,over15,2022-08,True,,,0.56563,0.56563
must_improve_tol002,over15,2022-08,True,,,0.56563,0.56563
v9_rule_6m_window,over15,2022-08,True,,,0.56563,0.56563
two_window_tol005,over15,2022-08,True,,,0.56563,0.56563
always_promote,over15,2022-09,True,0.54677,0.5317,0.56187,0.56187
never_promote,over15,2022-09,False,0.54677,0.5317,0.56409,0.56187
v9_current_tol005,over15,2022-09,True,0.54677,0.5317,0.56187,0.56187
not_worse_tol000,over15,2022-09,True,0.54677,0.5317,0.56187,0.56187
must_improve_tol000,over15,2022-09,True,0.54677,0.5317,0.56187,0.56187
must_improve_tol002,over15,2022-09,True,0.54677,0.5317,0.56187,0.56187
v9_rule_6m_window,over15,2022-09,True,0.53914,0.53602,0.56187,0.56187
two_window_tol005,over15,2022-09,False,0.54677,0.5317,0.56409,0.56187
always_promote,over15,2022-10,True,0.54295,0.51972,0.55506,0.55506
never_promote,over15,2022-10,False,0.55671,0.51972,0.55858,0.55506
v9_current_tol005,over15,2022-10,True,0.54295,0.51972,0.55506,0.55506
not_worse_tol000,over15,2022-10,True,0.54295,0.51972,0.55506,0.55506
must_improve_tol000,over15,2022-10,True,0.54295,0.51972,0.55506,0.55506
must_improve_tol002,over15,2022-10,True,0.54295,0.51972,0.55506,0.55506
v9_rule_6m_window,over15,2022-10,True,0.53208,0.516,0.55506,0.55506
two_window_tol005,over15,2022-10,True,0.55671,0.51972,0.55506,0.55506
always_promote,over15,2022-11,True,0.53197,0.5247,0.5412,0.5412
never_promote,over15,2022-11,False,0.56246,0.5247,0.54574,0.5412
v9_current_tol005,over15,2022-11,True,0.53197,0.5247,0.5412,0.5412
not_worse_tol000,over15,2022-11,True,0.53197,0.5247,0.5412,0.5412
must_improve_tol000,over15,2022-11,True,0.53197,0.5247,0.5412,0.5412
must_improve_tol002,over15,2022-11,True,0.53197,0.5247,0.5412,0.5412
v9_rule_6m_window,over15,2022-11,True,0.5229,0.52154,0.5412,0.5412
two_window_tol005,over15,2022-11,False,0.53197,0.5247,0.54907,0.5412
always_promote,over15,2022-12,True,0.52738,0.52379,0.55926,0.55926
never_promote,over15,2022-12,False,0.55785,0.52379,0.56027,0.55926
v9_current_tol005,over15,2022-12,True,0.52738,0.52379,0.55926,0.55926
not_worse_tol000,over15,2022-12,True,0.52738,0.52379,0.55926,0.55926
must_improve_tol000,over15,2022-12,True,0.52738,0.52379,0.55926,0.55926
must_improve_tol002,over15,2022-12,True,0.52738,0.52379,0.55926,0.55926
v9_rule_6m_window,over15,2022-12,True,0.52857,0.52776,0.55926,0.55926
two_window_tol005,over15,2022-12,False,0.54132,0.52379,0.56074,0.55926
always_promote,over15,2023-01,True,0.52871,0.51839,0.56649,0.56649
never_promote,over15,2023-01,False,0.55578,0.51839,0.56984,0.56649
v9_current_tol005,over15,2023-01,True,0.52871,0.51839,0.56649,0.56649
not_worse_tol000,over15,2023-01,True,0.52871,0.51839,0.56649,0.56649
must_improve_tol000,over15,2023-01,True,0.52871,0.51839,0.56649,0.56649
must_improve_tol002,over15,2023-01,True,0.52871,0.51839,0.56649,0.56649
v9_rule_6m_window,over15,2023-01,True,0.53051,0.52468,0.56649,0.56649
two_window_tol005,over15,2023-01,False,0.55466,0.51839,0.56598,0.56649
always_promote,over15,2023-02,True,0.53573,0.52763,0.58375,0.58375
never_promote,over15,2023-02,False,0.55843,0.52763,0.59028,0.58375
v9_current_tol005,over15,2023-02,True,0.53573,0.52763,0.58375,0.58375
not_worse_tol000,over15,2023-02,True,0.53573,0.52763,0.58375,0.58375
must_improve_tol000,over15,2023-02,True,0.53573,0.52763,0.58375,0.58375
must_improve_tol002,over15,2023-02,True,0.53573,0.52763,0.58375,0.58375
v9_rule_6m_window,over15,2023-02,True,0.52721,0.52884,0.58375,0.58375
two_window_tol005,over15,2023-02,True,0.55839,0.52763,0.58375,0.58375
always_promote,over15,2023-03,True,0.55583,0.54318,0.57564,0.57564
never_promote,over15,2023-03,False,0.57656,0.54318,0.58153,0.57564
v9_current_tol005,over15,2023-03,True,0.55583,0.54318,0.57564,0.57564
not_worse_tol000,over15,2023-03,True,0.55583,0.54318,0.57564,0.57564
must_improve_tol000,over15,2023-03,True,0.55583,0.54318,0.57564,0.57564
must_improve_tol002,over15,2023-03,True,0.55583,0.54318,0.57564,0.57564
v9_rule_6m_window,over15,2023-03,True,0.53772,0.53371,0.57564,0.57564
two_window_tol005,over15,2023-03,True,0.55583,0.54318,0.57564,0.57564
always_promote,over15,2023-04,True,0.5566,0.54014,0.56489,0.56489
never_promote,over15,2023-04,False,0.58171,0.54014,0.56993,0.56489
v9_current_tol005,over15,2023-04,True,0.5566,0.54014,0.56489,0.56489
not_worse_tol000,over15,2023-04,True,0.5566,0.54014,0.56489,0.56489
must_improve_tol000,over15,2023-04,True,0.5566,0.54014,0.56489,0.56489
must_improve_tol002,over15,2023-04,True,0.5566,0.54014,0.56489,0.56489
v9_rule_6m_window,over15,2023-04,True,0.54034,0.52893,0.56489,0.56489
two_window_tol005,over15,2023-04,True,0.5566,0.54014,0.56489,0.56489
always_promote,over15,2023-05,True,0.55344,0.5384,0.55544,0.55544
never_promote,over15,2023-05,False,0.57866,0.5384,0.55166,0.55544
v9_current_tol005,over15,2023-05,True,0.55344,0.5384,0.55544,0.55544
not_worse_tol000,over15,2023-05,True,0.55344,0.5384,0.55544,0.55544
must_improve_tol000,over15,2023-05,True,0.55344,0.5384,0.55544,0.55544
must_improve_tol002,over15,2023-05,True,0.55344,0.5384,0.55544,0.55544
v9_rule_6m_window,over15,2023-05,True,0.54218,0.53411,0.55544,0.55544
two_window_tol005,over15,2023-05,True,0.55344,0.5384,0.55544,0.55544
always_promote,over15,2023-06,True,0.54031,0.53199,0.56212,0.56212
never_promote,over15,2023-06,False,0.56707,0.53199,0.56782,0.56212
v9_current_tol005,over15,2023-06,True,0.54031,0.53199,0.56212,0.56212
not_worse_tol000,over15,2023-06,True,0.54031,0.53199,0.56212,0.56212
must_improve_tol000,over15,2023-06,True,0.54031,0.53199,0.56212,0.56212
must_improve_tol002,over15,2023-06,True,0.54031,0.53199,0.56212,0.56212
v9_rule_6m_window,over15,2023-06,True,0.54006,0.53662,0.56212,0.56212
two_window_tol005,over15,2023-06,True,0.54031,0.53199,0.56212,0.56212
always_promote,over15,2023-07,True,0.53191,0.52713,0.5432,0.5432
never_promote,over15,2023-07,False,0.56305,0.52713,0.5495,0.5432
v9_current_tol005,over15,2023-07,True,0.53191,0.52713,0.5432,0.5432
not_worse_tol000,over15,2023-07,True,0.53191,0.52713,0.5432,0.5432
must_improve_tol000,over15,2023-07,True,0.53191,0.52713,0.5432,0.5432
must_improve_tol002,over15,2023-07,True,0.53191,0.52713,0.5432,0.5432
v9_rule_6m_window,over15,2023-07,True,0.53902,0.53623,0.5432,0.5432
two_window_tol005,over15,2023-07,True,0.53191,0.52713,0.5432,0.5432
always_promote,over15,2023-08,True,0.52653,0.51391,0.56065,0.56065
never_promote,over15,2023-08,False,0.55446,0.51391,0.56078,0.56065
v9_current_tol005,over15,2023-08,True,0.52653,0.51391,0.56065,0.56065
not_worse_tol000,over15,2023-08,True,0.52653,0.51391,0.56065,0.56065
must_improve_tol000,over15,2023-08,True,0.52653,0.51391,0.56065,0.56065
must_improve_tol002,over15,2023-08,True,0.52653,0.51391,0.56065,0.56065
v9_rule_6m_window,over15,2023-08,True,0.53673,0.53119,0.56065,0.56065
two_window_tol005,over15,2023-08,True,0.52653,0.51391,0.56065,0.56065
always_promote,over15,2023-09,True,0.53463,0.50601,0.53569,0.53569
never_promote,over15,2023-09,False,0.55897,0.50601,0.54322,0.53569
v9_current_tol005,over15,2023-09,True,0.53463,0.50601,0.53569,0.53569
not_worse_tol000,over15,2023-09,True,0.53463,0.50601,0.53569,0.53569
must_improve_tol000,over15,2023-09,True,0.53463,0.50601,0.53569,0.53569
must_improve_tol002,over15,2023-09,True,0.53463,0.50601,0.53569,0.53569
v9_rule_6m_window,over15,2023-09,True,0.53356,0.51574,0.53569,0.53569
two_window_tol005,over15,2023-09,True,0.53463,0.50601,0.53569,0.53569
always_promote,over15,2023-10,True,0.51912,0.49511,0.53636,0.53636
never_promote,over15,2023-10,False,0.55098,0.49511,0.54242,0.53636
v9_current_tol005,over15,2023-10,True,0.51912,0.49511,0.53636,0.53636
not_worse_tol000,over15,2023-10,True,0.51912,0.49511,0.53636,0.53636
must_improve_tol000,over15,2023-10,True,0.51912,0.49511,0.53636,0.53636
must_improve_tol002,over15,2023-10,True,0.51912,0.49511,0.53636,0.53636
v9_rule_6m_window,over15,2023-10,True,0.51693,0.50444,0.53636,0.53636
two_window_tol005,over15,2023-10,True,0.51912,0.49511,0.53636,0.53636
always_promote,over15,2023-11,True,0.51144,0.51018,0.53379,0.53379
never_promote,over15,2023-11,False,0.54837,0.51018,0.54621,0.53379
v9_current_tol005,over15,2023-11,True,0.51144,0.51018,0.53379,0.53379
not_worse_tol000,over15,2023-11,True,0.51144,0.51018,0.53379,0.53379
must_improve_tol000,over15,2023-11,True,0.51144,0.51018,0.53379,0.53379
must_improve_tol002,over15,2023-11,False,0.51144,0.51018,0.53672,0.53379
v9_rule_6m_window,over15,2023-11,False,0.50644,0.51212,0.53672,0.53379
two_window_tol005,over15,2023-11,False,0.51144,0.51018,0.53672,0.53379
always_promote,over15,2023-12,True,0.51124,0.5024,0.54144,0.54144
never_promote,over15,2023-12,False,0.54375,0.5024,0.5459,0.54144
v9_current_tol005,over15,2023-12,True,0.51124,0.5024,0.54144,0.54144
not_worse_tol000,over15,2023-12,True,0.51124,0.5024,0.54144,0.54144
must_improve_tol000,over15,2023-12,True,0.51124,0.5024,0.54144,0.54144
must_improve_tol002,over15,2023-12,True,0.51773,0.5024,0.54144,0.54144
v9_rule_6m_window,over15,2023-12,True,0.51136,0.50849,0.54144,0.54144
two_window_tol005,over15,2023-12,False,0.51773,0.5024,0.54097,0.54144
always_promote,over15,2024-01,True,0.51251,0.50496,0.54267,0.54267
never_promote,over15,2024-01,False,0.54459,0.50496,0.54692,0.54267
v9_current_tol005,over15,2024-01,True,0.51251,0.50496,0.54267,0.54267
not_worse_tol000,over15,2024-01,True,0.51251,0.50496,0.54267,0.54267
must_improve_tol000,over15,2024-01,True,0.51251,0.50496,0.54267,0.54267
must_improve_tol002,over15,2024-01,True,0.51251,0.50496,0.54267,0.54267
v9_rule_6m_window,over15,2024-01,True,0.51257,0.50794,0.54267,0.54267
two_window_tol005,over15,2024-01,False,0.5378,0.50496,0.54241,0.54267
always_promote,over15,2024-02,True,0.51558,0.50271,0.54139,0.54139
never_promote,over15,2024-02,False,0.54629,0.50271,0.55547,0.54139
v9_current_tol005,over15,2024-02,True,0.51558,0.50271,0.54139,0.54139
not_worse_tol000,over15,2024-02,True,0.51558,0.50271,0.54139,0.54139
must_improve_tol000,over15,2024-02,True,0.51558,0.50271,0.54139,0.54139
must_improve_tol002,over15,2024-02,True,0.51558,0.50271,0.54139,0.54139
v9_rule_6m_window,over15,2024-02,True,0.51205,0.50406,0.54139,0.54139
two_window_tol005,over15,2024-02,True,0.53973,0.50271,0.54139,0.54139
always_promote,over15,2024-03,True,0.52059,0.49755,0.57621,0.57621
never_promote,over15,2024-03,False,0.55004,0.49755,0.57754,0.57621
v9_current_tol005,over15,2024-03,True,0.52059,0.49755,0.57621,0.57621
not_worse_tol000,over15,2024-03,True,0.52059,0.49755,0.57621,0.57621
must_improve_tol000,over15,2024-03,True,0.52059,0.49755,0.57621,0.57621
must_improve_tol002,over15,2024-03,True,0.52059,0.49755,0.57621,0.57621
v9_rule_6m_window,over15,2024-03,True,0.50701,0.49403,0.57621,0.57621
two_window_tol005,over15,2024-03,True,0.52059,0.49755,0.57621,0.57621
always_promote,over15,2024-04,True,0.5299,0.52706,0.54624,0.54624
never_promote,over15,2024-04,False,0.56252,0.52706,0.55479,0.54624
v9_current_tol005,over15,2024-04,True,0.5299,0.52706,0.54624,0.54624
not_worse_tol000,over15,2024-04,True,0.5299,0.52706,0.54624,0.54624
must_improve_tol000,over15,2024-04,True,0.5299,0.52706,0.54624,0.54624
must_improve_tol002,over15,2024-04,True,0.5299,0.52706,0.54624,0.54624
v9_rule_6m_window,over15,2024-04,False,0.51031,0.51803,0.54705,0.54624
two_window_tol005,over15,2024-04,False,0.5299,0.52706,0.54705,0.54624
always_promote,over15,2024-05,True,0.53676,0.47196,0.51703,0.51703
never_promote,over15,2024-05,False,0.56216,0.47196,0.5288,0.51703
v9_current_tol005,over15,2024-05,True,0.53676,0.47196,0.51703,0.51703
not_worse_tol000,over15,2024-05,True,0.53676,0.47196,0.51703,0.51703
must_improve_tol000,over15,2024-05,True,0.53676,0.47196,0.51703,0.51703
must_improve_tol002,over15,2024-05,True,0.53676,0.47196,0.51703,0.51703
v9_rule_6m_window,over15,2024-05,True,0.52324,0.46983,0.51703,0.51703
two_window_tol005,over15,2024-05,True,0.54212,0.47196,0.51703,0.51703
always_promote,over15,2024-06,True,0.48611,0.49505,0.54748,0.54748
never_promote,over15,2024-06,False,0.55442,0.49505,0.55025,0.54748
v9_current_tol005,over15,2024-06,False,0.48611,0.49505,0.54908,0.54748
not_worse_tol000,over15,2024-06,False,0.48611,0.49505,0.54908,0.54748
must_improve_tol000,over15,2024-06,False,0.48611,0.49505,0.54908,0.54748
must_improve_tol002,over15,2024-06,False,0.48611,0.49505,0.54908,0.54748
v9_rule_6m_window,over15,2024-06,False,0.47943,0.49545,0.54908,0.54748
two_window_tol005,over15,2024-06,False,0.48611,0.49505,0.54908,0.54748
always_promote,over15,2024-07,True,0.49168,0.49636,0.516,0.516
never_promote,over15,2024-07,False,0.54492,0.49636,0.53062,0.516
v9_current_tol005,over15,2024-07,True,0.49351,0.49636,0.516,0.516
not_worse_tol000,over15,2024-07,False,0.49351,0.49636,0.51567,0.516
must_improve_tol000,over15,2024-07,False,0.49351,0.49636,0.51567,0.516
must_improve_tol002,over15,2024-07,False,0.49351,0.49636,0.51567,0.516
v9_rule_6m_window,over15,2024-07,False,0.48597,0.50804,0.51567,0.516
two_window_tol005,over15,2024-07,False,0.49351,0.49636,0.51567,0.516
always_promote,over15,2024-08,True,0.49307,0.47478,0.58361,0.58361
never_promote,over15,2024-08,False,0.53413,0.47478,0.58736,0.58361
v9_current_tol005,over15,2024-08,True,0.49307,0.47478,0.58361,0.58361
not_worse_tol000,over15,2024-08,True,0.52389,0.47478,0.58361,0.58361
must_improve_tol000,over15,2024-08,True,0.52389,0.47478,0.58361,0.58361
must_improve_tol002,over15,2024-08,True,0.52389,0.47478,0.58361,0.58361
v9_rule_6m_window,over15,2024-08,False,0.49095,0.49753,0.58793,0.58361
two_window_tol005,over15,2024-08,False,0.52389,0.47478,0.58793,0.58361
always_promote,over15,2024-09,True,0.53083,0.51934,0.54295,0.54295
never_promote,over15,2024-09,False,0.56441,0.51934,0.54945,0.54295
v9_current_tol005,over15,2024-09,True,0.53083,0.51934,0.54295,0.54295
not_worse_tol000,over15,2024-09,True,0.53083,0.51934,0.54295,0.54295
must_improve_tol000,over15,2024-09,True,0.53083,0.51934,0.54295,0.54295
must_improve_tol002,over15,2024-09,True,0.53083,0.51934,0.54295,0.54295
v9_rule_6m_window,over15,2024-09,True,0.51374,0.51753,0.54295,0.54295
two_window_tol005,over15,2024-09,False,0.56054,0.51934,0.53896,0.54295
always_promote,over15,2024-10,True,0.5321,0.51319,0.57348,0.57348
never_promote,over15,2024-10,False,0.56051,0.51319,0.5761,0.57348
v9_current_tol005,over15,2024-10,True,0.5321,0.51319,0.57348,0.57348
not_worse_tol000,over15,2024-10,True,0.5321,0.51319,0.57348,0.57348
must_improve_tol000,over15,2024-10,True,0.5321,0.51319,0.57348,0.57348
must_improve_tol002,over15,2024-10,True,0.5321,0.51319,0.57348,0.57348
v9_rule_6m_window,over15,2024-10,True,0.51757,0.50473,0.57348,0.57348
two_window_tol005,over15,2024-10,True,0.55344,0.51319,0.57348,0.57348
always_promote,over15,2024-11,True,0.5389,0.51784,0.60281,0.60281
never_promote,over15,2024-11,False,0.57049,0.51784,0.61214,0.60281
v9_current_tol005,over15,2024-11,True,0.5389,0.51784,0.60281,0.60281
not_worse_tol000,over15,2024-11,True,0.5389,0.51784,0.60281,0.60281
must_improve_tol000,over15,2024-11,True,0.5389,0.51784,0.60281,0.60281
must_improve_tol002,over15,2024-11,True,0.5389,0.51784,0.60281,0.60281
v9_rule_6m_window,over15,2024-11,True,0.51835,0.50145,0.60281,0.60281
two_window_tol005,over15,2024-11,True,0.5389,0.51784,0.60281,0.60281
always_promote,over15,2024-12,True,0.53878,0.5382,0.53335,0.53335
never_promote,over15,2024-12,False,0.57765,0.5382,0.54179,0.53335
v9_current_tol005,over15,2024-12,True,0.53878,0.5382,0.53335,0.53335
not_worse_tol000,over15,2024-12,True,0.53878,0.5382,0.53335,0.53335
must_improve_tol000,over15,2024-12,True,0.53878,0.5382,0.53335,0.53335
must_improve_tol002,over15,2024-12,False,0.53878,0.5382,0.53333,0.53335
v9_rule_6m_window,over15,2024-12,False,0.52567,0.53091,0.53333,0.53335
two_window_tol005,over15,2024-12,False,0.53878,0.5382,0.53333,0.53335
always_promote,over15,2025-01,True,0.54704,0.52923,0.57174,0.57174
never_promote,over15,2025-01,False,0.57852,0.52923,0.58062,0.57174
v9_current_tol005,over15,2025-01,True,0.54704,0.52923,0.57174,0.57174
not_worse_tol000,over15,2025-01,True,0.54704,0.52923,0.57174,0.57174
must_improve_tol000,over15,2025-01,True,0.54704,0.52923,0.57174,0.57174
must_improve_tol002,over15,2025-01,True,0.55325,0.52923,0.57174,0.57174
v9_rule_6m_window,over15,2025-01,True,0.53015,0.51816,0.57174,0.57174
two_window_tol005,over15,2025-01,True,0.55325,0.52923,0.57174,0.57174
always_promote,over15,2025-02,True,0.54237,0.54748,0.57817,0.57817
never_promote,over15,2025-02,False,0.58014,0.54748,0.58734,0.57817
v9_current_tol005,over15,2025-02,False,0.54237,0.54748,0.57687,0.57817
not_worse_tol000,over15,2025-02,False,0.54237,0.54748,0.57687,0.57817
must_improve_tol000,over15,2025-02,False,0.54237,0.54748,0.57687,0.57817
must_improve_tol002,over15,2025-02,False,0.54237,0.54748,0.57687,0.57817
v9_rule_6m_window,over15,2025-02,False,0.52912,0.54307,0.57687,0.57817
two_window_tol005,over15,2025-02,False,0.54237,0.54748,0.57687,0.57817
always_promote,over15,2025-03,True,0.54695,0.52245,0.57955,0.57955
never_promote,over15,2025-03,False,0.57009,0.52245,0.5849,0.57955
v9_current_tol005,over15,2025-03,True,0.54815,0.52245,0.57955,0.57955
not_worse_tol000,over15,2025-03,True,0.54815,0.52245,0.57955,0.57955
must_improve_tol000,over15,2025-03,True,0.54815,0.52245,0.57955,0.57955
must_improve_tol002,over15,2025-03,True,0.54815,0.52245,0.57955,0.57955
v9_rule_6m_window,over15,2025-03,True,0.53609,0.52795,0.57955,0.57955
two_window_tol005,over15,2025-03,False,0.54815,0.52245,0.58086,0.57955
always_promote,over15,2025-04,True,0.55284,0.54405,0.55038,0.55038
never_promote,over15,2025-04,False,0.58466,0.54405,0.56224,0.55038
v9_current_tol005,over15,2025-04,True,0.55284,0.54405,0.55038,0.55038
not_worse_tol000,over15,2025-04,True,0.55284,0.54405,0.55038,0.55038
must_improve_tol000,over15,2025-04,True,0.55284,0.54405,0.55038,0.55038
must_improve_tol002,over15,2025-04,True,0.55284,0.54405,0.55038,0.55038
v9_rule_6m_window,over15,2025-04,True,0.54246,0.53903,0.55038,0.55038
two_window_tol005,over15,2025-04,False,0.57714,0.54405,0.54989,0.55038
always_promote,over15,2025-05,True,0.54815,0.5361,0.53362,0.53362
never_promote,over15,2025-05,False,0.57689,0.5361,0.54128,0.53362
v9_current_tol005,over15,2025-05,True,0.54815,0.5361,0.53362,0.53362
not_worse_tol000,over15,2025-05,True,0.54815,0.5361,0.53362,0.53362
must_improve_tol000,over15,2025-05,True,0.54815,0.5361,0.53362,0.53362
must_improve_tol002,over15,2025-05,True,0.54815,0.5361,0.53362,0.53362
v9_rule_6m_window,over15,2025-05,True,0.54278,0.53604,0.53362,0.53362
two_window_tol005,over15,2025-05,True,0.5678,0.5361,0.53362,0.53362
always_promote,over15,2025-06,True,0.53256,0.52313,0.51072,0.51072
never_promote,over15,2025-06,False,0.56362,0.52313,0.51506,0.51072
v9_current_tol005,over15,2025-06,True,0.53256,0.52313,0.51072,0.51072
not_worse_tol000,over15,2025-06,True,0.53256,0.52313,0.51072,0.51072
must_improve_tol000,over15,2025-06,True,0.53256,0.52313,0.51072,0.51072
must_improve_tol002,over15,2025-06,True,0.53256,0.52313,0.51072,0.51072
v9_rule_6m_window,over15,2025-06,True,0.53034,0.52419,0.51072,0.51072
two_window_tol005,over15,2025-06,True,0.53256,0.52313,0.51072,0.51072
always_promote,over15,2025-07,True,0.51103,0.50422,0.54309,0.54309
never_promote,over15,2025-07,False,0.54957,0.50422,0.5487,0.54309
v9_current_tol005,over15,2025-07,True,0.51103,0.50422,0.54309,0.54309
not_worse_tol000,over15,2025-07,True,0.51103,0.50422,0.54309,0.54309
must_improve_tol000,over15,2025-07,True,0.51103,0.50422,0.54309,0.54309
must_improve_tol002,over15,2025-07,True,0.51103,0.50422,0.54309,0.54309
v9_rule_6m_window,over15,2025-07,True,0.5279,0.52172,0.54309,0.54309
two_window_tol005,over15,2025-07,True,0.51103,0.50422,0.54309,0.54309
always_promote,over15,2025-08,True,0.50442,0.49869,0.55131,0.55131
never_promote,over15,2025-08,False,0.53898,0.49869,0.55818,0.55131
v9_current_tol005,over15,2025-08,True,0.50442,0.49869,0.55131,0.55131
not_worse_tol000,over15,2025-08,True,0.50442,0.49869,0.55131,0.55131
must_improve_tol000,over15,2025-08,True,0.50442,0.49869,0.55131,0.55131
must_improve_tol002,over15,2025-08,True,0.50442,0.49869,0.55131,0.55131
v9_rule_6m_window,over15,2025-08,True,0.52221,0.52287,0.55131,0.55131
two_window_tol005,over15,2025-08,True,0.50442,0.49869,0.55131,0.55131
always_promote,over15,2025-09,True,0.53198,0.50317,0.53903,0.53903
never_promote,over15,2025-09,False,0.55008,0.50317,0.5451,0.53903
v9_current_tol005,over15,2025-09,True,0.53198,0.50317,0.53903,0.53903
not_worse_tol000,over15,2025-09,True,0.53198,0.50317,0.53903,0.53903
must_improve_tol000,over15,2025-09,True,0.53198,0.50317,0.53903,0.53903
must_improve_tol002,over15,2025-09,True,0.53198,0.50317,0.53903,0.53903
v9_rule_6m_window,over15,2025-09,True,0.5255,0.51053,0.53903,0.53903
two_window_tol005,over15,2025-09,True,0.53198,0.50317,0.53903,0.53903
always_promote,over15,2025-10,True,0.52208,0.52164,0.51798,0.51798
never_promote,over15,2025-10,False,0.55161,0.52164,0.52793,0.51798
v9_current_tol005,over15,2025-10,True,0.52208,0.52164,0.51798,0.51798
not_worse_tol000,over15,2025-10,True,0.52208,0.52164,0.51798,0.51798
must_improve_tol000,over15,2025-10,True,0.52208,0.52164,0.51798,0.51798
must_improve_tol002,over15,2025-10,False,0.52208,0.52164,0.52043,0.51798
v9_rule_6m_window,over15,2025-10,False,0.51072,0.51856,0.52043,0.51798
two_window_tol005,over15,2025-10,False,0.52208,0.52164,0.52043,0.51798
always_promote,over15,2025-11,True,0.52069,0.50379,0.55094,0.55094
never_promote,over15,2025-11,False,0.54451,0.50379,0.5639,0.55094
v9_current_tol005,over15,2025-11,True,0.52069,0.50379,0.55094,0.55094
not_worse_tol000,over15,2025-11,True,0.52069,0.50379,0.55094,0.55094
must_improve_tol000,over15,2025-11,True,0.52069,0.50379,0.55094,0.55094
must_improve_tol002,over15,2025-11,True,0.52282,0.50379,0.55094,0.55094
v9_rule_6m_window,over15,2025-11,True,0.51261,0.50239,0.55094,0.55094
two_window_tol005,over15,2025-11,False,0.52282,0.50379,0.55456,0.55094
always_promote,over15,2025-12,True,0.51587,0.50716,0.55262,0.55262
never_promote,over15,2025-12,False,0.54572,0.50716,0.55074,0.55262
v9_current_tol005,over15,2025-12,True,0.51587,0.50716,0.55262,0.55262
not_worse_tol000,over15,2025-12,True,0.51587,0.50716,0.55262,0.55262
must_improve_tol000,over15,2025-12,True,0.51587,0.50716,0.55262,0.55262
must_improve_tol002,over15,2025-12,True,0.51587,0.50716,0.55262,0.55262
v9_rule_6m_window,over15,2025-12,True,0.51272,0.50901,0.55262,0.55262
two_window_tol005,over15,2025-12,False,0.53808,0.50716,0.55534,0.55262
always_promote,over15,2026-01,True,0.51904,0.51377,0.55776,0.55776
never_promote,over15,2026-01,False,0.54728,0.51377,0.56943,0.55776
v9_current_tol005,over15,2026-01,True,0.51904,0.51377,0.55776,0.55776
not_worse_tol000,over15,2026-01,True,0.51904,0.51377,0.55776,0.55776
must_improve_tol000,over15,2026-01,True,0.51904,0.51377,0.55776,0.55776
must_improve_tol002,over15,2026-01,True,0.51904,0.51377,0.55776,0.55776
v9_rule_6m_window,over15,2026-01,True,0.51655,0.51574,0.55776,0.55776
two_window_tol005,over15,2026-01,True,0.54231,0.51377,0.55776,0.55776
always_promote,over15,2026-02,True,0.53479,0.52616,0.54983,0.54983
never_promote,over15,2026-02,False,0.56192,0.52616,0.5603,0.54983
v9_current_tol005,over15,2026-02,True,0.53479,0.52616,0.54983,0.54983
not_worse_tol000,over15,2026-02,True,0.53479,0.52616,0.54983,0.54983
must_improve_tol000,over15,2026-02,True,0.53479,0.52616,0.54983,0.54983
must_improve_tol002,over15,2026-02,True,0.53479,0.52616,0.54983,0.54983
v9_rule_6m_window,over15,2026-02,True,0.52127,0.51712,0.54983,0.54983
two_window_tol005,over15,2026-02,True,0.53479,0.52616,0.54983,0.54983
always_promote,over15,2026-03,True,0.53575,0.52591,0.54868,0.54868
never_promote,over15,2026-03,False,0.56048,0.52591,0.56035,0.54868
v9_current_tol005,over15,2026-03,True,0.53575,0.52591,0.54868,0.54868
not_worse_tol000,over15,2026-03,True,0.53575,0.52591,0.54868,0.54868
must_improve_tol000,over15,2026-03,True,0.53575,0.52591,0.54868,0.54868
must_improve_tol002,over15,2026-03,True,0.53575,0.52591,0.54868,0.54868
v9_rule_6m_window,over15,2026-03,True,0.52249,0.52059,0.54868,0.54868
two_window_tol005,over15,2026-03,True,0.53575,0.52591,0.54868,0.54868
always_promote,over15,2026-04,True,0.5346,0.51754,0.52257,0.52257
never_promote,over15,2026-04,False,0.56276,0.51754,0.53741,0.52257
v9_current_tol005,over15,2026-04,True,0.5346,0.51754,0.52257,0.52257
not_worse_tol000,over15,2026-04,True,0.5346,0.51754,0.52257,0.52257
must_improve_tol000,over15,2026-04,True,0.5346,0.51754,0.52257,0.52257
must_improve_tol002,over15,2026-04,True,0.5346,0.51754,0.52257,0.52257
v9_rule_6m_window,over15,2026-04,True,0.52675,0.51321,0.52257,0.52257
two_window_tol005,over15,2026-04,True,0.5346,0.51754,0.52257,0.52257
always_promote,over15,2026-05,True,0.51893,0.50787,0.48947,0.48947
never_promote,over15,2026-05,False,0.55136,0.50787,0.50502,0.48947
v9_current_tol005,over15,2026-05,True,0.51893,0.50787,0.48947,0.48947
not_worse_tol000,over15,2026-05,True,0.51893,0.50787,0.48947,0.48947
must_improve_tol000,over15,2026-05,True,0.51893,0.50787,0.48947,0.48947
must_improve_tol002,over15,2026-05,True,0.51893,0.50787,0.48947,0.48947
v9_rule_6m_window,over15,2026-05,True,0.51949,0.51492,0.48947,0.48947
two_window_tol005,over15,2026-05,True,0.51893,0.50787,0.48947,0.48947
always_promote,over15,2026-06,True,0.49885,0.49293,0.47497,0.47497
never_promote,over15,2026-06,False,0.53519,0.49293,0.48324,0.47497
v9_current_tol005,over15,2026-06,True,0.49885,0.49293,0.47497,0.47497
not_worse_tol000,over15,2026-06,True,0.49885,0.49293,0.47497,0.47497
must_improve_tol000,over15,2026-06,True,0.49885,0.49293,0.47497,0.47497
must_improve_tol002,over15,2026-06,True,0.49885,0.49293,0.47497,0.47497
v9_rule_6m_window,over15,2026-06,True,0.50877,0.50671,0.47497,0.47497
two_window_tol005,over15,2026-06,True,0.49885,0.49293,0.47497,0.47497
always_promote,over15,2026-07,True,0.47931,0.49071,0.53227,0.53227
never_promote,over15,2026-07,False,0.52238,0.49071,0.54175,0.53227
v9_current_tol005,over15,2026-07,False,0.47931,0.49071,0.53195,0.53227
not_worse_tol000,over15,2026-07,False,0.47931,0.49071,0.53195,0.53227
must_improve_tol000,over15,2026-07,False,0.47931,0.49071,0.53195,0.53227
must_improve_tol002,over15,2026-07,False,0.47931,0.49071,0.53195,0.53227
v9_rule_6m_window,over15,2026-07,False,0.50362,0.51329,0.53195,0.53227
two_window_tol005,over15,2026-07,False,0.47931,0.49071,0.53195,0.53227
always_promote,over15,2026-08,True,0.48564,0.46944,0.52029,0.52029
never_promote,over15,2026-08,False,0.5131,0.46944,0.53489,0.52029
v9_current_tol005,over15,2026-08,True,0.47743,0.46944,0.52029,0.52029
not_worse_tol000,over15,2026-08,True,0.47743,0.46944,0.52029,0.52029
must_improve_tol000,over15,2026-08,True,0.47743,0.46944,0.52029,0.52029
must_improve_tol002,over15,2026-08,True,0.47743,0.46944,0.52029,0.52029
v9_rule_6m_window,over15,2026-08,True,0.50171,0.50053,0.52029,0.52029
two_window_tol005,over15,2026-08,True,0.47743,0.46944,0.52029,0.52029
always_promote,over15,2026-09,True,0.51255,0.49174,0.52024,0.52024
never_promote,over15,2026-09,False,0.534,0.49174,0.52675,0.52024
v9_current_tol005,over15,2026-09,True,0.51255,0.49174,0.52024,0.52024
not_worse_tol000,over15,2026-09,True,0.51255,0.49174,0.52024,0.52024
must_improve_tol000,over15,2026-09,True,0.51255,0.49174,0.52024,0.52024
must_improve_tol002,over15,2026-09,True,0.51255,0.49174,0.52024,0.52024
v9_rule_6m_window,over15,2026-09,True,0.49988,0.49186,0.52024,0.52024
two_window_tol005,over15,2026-09,True,0.51255,0.49174,0.52024,0.52024
always_promote,over25,2022-08,True,,,0.67886,0.67886
never_promote,over25,2022-08,True,,,0.67886,0.67886
v9_current_tol005,over25,2022-08,True,,,0.67886,0.67886
not_worse_tol000,over25,2022-08,True,,,0.67886,0.67886
must_improve_tol000,over25,2022-08,True,,,0.67886,0.67886
must_improve_tol002,over25,2022-08,True,,,0.67886,0.67886
v9_rule_6m_window,over25,2022-08,True,,,0.67886,0.67886
two_window_tol005,over25,2022-08,True,,,0.67886,0.67886
always_promote,over25,2022-09,True,0.65733,0.61812,0.67841,0.67841
never_promote,over25,2022-09,False,0.65733,0.61812,0.68276,0.67841
v9_current_tol005,over25,2022-09,True,0.65733,0.61812,0.67841,0.67841
not_worse_tol000,over25,2022-09,True,0.65733,0.61812,0.67841,0.67841
must_improve_tol000,over25,2022-09,True,0.65733,0.61812,0.67841,0.67841
must_improve_tol002,over25,2022-09,True,0.65733,0.61812,0.67841,0.67841
v9_rule_6m_window,over25,2022-09,True,0.65332,0.63007,0.67841,0.67841
two_window_tol005,over25,2022-09,True,0.65733,0.61812,0.67841,0.67841
always_promote,over25,2022-10,True,0.63931,0.63868,0.68018,0.68018
never_promote,over25,2022-10,False,0.66863,0.63868,0.6831,0.68018
v9_current_tol005,over25,2022-10,True,0.63931,0.63868,0.68018,0.68018
not_worse_tol000,over25,2022-10,True,0.63931,0.63868,0.68018,0.68018
must_improve_tol000,over25,2022-10,True,0.63931,0.63868,0.68018,0.68018
must_improve_tol002,over25,2022-10,False,0.63931,0.63868,0.67693,0.68018
v9_rule_6m_window,over25,2022-10,False,0.63705,0.64436,0.67693,0.68018
two_window_tol005,over25,2022-10,False,0.63931,0.63868,0.67693,0.68018
always_promote,over25,2022-11,True,0.65558,0.6367,0.67255,0.67255
never_promote,over25,2022-11,False,0.68159,0.6367,0.67682,0.67255
v9_current_tol005,over25,2022-11,True,0.65558,0.6367,0.67255,0.67255
not_worse_tol000,over25,2022-11,True,0.65558,0.6367,0.67255,0.67255
must_improve_tol000,over25,2022-11,True,0.65558,0.6367,0.67255,0.67255
must_improve_tol002,over25,2022-11,True,0.65808,0.6367,0.67255,0.67255
v9_rule_6m_window,over25,2022-11,True,0.64507,0.63656,0.67255,0.67255
two_window_tol005,over25,2022-11,False,0.65808,0.6367,0.67135,0.67255
always_promote,over25,2022-12,True,0.64556,0.6475,0.68597,0.68597
never_promote,over25,2022-12,False,0.68173,0.6475,0.68391,0.68597
v9_current_tol005,over25,2022-12,True,0.64556,0.6475,0.68597,0.68597
not_worse_tol000,over25,2022-12,False,0.64556,0.6475,0.68073,0.68597
must_improve_tol000,over25,2022-12,False,0.64556,0.6475,0.68073,0.68597
must_improve_tol002,over25,2022-12,False,0.64556,0.6475,0.68073,0.68597
v9_rule_6m_window,over25,2022-12,False,0.63928,0.64493,0.68073,0.68597
two_window_tol005,over25,2022-12,False,0.67631,0.6475,0.68476,0.68597
always_promote,over25,2023-01,True,0.65532,0.64162,0.68783,0.68783
never_promote,over25,2023-01,False,0.68172,0.64162,0.69194,0.68783
v9_current_tol005,over25,2023-01,True,0.65532,0.64162,0.68783,0.68783
not_worse_tol000,over25,2023-01,True,0.65622,0.64162,0.68783,0.68783
must_improve_tol000,over25,2023-01,True,0.65622,0.64162,0.68783,0.68783
must_improve_tol002,over25,2023-01,True,0.65622,0.64162,0.68783,0.68783
v9_rule_6m_window,over25,2023-01,True,0.64372,0.63754,0.68783,0.68783
two_window_tol005,over25,2023-01,True,0.67704,0.64162,0.68783,0.68783
always_promote,over25,2023-02,True,0.65857,0.62837,0.67621,0.67621
never_promote,over25,2023-02,False,0.68421,0.62837,0.67572,0.67621
v9_current_tol005,over25,2023-02,True,0.65857,0.62837,0.67621,0.67621
not_worse_tol000,over25,2023-02,True,0.65857,0.62837,0.67621,0.67621
must_improve_tol000,over25,2023-02,True,0.65857,0.62837,0.67621,0.67621
must_improve_tol002,over25,2023-02,True,0.65857,0.62837,0.67621,0.67621
v9_rule_6m_window,over25,2023-02,True,0.64405,0.62301,0.67621,0.67621
two_window_tol005,over25,2023-02,True,0.65857,0.62837,0.67621,0.67621
always_promote,over25,2023-03,True,0.65271,0.62666,0.67661,0.67661
never_promote,over25,2023-03,False,0.6828,0.62666,0.67819,0.67661
v9_current_tol005,over25,2023-03,True,0.65271,0.62666,0.67661,0.67661
not_worse_tol000,over25,2023-03,True,0.65271,0.62666,0.67661,0.67661
must_improve_tol000,over25,2023-03,True,0.65271,0.62666,0.67661,0.67661
must_improve_tol002,over25,2023-03,True,0.65271,0.62666,0.67661,0.67661
v9_rule_6m_window,over25,2023-03,True,0.63386,0.62521,0.67661,0.67661
two_window_tol005,over25,2023-03,True,0.65271,0.62666,0.67661,0.67661
always_promote,over25,2023-04,True,0.64464,0.64776,0.68389,0.68389
never_promote,over25,2023-04,False,0.6809,0.64776,0.68602,0.68389
v9_current_tol005,over25,2023-04,True,0.64464,0.64776,0.68389,0.68389
not_worse_tol000,over25,2023-04,False,0.64464,0.64776,0.68581,0.68389
must_improve_tol000,over25,2023-04,False,0.64464,0.64776,0.68581,0.68389
must_improve_tol002,over25,2023-04,False,0.64464,0.64776,0.68581,0.68389
v9_rule_6m_window,over25,2023-04,False,0.63505,0.64855,0.68581,0.68389
two_window_tol005,over25,2023-04,False,0.64464,0.64776,0.68581,0.68389
always_promote,over25,2023-05,True,0.66219,0.64247,0.67522,0.67522
never_promote,over25,2023-05,False,0.68108,0.64247,0.6772,0.67522
v9_current_tol005,over25,2023-05,True,0.66219,0.64247,0.67522,0.67522
not_worse_tol000,over25,2023-05,True,0.66457,0.64247,0.67522,0.67522
must_improve_tol000,over25,2023-05,True,0.66457,0.64247,0.67522,0.67522
must_improve_tol002,over25,2023-05,True,0.66457,0.64247,0.67522,0.67522
v9_rule_6m_window,over25,2023-05,True,0.65268,0.64363,0.67522,0.67522
two_window_tol005,over25,2023-05,False,0.66457,0.64247,0.67969,0.67522
always_promote,over25,2023-06,True,0.65353,0.64194,0.66875,0.66875
never_promote,over25,2023-06,False,0.68124,0.64194,0.67736,0.66875
v9_current_tol005,over25,2023-06,True,0.65353,0.64194,0.66875,0.66875
not_worse_tol000,over25,2023-06,True,0.65353,0.64194,0.66875,0.66875
must_improve_tol000,over25,2023-06,True,0.65353,0.64194,0.66875,0.66875
must_improve_tol002,over25,2023-06,True,0.65353,0.64194,0.66875,0.66875
v9_rule_6m_window,over25,2023-06,True,0.65065,0.64396,0.66875,0.66875
two_window_tol005,over25,2023-06,False,0.68154,0.64194,0.67128,0.66875
always_promote,over25,2023-07,True,0.64604,0.63605,0.66072,0.66072
never_promote,over25,2023-07,False,0.68151,0.63605,0.66802,0.66072
v9_current_tol005,over25,2023-07,True,0.64604,0.63605,0.66072,0.66072
not_worse_tol000,over25,2023-07,True,0.64604,0.63605,0.66072,0.66072
must_improve_tol000,over25,2023-07,True,0.64604,0.63605,0.66072,0.66072
must_improve_tol002,over25,2023-07,True,0.64604,0.63605,0.66072,0.66072
v9_rule_6m_window,over25,2023-07,True,0.64577,0.64131,0.66072,0.66072
two_window_tol005,over25,2023-07,True,0.68134,0.63605,0.66072,0.66072
always_promote,over25,2023-08,True,0.63738,0.62088,0.68497,0.68497
never_promote,over25,2023-08,False,0.67449,0.62088,0.68418,0.68497
v9_current_tol005,over25,2023-08,True,0.63738,0.62088,0.68497,0.68497
not_worse_tol000,over25,2023-08,True,0.63738,0.62088,0.68497,0.68497
must_improve_tol000,over25,2023-08,True,0.63738,0.62088,0.68497,0.68497
must_improve_tol002,over25,2023-08,True,0.63738,0.62088,0.68497,0.68497
v9_rule_6m_window,over25,2023-08,True,0.64182,0.63445,0.68497,0.68497
two_window_tol005,over25,2023-08,True,0.63738,0.62088,0.68497,0.68497
always_promote,over25,2023-09,True,0.64711,0.63106,0.68479,0.68479
never_promote,over25,2023-09,False,0.67809,0.63106,0.68952,0.68479
v9_current_tol005,over25,2023-09,True,0.64711,0.63106,0.68479,0.68479
not_worse_tol000,over25,2023-09,True,0.64711,0.63106,0.68479,0.68479
must_improve_tol000,over25,2023-09,True,0.64711,0.63106,0.68479,0.68479
must_improve_tol002,over25,2023-09,True,0.64711,0.63106,0.68479,0.68479
v9_rule_6m_window,over25,2023-09,True,0.64353,0.63871,0.68479,0.68479
two_window_tol005,over25,2023-09,True,0.64711,0.63106,0.68479,0.68479
always_promote,over25,2023-10,True,0.65592,0.63523,0.67136,0.67136
never_promote,over25,2023-10,False,0.68302,0.63523,0.67862,0.67136
v9_current_tol005,over25,2023-10,True,0.65592,0.63523,0.67136,0.67136
not_worse_tol000,over25,2023-10,True,0.65592,0.63523,0.67136,0.67136
must_improve_tol000,over25,2023-10,True,0.65592,0.63523,0.67136,0.67136
must_improve_tol002,over25,2023-10,True,0.65592,0.63523,0.67136,0.67136
v9_rule_6m_window,over25,2023-10,True,0.64771,0.6342,0.67136,0.67136
two_window_tol005,over25,2023-10,True,0.65592,0.63523,0.67136,0.67136
always_promote,over25,2023-11,True,0.65114,0.64258,0.67525,0.67525
never_promote,over25,2023-11,False,0.68421,0.64258,0.68017,0.67525
v9_current_tol005,over25,2023-11,True,0.65114,0.64258,0.67525,0.67525
not_worse_tol000,over25,2023-11,True,0.65114,0.64258,0.67525,0.67525
must_improve_tol000,over25,2023-11,True,0.65114,0.64258,0.67525,0.67525
must_improve_tol002,over25,2023-11,True,0.65114,0.64258,0.67525,0.67525
v9_rule_6m_window,over25,2023-11,True,0.63939,0.63801,0.67525,0.67525
two_window_tol005,over25,2023-11,False,0.65114,0.64258,0.67173,0.67525
always_promote,over25,2023-12,True,0.64993,0.63494,0.68614,0.68614
never_promote,over25,2023-12,False,0.68312,0.63494,0.68116,0.68614
v9_current_tol005,over25,2023-12,True,0.64993,0.63494,0.68614,0.68614
not_worse_tol000,over25,2023-12,True,0.64993,0.63494,0.68614,0.68614
must_improve_tol000,over25,2023-12,True,0.64993,0.63494,0.68614,0.68614
must_improve_tol002,over25,2023-12,True,0.64993,0.63494,0.68614,0.68614
v9_rule_6m_window,over25,2023-12,True,0.64406,0.63241,0.68614,0.68614
two_window_tol005,over25,2023-12,True,0.66022,0.63494,0.68614,0.68614
always_promote,over25,2024-01,True,0.64603,0.64375,0.67895,0.67895
never_promote,over25,2024-01,False,0.67983,0.64375,0.69651,0.67895
v9_current_tol005,over25,2024-01,True,0.64603,0.64375,0.67895,0.67895
not_worse_tol000,over25,2024-01,True,0.64603,0.64375,0.67895,0.67895
must_improve_tol000,over25,2024-01,True,0.64603,0.64375,0.67895,0.67895
must_improve_tol002,over25,2024-01,True,0.64603,0.64375,0.67895,0.67895
v9_rule_6m_window,over25,2024-01,True,0.6415,0.64648,0.67895,0.67895
two_window_tol005,over25,2024-01,False,0.64603,0.64375,0.67752,0.67895
always_promote,over25,2024-02,True,0.65529,0.64669,0.67369,0.67369
never_promote,over25,2024-02,False,0.68487,0.64669,0.68746,0.67369
v9_current_tol005,over25,2024-02,True,0.65529,0.64669,0.67369,0.67369
not_worse_tol000,over25,2024-02,True,0.65529,0.64669,0.67369,0.67369
must_improve_tol000,over25,2024-02,True,0.65529,0.64669,0.67369,0.67369
must_improve_tol002,over25,2024-02,True,0.65529,0.64669,0.67369,0.67369
v9_rule_6m_window,over25,2024-02,True,0.65168,0.64851,0.67369,0.67369
two_window_tol005,over25,2024-02,False,0.66338,0.64669,0.67418,0.67369
always_promote,over25,2024-03,True,0.65811,0.64552,0.67581,0.67581
never_promote,over25,2024-03,False,0.68763,0.64552,0.68608,0.67581
v9_current_tol005,over25,2024-03,True,0.65811,0.64552,0.67581,0.67581
not_worse_tol000,over25,2024-03,True,0.65811,0.64552,0.67581,0.67581
must_improve_tol000,over25,2024-03,True,0.65811,0.64552,0.67581,0.67581
must_improve_tol002,over25,2024-03,True,0.65811,0.64552,0.67581,0.67581
v9_rule_6m_window,over25,2024-03,True,0.65221,0.64578,0.67581,0.67581
two_window_tol005,over25,2024-03,False,0.6791,0.64552,0.68023,0.67581
always_promote,over25,2024-04,True,0.6568,0.63693,0.67681,0.67681
never_promote,over25,2024-04,False,0.68897,0.63693,0.6894,0.67681
v9_current_tol005,over25,2024-04,True,0.6568,0.63693,0.67681,0.67681
not_worse_tol000,over25,2024-04,True,0.6568,0.63693,0.67681,0.67681
must_improve_tol000,over25,2024-04,True,0.6568,0.63693,0.67681,0.67681
must_improve_tol002,over25,2024-04,True,0.6568,0.63693,0.67681,0.67681
v9_rule_6m_window,over25,2024-04,True,0.64968,0.63836,0.67681,0.67681
two_window_tol005,over25,2024-04,True,0.67742,0.63693,0.67681,0.67681
always_promote,over25,2024-05,True,0.65359,0.64377,0.6556,0.6556
never_promote,over25,2024-05,False,0.68781,0.64377,0.67039,0.6556
v9_current_tol005,over25,2024-05,True,0.65359,0.64377,0.6556,0.6556
not_worse_tol000,over25,2024-05,True,0.65359,0.64377,0.6556,0.6556
must_improve_tol000,over25,2024-05,True,0.65359,0.64377,0.6556,0.6556
must_improve_tol002,over25,2024-05,True,0.65359,0.64377,0.6556,0.6556
v9_rule_6m_window,over25,2024-05,True,0.64824,0.64354,0.6556,0.6556
two_window_tol005,over25,2024-05,True,0.65359,0.64377,0.6556,0.6556
always_promote,over25,2024-06,True,0.64721,0.64017,0.65534,0.65534
never_promote,over25,2024-06,False,0.6829,0.64017,0.66595,0.65534
v9_current_tol005,over25,2024-06,True,0.64721,0.64017,0.65534,0.65534
not_worse_tol000,over25,2024-06,True,0.64721,0.64017,0.65534,0.65534
must_improve_tol000,over25,2024-06,True,0.64721,0.64017,0.65534,0.65534
must_improve_tol002,over25,2024-06,True,0.64721,0.64017,0.65534,0.65534
v9_rule_6m_window,over25,2024-06,True,0.64626,0.64276,0.65534,0.65534
two_window_tol005,over25,2024-06,True,0.64721,0.64017,0.65534,0.65534
always_promote,over25,2024-07,True,0.63948,0.63445,0.65499,0.65499
never_promote,over25,2024-07,False,0.67901,0.63445,0.676,0.65499
v9_current_tol005,over25,2024-07,True,0.63948,0.63445,0.65499,0.65499
not_worse_tol000,over25,2024-07,True,0.63948,0.63445,0.65499,0.65499
must_improve_tol000,over25,2024-07,True,0.63948,0.63445,0.65499,0.65499
must_improve_tol002,over25,2024-07,True,0.63948,0.63445,0.65499,0.65499
v9_rule_6m_window,over25,2024-07,True,0.64253,0.63879,0.65499,0.65499
two_window_tol005,over25,2024-07,True,0.63948,0.63445,0.65499,0.65499
always_promote,over25,2024-08,True,0.63282,0.62722,0.67555,0.67555
never_promote,over25,2024-08,False,0.67091,0.62722,0.68596,0.67555
v9_current_tol005,over25,2024-08,True,0.63282,0.62722,0.67555,0.67555
not_worse_tol000,over25,2024-08,True,0.63282,0.62722,0.67555,0.67555
must_improve_tol000,over25,2024-08,True,0.63282,0.62722,0.67555,0.67555
must_improve_tol002,over25,2024-08,True,0.63282,0.62722,0.67555,0.67555
v9_rule_6m_window,over25,2024-08,True,0.63992,0.64136,0.67555,0.67555
two_window_tol005,over25,2024-08,False,0.63282,0.62722,0.67839,0.67555
always_promote,over25,2024-09,True,0.65152,0.63042,0.68214,0.68214
never_promote,over25,2024-09,False,0.67899,0.63042,0.68933,0.68214
v9_current_tol005,over25,2024-09,True,0.65152,0.63042,0.68214,0.68214
not_worse_tol000,over25,2024-09,True,0.65152,0.63042,0.68214,0.68214
must_improve_tol000,over25,2024-09,True,0.65152,0.63042,0.68214,0.68214
must_improve_tol002,over25,2024-09,True,0.65152,0.63042,0.68214,0.68214
v9_rule_6m_window,over25,2024-09,True,0.64644,0.6349,0.68214,0.68214
two_window_tol005,over25,2024-09,True,0.65998,0.63042,0.68214,0.68214
always_promote,over25,2024-10,True,0.65523,0.64754,0.66787,0.66787
never_promote,over25,2024-10,False,0.68541,0.64754,0.67831,0.66787
v9_current_tol005,over25,2024-10,True,0.65523,0.64754,0.66787,0.66787
not_worse_tol000,over25,2024-10,True,0.65523,0.64754,0.66787,0.66787
must_improve_tol000,over25,2024-10,True,0.65523,0.64754,0.66787,0.66787
must_improve_tol002,over25,2024-10,True,0.65523,0.64754,0.66787,0.66787
v9_rule_6m_window,over25,2024-10,True,0.64298,0.64105,0.66787,0.66787
two_window_tol005,over25,2024-10,True,0.65523,0.64754,0.66787,0.66787
always_promote,over25,2024-11,True,0.65784,0.65208,0.67652,0.67652
never_promote,over25,2024-11,False,0.68464,0.65208,0.67883,0.67652
v9_current_tol005,over25,2024-11,True,0.65784,0.65208,0.67652,0.67652
not_worse_tol000,over25,2024-11,True,0.65784,0.65208,0.67652,0.67652
must_improve_tol000,over25,2024-11,True,0.65784,0.65208,0.67652,0.67652
must_improve_tol002,over25,2024-11,True,0.65784,0.65208,0.67652,0.67652
v9_rule_6m_window,over25,2024-11,True,0.64511,0.64394,0.67652,0.67652
two_window_tol005,over25,2024-11,False,0.65784,0.65208,0.67716,0.67652
always_promote,over25,2024-12,True,0.66035,0.64413,0.67712,0.67712
never_promote,over25,2024-12,False,0.68241,0.64413,0.68711,0.67712
v9_current_tol005,over25,2024-12,True,0.66035,0.64413,0.67712,0.67712
not_worse_tol000,over25,2024-12,True,0.66035,0.64413,0.67712,0.67712
must_improve_tol000,over25,2024-12,True,0.66035,0.64413,0.67712,0.67712
must_improve_tol002,over25,2024-12,True,0.66035,0.64413,0.67712,0.67712
v9_rule_6m_window,over25,2024-12,True,0.65196,0.63912,0.67712,0.67712
two_window_tol005,over25,2024-12,True,0.6672,0.64413,0.67712,0.67712
always_promote,over25,2025-01,True,0.65013,0.6449,0.67656,0.67656
never_promote,over25,2025-01,False,0.68102,0.6449,0.69033,0.67656
v9_current_tol005,over25,2025-01,True,0.65013,0.6449,0.67656,0.67656
not_worse_tol000,over25,2025-01,True,0.65013,0.6449,0.67656,0.67656
must_improve_tol000,over25,2025-01,True,0.65013,0.6449,0.67656,0.67656
must_improve_tol002,over25,2025-01,True,0.65013,0.6449,0.67656,0.67656
v9_rule_6m_window,over25,2025-01,True,0.64704,0.6455,0.67656,0.67656
two_window_tol005,over25,2025-01,True,0.65013,0.6449,0.67656,0.67656
always_promote,over25,2025-02,True,0.65593,0.63723,0.66738,0.66738
never_promote,over25,2025-02,False,0.68474,0.63723,0.68595,0.66738
v9_current_tol005,over25,2025-02,True,0.65593,0.63723,0.66738,0.66738
not_worse_tol000,over25,2025-02,True,0.65593,0.63723,0.66738,0.66738
must_improve_tol000,over25,2025-02,True,0.65593,0.63723,0.66738,0.66738
must_improve_tol002,over25,2025-02,True,0.65593,0.63723,0.66738,0.66738
v9_rule_6m_window,over25,2025-02,True,0.65123,0.63912,0.66738,0.66738
two_window_tol005,over25,2025-02,True,0.65593,0.63723,0.66738,0.66738
always_promote,over25,2025-03,True,0.64753,0.64523,0.67967,0.67967
never_promote,over25,2025-03,False,0.68757,0.64523,0.68419,0.67967
v9_current_tol005,over25,2025-03,True,0.64753,0.64523,0.67967,0.67967
not_worse_tol000,over25,2025-03,True,0.64753,0.64523,0.67967,0.67967
must_improve_tol000,over25,2025-03,True,0.64753,0.64523,0.67967,0.67967
must_improve_tol002,over25,2025-03,True,0.64753,0.64523,0.67967,0.67967
v9_rule_6m_window,over25,2025-03,True,0.64401,0.64745,0.67967,0.67967
two_window_tol005,over25,2025-03,False,0.64753,0.64523,0.68019,0.67967
always_promote,over25,2025-04,True,0.65711,0.63656,0.67293,0.67293
never_promote,over25,2025-04,False,0.68637,0.63656,0.6887,0.67293
v9_current_tol005,over25,2025-04,True,0.65711,0.63656,0.67293,0.67293
not_worse_tol000,over25,2025-04,True,0.65711,0.63656,0.67293,0.67293
must_improve_tol000,over25,2025-04,True,0.65711,0.63656,0.67293,0.67293
must_improve_tol002,over25,2025-04,True,0.65711,0.63656,0.67293,0.67293
v9_rule_6m_window,over25,2025-04,True,0.6519,0.63838,0.67293,0.67293
two_window_tol005,over25,2025-04,True,0.66268,0.63656,0.67293,0.67293
always_promote,over25,2025-05,True,0.65044,0.64873,0.67762,0.67762
never_promote,over25,2025-05,False,0.68643,0.64873,0.68654,0.67762
v9_current_tol005,over25,2025-05,True,0.65044,0.64873,0.67762,0.67762
not_worse_tol000,over25,2025-05,True,0.65044,0.64873,0.67762,0.67762
must_improve_tol000,over25,2025-05,True,0.65044,0.64873,0.67762,0.67762
must_improve_tol002,over25,2025-05,False,0.65044,0.64873,0.67963,0.67762
v9_rule_6m_window,over25,2025-05,True,0.64668,0.64855,0.67762,0.67762
two_window_tol005,over25,2025-05,False,0.65044,0.64873,0.67963,0.67762
always_promote,over25,2025-06,True,0.65887,0.64616,0.66992,0.66992
never_promote,over25,2025-06,False,0.6866,0.64616,0.68602,0.66992
v9_current_tol005,over25,2025-06,True,0.65887,0.64616,0.66992,0.66992
not_worse_tol000,over25,2025-06,True,0.65887,0.64616,0.66992,0.66992
must_improve_tol000,over25,2025-06,True,0.65887,0.64616,0.66992,0.66992
must_improve_tol002,over25,2025-06,True,0.66458,0.64616,0.66992,0.66992
v9_rule_6m_window,over25,2025-06,True,0.65285,0.6429,0.66992,0.66992
two_window_tol005,over25,2025-06,True,0.66458,0.64616,0.66992,0.66992
always_promote,over25,2025-07,True,0.64816,0.64296,0.67419,0.67419
never_promote,over25,2025-07,False,0.6876,0.64296,0.69115,0.67419
v9_current_tol005,over25,2025-07,True,0.64816,0.64296,0.67419,0.67419
not_worse_tol000,over25,2025-07,True,0.64816,0.64296,0.67419,0.67419
must_improve_tol000,over25,2025-07,True,0.64816,0.64296,0.67419,0.67419
must_improve_tol002,over25,2025-07,True,0.64816,0.64296,0.67419,0.67419
v9_rule_6m_window,over25,2025-07,True,0.64432,0.64123,0.67419,0.67419
two_window_tol005,over25,2025-07,True,0.64816,0.64296,0.67419,0.67419
always_promote,over25,2025-08,True,0.64893,0.64369,0.68015,0.68015
never_promote,over25,2025-08,False,0.68754,0.64369,0.67956,0.68015
v9_current_tol005,over25,2025-08,True,0.64893,0.64369,0.68015,0.68015
not_worse_tol000,over25,2025-08,True,0.64893,0.64369,0.68015,0.68015
must_improve_tol000,over25,2025-08,True,0.64893,0.64369,0.68015,0.68015
must_improve_tol002,over25,2025-08,True,0.64893,0.64369,0.68015,0.68015
v9_rule_6m_window,over25,2025-08,True,0.64403,0.6428,0.68015,0.68015
two_window_tol005,over25,2025-08,True,0.64893,0.64369,0.68015,0.68015
always_promote,over25,2025-09,True,0.66643,0.65392,0.67889,0.67889
never_promote,over25,2025-09,False,0.68296,0.65392,0.68927,0.67889
v9_current_tol005,over25,2025-09,True,0.66643,0.65392,0.67889,0.67889
not_worse_tol000,over25,2025-09,True,0.66643,0.65392,0.67889,0.67889
must_improve_tol000,over25,2025-09,True,0.66643,0.65392,0.67889,0.67889
must_improve_tol002,over25,2025-09,True,0.66643,0.65392,0.67889,0.67889
v9_rule_6m_window,over25,2025-09,True,0.65238,0.65272,0.67889,0.67889
two_window_tol005,over25,2025-09,False,0.66643,0.65392,0.67772,0.67889
always_promote,over25,2025-10,True,0.6652,0.65821,0.67146,0.67146
never_promote,over25,2025-10,False,0.68513,0.65821,0.67825,0.67146
v9_current_tol005,over25,2025-10,True,0.6652,0.65821,0.67146,0.67146
not_worse_tol000,over25,2025-10,True,0.6652,0.65821,0.67146,0.67146
must_improve_tol000,over25,2025-10,True,0.6652,0.65821,0.67146,0.67146
must_improve_tol002,over25,2025-10,True,0.6652,0.65821,0.67146,0.67146
v9_rule_6m_window,over25,2025-10,True,0.65802,0.65629,0.67146,0.67146
two_window_tol005,over25,2025-10,False,0.67417,0.65821,0.67204,0.67146
always_promote,over25,2025-11,True,0.66279,0.65564,0.67632,0.67632
never_promote,over25,2025-11,False,0.68223,0.65564,0.68648,0.67632
v9_current_tol005,over25,2025-11,True,0.66279,0.65564,0.67632,0.67632
not_worse_tol000,over25,2025-11,True,0.66279,0.65564,0.67632,0.67632
must_improve_tol000,over25,2025-11,True,0.66279,0.65564,0.67632,0.67632
must_improve_tol002,over25,2025-11,True,0.66279,0.65564,0.67632,0.67632
v9_rule_6m_window,over25,2025-11,True,0.65993,0.65465,0.67632,0.67632
two_window_tol005,over25,2025-11,False,0.67683,0.65564,0.67766,0.67632
always_promote,over25,2025-12,True,0.66277,0.6533,0.68237,0.68237
never_promote,over25,2025-12,False,0.68469,0.6533,0.68897,0.68237
v9_current_tol005,over25,2025-12,True,0.66277,0.6533,0.68237,0.68237
not_worse_tol000,over25,2025-12,True,0.66277,0.6533,0.68237,0.68237
must_improve_tol000,over25,2025-12,True,0.66277,0.6533,0.68237,0.68237
must_improve_tol002,over25,2025-12,True,0.66277,0.6533,0.68237,0.68237
v9_rule_6m_window,over25,2025-12,True,0.65935,0.65217,0.68237,0.68237
two_window_tol005,over25,2025-12,True,0.67582,0.6533,0.68237,0.68237
always_promote,over25,2026-01,True,0.65946,0.65738,0.6769,0.6769
never_promote,over25,2026-01,False,0.68413,0.65738,0.68998,0.6769
v9_current_tol005,over25,2026-01,True,0.65946,0.65738,0.6769,0.6769
not_worse_tol000,over25,2026-01,True,0.65946,0.65738,0.6769,0.6769
must_improve_tol000,over25,2026-01,True,0.65946,0.65738,0.6769,0.6769
must_improve_tol002,over25,2026-01,True,0.65946,0.65738,0.6769,0.6769
v9_rule_6m_window,over25,2026-01,True,0.65687,0.65839,0.6769,0.6769
two_window_tol005,over25,2026-01,False,0.65946,0.65738,0.67845,0.6769
always_promote,over25,2026-02,True,0.66561,0.65542,0.67416,0.67416
never_promote,over25,2026-02,False,0.6883,0.65542,0.68561,0.67416
v9_current_tol005,over25,2026-02,True,0.66561,0.65542,0.67416,0.67416
not_worse_tol000,over25,2026-02,True,0.66561,0.65542,0.67416,0.67416
must_improve_tol000,over25,2026-02,True,0.66561,0.65542,0.67416,0.67416
must_improve_tol002,over25,2026-02,True,0.66561,0.65542,0.67416,0.67416
v9_rule_6m_window,over25,2026-02,True,0.66106,0.65466,0.67416,0.67416
two_window_tol005,over25,2026-02,True,0.6699,0.65542,0.67416,0.67416
always_promote,over25,2026-03,True,0.66261,0.62392,0.67328,0.67328
never_promote,over25,2026-03,False,0.6879,0.62392,0.68758,0.67328
v9_current_tol005,over25,2026-03,True,0.66261,0.62392,0.67328,0.67328
not_worse_tol000,over25,2026-03,True,0.66261,0.62392,0.67328,0.67328
must_improve_tol000,over25,2026-03,True,0.66261,0.62392,0.67328,0.67328
must_improve_tol002,over25,2026-03,True,0.66261,0.62392,0.67328,0.67328
v9_rule_6m_window,over25,2026-03,True,0.65874,0.63058,0.67328,0.67328
two_window_tol005,over25,2026-03,True,0.66261,0.62392,0.67328,0.67328
always_promote,over25,2026-04,True,0.63941,0.63636,0.67758,0.67758
never_promote,over25,2026-04,False,0.68752,0.63636,0.68418,0.67758
v9_current_tol005,over25,2026-04,True,0.63941,0.63636,0.67758,0.67758
not_worse_tol000,over25,2026-04,True,0.63941,0.63636,0.67758,0.67758
must_improve_tol000,over25,2026-04,True,0.63941,0.63636,0.67758,0.67758
must_improve_tol002,over25,2026-04,True,0.63941,0.63636,0.67758,0.67758
v9_rule_6m_window,over25,2026-04,True,0.63747,0.64126,0.67758,0.67758
two_window_tol005,over25,2026-04,False,0.63941,0.63636,0.6791,0.67758
always_promote,over25,2026-05,True,0.65172,0.64465,0.66327,0.66327
never_promote,over25,2026-05,False,0.68567,0.64465,0.67606,0.66327
v9_current_tol005,over25,2026-05,True,0.65172,0.64465,0.66327,0.66327
not_worse_tol000,over25,2026-05,True,0.65172,0.64465,0.66327,0.66327
must_improve_tol000,over25,2026-05,True,0.65172,0.64465,0.66327,0.66327
must_improve_tol002,over25,2026-05,True,0.65172,0.64465,0.66327,0.66327
v9_rule_6m_window,over25,2026-05,True,0.64922,0.64766,0.66327,0.66327
two_window_tol005,over25,2026-05,False,0.65782,0.64465,0.66752,0.66327
always_promote,over25,2026-06,True,0.65031,0.64786,0.67579,0.67579
never_promote,over25,2026-06,False,0.68288,0.64786,0.70275,0.67579
v9_current_tol005,over25,2026-06,True,0.65031,0.64786,0.67579,0.67579
not_worse_tol000,over25,2026-06,True,0.65031,0.64786,0.67579,0.67579
must_improve_tol000,over25,2026-06,True,0.65031,0.64786,0.67579,0.67579
must_improve_tol002,over25,2026-06,True,0.65031,0.64786,0.67579,0.67579
v9_rule_6m_window,over25,2026-06,True,0.64964,0.65001,0.67579,0.67579
two_window_tol005,over25,2026-06,False,0.67389,0.64786,0.68966,0.67579
always_promote,over25,2026-07,True,0.64856,0.64807,0.67332,0.67332
never_promote,over25,2026-07,False,0.68141,0.64807,0.69009,0.67332
v9_current_tol005,over25,2026-07,True,0.64856,0.64807,0.67332,0.67332
not_worse_tol000,over25,2026-07,True,0.64856,0.64807,0.67332,0.67332
must_improve_tol000,over25,2026-07,True,0.64856,0.64807,0.67332,0.67332
must_improve_tol002,over25,2026-07,False,0.64856,0.64807,0.67578,0.67332
v9_rule_6m_window,over25,2026-07,True,0.64907,0.65008,0.67332,0.67332
two_window_tol005,over25,2026-07,False,0.67465,0.64807,0.67668,0.67332
always_promote,over25,2026-08,True,0.64846,0.64076,0.65524,0.65524
never_promote,over25,2026-08,False,0.68098,0.64076,0.6753,0.65524
v9_current_tol005,over25,2026-08,True,0.64846,0.64076,0.65524,0.65524
not_worse_tol000,over25,2026-08,True,0.64846,0.64076,0.65524,0.65524
must_improve_tol000,over25,2026-08,True,0.64846,0.64076,0.65524,0.65524
must_improve_tol002,over25,2026-08,True,0.64803,0.64076,0.65524,0.65524
v9_rule_6m_window,over25,2026-08,True,0.65081,0.64771,0.65524,0.65524
two_window_tol005,over25,2026-08,True,0.67098,0.64076,0.65524,0.65524
always_promote,over25,2026-09,True,0.65325,0.62913,0.67854,0.67854
never_promote,over25,2026-09,False,0.67996,0.62913,0.68385,0.67854
v9_current_tol005,over25,2026-09,True,0.65325,0.62913,0.67854,0.67854
not_worse_tol000,over25,2026-09,True,0.65325,0.62913,0.67854,0.67854
must_improve_tol000,over25,2026-09,True,0.65325,0.62913,0.67854,0.67854
must_improve_tol002,over25,2026-09,True,0.65325,0.62913,0.67854,0.67854
v9_rule_6m_window,over25,2026-09,True,0.6493,0.63715,0.67854,0.67854
two_window_tol005,over25,2026-09,True,0.65325,0.62913,0.67854,0.67854
always_promote,over35,2022-08,True,,,0.59894,0.59894
never_promote,over35,2022-08,True,,,0.59894,0.59894
v9_current_tol005,over35,2022-08,True,,,0.59894,0.59894
not_worse_tol000,over35,2022-08,True,,,0.59894,0.59894
must_improve_tol000,over35,2022-08,True,,,0.59894,0.59894
must_improve_tol002,over35,2022-08,True,,,0.59894,0.59894
v9_rule_6m_window,over35,2022-08,True,,,0.59894,0.59894
two_window_tol005,over35,2022-08,True,,,0.59894,0.59894
always_promote,over35,2022-09,True,0.55319,0.53788,0.56246,0.56246
never_promote,over35,2022-09,False,0.55319,0.53788,0.56256,0.56246
v9_current_tol005,over35,2022-09,True,0.55319,0.53788,0.56246,0.56246
not_worse_tol000,over35,2022-09,True,0.55319,0.53788,0.56246,0.56246
must_improve_tol000,over35,2022-09,True,0.55319,0.53788,0.56246,0.56246
must_improve_tol002,over35,2022-09,True,0.55319,0.53788,0.56246,0.56246
v9_rule_6m_window,over35,2022-09,True,0.54317,0.54167,0.56246,0.56246
two_window_tol005,over35,2022-09,False,0.55319,0.53788,0.56256,0.56246
always_promote,over35,2022-10,True,0.54951,0.51409,0.58163,0.58163
never_promote,over35,2022-10,False,0.56403,0.51409,0.58328,0.58163
v9_current_tol005,over35,2022-10,True,0.54951,0.51409,0.58163,0.58163
not_worse_tol000,over35,2022-10,True,0.54951,0.51409,0.58163,0.58163
must_improve_tol000,over35,2022-10,True,0.54951,0.51409,0.58163,0.58163
must_improve_tol002,over35,2022-10,True,0.54951,0.51409,0.58163,0.58163
v9_rule_6m_window,over35,2022-10,True,0.54961,0.51726,0.58163,0.58163
two_window_tol005,over35,2022-10,True,0.56403,0.51409,0.58163,0.58163
always_promote,over35,2022-11,True,0.54421,0.53336,0.6125,0.6125
never_promote,over35,2022-11,False,0.58278,0.53336,0.61276,0.6125
v9_current_tol005,over35,2022-11,True,0.54421,0.53336,0.6125,0.6125
not_worse_tol000,over35,2022-11,True,0.54421,0.53336,0.6125,0.6125
must_improve_tol000,over35,2022-11,True,0.54421,0.53336,0.6125,0.6125
must_improve_tol002,over35,2022-11,True,0.54421,0.53336,0.6125,0.6125
v9_rule_6m_window,over35,2022-11,True,0.53054,0.53165,0.6125,0.6125
two_window_tol005,over35,2022-11,False,0.54421,0.53336,0.61432,0.6125
always_promote,over35,2022-12,True,0.54293,0.54174,0.5238,0.5238
never_promote,over35,2022-12,False,0.58227,0.54174,0.52839,0.5238
v9_current_tol005,over35,2022-12,True,0.54293,0.54174,0.5238,0.5238
not_worse_tol000,over35,2022-12,True,0.54293,0.54174,0.5238,0.5238
must_improve_tol000,over35,2022-12,True,0.54293,0.54174,0.5238,0.5238
must_improve_tol002,over35,2022-12,False,0.54293,0.54174,0.5261,0.5238
v9_rule_6m_window,over35,2022-12,True,0.53692,0.5386,0.5238,0.5238
two_window_tol005,over35,2022-12,False,0.56144,0.54174,0.53021,0.5238
always_promote,over35,2023-01,True,0.54673,0.52945,0.56728,0.56728
never_promote,over35,2023-01,False,0.5802,0.52945,0.5681,0.56728
v9_current_tol005,over35,2023-01,True,0.54673,0.52945,0.56728,0.56728
not_worse_tol000,over35,2023-01,True,0.54673,0.52945,0.56728,0.56728
must_improve_tol000,over35,2023-01,True,0.54673,0.52945,0.56728,0.56728
must_improve_tol002,over35,2023-01,True,0.5516,0.52945,0.56728,0.56728
v9_rule_6m_window,over35,2023-01,True,0.53994,0.52435,0.56728,0.56728
two_window_tol005,over35,2023-01,False,0.57997,0.52945,0.56981,0.56728
always_promote,over35,2023-02,True,0.54264,0.5277,0.52761,0.52761
never_promote,over35,2023-02,False,0.57323,0.5277,0.52991,0.52761
v9_current_tol005,over35,2023-02,True,0.54264,0.5277,0.52761,0.52761
not_worse_tol000,over35,2023-02,True,0.54264,0.5277,0.52761,0.52761
must_improve_tol000,over35,2023-02,True,0.54264,0.5277,0.52761,0.52761
must_improve_tol002,over35,2023-02,True,0.54264,0.5277,0.52761,0.52761
v9_rule_6m_window,over35,2023-02,True,0.53151,0.52647,0.52761,0.52761
two_window_tol005,over35,2023-02,True,0.57492,0.5277,0.52761,0.52761
always_promote,over35,2023-03,True,0.51639,0.4888,0.56141,0.56141
never_promote,over35,2023-03,False,0.5415,0.4888,0.564,0.56141
v9_current_tol005,over35,2023-03,True,0.51639,0.4888,0.56141,0.56141
not_worse_tol000,over35,2023-03,True,0.51639,0.4888,0.56141,0.56141
must_improve_tol000,over35,2023-03,True,0.51639,0.4888,0.56141,0.56141
must_improve_tol002,over35,2023-03,True,0.51639,0.4888,0.56141,0.56141
v9_rule_6m_window,over35,2023-03,True,0.52367,0.50282,0.56141,0.56141
two_window_tol005,over35,2023-03,True,0.51639,0.4888,0.56141,0.56141
always_promote,over35,2023-04,True,0.51864,0.52602,0.5739,0.5739
never_promote,over35,2023-04,False,0.55235,0.52602,0.57528,0.5739
v9_current_tol005,over35,2023-04,False,0.51864,0.52602,0.57627,0.5739
not_worse_tol000,over35,2023-04,False,0.51864,0.52602,0.57627,0.5739
must_improve_tol000,over35,2023-04,False,0.51864,0.52602,0.57627,0.5739
must_improve_tol002,over35,2023-04,False,0.51864,0.52602,0.57627,0.5739
v9_rule_6m_window,over35,2023-04,False,0.51612,0.53513,0.57627,0.5739
two_window_tol005,over35,2023-04,False,0.51864,0.52602,0.57627,0.5739
always_promote,over35,2023-05,True,0.54479,0.53464,0.59511,0.59511
never_promote,over35,2023-05,False,0.55971,0.53464,0.59615,0.59511
v9_current_tol005,over35,2023-05,True,0.54462,0.53464,0.59511,0.59511
not_worse_tol000,over35,2023-05,True,0.54462,0.53464,0.59511,0.59511
must_improve_tol000,over35,2023-05,True,0.54462,0.53464,0.59511,0.59511
must_improve_tol002,over35,2023-05,True,0.54462,0.53464,0.59511,0.59511
v9_rule_6m_window,over35,2023-05,True,0.53564,0.54001,0.59511,0.59511
two_window_tol005,over35,2023-05,False,0.54462,0.53464,0.59051,0.59511
always_promote,over35,2023-06,True,0.56049,0.53965,0.57147,0.57147
never_promote,over35,2023-06,False,0.57904,0.53965,0.58984,0.57147
v9_current_tol005,over35,2023-06,True,0.56049,0.53965,0.57147,0.57147
not_worse_tol000,over35,2023-06,True,0.56049,0.53965,0.57147,0.57147
must_improve_tol000,over35,2023-06,True,0.56049,0.53965,0.57147,0.57147
must_improve_tol002,over35,2023-06,True,0.56049,0.53965,0.57147,0.57147
v9_rule_6m_window,over35,2023-06,True,0.54564,0.52929,0.57147,0.57147
two_window_tol005,over35,2023-06,False,0.57703,0.53965,0.56637,0.57147
always_promote,over35,2023-07,True,0.54719,0.52262,0.56725,0.56725
never_promote,over35,2023-07,False,0.58503,0.52262,0.56861,0.56725
v9_current_tol005,over35,2023-07,True,0.54719,0.52262,0.56725,0.56725
not_worse_tol000,over35,2023-07,True,0.54719,0.52262,0.56725,0.56725
must_improve_tol000,over35,2023-07,True,0.54719,0.52262,0.56725,0.56725
must_improve_tol002,over35,2023-07,True,0.54719,0.52262,0.56725,0.56725
v9_rule_6m_window,over35,2023-07,True,0.53622,0.51897,0.56725,0.56725
two_window_tol005,over35,2023-07,True,0.57982,0.52262,0.56725,0.56725
always_promote,over35,2023-08,True,0.53308,0.54235,0.58028,0.58028
never_promote,over35,2023-08,False,0.58658,0.54235,0.58032,0.58028
v9_current_tol005,over35,2023-08,False,0.53308,0.54235,0.5856,0.58028
not_worse_tol000,over35,2023-08,False,0.53308,0.54235,0.5856,0.58028
must_improve_tol000,over35,2023-08,False,0.53308,0.54235,0.5856,0.58028
must_improve_tol002,over35,2023-08,False,0.53308,0.54235,0.5856,0.58028
v9_rule_6m_window,over35,2023-08,False,0.52317,0.5355,0.5856,0.58028
two_window_tol005,over35,2023-08,False,0.53308,0.54235,0.5856,0.58028
always_promote,over35,2023-09,True,0.55468,0.51997,0.60664,0.60664
never_promote,over35,2023-09,False,0.5789,0.51997,0.60887,0.60664
v9_current_tol005,over35,2023-09,True,0.56012,0.51997,0.60664,0.60664
not_worse_tol000,over35,2023-09,True,0.56012,0.51997,0.60664,0.60664
must_improve_tol000,over35,2023-09,True,0.56012,0.51997,0.60664,0.60664
must_improve_tol002,over35,2023-09,True,0.56012,0.51997,0.60664,0.60664
v9_rule_6m_window,over35,2023-09,True,0.54057,0.52802,0.60664,0.60664
two_window_tol005,over35,2023-09,False,0.56012,0.51997,0.60893,0.60664
always_promote,over35,2023-10,True,0.55782,0.55358,0.59439,0.59439
never_promote,over35,2023-10,False,0.5899,0.55358,0.60481,0.59439
v9_current_tol005,over35,2023-10,True,0.55782,0.55358,0.59439,0.59439
not_worse_tol000,over35,2023-10,True,0.55782,0.55358,0.59439,0.59439
must_improve_tol000,over35,2023-10,True,0.55782,0.55358,0.59439,0.59439
must_improve_tol002,over35,2023-10,True,0.55782,0.55358,0.59439,0.59439
v9_rule_6m_window,over35,2023-10,False,0.54537,0.5509,0.5965,0.59439
two_window_tol005,over35,2023-10,False,0.59158,0.55358,0.59663,0.59439
always_promote,over35,2023-11,True,0.57125,0.53958,0.59941,0.59941
never_promote,over35,2023-11,False,0.5987,0.53958,0.60552,0.59941
v9_current_tol005,over35,2023-11,True,0.57125,0.53958,0.59941,0.59941
not_worse_tol000,over35,2023-11,True,0.57125,0.53958,0.59941,0.59941
must_improve_tol000,over35,2023-11,True,0.57125,0.53958,0.59941,0.59941
must_improve_tol002,over35,2023-11,True,0.57125,0.53958,0.59941,0.59941
v9_rule_6m_window,over35,2023-11,True,0.55927,0.53524,0.59941,0.59941
two_window_tol005,over35,2023-11,True,0.5976,0.53958,0.59941,0.59941
always_promote,over35,2023-12,True,0.55993,0.55605,0.5831,0.5831
never_promote,over35,2023-12,False,0.60652,0.55605,0.58551,0.5831
v9_current_tol005,over35,2023-12,True,0.55993,0.55605,0.5831,0.5831
not_worse_tol000,over35,2023-12,True,0.55993,0.55605,0.5831,0.5831
must_improve_tol000,over35,2023-12,True,0.55993,0.55605,0.5831,0.5831
must_improve_tol002,over35,2023-12,True,0.55993,0.55605,0.5831,0.5831
v9_rule_6m_window,over35,2023-12,True,0.54412,0.54615,0.5831,0.5831
two_window_tol005,over35,2023-12,False,0.55993,0.55605,0.58587,0.5831
always_promote,over35,2024-01,True,0.56026,0.53862,0.60581,0.60581
never_promote,over35,2024-01,False,0.59949,0.53862,0.61221,0.60581
v9_current_tol005,over35,2024-01,True,0.56026,0.53862,0.60581,0.60581
not_worse_tol000,over35,2024-01,True,0.56026,0.53862,0.60581,0.60581
must_improve_tol000,over35,2024-01,True,0.56026,0.53862,0.60581,0.60581
must_improve_tol002,over35,2024-01,True,0.56026,0.53862,0.60581,0.60581
v9_rule_6m_window,over35,2024-01,True,0.55388,0.53713,0.60581,0.60581
two_window_tol005,over35,2024-01,True,0.57083,0.53862,0.60581,0.60581
always_promote,over35,2024-02,True,0.55631,0.56317,0.58148,0.58148
never_promote,over35,2024-02,False,0.60023,0.56317,0.58368,0.58148
v9_current_tol005,over35,2024-02,False,0.55631,0.56317,0.582,0.58148
not_worse_tol000,over35,2024-02,False,0.55631,0.56317,0.582,0.58148
must_improve_tol000,over35,2024-02,False,0.55631,0.56317,0.582,0.58148
must_improve_tol002,over35,2024-02,False,0.55631,0.56317,0.582,0.58148
v9_rule_6m_window,over35,2024-02,False,0.5467,0.56193,0.582,0.58148
two_window_tol005,over35,2024-02,False,0.55631,0.56317,0.582,0.58148
always_promote,over35,2024-03,True,0.56914,0.55651,0.58498,0.58498
never_promote,over35,2024-03,False,0.59159,0.55651,0.59383,0.58498
v9_current_tol005,over35,2024-03,True,0.57155,0.55651,0.58498,0.58498
not_worse_tol000,over35,2024-03,True,0.57155,0.55651,0.58498,0.58498
must_improve_tol000,over35,2024-03,True,0.57155,0.55651,0.58498,0.58498
must_improve_tol002,over35,2024-03,True,0.57155,0.55651,0.58498,0.58498
v9_rule_6m_window,over35,2024-03,False,0.55591,0.56165,0.5814,0.58498
two_window_tol005,over35,2024-03,False,0.57155,0.55651,0.5814,0.58498
always_promote,over35,2024-04,True,0.5696,0.54734,0.59736,0.59736
never_promote,over35,2024-04,False,0.59436,0.54734,0.60985,0.59736
v9_current_tol005,over35,2024-04,True,0.5696,0.54734,0.59736,0.59736
not_worse_tol000,over35,2024-04,True,0.5696,0.54734,0.59736,0.59736
must_improve_tol000,over35,2024-04,True,0.5696,0.54734,0.59736,0.59736
must_improve_tol002,over35,2024-04,True,0.5696,0.54734,0.59736,0.59736
v9_rule_6m_window,over35,2024-04,True,0.56221,0.5489,0.59736,0.59736
two_window_tol005,over35,2024-04,False,0.5872,0.54734,0.59798,0.59736
always_promote,over35,2024-05,True,0.56533,0.538,0.61832,0.61832
never_promote,over35,2024-05,False,0.59746,0.538,0.6291,0.61832
v9_current_tol005,over35,2024-05,True,0.56533,0.538,0.61832,0.61832
not_worse_tol000,over35,2024-05,True,0.56533,0.538,0.61832,0.61832
must_improve_tol000,over35,2024-05,True,0.56533,0.538,0.61832,0.61832
must_improve_tol002,over35,2024-05,True,0.56533,0.538,0.61832,0.61832
v9_rule_6m_window,over35,2024-05,True,0.56021,0.5395,0.61832,0.61832
two_window_tol005,over35,2024-05,True,0.58827,0.538,0.61832,0.61832
always_promote,over35,2024-06,True,0.56317,0.55922,0.56099,0.56099
never_promote,over35,2024-06,False,0.61038,0.55922,0.57912,0.56099
v9_current_tol005,over35,2024-06,True,0.56317,0.55922,0.56099,0.56099
not_worse_tol000,over35,2024-06,True,0.56317,0.55922,0.56099,0.56099
must_improve_tol000,over35,2024-06,True,0.56317,0.55922,0.56099,0.56099
must_improve_tol002,over35,2024-06,True,0.56317,0.55922,0.56099,0.56099
v9_rule_6m_window,over35,2024-06,True,0.55232,0.55442,0.56099,0.56099
two_window_tol005,over35,2024-06,False,0.56317,0.55922,0.55479,0.56099
always_promote,over35,2024-07,True,0.56418,0.56345,0.57005,0.57005
never_promote,over35,2024-07,False,0.61178,0.56345,0.58277,0.57005
v9_current_tol005,over35,2024-07,True,0.56418,0.56345,0.57005,0.57005
not_worse_tol000,over35,2024-07,True,0.56418,0.56345,0.57005,0.57005
must_improve_tol000,over35,2024-07,True,0.56418,0.56345,0.57005,0.57005
must_improve_tol002,over35,2024-07,False,0.56418,0.56345,0.57043,0.57005
v9_rule_6m_window,over35,2024-07,True,0.55613,0.55939,0.57005,0.57005
two_window_tol005,over35,2024-07,False,0.57234,0.56345,0.56999,0.57005
always_promote,over35,2024-08,True,0.56339,0.5529,0.5846,0.5846
never_promote,over35,2024-08,False,0.60528,0.5529,0.58916,0.5846
v9_current_tol005,over35,2024-08,True,0.56339,0.5529,0.5846,0.5846
not_worse_tol000,over35,2024-08,True,0.56339,0.5529,0.5846,0.5846
must_improve_tol000,over35,2024-08,True,0.56339,0.5529,0.5846,0.5846
must_improve_tol002,over35,2024-08,True,0.57066,0.5529,0.5846,0.5846
v9_rule_6m_window,over35,2024-08,True,0.5597,0.55323,0.5846,0.5846
two_window_tol005,over35,2024-08,False,0.5909,0.5529,0.58216,0.5846
always_promote,over35,2024-09,True,0.55626,0.53499,0.58608,0.58608
never_promote,over35,2024-09,False,0.5853,0.53499,0.59233,0.58608
v9_current_tol005,over35,2024-09,True,0.55626,0.53499,0.58608,0.58608
not_worse_tol000,over35,2024-09,True,0.55626,0.53499,0.58608,0.58608
must_improve_tol000,over35,2024-09,True,0.55626,0.53499,0.58608,0.58608
must_improve_tol002,over35,2024-09,True,0.55626,0.53499,0.58608,0.58608
v9_rule_6m_window,over35,2024-09,True,0.56035,0.55234,0.58608,0.58608
two_window_tol005,over35,2024-09,True,0.573,0.53499,0.58608,0.58608
always_promote,over35,2024-10,True,0.55946,0.54521,0.55624,0.55624
never_promote,over35,2024-10,False,0.58923,0.54521,0.56497,0.55624
v9_current_tol005,over35,2024-10,True,0.55946,0.54521,0.55624,0.55624
not_worse_tol000,over35,2024-10,True,0.55946,0.54521,0.55624,0.55624
must_improve_tol000,over35,2024-10,True,0.55946,0.54521,0.55624,0.55624
must_improve_tol002,over35,2024-10,True,0.55946,0.54521,0.55624,0.55624
v9_rule_6m_window,over35,2024-10,True,0.5593,0.55243,0.55624,0.55624
two_window_tol005,over35,2024-10,True,0.55946,0.54521,0.55624,0.55624
always_promote,over35,2024-11,True,0.55127,0.53565,0.53867,0.53867
never_promote,over35,2024-11,False,0.58239,0.53565,0.54785,0.53867
v9_current_tol005,over35,2024-11,True,0.55127,0.53565,0.53867,0.53867
not_worse_tol000,over35,2024-11,True,0.55127,0.53565,0.53867,0.53867
must_improve_tol000,over35,2024-11,True,0.55127,0.53565,0.53867,0.53867
must_improve_tol002,over35,2024-11,True,0.55127,0.53565,0.53867,0.53867
v9_rule_6m_window,over35,2024-11,True,0.55123,0.53856,0.53867,0.53867
two_window_tol005,over35,2024-11,True,0.55127,0.53565,0.53867,0.53867
always_promote,over35,2024-12,True,0.53509,0.52601,0.56798,0.56798
never_promote,over35,2024-12,False,0.5695,0.52601,0.57477,0.56798
v9_current_tol005,over35,2024-12,True,0.53509,0.52601,0.56798,0.56798
not_worse_tol000,over35,2024-12,True,0.53509,0.52601,0.56798,0.56798
must_improve_tol000,over35,2024-12,True,0.53509,0.52601,0.56798,0.56798
must_improve_tol002,over35,2024-12,True,0.53509,0.52601,0.56798,0.56798
v9_rule_6m_window,over35,2024-12,True,0.53281,0.52883,0.56798,0.56798
two_window_tol005,over35,2024-12,True,0.53509,0.52601,0.56798,0.56798
always_promote,over35,2025-01,True,0.53,0.49819,0.56451,0.56451
never_promote,over35,2025-01,False,0.56195,0.49819,0.55682,0.56451
v9_current_tol005,over35,2025-01,True,0.53,0.49819,0.56451,0.56451
not_worse_tol000,over35,2025-01,True,0.53,0.49819,0.56451,0.56451
must_improve_tol000,over35,2025-01,True,0.53,0.49819,0.56451,0.56451
must_improve_tol002,over35,2025-01,True,0.53,0.49819,0.56451,0.56451
v9_rule_6m_window,over35,2025-01,True,0.53679,0.51024,0.56451,0.56451
two_window_tol005,over35,2025-01,True,0.53,0.49819,0.56451,0.56451
always_promote,over35,2025-02,True,0.51512,0.5054,0.5431,0.5431
never_promote,over35,2025-02,False,0.55925,0.5054,0.54672,0.5431
v9_current_tol005,over35,2025-02,True,0.51512,0.5054,0.5431,0.5431
not_worse_tol000,over35,2025-02,True,0.51512,0.5054,0.5431,0.5431
must_improve_tol000,over35,2025-02,True,0.51512,0.5054,0.5431,0.5431
must_improve_tol002,over35,2025-02,True,0.51512,0.5054,0.5431,0.5431
v9_rule_6m_window,over35,2025-02,True,0.51625,0.51766,0.5431,0.5431
two_window_tol005,over35,2025-02,False,0.51512,0.5054,0.54217,0.5431
always_promote,over35,2025-03,True,0.52531,0.5076,0.53819,0.53819
never_promote,over35,2025-03,False,0.55901,0.5076,0.54555,0.53819
v9_current_tol005,over35,2025-03,True,0.52531,0.5076,0.53819,0.53819
not_worse_tol000,over35,2025-03,True,0.52531,0.5076,0.53819,0.53819
must_improve_tol000,over35,2025-03,True,0.52531,0.5076,0.53819,0.53819
must_improve_tol002,over35,2025-03,True,0.52531,0.5076,0.53819,0.53819
v9_rule_6m_window,over35,2025-03,True,0.51844,0.51112,0.53819,0.53819
two_window_tol005,over35,2025-03,False,0.53607,0.5076,0.53826,0.53819
always_promote,over35,2025-04,True,0.51612,0.5151,0.58284,0.58284
never_promote,over35,2025-04,False,0.54884,0.5151,0.59673,0.58284
v9_current_tol005,over35,2025-04,True,0.51612,0.5151,0.58284,0.58284
not_worse_tol000,over35,2025-04,True,0.51612,0.5151,0.58284,0.58284
must_improve_tol000,over35,2025-04,True,0.51612,0.5151,0.58284,0.58284
must_improve_tol002,over35,2025-04,False,0.51612,0.5151,0.58538,0.58284
v9_rule_6m_window,over35,2025-04,False,0.51119,0.52026,0.58538,0.58284
two_window_tol005,over35,2025-04,False,0.54634,0.5151,0.58354,0.58284
always_promote,over35,2025-05,True,0.53842,0.5316,0.6064,0.6064
never_promote,over35,2025-05,False,0.56557,0.5316,0.61513,0.6064
v9_current_tol005,over35,2025-05,True,0.53842,0.5316,0.6064,0.6064
not_worse_tol000,over35,2025-05,True,0.53842,0.5316,0.6064,0.6064
must_improve_tol000,over35,2025-05,True,0.53842,0.5316,0.6064,0.6064
must_improve_tol002,over35,2025-05,True,0.54403,0.5316,0.6064,0.6064
v9_rule_6m_window,over35,2025-05,True,0.52724,0.53091,0.6064,0.6064
two_window_tol005,over35,2025-05,False,0.5568,0.5316,0.60445,0.6064
always_promote,over35,2025-06,True,0.55643,0.5436,0.61389,0.61389
never_promote,over35,2025-06,False,0.58528,0.5436,0.63439,0.61389
v9_current_tol005,over35,2025-06,True,0.55643,0.5436,0.61389,0.61389
not_worse_tol000,over35,2025-06,True,0.55643,0.5436,0.61389,0.61389
must_improve_tol000,over35,2025-06,True,0.55643,0.5436,0.61389,0.61389
must_improve_tol002,over35,2025-06,True,0.55643,0.5436,0.61389,0.61389
v9_rule_6m_window,over35,2025-06,True,0.54597,0.53706,0.61389,0.61389
two_window_tol005,over35,2025-06,True,0.57474,0.5436,0.61389,0.61389
always_promote,over35,2025-07,True,0.56445,0.5602,0.63111,0.63111
never_promote,over35,2025-07,False,0.60749,0.5602,0.64912,0.63111
v9_current_tol005,over35,2025-07,True,0.56445,0.5602,0.63111,0.63111
not_worse_tol000,over35,2025-07,True,0.56445,0.5602,0.63111,0.63111
must_improve_tol000,over35,2025-07,True,0.56445,0.5602,0.63111,0.63111
must_improve_tol002,over35,2025-07,True,0.56445,0.5602,0.63111,0.63111
v9_rule_6m_window,over35,2025-07,True,0.53998,0.53644,0.63111,0.63111
two_window_tol005,over35,2025-07,True,0.56445,0.5602,0.63111,0.63111
always_promote,over35,2025-08,True,0.58474,0.58111,0.57942,0.57942
never_promote,over35,2025-08,False,0.62606,0.58111,0.58925,0.57942
v9_current_tol005,over35,2025-08,True,0.58474,0.58111,0.57942,0.57942
not_worse_tol000,over35,2025-08,True,0.58474,0.58111,0.57942,0.57942
must_improve_tol000,over35,2025-08,True,0.58474,0.58111,0.57942,0.57942
must_improve_tol002,over35,2025-08,True,0.58474,0.58111,0.57942,0.57942
v9_rule_6m_window,over35,2025-08,True,0.54476,0.54829,0.57942,0.57942
two_window_tol005,over35,2025-08,False,0.58474,0.58111,0.57916,0.57942
always_promote,over35,2025-09,True,0.58423,0.55676,0.59922,0.59922
never_promote,over35,2025-09,False,0.60845,0.55676,0.60604,0.59922
v9_current_tol005,over35,2025-09,True,0.58423,0.55676,0.59922,0.59922
not_worse_tol000,over35,2025-09,True,0.58423,0.55676,0.59922,0.59922
must_improve_tol000,over35,2025-09,True,0.58423,0.55676,0.59922,0.59922
must_improve_tol002,over35,2025-09,True,0.58423,0.55676,0.59922,0.59922
v9_rule_6m_window,over35,2025-09,True,0.561,0.54218,0.59922,0.59922
two_window_tol005,over35,2025-09,True,0.58941,0.55676,0.59922,0.59922
always_promote,over35,2025-10,True,0.57275,0.57453,0.58174,0.58174
never_promote,over35,2025-10,False,0.60492,0.57453,0.58983,0.58174
v9_current_tol005,over35,2025-10,True,0.57275,0.57453,0.58174,0.58174
not_worse_tol000,over35,2025-10,False,0.57275,0.57453,0.58143,0.58174
must_improve_tol000,over35,2025-10,False,0.57275,0.57453,0.58143,0.58174
must_improve_tol002,over35,2025-10,False,0.57275,0.57453,0.58143,0.58174
v9_rule_6m_window,over35,2025-10,False,0.56246,0.5723,0.58143,0.58174
two_window_tol005,over35,2025-10,False,0.57275,0.57453,0.58143,0.58174
always_promote,over35,2025-11,True,0.57251,0.56162,0.58502,0.58502
never_promote,over35,2025-11,False,0.59476,0.56162,0.59486,0.58502
v9_current_tol005,over35,2025-11,True,0.57251,0.56162,0.58502,0.58502
not_worse_tol000,over35,2025-11,True,0.57317,0.56162,0.58502,0.58502
must_improve_tol000,over35,2025-11,True,0.57317,0.56162,0.58502,0.58502
must_improve_tol002,over35,2025-11,True,0.57317,0.56162,0.58502,0.58502
v9_rule_6m_window,over35,2025-11,True,0.57153,0.56756,0.58502,0.58502
two_window_tol005,over35,2025-11,False,0.57317,0.56162,0.58569,0.58502
always_promote,over35,2025-12,True,0.57184,0.5677,0.57269,0.57269
never_promote,over35,2025-12,False,0.59693,0.5677,0.58506,0.57269
v9_current_tol005,over35,2025-12,True,0.57184,0.5677,0.57269,0.57269
not_worse_tol000,over35,2025-12,True,0.57184,0.5677,0.57269,0.57269
must_improve_tol000,over35,2025-12,True,0.57184,0.5677,0.57269,0.57269
must_improve_tol002,over35,2025-12,True,0.57184,0.5677,0.57269,0.57269
v9_rule_6m_window,over35,2025-12,True,0.57037,0.56971,0.57269,0.57269
two_window_tol005,over35,2025-12,False,0.5888,0.5677,0.57495,0.57269
always_promote,over35,2026-01,True,0.56595,0.54467,0.5652,0.5652
never_promote,over35,2026-01,False,0.59042,0.54467,0.569,0.5652
v9_current_tol005,over35,2026-01,True,0.56595,0.54467,0.5652,0.5652
not_worse_tol000,over35,2026-01,True,0.56595,0.54467,0.5652,0.5652
must_improve_tol000,over35,2026-01,True,0.56595,0.54467,0.5652,0.5652
must_improve_tol002,over35,2026-01,True,0.56595,0.54467,0.5652,0.5652
v9_rule_6m_window,over35,2026-01,True,0.56934,0.55073,0.5652,0.5652
two_window_tol005,over35,2026-01,True,0.58128,0.54467,0.5652,0.5652
always_promote,over35,2026-02,True,0.54979,0.5517,0.57372,0.57372
never_promote,over35,2026-02,False,0.58382,0.5517,0.57764,0.57372
v9_current_tol005,over35,2026-02,True,0.54979,0.5517,0.57372,0.57372
not_worse_tol000,over35,2026-02,False,0.54979,0.5517,0.57238,0.57372
must_improve_tol000,over35,2026-02,False,0.54979,0.5517,0.57238,0.57372
must_improve_tol002,over35,2026-02,False,0.54979,0.5517,0.57238,0.57372
v9_rule_6m_window,over35,2026-02,False,0.54999,0.55881,0.57238,0.57372
two_window_tol005,over35,2026-02,False,0.54979,0.5517,0.57238,0.57372
always_promote,over35,2026-03,True,0.55584,0.54564,0.58373,0.58373
never_promote,over35,2026-03,False,0.57701,0.54564,0.59513,0.58373
v9_current_tol005,over35,2026-03,True,0.55584,0.54564,0.58373,0.58373
not_worse_tol000,over35,2026-03,True,0.55972,0.54564,0.58373,0.58373
must_improve_tol000,over35,2026-03,True,0.55972,0.54564,0.58373,0.58373
must_improve_tol002,over35,2026-03,True,0.55972,0.54564,0.58373,0.58373
v9_rule_6m_window,over35,2026-03,True,0.55628,0.55667,0.58373,0.58373
two_window_tol005,over35,2026-03,False,0.55972,0.54564,0.58349,0.58373
always_promote,over35,2026-04,True,0.55801,0.55031,0.59697,0.59697
never_promote,over35,2026-04,False,0.58191,0.55031,0.60292,0.59697
v9_current_tol005,over35,2026-04,True,0.55801,0.55031,0.59697,0.59697
not_worse_tol000,over35,2026-04,True,0.55801,0.55031,0.59697,0.59697
must_improve_tol000,over35,2026-04,True,0.55801,0.55031,0.59697,0.59697
must_improve_tol002,over35,2026-04,True,0.55801,0.55031,0.59697,0.59697
v9_rule_6m_window,over35,2026-04,True,0.55885,0.55497,0.59697,0.59697
two_window_tol005,over35,2026-04,False,0.57464,0.55031,0.59762,0.59697
always_promote,over35,2026-05,True,0.57219,0.56241,0.61305,0.61305
never_promote,over35,2026-05,False,0.59301,0.56241,0.6214,0.61305
v9_current_tol005,over35,2026-05,True,0.57219,0.56241,0.61305,0.61305
not_worse_tol000,over35,2026-05,True,0.57219,0.56241,0.61305,0.61305
must_improve_tol000,over35,2026-05,True,0.57219,0.56241,0.61305,0.61305
must_improve_tol002,over35,2026-05,True,0.57219,0.56241,0.61305,0.61305
v9_rule_6m_window,over35,2026-05,True,0.56303,0.55787,0.61305,0.61305
two_window_tol005,over35,2026-05,True,0.58574,0.56241,0.61305,0.61305
always_promote,over35,2026-06,True,0.58086,0.55682,0.66058,0.66058
never_promote,over35,2026-06,False,0.60585,0.55682,0.68854,0.66058
v9_current_tol005,over35,2026-06,True,0.58086,0.55682,0.66058,0.66058
not_worse_tol000,over35,2026-06,True,0.58086,0.55682,0.66058,0.66058
must_improve_tol000,over35,2026-06,True,0.58086,0.55682,0.66058,0.66058
must_improve_tol002,over35,2026-06,True,0.58086,0.55682,0.66058,0.66058
v9_rule_6m_window,over35,2026-06,True,0.56614,0.54676,0.66058,0.66058
two_window_tol005,over35,2026-06,True,0.58086,0.55682,0.66058,0.66058
always_promote,over35,2026-07,True,0.56441,0.57014,0.56379,0.56379
never_promote,over35,2026-07,False,0.61319,0.57014,0.57728,0.56379
v9_current_tol005,over35,2026-07,False,0.56441,0.57014,0.56747,0.56379
not_worse_tol000,over35,2026-07,False,0.56441,0.57014,0.56747,0.56379
must_improve_tol000,over35,2026-07,False,0.56441,0.57014,0.56747,0.56379
must_improve_tol002,over35,2026-07,False,0.56441,0.57014,0.56747,0.56379
v9_rule_6m_window,over35,2026-07,False,0.54891,0.55661,0.56747,0.56379
two_window_tol005,over35,2026-07,False,0.56441,0.57014,0.56747,0.56379
always_promote,over35,2026-08,True,0.57327,0.57372,0.60225,0.60225
never_promote,over35,2026-08,False,0.61384,0.57372,0.61182,0.60225
v9_current_tol005,over35,2026-08,True,0.57204,0.57372,0.60225,0.60225
not_worse_tol000,over35,2026-08,False,0.57204,0.57372,0.59949,0.60225
must_improve_tol000,over35,2026-08,False,0.57204,0.57372,0.59949,0.60225
must_improve_tol002,over35,2026-08,False,0.57204,0.57372,0.59949,0.60225
v9_rule_6m_window,over35,2026-08,False,0.55467,0.56378,0.59949,0.60225
two_window_tol005,over35,2026-08,False,0.57204,0.57372,0.59949,0.60225
always_promote,over35,2026-09,True,0.58947,0.56418,0.61456,0.61456
never_promote,over35,2026-09,False,0.60761,0.56418,0.62536,0.61456
v9_current_tol005,over35,2026-09,True,0.58947,0.56418,0.61456,0.61456
not_worse_tol000,over35,2026-09,True,0.59512,0.56418,0.61456,0.61456
must_improve_tol000,over35,2026-09,True,0.59512,0.56418,0.61456,0.61456
must_improve_tol002,over35,2026-09,True,0.59512,0.56418,0.61456,0.61456
v9_rule_6m_window,over35,2026-09,True,0.56893,0.56341,0.61456,0.61456
two_window_tol005,over35,2026-09,False,0.59512,0.56418,0.61642,0.61456
