variant,month,target,dataset_id,retrain_id,train_start,train_end,n_train,n_test,target_prevalence,majority_accuracy,accuracy,accuracy_lift,auc,pr_auc,brier,log_loss,ece,baseline_log_loss,baseline_brier,margin_vs_baseline_ll,mean_predicted,mean_actual,model_age_months,gate_decision,interpretable
v9_path,2022-08,btts,82cecfc0b135,v9_path:2022-08,2019-02-22,2022-07-31,14460,820,0.5488,0.5488,0.5598,1.098,0.5524,0.5818,0.24585,0.68481,0.0286,0.68187,0.24439,-0.00294,0.5272,0.5488,0,PROMOTE,True
v9_path,2022-08,over15,82cecfc0b135,v9_path:2022-08,2019-02-22,2022-07-31,14460,820,0.7683,0.7683,0.7659,-0.244,0.6046,0.8332,0.17565,0.53391,0.03161,0.52918,0.17338,-0.00472,0.7367,0.7683,0,PROMOTE,True
v9_path,2022-08,over25,82cecfc0b135,v9_path:2022-08,2019-02-22,2022-07-31,14460,820,0.5341,0.5341,0.5878,5.366,0.6195,0.6374,0.23928,0.67114,0.05256,0.6753,0.24113,0.00416,0.5024,0.5341,0,PROMOTE,True
v9_path,2022-08,over35,82cecfc0b135,v9_path:2022-08,2019-02-22,2022-07-31,14460,820,0.3012,0.6988,0.7,0.122,0.6204,0.4276,0.20433,0.59729,0.02926,0.59999,0.20566,0.00271,0.272,0.3012,0,PROMOTE,True
v9_path,2022-09,btts,84fcfeed9f95,v9_path:2022-09,2019-02-22,2022-08-31,15280,717,0.5174,0.5174,0.5453,2.789,0.5428,0.542,0.2504,0.69427,0.03147,0.69034,0.2486,-0.00393,0.5356,0.5174,0,PROMOTE,True
v9_path,2022-09,over15,84fcfeed9f95,v9_path:2022-09,2019-02-22,2022-08-31,15280,717,0.7364,0.7364,0.7308,-0.558,0.617,0.8276,0.18881,0.56137,0.04434,0.56769,0.19072,0.00632,0.7428,0.7364,0,PROMOTE,True
v9_path,2022-09,over25,84fcfeed9f95,v9_path:2022-09,2019-02-22,2022-08-31,15280,717,0.5063,0.5063,0.5732,6.695,0.6122,0.6148,0.24053,0.67396,0.01581,0.68069,0.24383,0.00674,0.5088,0.5063,0,PROMOTE,True
v9_path,2022-09,over35,84fcfeed9f95,v9_path:2022-09,2019-02-22,2022-08-31,15280,717,0.272,0.728,0.7252,-0.279,0.6322,0.3681,0.19086,0.56597,0.02914,0.57017,0.19206,0.0042,0.2834,0.272,0,PROMOTE,True
v9_path,2022-10,btts,b0d6230959fa,v9_path:2022-10,2019-02-22,2022-09-30,15997,867,0.5686,0.5686,0.5559,-1.269,0.5565,0.6146,0.24494,0.68291,0.04929,0.68874,0.24781,0.00583,0.5243,0.5686,0,PROMOTE,True
v9_path,2022-10,over15,b0d6230959fa,v9_path:2022-10,2019-02-22,2022-09-30,15997,867,0.7659,0.7659,0.7659,0.0,0.5618,0.7991,0.17909,0.54362,0.03239,0.54295,0.17894,-0.00067,0.7367,0.7659,0,PROMOTE,True
v9_path,2022-10,over25,b0d6230959fa,v9_path:2022-10,2019-02-22,2022-09-30,15997,867,0.5652,0.5652,0.549,-1.615,0.5792,0.6413,0.24621,0.68539,0.07138,0.68802,0.24746,0.00263,0.4948,0.5652,0,PROMOTE,True
v9_path,2022-10,over35,b0d6230959fa,v9_path:2022-10,2019-02-22,2022-09-30,15997,867,0.3022,0.6978,0.7024,0.461,0.6152,0.4303,0.20335,0.59496,0.03962,0.6065,0.20804,0.01154,0.2671,0.3022,0,PROMOTE,True
v9_path,2022-11,btts,de35bd6da5b1,v9_path:2022-11,2019-02-22,2022-10-31,16864,291,0.5704,0.5704,0.5533,-1.718,0.5648,0.6302,0.24159,0.676,0.0432,0.6739,0.24046,-0.0021,0.5505,0.5704,0,PROMOTE,True
v9_path,2022-11,over15,de35bd6da5b1,v9_path:2022-11,2019-02-22,2022-10-31,16864,291,0.8282,0.8282,0.8282,0.0,0.6229,0.8837,0.14356,0.46141,0.06851,0.47325,0.14764,0.01184,0.7597,0.8282,0,PROMOTE,True
v9_path,2022-11,over25,de35bd6da5b1,v9_path:2022-11,2019-02-22,2022-10-31,16864,291,0.5911,0.5911,0.6117,2.062,0.6366,0.7256,0.23129,0.6544,0.05775,0.67949,0.24319,0.02509,0.5379,0.5911,0,PROMOTE,True
v9_path,2022-11,over35,de35bd6da5b1,v9_path:2022-11,2019-02-22,2022-10-31,16864,291,0.3711,0.6289,0.6426,1.375,0.5817,0.4659,0.23448,0.66352,0.09527,0.67869,0.24115,0.01517,0.3004,0.3711,0,PROMOTE,True
v9_path,2022-12,btts,810f89a307e3,v9_path:2022-12,2019-02-22,2022-11-30,17155,157,0.3694,0.6306,0.4522,-17.834,0.4821,0.37,0.26543,0.72463,0.17142,0.71671,0.26175,-0.00792,0.5322,0.3694,0,PROMOTE,True
v9_path,2022-12,over15,810f89a307e3,v9_path:2022-12,2019-02-22,2022-11-30,17155,157,0.8025,0.8025,0.8025,0.0,0.554,0.8462,0.1603,0.50001,0.05022,0.50217,0.1606,0.00216,0.7523,0.8025,0,PROMOTE,True
v9_path,2022-12,over25,810f89a307e3,v9_path:2022-12,2019-02-22,2022-11-30,17155,157,0.535,0.535,0.5287,-0.637,0.5652,0.6144,0.24588,0.68434,0.05462,0.68363,0.24526,-0.0007,0.5553,0.535,0,PROMOTE,True
v9_path,2022-12,over35,de35bd6da5b1,v9_path:2022-12,2019-02-22,2022-11-30,17155,157,0.2739,0.7261,0.7197,-0.637,0.5794,0.3327,0.19851,0.5853,0.02726,0.5902,0.20008,0.0049,0.2749,0.2739,1,REJECT,True
v9_path,2023-01,btts,9ba51036a61f,v9_path:2023-01,2019-02-22,2022-12-31,17312,120,0.5417,0.5417,0.625,8.333,0.6294,0.6657,0.23754,0.66774,0.07421,0.67912,0.243,0.01138,0.5252,0.5417,0,PROMOTE,True
v9_path,2023-01,over15,9ba51036a61f,v9_path:2023-01,2019-02-22,2022-12-31,17312,120,0.7167,0.7167,0.7083,-0.833,0.6382,0.8136,0.19769,0.58143,0.02824,0.58005,0.19656,-0.00138,0.7339,0.7167,0,PROMOTE,True
v9_path,2023-01,over25,9ba51036a61f,v9_path:2023-01,2019-02-22,2022-12-31,17312,120,0.5667,0.5667,0.65,8.333,0.6462,0.6725,0.23684,0.66674,0.09399,0.69404,0.25046,0.0273,0.5072,0.5667,0,PROMOTE,True
v9_path,2023-01,over35,9ba51036a61f,v9_path:2023-01,2019-02-22,2022-12-31,17312,120,0.25,0.75,0.7583,0.833,0.6378,0.3967,0.17946,0.5424,0.03852,0.5624,0.18783,0.02,0.2783,0.25,0,PROMOTE,True
v9_path,2023-02,btts,b55d324d202f,v9_path:2023-02,2019-02-22,2023-01-30,17432,335,0.4896,0.5104,0.5433,3.284,0.5747,0.5404,0.24635,0.68594,0.04911,0.70282,0.25478,0.01688,0.529,0.4896,0,PROMOTE,True
v9_path,2023-02,over15,b55d324d202f,v9_path:2023-02,2019-02-22,2023-01-30,17432,335,0.7403,0.7403,0.7343,-0.597,0.5392,0.7707,0.1927,0.57363,0.01939,0.58121,0.19521,0.00757,0.7296,0.7403,0,PROMOTE,True
v9_path,2023-02,over25,b55d324d202f,v9_path:2023-02,2019-02-22,2023-01-30,17432,335,0.4448,0.5552,0.5612,0.597,0.6027,0.5407,0.24034,0.6734,0.05208,0.682,0.24445,0.00861,0.4882,0.4448,0,PROMOTE,True
v9_path,2023-02,over35,b55d324d202f,v9_path:2023-02,2019-02-22,2023-01-30,17432,335,0.2179,0.7821,0.7851,0.299,0.5852,0.291,0.17042,0.52226,0.04868,0.52831,0.17241,0.00605,0.2636,0.2179,0,PROMOTE,True
v9_path,2023-03,btts,084e417e4765,v9_path:2023-03,2019-02-22,2023-02-28,17767,408,0.5098,0.5098,0.576,6.618,0.5543,0.5458,0.25042,0.69453,0.07447,0.6854,0.24614,-0.00912,0.5302,0.5098,0,PROMOTE,True
v9_path,2023-03,over15,084e417e4765,v9_path:2023-03,2019-02-22,2023-02-28,17767,408,0.7451,0.7451,0.7451,0.0,0.5661,0.7995,0.18797,0.56198,0.04161,0.56271,0.18801,0.00073,0.7344,0.7451,0,PROMOTE,True
v9_path,2023-03,over25,084e417e4765,v9_path:2023-03,2019-02-22,2023-02-28,17767,408,0.4755,0.5245,0.5417,1.716,0.5634,0.5394,0.24652,0.68594,0.03165,0.69261,0.24971,0.00668,0.5,0.4755,0,PROMOTE,True
v9_path,2023-03,over35,084e417e4765,v9_path:2023-03,2019-02-22,2023-02-28,17767,408,0.2623,0.7377,0.7377,0.0,0.5517,0.3325,0.19246,0.57415,0.03062,0.58007,0.19545,0.00591,0.2663,0.2623,0,PROMOTE,True
v9_path,2023-04,btts,9a7eae19561c,v9_path:2023-04,2019-02-22,2023-03-31,18175,851,0.4982,0.5018,0.5546,5.288,0.5577,0.5574,0.24659,0.68619,0.02102,0.69905,0.25289,0.01286,0.5174,0.4982,0,PROMOTE,True
v9_path,2023-04,over15,9a7eae19561c,v9_path:2023-04,2019-02-22,2023-03-31,18175,851,0.7438,0.7438,0.7438,0.0,0.5838,0.8075,0.18799,0.5612,0.01451,0.57316,0.19204,0.01196,0.7382,0.7438,0,PROMOTE,True
v9_path,2023-04,over25,9a7eae19561c,v9_path:2023-04,2019-02-22,2023-03-31,18175,851,0.4665,0.5335,0.5276,-0.588,0.5513,0.5306,0.2471,0.68692,0.04985,0.70405,0.25538,0.01713,0.4874,0.4665,0,PROMOTE,True
v9_path,2023-04,over35,9a7eae19561c,v9_path:2023-04,2019-02-22,2023-03-31,18175,851,0.2444,0.7556,0.7556,0.0,0.5911,0.3251,0.18145,0.54756,0.03386,0.55648,0.18503,0.00892,0.271,0.2444,0,PROMOTE,True
v9_path,2023-05,btts,f51251bffb34,v9_path:2023-05,2019-02-22,2023-04-30,19026,866,0.53,0.53,0.5543,2.425,0.5845,0.5983,0.2431,0.67924,0.02261,0.68491,0.2459,0.00567,0.5314,0.53,0,PROMOTE,True
v9_path,2023-05,over15,f51251bffb34,v9_path:2023-05,2019-02-22,2023-04-30,19026,866,0.7402,0.7402,0.739,-0.115,0.6022,0.8048,0.18763,0.56063,0.01505,0.56752,0.19022,0.00688,0.7506,0.7402,0,PROMOTE,True
v9_path,2023-05,over25,f51251bffb34,v9_path:2023-05,2019-02-22,2023-04-30,19026,866,0.5023,0.5023,0.5647,6.236,0.6136,0.5974,0.2404,0.67385,0.02675,0.68418,0.24553,0.01033,0.4957,0.5023,0,PROMOTE,True
v9_path,2023-05,over35,f51251bffb34,v9_path:2023-05,2019-02-22,2023-04-30,19026,866,0.2864,0.7136,0.7136,0.0,0.6139,0.38,0.19877,0.5846,0.03387,0.59309,0.20211,0.00849,0.2588,0.2864,0,PROMOTE,True
v9_path,2023-06,btts,9f874aea55ca,v9_path:2023-06,2019-02-22,2023-05-31,19892,515,0.5456,0.5456,0.5981,5.243,0.5999,0.6556,0.23716,0.66607,0.01882,0.69066,0.24876,0.02458,0.5526,0.5456,0,PROMOTE,True
v9_path,2023-06,over15,9f874aea55ca,v9_path:2023-06,2019-02-22,2023-05-31,19892,515,0.7398,0.7398,0.7398,0.0,0.5998,0.8066,0.18804,0.56146,0.01758,0.57236,0.19218,0.0109,0.7457,0.7398,0,PROMOTE,True
v9_path,2023-06,over25,9f874aea55ca,v9_path:2023-06,2019-02-22,2023-05-31,19892,515,0.5184,0.5184,0.5476,2.913,0.6093,0.6329,0.24039,0.67333,0.04576,0.68164,0.2443,0.00831,0.4843,0.5184,0,PROMOTE,True
v9_path,2023-06,over35,9f874aea55ca,v9_path:2023-06,2019-02-22,2023-05-31,19892,515,0.2874,0.7126,0.7223,0.971,0.6521,0.4774,0.19218,0.57,0.03445,0.59538,0.20287,0.02537,0.2684,0.2874,0,PROMOTE,True
v9_path,2023-07,btts,81785e5bdec1,v9_path:2023-07,2019-02-22,2023-06-30,20407,730,0.5137,0.5137,0.6164,10.274,0.6559,0.6575,0.23211,0.65613,0.04683,0.68026,0.24358,0.02412,0.5251,0.5137,0,PROMOTE,True
v9_path,2023-07,over15,81785e5bdec1,v9_path:2023-07,2019-02-22,2023-06-30,20407,730,0.7384,0.7384,0.7397,0.137,0.632,0.813,0.18399,0.55241,0.04023,0.55696,0.18623,0.00455,0.7414,0.7384,0,PROMOTE,True
v9_path,2023-07,over25,81785e5bdec1,v9_path:2023-07,2019-02-22,2023-06-30,20407,730,0.4781,0.5219,0.6082,8.63,0.6398,0.6134,0.23471,0.66155,0.03203,0.66912,0.23808,0.00757,0.4897,0.4781,0,PROMOTE,True
v9_path,2023-07,over35,81785e5bdec1,v9_path:2023-07,2019-02-22,2023-06-30,20407,730,0.2685,0.7315,0.7384,0.685,0.6244,0.3922,0.1882,0.56052,0.01423,0.57489,0.19361,0.01437,0.2658,0.2685,0,PROMOTE,True
v9_path,2023-08,btts,e30939c8c5f4,v9_path:2023-08,2019-02-22,2023-07-31,21137,1150,0.4896,0.5104,0.5322,2.174,0.5671,0.5602,0.24681,0.68642,0.0418,1.50813,0.26587,0.82171,0.5285,0.4896,0,PROMOTE,True
v9_path,2023-08,over15,e30939c8c5f4,v9_path:2023-08,2019-02-22,2023-07-31,21137,1150,0.7443,0.7443,0.747,0.261,0.5934,0.8007,0.18509,0.55551,0.00849,0.5723,0.19233,0.01678,0.7506,0.7443,0,PROMOTE,True
v9_path,2023-08,over25,e30939c8c5f4,v9_path:2023-08,2019-02-22,2023-07-31,21137,1150,0.5165,0.5165,0.5487,3.217,0.5674,0.5795,0.24634,0.68556,0.03053,1.67824,0.26608,0.99267,0.5047,0.5165,0,PROMOTE,True
v9_path,2023-08,over35,e30939c8c5f4,v9_path:2023-08,2019-02-22,2023-07-31,21137,1150,0.2704,0.7296,0.7339,0.435,0.5854,0.35,0.19311,0.57244,0.01422,0.97684,0.20015,0.40441,0.281,0.2704,0,PROMOTE,True
v9_path,2023-09,btts,ef7b512d8240,v9_path:2023-09,2019-02-22,2023-08-31,22287,1468,0.5586,0.5586,0.5416,-1.703,0.5628,0.6332,0.24377,0.68007,0.04444,0.728,0.26293,0.04793,0.5286,0.5586,0,PROMOTE,True
v9_path,2023-09,over15,ef7b512d8240,v9_path:2023-09,2019-02-22,2023-08-31,22287,1468,0.7657,0.7657,0.767,0.136,0.5934,0.8237,0.17612,0.53505,0.01691,0.55613,0.18323,0.02108,0.7501,0.7657,0,PROMOTE,True
v9_path,2023-09,over25,ef7b512d8240,v9_path:2023-09,2019-02-22,2023-08-31,22287,1468,0.5245,0.5245,0.5497,2.52,0.5794,0.603,0.24447,0.6818,0.0254,0.70569,0.25443,0.02389,0.5171,0.5245,0,PROMOTE,True
v9_path,2023-09,over35,ef7b512d8240,v9_path:2023-09,2019-02-22,2023-08-31,22287,1468,0.3025,0.6975,0.6948,-0.272,0.6156,0.3929,0.20418,0.59595,0.02347,0.62046,0.21347,0.02451,0.2917,0.3025,0,PROMOTE,True
v9_path,2023-10,btts,82a0364cf3d5,v9_path:2023-10,2019-02-22,2023-09-30,23755,1408,0.5163,0.5163,0.5618,4.545,0.5988,0.6291,0.24164,0.6757,0.03102,0.69569,0.2512,0.01999,0.5407,0.5163,0,PROMOTE,True
v9_path,2023-10,over15,82a0364cf3d5,v9_path:2023-10,2019-02-22,2023-09-30,23755,1408,0.7614,0.7614,0.7599,-0.142,0.6011,0.8237,0.17758,0.53788,0.0113,0.54983,0.18178,0.01194,0.7581,0.7614,0,PROMOTE,True
v9_path,2023-10,over25,82a0364cf3d5,v9_path:2023-10,2019-02-22,2023-09-30,23755,1408,0.5085,0.5085,0.576,6.747,0.6141,0.6189,0.23969,0.67196,0.02655,0.68863,0.24771,0.01667,0.5288,0.5085,0,PROMOTE,True
v9_path,2023-10,over35,82a0364cf3d5,v9_path:2023-10,2019-02-22,2023-09-30,23755,1408,0.3033,0.6967,0.7003,0.355,0.6118,0.4021,0.20402,0.59601,0.01203,0.61512,0.21174,0.01911,0.2922,0.3033,0,PROMOTE,True
v9_path,2023-11,btts,c92f17152f83,v9_path:2023-11,2019-02-22,2023-10-31,25163,1061,0.5391,0.5391,0.5476,0.848,0.5606,0.6033,0.24406,0.68089,0.02142,0.69367,0.25025,0.01278,0.5329,0.5391,0,PROMOTE,True
v9_path,2023-11,over15,c92f17152f83,v9_path:2023-11,2019-02-22,2023-10-31,25163,1061,0.7672,0.7672,0.7663,-0.094,0.5951,0.8184,0.17487,0.53284,0.0053,0.53721,0.17678,0.00437,0.7692,0.7672,0,PROMOTE,True
v9_path,2023-11,over25,c92f17152f83,v9_path:2023-11,2019-02-22,2023-10-31,25163,1061,0.5269,0.5269,0.5844,5.749,0.6074,0.6044,0.2405,0.67407,0.02066,0.68599,0.24649,0.01192,0.527,0.5269,0,PROMOTE,True
v9_path,2023-11,over35,c92f17152f83,v9_path:2023-11,2019-02-22,2023-10-31,25163,1061,0.3007,0.6993,0.6975,-0.189,0.6052,0.3697,0.20528,0.59809,0.03537,0.60271,0.2067,0.00461,0.3035,0.3007,0,PROMOTE,True
v9_path,2023-12,btts,224c9e62c728,v9_path:2023-12,2019-02-22,2023-11-30,26224,978,0.5266,0.5266,0.5532,2.658,0.574,0.6044,0.24305,0.67848,0.01909,0.69123,0.24903,0.01275,0.5372,0.5266,0,PROMOTE,True
v9_path,2023-12,over15,224c9e62c728,v9_path:2023-12,2019-02-22,2023-11-30,26224,978,0.7505,0.7505,0.7515,0.102,0.6306,0.8247,0.18143,0.54595,0.02682,0.55369,0.18421,0.00774,0.7733,0.7505,0,PROMOTE,True
v9_path,2023-12,over25,224c9e62c728,v9_path:2023-12,2019-02-22,2023-11-30,26224,978,0.5092,0.5092,0.5419,3.272,0.5667,0.5743,0.24663,0.68636,0.03192,0.68556,0.24626,-0.0008,0.5285,0.5092,0,PROMOTE,True
v9_path,2023-12,over35,224c9e62c728,v9_path:2023-12,2019-02-22,2023-11-30,26224,978,0.2822,0.7178,0.7137,-0.409,0.6152,0.3753,0.1964,0.57942,0.01838,0.59431,0.20165,0.01489,0.3006,0.2822,0,PROMOTE,True
v9_path,2024-01,btts,3b0c9537097a,v9_path:2024-01,2019-02-22,2023-12-30,27202,730,0.5685,0.5685,0.589,2.055,0.5739,0.667,0.23892,0.66976,0.03038,0.68779,0.24729,0.01803,0.5401,0.5685,0,PROMOTE,True
v9_path,2024-01,over15,3b0c9537097a,v9_path:2024-01,2019-02-22,2023-12-30,27202,730,0.7616,0.7616,0.7616,0.0,0.5793,0.8113,0.1791,0.54217,0.0135,0.54897,0.18103,0.00681,0.7659,0.7616,0,PROMOTE,True
v9_path,2024-01,over25,3b0c9537097a,v9_path:2024-01,2019-02-22,2023-12-30,27202,730,0.5301,0.5301,0.5507,2.055,0.5835,0.6156,0.2426,0.67778,0.02771,0.68741,0.24706,0.00962,0.5137,0.5301,0,PROMOTE,True
v9_path,2024-01,over35,3b0c9537097a,v9_path:2024-01,2019-02-22,2023-12-30,27202,730,0.3014,0.6986,0.6986,0.0,0.5613,0.3659,0.20799,0.6056,0.03233,0.61441,0.21157,0.00881,0.2848,0.3014,0,PROMOTE,True
v9_path,2024-02,btts,270b3ec5bbb4,v9_path:2024-02,2019-02-22,2024-01-31,27932,1162,0.5344,0.5344,0.5818,4.733,0.6072,0.6404,0.23759,0.66716,0.02749,0.68597,0.24643,0.01881,0.5343,0.5344,0,PROMOTE,True
v9_path,2024-02,over15,270b3ec5bbb4,v9_path:2024-02,2019-02-22,2024-01-31,27932,1162,0.7539,0.7539,0.759,0.516,0.5949,0.8124,0.17991,0.54345,0.02254,0.55437,0.18402,0.01092,0.7523,0.7539,0,PROMOTE,True
v9_path,2024-02,over25,270b3ec5bbb4,v9_path:2024-02,2019-02-22,2024-01-31,27932,1162,0.4983,0.5017,0.5723,7.057,0.6003,0.5822,0.24215,0.67729,0.00626,0.68616,0.24651,0.00887,0.5026,0.4983,0,PROMOTE,True
v9_path,2024-02,over35,270b3ec5bbb4,v9_path:2024-02,2019-02-22,2024-01-31,27932,1162,0.284,0.716,0.7203,0.43,0.5914,0.3682,0.19805,0.58291,0.04182,0.59238,0.20176,0.00948,0.2893,0.284,0,PROMOTE,True
v9_path,2024-03,btts,df30f58796ad,v9_path:2024-03,2019-02-22,2024-02-29,29094,1308,0.5145,0.5145,0.5512,3.67,0.5824,0.5994,0.24344,0.67945,0.01775,0.69659,0.25168,0.01715,0.5269,0.5145,0,PROMOTE,True
v9_path,2024-03,over15,df30f58796ad,v9_path:2024-03,2019-02-22,2024-02-29,29094,1308,0.7248,0.7248,0.7248,0.0,0.6054,0.7921,0.19544,0.57818,0.03211,0.58747,0.19895,0.00929,0.7528,0.7248,0,PROMOTE,True
v9_path,2024-03,over25,df30f58796ad,v9_path:2024-03,2019-02-22,2024-02-29,29094,1308,0.4962,0.5038,0.5604,5.657,0.5889,0.5892,0.2447,0.68258,0.03277,0.69695,0.25188,0.01438,0.5031,0.4962,0,PROMOTE,True
v9_path,2024-03,over35,df30f58796ad,v9_path:2024-03,2019-02-22,2024-02-29,29094,1308,0.2867,0.7133,0.7164,0.306,0.6146,0.3997,0.19716,0.58171,0.01099,0.59781,0.20394,0.01611,0.2794,0.2867,0,PROMOTE,True
v9_path,2024-04,btts,a4a3578bb191,v9_path:2024-04,2019-02-22,2024-03-31,30402,1706,0.5498,0.5498,0.5739,2.403,0.5884,0.6454,0.23918,0.67042,0.02404,0.68741,0.24713,0.017,0.5362,0.5498,0,PROMOTE,True
v9_path,2024-04,over15,a4a3578bb191,v9_path:2024-04,2019-02-22,2024-03-31,30402,1706,0.7544,0.7544,0.7544,0.0,0.6099,0.8184,0.18023,0.54383,0.01151,0.5535,0.18381,0.00967,0.7529,0.7544,0,PROMOTE,True
v9_path,2024-04,over25,a4a3578bb191,v9_path:2024-04,2019-02-22,2024-03-31,30402,1706,0.5369,0.5369,0.5627,2.579,0.5884,0.6252,0.24309,0.67899,0.03671,0.69058,0.24868,0.01159,0.506,0.5369,0,PROMOTE,True
v9_path,2024-04,over35,a4a3578bb191,v9_path:2024-04,2019-02-22,2024-03-31,30402,1706,0.3048,0.6952,0.6975,0.234,0.6143,0.4069,0.20435,0.59626,0.02463,0.60961,0.20971,0.01335,0.2838,0.3048,0,PROMOTE,True
v9_path,2024-05,btts,224e1aa87cda,v9_path:2024-05,2019-02-22,2024-04-30,32108,1245,0.5622,0.5622,0.5566,-0.562,0.5868,0.6644,0.23598,0.66239,0.05353,0.68251,0.2447,0.02012,0.5502,0.5622,0,PROMOTE,True
v9_path,2024-05,over15,224e1aa87cda,v9_path:2024-05,2019-02-22,2024-04-30,32108,1245,0.7727,0.7727,0.7727,0.0,0.6197,0.8397,0.17041,0.521,0.01027,0.53259,0.17446,0.01158,0.7637,0.7727,0,PROMOTE,True
v9_path,2024-05,over25,224e1aa87cda,v9_path:2024-05,2019-02-22,2024-04-30,32108,1245,0.5663,0.5663,0.5863,2.008,0.6224,0.6888,0.23508,0.66216,0.04113,0.67901,0.24299,0.01686,0.5262,0.5663,0,PROMOTE,True
v9_path,2024-05,over35,224e1aa87cda,v9_path:2024-05,2019-02-22,2024-04-30,32108,1245,0.3357,0.6643,0.6811,1.687,0.6189,0.468,0.21351,0.61714,0.03634,0.63291,0.22082,0.01577,0.3004,0.3357,0,PROMOTE,True
v9_path,2024-06,btts,a7a906aaac66,v9_path:2024-06,2019-02-22,2024-05-31,33353,563,0.5613,0.5613,0.6039,4.263,0.6253,0.6976,0.22941,0.64874,0.02568,0.67975,0.24336,0.03101,0.5495,0.5613,0,PROMOTE,True
v9_path,2024-06,over15,a7a906aaac66,v9_path:2024-06,2019-02-22,2024-05-31,33353,563,0.7549,0.7549,0.7531,-0.178,0.5951,0.8188,0.18211,0.5478,0.01495,0.5507,0.18276,0.0029,0.7555,0.7549,0,PROMOTE,True
v9_path,2024-06,over25,a7a906aaac66,v9_path:2024-06,2019-02-22,2024-05-31,33353,563,0.5293,0.5293,0.5968,6.75,0.6408,0.6673,0.23233,0.656,0.05938,0.67281,0.23992,0.01681,0.5183,0.5293,0,PROMOTE,True
v9_path,2024-06,over35,a7a906aaac66,v9_path:2024-06,2019-02-22,2024-05-31,33353,563,0.2842,0.7158,0.7229,0.71,0.6542,0.4577,0.18931,0.56408,0.04521,0.57341,0.19451,0.00934,0.2942,0.2842,0,PROMOTE,True
v9_path,2024-07,btts,245763802b47,v9_path:2024-07,2019-02-22,2024-06-30,33916,674,0.5623,0.5623,0.5801,1.78,0.6241,0.7099,0.23058,0.65056,0.03579,0.67792,0.24244,0.02736,0.5544,0.5623,0,PROMOTE,True
v9_path,2024-07,over15,245763802b47,v9_path:2024-07,2019-02-22,2024-06-30,33916,674,0.7745,0.7745,0.776,0.148,0.6448,0.8529,0.16752,0.51326,0.03434,0.52965,0.17309,0.01639,0.7692,0.7745,0,PROMOTE,True
v9_path,2024-07,over25,245763802b47,v9_path:2024-07,2019-02-22,2024-06-30,33916,674,0.5282,0.5282,0.6009,7.27,0.6416,0.6567,0.23318,0.65806,0.01099,0.67708,0.24201,0.01902,0.531,0.5282,0,PROMOTE,True
v9_path,2024-07,over35,245763802b47,v9_path:2024-07,2019-02-22,2024-06-30,33916,674,0.2923,0.7077,0.7211,1.335,0.6599,0.4686,0.19168,0.56789,0.02412,0.5929,0.20254,0.02501,0.3093,0.2923,0,PROMOTE,True
v9_path,2024-08,btts,245763802b47,v9_path:2024-08,2019-02-22,2024-07-31,34590,1252,0.5048,0.5048,0.5567,5.192,0.6039,0.6172,0.2388,0.66862,0.03513,0.69676,0.25177,0.02814,0.5314,0.5048,1,REJECT,True
v9_path,2024-08,over15,245763802b47,v9_path:2024-08,2019-02-22,2024-07-31,34590,1252,0.7173,0.7173,0.7228,0.559,0.6055,0.7927,0.19826,0.58477,0.04719,0.59515,0.20221,0.01038,0.7588,0.7173,1,REJECT,True
v9_path,2024-08,over25,95081befdc06,v9_path:2024-08,2019-02-22,2024-07-31,34590,1252,0.4896,0.5104,0.5296,1.917,0.5779,0.5741,0.24538,0.68354,0.05351,0.69328,0.25004,0.00974,0.5176,0.4896,0,PROMOTE,True
v9_path,2024-08,over35,95081befdc06,v9_path:2024-08,2019-02-22,2024-07-31,34590,1252,0.2883,0.7117,0.7212,0.958,0.5802,0.3863,0.2005,0.5897,0.0264,0.59891,0.2046,0.00921,0.2893,0.2883,0,PROMOTE,True
v9_path,2024-09,btts,f38f8ba0c253,v9_path:2024-09,2019-02-22,2024-08-31,35842,1402,0.5214,0.5214,0.5606,3.923,0.6016,0.6482,0.23755,0.66571,0.03287,0.6924,0.24962,0.02669,0.5406,0.5214,0,PROMOTE,True
v9_path,2024-09,over15,f38f8ba0c253,v9_path:2024-09,2019-02-22,2024-08-31,35842,1402,0.7482,0.7482,0.7482,0.0,0.6261,0.8319,0.18205,0.54654,0.02844,0.55701,0.18563,0.01047,0.7584,0.7482,0,PROMOTE,True
v9_path,2024-09,over25,f38f8ba0c253,v9_path:2024-09,2019-02-22,2024-08-31,35842,1402,0.5064,0.5064,0.535,2.853,0.5665,0.5709,0.24921,0.69221,0.0576,0.68905,0.24797,-0.00317,0.5299,0.5064,0,PROMOTE,True
v9_path,2024-09,over35,f38f8ba0c253,v9_path:2024-09,2019-02-22,2024-08-31,35842,1402,0.2874,0.7126,0.7104,-0.214,0.6056,0.3714,0.20052,0.58922,0.02295,0.5972,0.20377,0.00798,0.3021,0.2874,0,PROMOTE,True
v9_path,2024-10,btts,337910b9581c,v9_path:2024-10,2019-02-22,2024-09-30,37244,1312,0.5175,0.5175,0.5793,6.174,0.6029,0.6261,0.2381,0.66718,0.02171,0.69123,0.24905,0.02405,0.5297,0.5175,0,PROMOTE,True
v9_path,2024-10,over15,337910b9581c,v9_path:2024-10,2019-02-22,2024-09-30,37244,1312,0.7317,0.7317,0.734,0.229,0.59,0.7958,0.19258,0.57165,0.02322,0.58021,0.19568,0.00856,0.7469,0.7317,0,PROMOTE,True
v9_path,2024-10,over25,f38f8ba0c253,v9_path:2024-10,2019-02-22,2024-09-30,37244,1312,0.4855,0.5145,0.5816,6.707,0.6154,0.5837,0.2399,0.67268,0.03205,0.68237,0.24466,0.00969,0.5169,0.4855,1,REJECT,True
v9_path,2024-10,over35,337910b9581c,v9_path:2024-10,2019-02-22,2024-09-30,37244,1312,0.2652,0.7348,0.7309,-0.381,0.6304,0.3678,0.18793,0.55999,0.02408,0.57532,0.1936,0.01533,0.2875,0.2652,0,PROMOTE,True
v9_path,2024-11,btts,cbbd18cc5b13,v9_path:2024-11,2019-02-22,2024-10-31,38556,1193,0.4946,0.5054,0.5599,5.448,0.6006,0.6039,0.24078,0.67321,0.04083,0.69457,0.2507,0.02136,0.5264,0.4946,0,PROMOTE,True
v9_path,2024-11,over15,cbbd18cc5b13,v9_path:2024-11,2019-02-22,2024-10-31,38556,1193,0.694,0.694,0.6982,0.419,0.6107,0.7649,0.20702,0.60472,0.0449,0.6209,0.21387,0.01618,0.739,0.694,0,PROMOTE,True
v9_path,2024-11,over25,cbbd18cc5b13,v9_path:2024-11,2019-02-22,2024-10-31,38556,1193,0.4434,0.5566,0.5935,3.688,0.622,0.5557,0.23877,0.66993,0.05934,0.68709,0.24698,0.01716,0.5021,0.4434,0,PROMOTE,True
v9_path,2024-11,over35,cbbd18cc5b13,v9_path:2024-11,2019-02-22,2024-10-31,38556,1193,0.2439,0.7561,0.7603,0.419,0.6235,0.3537,0.17844,0.53958,0.03807,0.5517,0.18313,0.01212,0.277,0.2439,0,PROMOTE,True
v9_path,2024-12,btts,b9279062cd89,v9_path:2024-12,2019-02-22,2024-11-30,39749,992,0.5141,0.5141,0.5645,5.04,0.5991,0.6273,0.23843,0.66847,0.02205,0.68992,0.24839,0.02145,0.5161,0.5141,0,PROMOTE,True
v9_path,2024-12,over15,b9279062cd89,v9_path:2024-12,2019-02-22,2024-11-30,39749,992,0.7601,0.7601,0.7621,0.202,0.5982,0.8197,0.17767,0.5389,0.04536,0.54865,0.18136,0.00975,0.7262,0.7601,0,PROMOTE,True
v9_path,2024-12,over25,b9279062cd89,v9_path:2024-12,2019-02-22,2024-11-30,39749,992,0.5222,0.5222,0.5685,4.637,0.611,0.6343,0.23958,0.67128,0.04002,0.68529,0.24611,0.01401,0.486,0.5222,0,PROMOTE,True
v9_path,2024-12,over35,b9279062cd89,v9_path:2024-12,2019-02-22,2024-11-30,39749,992,0.2712,0.7288,0.7268,-0.202,0.6042,0.3726,0.19101,0.5675,0.02739,0.5805,0.19593,0.013,0.2705,0.2712,0,PROMOTE,True
v9_path,2025-01,btts,1ce6eabd4a94,v9_path:2025-01,2019-02-22,2024-12-31,40741,829,0.5332,0.5332,0.5694,3.619,0.5928,0.6334,0.24105,0.67429,0.01881,0.68769,0.24728,0.01341,0.515,0.5332,0,PROMOTE,True
v9_path,2025-01,over15,1ce6eabd4a94,v9_path:2025-01,2019-02-22,2024-12-31,40741,829,0.7262,0.7262,0.7286,0.241,0.623,0.8081,0.19239,0.57007,0.02191,0.58841,0.19917,0.01834,0.7416,0.7262,0,PROMOTE,True
v9_path,2025-01,over25,b9279062cd89,v9_path:2025-01,2019-02-22,2024-12-31,40741,829,0.5018,0.5018,0.5585,5.669,0.5814,0.5884,0.24387,0.68033,0.02466,0.69379,0.25032,0.01346,0.4963,0.5018,1,REJECT,True
v9_path,2025-01,over35,1ce6eabd4a94,v9_path:2025-01,2019-02-22,2024-12-31,40741,829,0.2509,0.7491,0.7503,0.121,0.5446,0.3183,0.18814,0.56357,0.03968,0.56489,0.18858,0.00132,0.2771,0.2509,0,PROMOTE,True
v9_path,2025-02,btts,1ce6eabd4a94,v9_path:2025-02,2019-02-22,2025-01-31,41570,1131,0.5146,0.5146,0.5791,6.454,0.6042,0.6188,0.23883,0.66881,0.02407,0.68951,0.24817,0.02071,0.5164,0.5146,1,REJECT,True
v9_path,2025-02,over15,a4222b24adea,v9_path:2025-02,2019-02-22,2025-01-31,41570,1131,0.7171,0.7171,0.7153,-0.177,0.6179,0.8054,0.19643,0.57817,0.02106,0.59154,0.20107,0.01337,0.7324,0.7171,0,PROMOTE,True
v9_path,2025-02,over25,a4222b24adea,v9_path:2025-02,2019-02-22,2025-01-31,41570,1131,0.4792,0.5208,0.5915,7.073,0.633,0.6013,0.23634,0.66529,0.02229,0.68585,0.24637,0.02056,0.4914,0.4792,0,PROMOTE,True
v9_path,2025-02,over35,a4222b24adea,v9_path:2025-02,2019-02-22,2025-01-31,41570,1131,0.2458,0.7542,0.7586,0.442,0.6145,0.3501,0.17949,0.54182,0.03139,0.5596,0.18656,0.01779,0.2734,0.2458,0,PROMOTE,True
v9_path,2025-03,btts,8ca7f00c138f,v9_path:2025-03,2019-02-22,2025-02-28,42701,1274,0.5196,0.5196,0.5495,2.983,0.5728,0.5839,0.24374,0.68002,0.01271,0.69356,0.2502,0.01354,0.5171,0.5196,0,PROMOTE,True
v9_path,2025-03,over15,8ca7f00c138f,v9_path:2025-03,2019-02-22,2025-02-28,42701,1274,0.7276,0.7276,0.7292,0.157,0.5663,0.7732,0.19565,0.57942,0.01179,0.58746,0.19888,0.00804,0.7296,0.7276,0,PROMOTE,True
v9_path,2025-03,over25,a4222b24adea,v9_path:2025-03,2019-02-22,2025-02-28,42701,1274,0.4819,0.5181,0.5557,3.768,0.5922,0.567,0.24224,0.67713,0.02249,0.68974,0.24829,0.01261,0.4863,0.4819,1,REJECT,True
v9_path,2025-03,over35,8ca7f00c138f,v9_path:2025-03,2019-02-22,2025-02-28,42701,1274,0.2402,0.7598,0.7504,-0.942,0.5917,0.2915,0.18084,0.54391,0.03435,0.55184,0.18299,0.00793,0.267,0.2402,0,PROMOTE,True
v9_path,2025-04,btts,d82ce573c904,v9_path:2025-04,2019-02-22,2025-03-31,43975,1526,0.5393,0.5393,0.574,3.473,0.5909,0.6347,0.23943,0.67075,0.02111,0.68888,0.24788,0.01813,0.5245,0.5393,0,PROMOTE,True
v9_path,2025-04,over15,d82ce573c904,v9_path:2025-04,2019-02-22,2025-03-31,43975,1526,0.7431,0.7431,0.7438,0.066,0.6132,0.8197,0.18446,0.55258,0.02177,0.56735,0.18992,0.01477,0.7349,0.7431,0,PROMOTE,True
v9_path,2025-04,over25,d82ce573c904,v9_path:2025-04,2019-02-22,2025-03-31,43975,1526,0.5046,0.5046,0.5721,6.75,0.6096,0.6205,0.23982,0.67208,0.01335,0.69179,0.24933,0.01971,0.494,0.5046,0,PROMOTE,True
v9_path,2025-04,over35,d82ce573c904,v9_path:2025-04,2019-02-22,2025-03-31,43975,1526,0.291,0.709,0.7071,-0.197,0.6519,0.4148,0.19686,0.57899,0.03518,0.59728,0.204,0.01829,0.268,0.291,0,PROMOTE,True
v9_path,2025-05,btts,dc4611435e06,v9_path:2025-05,2019-02-22,2025-04-30,45501,1158,0.5535,0.5535,0.5682,1.468,0.5878,0.6541,0.23831,0.6681,0.02915,0.68898,0.24792,0.02087,0.5473,0.5535,0,PROMOTE,True
v9_path,2025-05,over15,dc4611435e06,v9_path:2025-05,2019-02-22,2025-04-30,45501,1158,0.7573,0.7573,0.7591,0.173,0.6003,0.823,0.17888,0.54061,0.01077,0.54828,0.18162,0.00766,0.7521,0.7573,0,PROMOTE,True
v9_path,2025-05,over25,dc4611435e06,v9_path:2025-05,2019-02-22,2025-04-30,45501,1158,0.5337,0.5337,0.5682,3.454,0.5928,0.601,0.24304,0.6796,0.02531,0.68661,0.24675,0.00701,0.5196,0.5337,0,PROMOTE,True
v9_path,2025-05,over35,dc4611435e06,v9_path:2025-05,2019-02-22,2025-04-30,45501,1158,0.31,0.69,0.69,0.0,0.6111,0.4001,0.20729,0.60278,0.02476,0.61411,0.21185,0.01133,0.2934,0.31,0,PROMOTE,True
v9_path,2025-06,btts,ce06d90de62c,v9_path:2025-06,2019-02-22,2025-05-31,46659,295,0.5593,0.5593,0.5695,1.017,0.5892,0.6746,0.23743,0.66655,0.05358,0.68471,0.2458,0.01815,0.5481,0.5593,0,PROMOTE,True
v9_path,2025-06,over15,ce06d90de62c,v9_path:2025-06,2019-02-22,2025-05-31,46659,295,0.7898,0.7898,0.7898,0.0,0.5449,0.8288,0.16605,0.51336,0.0277,0.51372,0.16588,0.00036,0.7637,0.7898,0,PROMOTE,True
v9_path,2025-06,over25,ce06d90de62c,v9_path:2025-06,2019-02-22,2025-05-31,46659,295,0.5763,0.5763,0.5831,0.678,0.6091,0.673,0.23786,0.66821,0.06022,0.68371,0.24529,0.0155,0.5207,0.5763,0,PROMOTE,True
v9_path,2025-06,over35,ce06d90de62c,v9_path:2025-06,2019-02-22,2025-05-31,46659,295,0.3254,0.6746,0.6746,0.0,0.6407,0.4312,0.21111,0.61013,0.04304,0.62246,0.21603,0.01234,0.2903,0.3254,0,PROMOTE,True
v9_path,2025-07,btts,ce06d90de62c,v9_path:2025-07,2019-02-22,2025-06-30,46954,446,0.5493,0.5493,0.6188,6.951,0.6173,0.6402,0.23695,0.66577,0.07046,0.68048,0.2437,0.0147,0.5193,0.5493,1,REJECT,True
v9_path,2025-07,over15,ce06d90de62c,v9_path:2025-07,2019-02-22,2025-06-30,46954,446,0.7466,0.7466,0.7444,-0.224,0.6288,0.814,0.18251,0.54963,0.01188,0.5508,0.18318,0.00118,0.74,0.7466,1,REJECT,True
v9_path,2025-07,over25,5d920ffaff85,v9_path:2025-07,2019-02-22,2025-06-30,46954,446,0.5404,0.5404,0.6054,6.502,0.6262,0.6524,0.23868,0.67042,0.06353,0.68351,0.24521,0.01309,0.51,0.5404,0,PROMOTE,True
v9_path,2025-07,over35,5d920ffaff85,v9_path:2025-07,2019-02-22,2025-06-30,46954,446,0.343,0.657,0.6592,0.224,0.6273,0.4541,0.22025,0.63175,0.07122,0.63806,0.22356,0.00631,0.2751,0.343,0,PROMOTE,True
v9_path,2025-08,btts,c9644dd53a3a,v9_path:2025-08,2019-02-22,2025-07-30,47400,1282,0.5406,0.5406,0.5562,1.56,0.5698,0.6073,0.24447,0.68178,0.01608,0.68921,0.24804,0.00743,0.5305,0.5406,0,PROMOTE,True
v9_path,2025-08,over15,c9644dd53a3a,v9_path:2025-08,2019-02-22,2025-07-30,47400,1282,0.7559,0.7559,0.7566,0.078,0.5963,0.8148,0.18123,0.54614,0.0132,0.55191,0.18307,0.00577,0.7433,0.7559,0,PROMOTE,True
v9_path,2025-08,over25,5d920ffaff85,v9_path:2025-08,2019-02-22,2025-07-30,47400,1282,0.5094,0.5094,0.5671,5.772,0.5948,0.5877,0.24323,0.67956,0.00733,0.69181,0.24933,0.01225,0.5141,0.5094,1,REJECT,True
v9_path,2025-08,over35,5d920ffaff85,v9_path:2025-08,2019-02-22,2025-07-30,47400,1282,0.2863,0.7137,0.7215,0.78,0.6099,0.3993,0.19684,0.58106,0.01808,0.59349,0.20215,0.01243,0.2817,0.2863,1,REJECT,True
v9_path,2025-09,btts,286289393396,v9_path:2025-09,2019-02-22,2025-08-31,48682,1132,0.5645,0.5645,0.5671,0.265,0.5602,0.6322,0.24255,0.67731,0.03344,0.68678,0.24682,0.00946,0.5395,0.5645,0,PROMOTE,True
v9_path,2025-09,over15,286289393396,v9_path:2025-09,2019-02-22,2025-08-31,48682,1132,0.7553,0.7553,0.7562,0.088,0.6135,0.8301,0.17988,0.54208,0.01002,0.5503,0.18255,0.00822,0.7498,0.7553,0,PROMOTE,True
v9_path,2025-09,over25,286289393396,v9_path:2025-09,2019-02-22,2025-08-31,48682,1132,0.5177,0.5177,0.5716,5.389,0.5981,0.625,0.24129,0.67515,0.0115,0.68479,0.24586,0.00963,0.5108,0.5177,0,PROMOTE,True
v9_path,2025-09,over35,286289393396,v9_path:2025-09,2019-02-22,2025-08-31,48682,1132,0.2959,0.7041,0.7085,0.442,0.5974,0.3946,0.20214,0.59247,0.01718,0.60554,0.20765,0.01308,0.2854,0.2959,0,PROMOTE,True
v9_path,2025-10,btts,dfe3cdb54a73,v9_path:2025-10,2019-02-22,2025-09-30,49814,1125,0.5458,0.5458,0.5831,3.733,0.6286,0.6827,0.23525,0.66183,0.02013,0.67888,0.2429,0.01705,0.5393,0.5458,0,PROMOTE,True
v9_path,2025-10,over15,dfe3cdb54a73,v9_path:2025-10,2019-02-22,2025-09-30,49814,1125,0.7671,0.7671,0.7689,0.178,0.6462,0.8481,0.17092,0.52172,0.0305,0.52816,0.1732,0.00644,0.7484,0.7671,0,PROMOTE,True
v9_path,2025-10,over25,dfe3cdb54a73,v9_path:2025-10,2019-02-22,2025-09-30,49814,1125,0.5156,0.5156,0.5627,4.711,0.6106,0.6184,0.23962,0.67189,0.02551,0.67658,0.24178,0.00469,0.5125,0.5156,0,PROMOTE,True
v9_path,2025-10,over35,dfe3cdb54a73,v9_path:2025-10,2019-02-22,2025-09-30,49814,1125,0.2969,0.7031,0.7076,0.444,0.6309,0.4182,0.19884,0.58365,0.03028,0.59402,0.20298,0.01037,0.2883,0.2969,0,PROMOTE,True
v9_path,2025-11,btts,b12ff0d2f8a0,v9_path:2025-11,2019-02-22,2025-10-31,50939,1125,0.5191,0.5191,0.5431,2.4,0.57,0.6024,0.24449,0.68119,0.02943,0.69394,0.25038,0.01275,0.5364,0.5191,0,PROMOTE,True
v9_path,2025-11,over15,b12ff0d2f8a0,v9_path:2025-11,2019-02-22,2025-10-31,50939,1125,0.7431,0.7431,0.7458,0.267,0.6068,0.8135,0.18588,0.55601,0.01716,0.5683,0.19023,0.01229,0.7475,0.7431,0,PROMOTE,True
v9_path,2025-11,over25,dfe3cdb54a73,v9_path:2025-11,2019-02-22,2025-10-31,50939,1125,0.528,0.528,0.568,4.0,0.5843,0.6189,0.2428,0.67802,0.03151,0.68813,0.24753,0.0101,0.5099,0.528,1,REJECT,True
v9_path,2025-11,over35,b12ff0d2f8a0,v9_path:2025-11,2019-02-22,2025-10-31,50939,1125,0.2853,0.7147,0.7173,0.267,0.5894,0.372,0.1991,0.58619,0.02068,0.59515,0.20282,0.00896,0.2858,0.2853,0,PROMOTE,True
v9_path,2025-12,btts,81da2bd5162a,v9_path:2025-12,2019-02-22,2025-11-30,52064,797,0.5332,0.5332,0.5646,3.137,0.5811,0.6252,0.24179,0.67561,0.01094,0.68798,0.24743,0.01237,0.5354,0.5332,0,PROMOTE,True
v9_path,2025-12,over15,81da2bd5162a,v9_path:2025-12,2019-02-22,2025-11-30,52064,797,0.7491,0.7491,0.7478,-0.125,0.6127,0.822,0.18233,0.54785,0.0148,0.56039,0.18689,0.01254,0.7474,0.7491,0,PROMOTE,True
v9_path,2025-12,over25,81da2bd5162a,v9_path:2025-12,2019-02-22,2025-11-30,52064,797,0.4931,0.5069,0.5332,2.635,0.5451,0.5424,0.24834,0.68964,0.03165,0.69048,0.24867,0.00083,0.5101,0.4931,0,PROMOTE,True
v9_path,2025-12,over35,81da2bd5162a,v9_path:2025-12,2019-02-22,2025-11-30,52064,797,0.266,0.734,0.7365,0.251,0.584,0.3392,0.1917,0.57003,0.01967,0.57699,0.19432,0.00695,0.2811,0.266,0,PROMOTE,True
v9_path,2026-01,btts,91d5e412c6d7,v9_path:2026-01,2019-02-22,2025-12-31,52861,903,0.5039,0.5039,0.5748,7.087,0.608,0.6208,0.23901,0.66914,0.03094,0.69127,0.24907,0.02214,0.527,0.5039,0,PROMOTE,True
v9_path,2026-01,over15,91d5e412c6d7,v9_path:2026-01,2019-02-22,2025-12-31,52861,903,0.7309,0.7309,0.7298,-0.111,0.6085,0.8081,0.19041,0.56568,0.01902,0.57503,0.19378,0.00936,0.7387,0.7309,0,PROMOTE,True
v9_path,2026-01,over25,91d5e412c6d7,v9_path:2026-01,2019-02-22,2025-12-31,52861,903,0.5083,0.5083,0.5615,5.316,0.6012,0.6194,0.24092,0.67433,0.02902,0.68867,0.24778,0.01434,0.4951,0.5083,0,PROMOTE,True
v9_path,2026-01,over35,91d5e412c6d7,v9_path:2026-01,2019-02-22,2025-12-31,52861,903,0.258,0.742,0.742,0.0,0.6103,0.3261,0.18638,0.55617,0.02859,0.56007,0.18726,0.0039,0.2627,0.258,0,PROMOTE,True
v9_path,2026-02,btts,524aefc7a02b,v9_path:2026-02,2019-02-22,2026-01-31,53764,1199,0.5613,0.5613,0.5696,0.834,0.5992,0.6667,0.23798,0.66761,0.04034,0.68274,0.24483,0.01513,0.5248,0.5613,0,PROMOTE,True
v9_path,2026-02,over15,524aefc7a02b,v9_path:2026-02,2019-02-22,2026-01-31,53764,1199,0.7481,0.7481,0.7531,0.5,0.6113,0.8136,0.1827,0.54965,0.02244,0.55709,0.18568,0.00743,0.7289,0.7481,0,PROMOTE,True
v9_path,2026-02,over25,524aefc7a02b,v9_path:2026-02,2019-02-22,2026-01-31,53764,1199,0.5104,0.5104,0.573,6.255,0.6027,0.6089,0.24074,0.67396,0.02223,0.68381,0.2454,0.00985,0.4905,0.5104,0,PROMOTE,True
v9_path,2026-02,over35,524aefc7a02b,v9_path:2026-02,2019-02-22,2026-01-31,53764,1199,0.2752,0.7248,0.7248,0.0,0.5908,0.3614,0.19496,0.57727,0.02158,0.58306,0.19742,0.00579,0.2583,0.2752,0,PROMOTE,True
v9_path,2026-03,btts,79a6e8dba439,v9_path:2026-03,2019-02-22,2026-02-28,54963,1269,0.5193,0.5193,0.5737,5.437,0.6127,0.6427,0.23742,0.66608,0.02621,0.68881,0.24784,0.02273,0.5357,0.5193,0,PROMOTE,True
v9_path,2026-03,over15,79a6e8dba439,v9_path:2026-03,2019-02-22,2026-02-28,54963,1269,0.7431,0.7431,0.7439,0.079,0.6097,0.8139,0.18561,0.5554,0.01042,0.56974,0.19109,0.01435,0.741,0.7431,0,PROMOTE,True
v9_path,2026-03,over25,79a6e8dba439,v9_path:2026-03,2019-02-22,2026-02-28,54963,1269,0.5106,0.5106,0.569,5.831,0.6136,0.6113,0.23922,0.67095,0.01695,0.68394,0.24545,0.01299,0.5047,0.5106,0,PROMOTE,True
v9_path,2026-03,over35,524aefc7a02b,v9_path:2026-03,2019-02-22,2026-02-28,54963,1269,0.2845,0.7155,0.7203,0.473,0.5939,0.3667,0.19864,0.58376,0.03265,0.58815,0.20005,0.00439,0.2764,0.2845,1,REJECT,True
v9_path,2026-04,btts,b3d0a9ddd28c,v9_path:2026-04,2019-02-22,2026-03-31,56232,1620,0.5543,0.5543,0.5679,1.358,0.5557,0.6156,0.24135,0.67375,0.04081,0.68861,0.24774,0.01486,0.5374,0.5543,0,PROMOTE,True
v9_path,2026-04,over15,b3d0a9ddd28c,v9_path:2026-04,2019-02-22,2026-03-31,56232,1620,0.7704,0.7704,0.7747,0.432,0.603,0.8249,0.17172,0.52553,0.02708,0.53652,0.17602,0.01099,0.7496,0.7704,0,PROMOTE,True
v9_path,2026-04,over25,b3d0a9ddd28c,v9_path:2026-04,2019-02-22,2026-03-31,56232,1620,0.5216,0.5216,0.5685,4.691,0.5838,0.5976,0.24399,0.6809,0.01234,0.69208,0.24945,0.01118,0.5187,0.5216,0,PROMOTE,True
v9_path,2026-04,over35,b3d0a9ddd28c,v9_path:2026-04,2019-02-22,2026-03-31,56232,1620,0.2951,0.7049,0.7,-0.494,0.5749,0.362,0.20641,0.60306,0.03567,0.60965,0.20917,0.00659,0.2973,0.2951,0,PROMOTE,True
v9_path,2026-05,btts,b6b964d35276,v9_path:2026-05,2019-02-22,2026-04-30,57852,1223,0.5936,0.5936,0.5993,0.572,0.5937,0.7084,0.23114,0.65162,0.02896,0.68438,0.24565,0.03276,0.5684,0.5936,0,PROMOTE,True
v9_path,2026-05,over15,b6b964d35276,v9_path:2026-05,2019-02-22,2026-04-30,57852,1223,0.7939,0.7939,0.7964,0.245,0.6345,0.8727,0.15796,0.49041,0.02514,0.50625,0.1629,0.01584,0.7705,0.7939,0,PROMOTE,True
v9_path,2026-05,over25,b6b964d35276,v9_path:2026-05,2019-02-22,2026-04-30,57852,1223,0.5527,0.5527,0.5912,3.843,0.6198,0.674,0.23555,0.66297,0.01941,0.68434,0.24564,0.02137,0.5391,0.5527,0,PROMOTE,True
v9_path,2026-05,over35,b6b964d35276,v9_path:2026-05,2019-02-22,2026-04-30,57852,1223,0.3287,0.6713,0.6762,0.491,0.6122,0.4438,0.212,0.61346,0.02149,0.63292,0.2205,0.01946,0.3122,0.3287,0,PROMOTE,True
v9_path,2026-06,btts,68d354ebb265,v9_path:2026-06,2019-02-22,2026-05-31,59075,92,0.5652,0.5652,0.6304,6.522,0.6466,0.7046,0.22872,0.64809,0.05345,0.67798,0.24244,0.02989,0.5762,0.5652,0,PROMOTE,True
v9_path,2026-06,over15,68d354ebb265,v9_path:2026-06,2019-02-22,2026-05-31,59075,92,0.8152,0.8152,0.8152,0.0,0.5655,0.8315,0.151,0.48106,0.05801,0.49696,0.1575,0.0159,0.7768,0.8152,0,PROMOTE,True
v9_path,2026-06,over25,68d354ebb265,v9_path:2026-06,2019-02-22,2026-05-31,59075,92,0.5761,0.5761,0.5543,-2.174,0.5375,0.6046,0.24473,0.68247,0.05832,0.6748,0.24086,-0.00767,0.5425,0.5761,0,PROMOTE,True
v9_path,2026-06,over35,68d354ebb265,v9_path:2026-06,2019-02-22,2026-05-31,59075,92,0.4022,0.5978,0.6087,1.087,0.657,0.5592,0.23828,0.6684,0.12239,0.68448,0.24534,0.01608,0.3013,0.4022,0,PROMOTE,True
v9_path,2026-07,btts,68d354ebb265,v9_path:2026-07,2019-02-22,2026-06-28,59167,440,0.55,0.55,0.5795,2.955,0.6084,0.6695,0.23514,0.66025,0.02149,0.68667,0.24676,0.02643,0.5607,0.55,1,REJECT,True
v9_path,2026-07,over15,e47fabc7a9cf,v9_path:2026-07,2019-02-22,2026-06-28,59167,440,0.7614,0.7614,0.7568,-0.455,0.5992,0.8322,0.17854,0.53887,0.03117,0.54308,0.1791,0.00421,0.77,0.7614,0,PROMOTE,True
v9_path,2026-07,over25,e47fabc7a9cf,v9_path:2026-07,2019-02-22,2026-06-28,59167,440,0.5341,0.5341,0.5682,3.409,0.5869,0.6361,0.24227,0.67667,0.02543,0.68204,0.24446,0.00537,0.5387,0.5341,0,PROMOTE,True
v9_path,2026-07,over35,e47fabc7a9cf,v9_path:2026-07,2019-02-22,2026-06-28,59167,440,0.275,0.725,0.7295,0.455,0.6233,0.4234,0.19038,0.56584,0.04582,0.57648,0.19494,0.01064,0.3141,0.275,0,PROMOTE,True
v9_path,2026-08,btts,65faf83e2761,v9_path:2026-08,2019-02-22,2026-07-31,59607,1383,0.5669,0.5669,0.6009,3.398,0.6258,0.7057,0.22951,0.64783,0.02765,0.67763,0.2423,0.0298,0.5448,0.5669,0,PROMOTE,True
v9_path,2026-08,over15,65faf83e2761,v9_path:2026-08,2019-02-22,2026-07-31,59607,1383,0.7636,0.7636,0.7664,0.289,0.6536,0.8516,0.17023,0.51946,0.03416,0.53736,0.17687,0.01791,0.7531,0.7636,0,PROMOTE,True
v9_path,2026-08,over25,65faf83e2761,v9_path:2026-08,2019-02-22,2026-07-31,59607,1383,0.5466,0.5466,0.6074,6.074,0.6441,0.6768,0.23164,0.65495,0.03859,0.68239,0.24466,0.02744,0.5218,0.5466,0,PROMOTE,True
v9_path,2026-08,over35,e47fabc7a9cf,v9_path:2026-08,2019-02-22,2026-07-31,59607,1383,0.3203,0.6797,0.6884,0.868,0.6403,0.4559,0.20609,0.59917,0.03,0.61994,0.21473,0.02077,0.2929,0.3203,1,REJECT,True
v9_path,2026-09,btts,4b90dc99cd5f,v9_path:2026-09,2019-02-22,2026-08-31,60990,864,0.5625,0.5625,0.5602,-0.231,0.54,0.599,0.24476,0.68231,0.01355,0.68891,0.2479,0.0066,0.5532,0.5625,0,PROMOTE,True
v9_path,2026-09,over15,4b90dc99cd5f,v9_path:2026-09,2019-02-22,2026-08-31,60990,864,0.7801,0.7801,0.7812,0.116,0.5814,0.8246,0.16994,0.52157,0.01916,0.52748,0.17207,0.00591,0.7656,0.7801,0,PROMOTE,True
v9_path,2026-09,over25,4b90dc99cd5f,v9_path:2026-09,2019-02-22,2026-08-31,60990,864,0.5382,0.5382,0.559,2.083,0.5843,0.6113,0.24359,0.6801,0.02857,0.68621,0.24655,0.0061,0.5356,0.5382,0,PROMOTE,True
v9_path,2026-09,over35,4b90dc99cd5f,v9_path:2026-09,2019-02-22,2026-08-31,60990,864,0.3229,0.6771,0.6713,-0.579,0.5757,0.3902,0.21531,0.62158,0.0265,0.6296,0.21858,0.00803,0.3053,0.3229,0,PROMOTE,True
canonical,2022-08,btts,45d9ee4389e2,canonical:2022-08,2019-02-15,2022-07-31,28284,1462,0.5205,0.5205,0.5192,-0.137,0.5357,0.5482,0.24989,0.69306,0.03317,0.68732,0.24709,-0.00575,0.5278,0.5205,0,PROMOTE,True
canonical,2022-08,over15,45d9ee4389e2,canonical:2022-08,2019-02-15,2022-07-31,28284,1462,0.7387,0.7387,0.7387,0.0,0.5876,0.796,0.18976,0.56563,0.01233,0.56444,0.18915,-0.00119,0.7393,0.7387,0,PROMOTE,True
canonical,2022-08,over25,45d9ee4389e2,canonical:2022-08,2019-02-15,2022-07-31,28284,1462,0.5287,0.5287,0.5773,4.856,0.5988,0.6235,0.24296,0.67886,0.03147,0.68175,0.24433,0.00289,0.4973,0.5287,0,PROMOTE,True
canonical,2022-08,over35,45d9ee4389e2,canonical:2022-08,2019-02-15,2022-07-31,28284,1462,0.303,0.697,0.7018,0.479,0.5997,0.4181,0.20487,0.59894,0.02434,0.60403,0.20733,0.00509,0.2787,0.303,0,PROMOTE,True
canonical,2022-09,btts,9323153159e6,canonical:2022-09,2019-02-15,2022-08-31,29746,1210,0.5124,0.5124,0.5306,1.818,0.5383,0.5506,0.24949,0.69216,0.01658,0.69107,0.24896,-0.00109,0.5265,0.5124,0,PROMOTE,True
canonical,2022-09,over15,9323153159e6,canonical:2022-09,2019-02-15,2022-08-31,29746,1210,0.7364,0.7364,0.7355,-0.083,0.6122,0.8102,0.18848,0.56187,0.02572,0.56995,0.1915,0.00808,0.741,0.7364,0,PROMOTE,True
canonical,2022-09,over25,9323153159e6,canonical:2022-09,2019-02-15,2022-08-31,29746,1210,0.4992,0.5008,0.5711,7.025,0.5974,0.5897,0.24272,0.67841,0.01378,0.68309,0.245,0.00468,0.5092,0.4992,0,PROMOTE,True
canonical,2022-09,over35,9323153159e6,canonical:2022-09,2019-02-15,2022-08-31,29746,1210,0.2653,0.7347,0.7339,-0.083,0.621,0.3647,0.18858,0.56246,0.01748,0.56505,0.18971,0.00258,0.2821,0.2653,0,PROMOTE,True
canonical,2022-10,btts,e7c78db70bbf,canonical:2022-10,2019-02-15,2022-09-30,30956,1707,0.5442,0.5442,0.5436,-0.059,0.5486,0.5949,0.24631,0.68566,0.02272,0.68982,0.24834,0.00416,0.5237,0.5442,0,PROMOTE,True
canonical,2022-10,over15,e7c78db70bbf,canonical:2022-10,2019-02-15,2022-09-30,30956,1707,0.751,0.751,0.7516,0.059,0.578,0.7981,0.18477,0.55506,0.02066,0.55595,0.18501,0.00089,0.7385,0.751,0,PROMOTE,True
canonical,2022-10,over25,e7c78db70bbf,canonical:2022-10,2019-02-15,2022-09-30,30956,1707,0.5284,0.5284,0.5612,3.281,0.5899,0.6125,0.24361,0.68018,0.02755,0.68502,0.24596,0.00483,0.5012,0.5284,0,PROMOTE,True
canonical,2022-10,over35,e7c78db70bbf,canonical:2022-10,2019-02-15,2022-09-30,30956,1707,0.2818,0.7182,0.7194,0.117,0.6028,0.3717,0.19694,0.58163,0.01166,0.58555,0.19871,0.00392,0.2727,0.2818,0,PROMOTE,True
canonical,2022-11,btts,153a070b5878,canonical:2022-11,2019-02-15,2022-10-31,32663,726,0.5413,0.5413,0.5606,1.928,0.5556,0.5799,0.24668,0.68657,0.01707,0.68182,0.24437,-0.00475,0.5247,0.5413,0,PROMOTE,True
canonical,2022-11,over15,153a070b5878,canonical:2022-11,2019-02-15,2022-10-31,32663,726,0.7562,0.7562,0.7562,0.0,0.6233,0.8202,0.17901,0.5412,0.0456,0.54775,0.18134,0.00655,0.7447,0.7562,0,PROMOTE,True
canonical,2022-11,over25,153a070b5878,canonical:2022-11,2019-02-15,2022-10-31,32663,726,0.5083,0.5083,0.5785,7.025,0.619,0.6167,0.23987,0.67255,0.01673,0.67941,0.24317,0.00686,0.5096,0.5083,0,PROMOTE,True
canonical,2022-11,over35,153a070b5878,canonical:2022-11,2019-02-15,2022-10-31,32663,726,0.3154,0.6846,0.6873,0.275,0.6022,0.3963,0.2114,0.6125,0.03837,0.61625,0.21308,0.00376,0.2821,0.3154,0,PROMOTE,True
canonical,2022-12,btts,153a070b5878,canonical:2022-12,2019-02-15,2022-11-30,33389,558,0.4552,0.5448,0.5018,-4.301,0.5225,0.484,0.25165,0.69655,0.06112,0.69798,0.25241,0.00142,0.5049,0.4552,1,REJECT,True
canonical,2022-12,over15,66322ae2e3dd,canonical:2022-12,2019-02-15,2022-11-30,33389,558,0.7419,0.7419,0.7419,0.0,0.6053,0.8035,0.18695,0.55926,0.03233,0.56361,0.18846,0.00435,0.7344,0.7419,0,PROMOTE,True
canonical,2022-12,over25,66322ae2e3dd,canonical:2022-12,2019-02-15,2022-11-30,33389,558,0.4821,0.5179,0.5412,2.33,0.5659,0.5437,0.24641,0.68597,0.02388,0.68409,0.24549,-0.00188,0.4859,0.4821,0,PROMOTE,True
canonical,2022-12,over35,66322ae2e3dd,canonical:2022-12,2019-02-15,2022-11-30,33389,558,0.2276,0.7724,0.7706,-0.179,0.6265,0.3199,0.17128,0.5238,0.0457,0.53032,0.17371,0.00652,0.2566,0.2276,0,PROMOTE,True
canonical,2023-01,btts,c714c39284ec,canonical:2023-01,2019-02-15,2022-12-31,33947,717,0.4993,0.5007,0.5411,4.045,0.566,0.5747,0.24669,0.68646,0.0221,0.68667,0.24677,0.0002,0.5114,0.4993,0,PROMOTE,True
canonical,2023-01,over15,c714c39284ec,canonical:2023-01,2019-02-15,2022-12-31,33947,717,0.7364,0.7364,0.7364,0.0,0.604,0.7984,0.1902,0.56649,0.0196,0.56612,0.18986,-0.00037,0.7258,0.7364,0,PROMOTE,True
canonical,2023-01,over25,c714c39284ec,canonical:2023-01,2019-02-15,2022-12-31,33947,717,0.4979,0.5021,0.5579,5.579,0.5797,0.5506,0.24727,0.68783,0.03787,0.6884,0.24765,0.00057,0.474,0.4979,0,PROMOTE,True
canonical,2023-01,over35,c714c39284ec,canonical:2023-01,2019-02-15,2022-12-31,33947,717,0.2608,0.7392,0.7378,-0.139,0.5799,0.3172,0.19038,0.56728,0.01924,0.57051,0.19165,0.00323,0.2555,0.2608,0,PROMOTE,True
canonical,2023-02,btts,254cbbed42d6,canonical:2023-02,2019-02-15,2023-01-31,34664,1014,0.4842,0.5158,0.5483,3.254,0.5643,0.5409,0.24726,0.68763,0.02825,0.69418,0.25049,0.00655,0.5119,0.4842,0,PROMOTE,True
canonical,2023-02,over15,254cbbed42d6,canonical:2023-02,2019-02-15,2023-01-31,34664,1014,0.7199,0.7199,0.7199,0.0,0.5859,0.7822,0.19805,0.58375,0.00779,0.59277,0.20134,0.00902,0.7256,0.7199,0,PROMOTE,True
canonical,2023-02,over25,254cbbed42d6,canonical:2023-02,2019-02-15,2023-01-31,34664,1014,0.4428,0.5572,0.6036,4.635,0.5874,0.5391,0.24165,0.67621,0.0466,0.68132,0.24413,0.00511,0.4745,0.4428,0,PROMOTE,True
canonical,2023-02,over35,254cbbed42d6,canonical:2023-02,2019-02-15,2023-01-31,34664,1014,0.2268,0.7732,0.7742,0.099,0.5932,0.3056,0.17258,0.52761,0.03114,0.53192,0.17432,0.00431,0.2571,0.2268,0,PROMOTE,True
canonical,2023-03,btts,f54471cba82c,canonical:2023-03,2019-02-15,2023-02-28,35678,984,0.4868,0.5132,0.5254,1.22,0.5352,0.5145,0.25057,0.69442,0.03105,0.68834,0.24761,-0.00608,0.5082,0.4868,0,PROMOTE,True
canonical,2023-03,over15,f54471cba82c,canonical:2023-03,2019-02-15,2023-02-28,35678,984,0.7256,0.7256,0.7256,0.0,0.6041,0.7922,0.19445,0.57564,0.02474,0.57972,0.19594,0.00407,0.7242,0.7256,0,PROMOTE,True
canonical,2023-03,over25,f54471cba82c,canonical:2023-03,2019-02-15,2023-02-28,35678,984,0.4492,0.5508,0.5762,2.541,0.5909,0.5365,0.24178,0.67661,0.02672,0.68221,0.24456,0.0056,0.4751,0.4492,0,PROMOTE,True
canonical,2023-03,over35,f54471cba82c,canonical:2023-03,2019-02-15,2023-02-28,35678,984,0.2561,0.7439,0.7439,0.0,0.5824,0.3334,0.18729,0.56141,0.01466,0.56636,0.18962,0.00495,0.2448,0.2561,0,PROMOTE,True
canonical,2023-04,btts,52fea3aca5c4,canonical:2023-04,2019-02-15,2023-03-31,36662,1671,0.5069,0.5069,0.5212,1.436,0.5188,0.5144,0.25144,0.69614,0.0324,0.6957,0.25126,-0.00044,0.5216,0.5069,0,PROMOTE,True
canonical,2023-04,over15,52fea3aca5c4,canonical:2023-04,2019-02-15,2023-03-31,36662,1671,0.7397,0.7397,0.7397,0.0,0.5811,0.8059,0.18969,0.56489,0.02624,0.5734,0.19252,0.00852,0.7348,0.7397,0,PROMOTE,True
canonical,2023-04,over25,52fea3aca5c4,canonical:2023-04,2019-02-15,2023-03-31,36662,1671,0.4877,0.5123,0.55,3.77,0.5682,0.5641,0.24551,0.68389,0.01941,0.69523,0.25102,0.01134,0.4906,0.4877,0,PROMOTE,True
canonical,2023-04,over35,f54471cba82c,canonical:2023-04,2019-02-15,2023-03-31,36662,1671,0.2699,0.7301,0.7325,0.239,0.5759,0.3455,0.19407,0.57627,0.01811,0.58053,0.19594,0.00426,0.2605,0.2699,1,REJECT,True
canonical,2023-05,btts,464651c95ca3,canonical:2023-05,2019-02-15,2023-04-30,38333,1234,0.5365,0.5365,0.5665,2.998,0.5681,0.6027,0.24454,0.68208,0.01985,0.68787,0.24737,0.00579,0.5299,0.5365,0,PROMOTE,True
canonical,2023-05,over15,464651c95ca3,canonical:2023-05,2019-02-15,2023-04-30,38333,1234,0.7504,0.7504,0.7504,0.0,0.5777,0.7996,0.18494,0.55544,0.02062,0.55691,0.18547,0.00147,0.7528,0.7504,0,PROMOTE,True
canonical,2023-05,over25,464651c95ca3,canonical:2023-05,2019-02-15,2023-04-30,38333,1234,0.5113,0.5113,0.5802,6.888,0.6128,0.604,0.24111,0.67522,0.02657,0.68347,0.24518,0.00825,0.5094,0.5113,0,PROMOTE,True
canonical,2023-05,over35,464651c95ca3,canonical:2023-05,2019-02-15,2023-04-30,38333,1234,0.2974,0.7026,0.7018,-0.081,0.6044,0.3848,0.20344,0.59511,0.02851,0.60435,0.20715,0.00924,0.2785,0.2974,0,PROMOTE,True
canonical,2023-06,btts,99371999c23d,canonical:2023-06,2019-02-15,2023-05-31,39567,539,0.5436,0.5436,0.5659,2.226,0.5735,0.6179,0.24292,0.67869,0.01895,0.69049,0.24868,0.0118,0.5488,0.5436,0,PROMOTE,True
canonical,2023-06,over15,99371999c23d,canonical:2023-06,2019-02-15,2023-05-31,39567,539,0.7403,0.7403,0.7403,0.0,0.6024,0.8046,0.18831,0.56212,0.02273,0.57093,0.19159,0.00881,0.7567,0.7403,0,PROMOTE,True
canonical,2023-06,over25,99371999c23d,canonical:2023-06,2019-02-15,2023-05-31,39567,539,0.5195,0.5195,0.5826,6.308,0.6195,0.637,0.23814,0.66875,0.01642,0.68155,0.24425,0.0128,0.5121,0.5195,0,PROMOTE,True
canonical,2023-06,over35,99371999c23d,canonical:2023-06,2019-02-15,2023-05-31,39567,539,0.2913,0.7087,0.7106,0.186,0.6671,0.4616,0.19314,0.57147,0.05391,0.59899,0.20454,0.02751,0.2926,0.2913,0,PROMOTE,True
canonical,2023-07,btts,7a1dc3cfd7ec,canonical:2023-07,2019-02-15,2023-06-30,40106,755,0.5166,0.5166,0.6,8.344,0.6283,0.6115,0.23772,0.66818,0.04968,0.68056,0.24373,0.01238,0.5244,0.5166,0,PROMOTE,True
canonical,2023-07,over15,7a1dc3cfd7ec,canonical:2023-07,2019-02-15,2023-06-30,40106,755,0.7404,0.7404,0.7444,0.397,0.6445,0.8288,0.18004,0.5432,0.03452,0.55535,0.18544,0.01214,0.7353,0.7404,0,PROMOTE,True
canonical,2023-07,over25,7a1dc3cfd7ec,canonical:2023-07,2019-02-15,2023-06-30,40106,755,0.4795,0.5205,0.6013,8.079,0.6472,0.6186,0.23426,0.66072,0.02972,0.67019,0.2386,0.00947,0.4944,0.4795,0,PROMOTE,True
canonical,2023-07,over35,7a1dc3cfd7ec,canonical:2023-07,2019-02-15,2023-06-30,40106,755,0.2742,0.7258,0.7272,0.132,0.6197,0.3828,0.19129,0.56725,0.01317,0.57936,0.19575,0.01211,0.2799,0.2742,0,PROMOTE,True
canonical,2023-08,btts,e59c8959b0ea,canonical:2023-08,2019-02-15,2023-07-31,40861,1311,0.4935,0.5065,0.5469,4.043,0.5689,0.5596,0.24739,0.68787,0.03972,0.6961,0.25146,0.00823,0.5293,0.4935,0,PROMOTE,True
canonical,2023-08,over15,e59c8959b0ea,canonical:2023-08,2019-02-15,2023-07-31,40861,1311,0.7483,0.7483,0.749,0.076,0.5629,0.7811,0.18691,0.56065,0.02006,0.56444,0.18841,0.00379,0.7429,0.7483,0,PROMOTE,True
canonical,2023-08,over25,e59c8959b0ea,canonical:2023-08,2019-02-15,2023-07-31,40861,1311,0.5202,0.5202,0.553,3.28,0.5749,0.5759,0.24594,0.68497,0.04109,0.69018,0.24854,0.00521,0.5029,0.5202,0,PROMOTE,True
canonical,2023-08,over35,7a1dc3cfd7ec,canonical:2023-08,2019-02-15,2023-07-31,40861,1311,0.2746,0.7254,0.7254,0.0,0.5573,0.3304,0.19844,0.5856,0.02703,0.58481,0.19791,-0.0008,0.2831,0.2746,1,REJECT,True
canonical,2023-09,btts,6614f5ddaf2b,canonical:2023-09,2019-02-15,2023-08-31,42172,1510,0.5596,0.5596,0.5517,-0.795,0.5476,0.6167,0.24573,0.68437,0.03543,0.68701,0.24695,0.00264,0.5242,0.5596,0,PROMOTE,True
canonical,2023-09,over15,6614f5ddaf2b,canonical:2023-09,2019-02-15,2023-08-31,42172,1510,0.7662,0.7662,0.7675,0.132,0.5878,0.8101,0.17602,0.53569,0.01506,0.54257,0.17881,0.00688,0.7527,0.7662,0,PROMOTE,True
canonical,2023-09,over25,6614f5ddaf2b,canonical:2023-09,2019-02-15,2023-08-31,42172,1510,0.5265,0.5265,0.549,2.252,0.5708,0.5875,0.24586,0.68479,0.02193,0.69626,0.25152,0.01147,0.5147,0.5265,0,PROMOTE,True
canonical,2023-09,over35,6614f5ddaf2b,canonical:2023-09,2019-02-15,2023-08-31,42172,1510,0.3066,0.6934,0.696,0.265,0.5878,0.3862,0.20855,0.60664,0.03478,0.61914,0.21343,0.0125,0.2827,0.3066,0,PROMOTE,True
canonical,2023-10,btts,f43b8cdffe0a,canonical:2023-10,2019-02-15,2023-09-30,43682,1430,0.5161,0.5161,0.5517,3.566,0.5949,0.6244,0.24188,0.67625,0.03666,0.68676,0.24681,0.01051,0.542,0.5161,0,PROMOTE,True
canonical,2023-10,over15,f43b8cdffe0a,canonical:2023-10,2019-02-15,2023-09-30,43682,1430,0.7608,0.7608,0.7594,-0.14,0.6153,0.8279,0.17715,0.53636,0.01928,0.54943,0.18175,0.01306,0.7582,0.7608,0,PROMOTE,True
canonical,2023-10,over25,f43b8cdffe0a,canonical:2023-10,2019-02-15,2023-09-30,43682,1430,0.5098,0.5098,0.5748,6.503,0.615,0.6259,0.2394,0.67136,0.0256,0.68358,0.24524,0.01222,0.521,0.5098,0,PROMOTE,True
canonical,2023-10,over35,f43b8cdffe0a,canonical:2023-10,2019-02-15,2023-09-30,43682,1430,0.3049,0.6951,0.6993,0.42,0.6205,0.4263,0.20329,0.59439,0.02725,0.60912,0.20946,0.01473,0.2897,0.3049,0,PROMOTE,True
canonical,2023-11,btts,f43b8cdffe0a,canonical:2023-11,2019-02-15,2023-10-31,45112,1097,0.5369,0.5369,0.536,-0.091,0.5335,0.5707,0.24763,0.68828,0.02969,0.69641,0.25162,0.00813,0.537,0.5369,1,REJECT,True
canonical,2023-11,over15,aba7e2bd0e9e,canonical:2023-11,2019-02-15,2023-10-31,45112,1097,0.7675,0.7675,0.7675,0.0,0.5829,0.8198,0.17543,0.53379,0.01209,0.54605,0.18006,0.01225,0.7568,0.7675,0,PROMOTE,True
canonical,2023-11,over25,aba7e2bd0e9e,canonical:2023-11,2019-02-15,2023-10-31,45112,1097,0.5278,0.5278,0.5825,5.469,0.6043,0.6059,0.24117,0.67525,0.01553,0.6881,0.2475,0.01285,0.5161,0.5278,0,PROMOTE,True
canonical,2023-11,over35,aba7e2bd0e9e,canonical:2023-11,2019-02-15,2023-10-31,45112,1097,0.3036,0.6964,0.6928,-0.365,0.6047,0.3768,0.20586,0.59941,0.02914,0.61132,0.21025,0.01191,0.2989,0.3036,0,PROMOTE,True
canonical,2023-12,btts,6dd480943f02,canonical:2023-12,2019-02-15,2023-11-30,46209,1018,0.5314,0.5314,0.5373,0.589,0.5587,0.6057,0.24494,0.68272,0.03344,0.69219,0.24952,0.00947,0.5328,0.5314,0,PROMOTE,True
canonical,2023-12,over15,6dd480943f02,canonical:2023-12,2019-02-15,2023-11-30,46209,1018,0.7544,0.7544,0.7554,0.098,0.6143,0.8359,0.17959,0.54144,0.0282,0.55164,0.18312,0.0102,0.7627,0.7544,0,PROMOTE,True
canonical,2023-12,over25,6dd480943f02,canonical:2023-12,2019-02-15,2023-11-30,46209,1018,0.5157,0.5157,0.5442,2.849,0.5659,0.5795,0.24653,0.68614,0.03098,0.69063,0.24876,0.00449,0.5253,0.5157,0,PROMOTE,True
canonical,2023-12,over35,6dd480943f02,canonical:2023-12,2019-02-15,2023-11-30,46209,1018,0.2868,0.7132,0.7161,0.295,0.6105,0.3862,0.19787,0.5831,0.02702,0.59642,0.20328,0.01332,0.291,0.2868,0,PROMOTE,True
canonical,2024-01,btts,d8cc76305f53,canonical:2024-01,2019-02-15,2023-12-30,47227,766,0.5666,0.5666,0.547,-1.958,0.555,0.6165,0.24452,0.68176,0.05976,0.69134,0.2491,0.00959,0.5175,0.5666,0,PROMOTE,True
canonical,2024-01,over15,d8cc76305f53,canonical:2024-01,2019-02-15,2023-12-30,47227,766,0.7624,0.7624,0.7624,0.0,0.5673,0.8022,0.17897,0.54267,0.01509,0.55226,0.1826,0.00959,0.7521,0.7624,0,PROMOTE,True
canonical,2024-01,over25,d8cc76305f53,canonical:2024-01,2019-02-15,2023-12-30,47227,766,0.5287,0.5287,0.5653,3.655,0.5852,0.6111,0.24308,0.67895,0.0241,0.69595,0.25141,0.01699,0.5092,0.5287,0,PROMOTE,True
canonical,2024-01,over35,d8cc76305f53,canonical:2024-01,2019-02-15,2023-12-30,47227,766,0.3003,0.6997,0.6997,0.0,0.5649,0.3645,0.20793,0.60581,0.03219,0.61919,0.21322,0.01338,0.2795,0.3003,0,PROMOTE,True
canonical,2024-02,btts,174f7f24f581,canonical:2024-02,2019-02-15,2024-01-31,47993,1214,0.5354,0.5354,0.5865,5.107,0.6012,0.6224,0.24091,0.67464,0.02824,0.68869,0.24778,0.01405,0.5323,0.5354,0,PROMOTE,True
canonical,2024-02,over15,174f7f24f581,canonical:2024-02,2019-02-15,2024-01-31,47993,1214,0.7545,0.7545,0.7578,0.329,0.6091,0.8198,0.17903,0.54139,0.01372,0.55396,0.18379,0.01257,0.746,0.7545,0,PROMOTE,True
canonical,2024-02,over25,174f7f24f581,canonical:2024-02,2019-02-15,2024-01-31,47993,1214,0.4984,0.5016,0.5791,7.743,0.612,0.5922,0.24046,0.67369,0.01247,0.6888,0.24787,0.01511,0.4979,0.4984,0,PROMOTE,True
canonical,2024-02,over35,d8cc76305f53,canonical:2024-02,2019-02-15,2024-01-31,47993,1214,0.2825,0.7175,0.7166,-0.082,0.5998,0.3527,0.19779,0.582,0.02475,0.59092,0.20117,0.00893,0.2743,0.2825,1,REJECT,True
canonical,2024-03,btts,b2a6abdbe995,canonical:2024-03,2019-02-15,2024-02-29,49207,1366,0.5168,0.5168,0.5498,3.294,0.5718,0.5945,0.24472,0.68218,0.02095,0.69299,0.24991,0.01082,0.5308,0.5168,0,PROMOTE,True
canonical,2024-03,over15,b2a6abdbe995,canonical:2024-03,2019-02-15,2024-02-29,49207,1366,0.7262,0.7262,0.7277,0.146,0.6057,0.7888,0.19449,0.57621,0.03113,0.58415,0.19756,0.00794,0.7496,0.7262,0,PROMOTE,True
canonical,2024-03,over25,b2a6abdbe995,canonical:2024-03,2019-02-15,2024-02-29,49207,1366,0.4971,0.5029,0.5688,6.589,0.604,0.6031,0.24148,0.67581,0.02585,0.69405,0.25044,0.01825,0.4985,0.4971,0,PROMOTE,True
canonical,2024-03,over35,b2a6abdbe995,canonical:2024-03,2019-02-15,2024-02-29,49207,1366,0.2892,0.7108,0.716,0.512,0.615,0.4096,0.19848,0.58498,0.02481,0.59972,0.20487,0.01473,0.2788,0.2892,0,PROMOTE,True
canonical,2024-04,btts,6a5ce18b0b0b,canonical:2024-04,2019-02-15,2024-03-31,50573,1750,0.5497,0.5497,0.5669,1.714,0.5836,0.6339,0.24111,0.67491,0.0205,0.69015,0.2485,0.01523,0.5342,0.5497,0,PROMOTE,True
canonical,2024-04,over15,6a5ce18b0b0b,canonical:2024-04,2019-02-15,2024-03-31,50573,1750,0.7531,0.7531,0.7526,-0.057,0.6049,0.8185,0.18127,0.54624,0.01489,0.55784,0.18551,0.0116,0.7445,0.7531,0,PROMOTE,True
canonical,2024-04,over25,6a5ce18b0b0b,canonical:2024-04,2019-02-15,2024-03-31,50573,1750,0.5343,0.5343,0.5617,2.743,0.5957,0.6306,0.24202,0.67681,0.02418,0.6963,0.25154,0.01949,0.5103,0.5343,0,PROMOTE,True
canonical,2024-04,over35,6a5ce18b0b0b,canonical:2024-04,2019-02-15,2024-03-31,50573,1750,0.3051,0.6949,0.6983,0.343,0.6097,0.4022,0.20485,0.59736,0.02154,0.61522,0.21207,0.01786,0.2869,0.3051,0,PROMOTE,True
canonical,2024-05,btts,a5eed5eaea04,canonical:2024-05,2019-02-15,2024-04-30,52323,1257,0.5632,0.5632,0.5919,2.864,0.5969,0.6668,0.23594,0.66357,0.04274,0.68191,0.24441,0.01834,0.5529,0.5632,0,PROMOTE,True
canonical,2024-05,over15,a5eed5eaea04,canonical:2024-05,2019-02-15,2024-04-30,52323,1257,0.7741,0.7741,0.7733,-0.08,0.6231,0.8464,0.1691,0.51703,0.01469,0.53265,0.17429,0.01562,0.7726,0.7741,0,PROMOTE,True
canonical,2024-05,over25,a5eed5eaea04,canonical:2024-05,2019-02-15,2024-04-30,52323,1257,0.568,0.568,0.599,3.103,0.641,0.7073,0.23193,0.6556,0.04065,0.68073,0.24382,0.02512,0.5332,0.568,0,PROMOTE,True
canonical,2024-05,over35,a5eed5eaea04,canonical:2024-05,2019-02-15,2024-04-30,52323,1257,0.3373,0.6627,0.677,1.432,0.6176,0.4594,0.21442,0.61832,0.03192,0.6347,0.22161,0.01638,0.3054,0.3373,0,PROMOTE,True
canonical,2024-06,btts,7b84707902a2,canonical:2024-06,2019-02-15,2024-05-31,53580,563,0.5613,0.5613,0.5968,3.552,0.6299,0.7016,0.23316,0.65803,0.02387,0.68017,0.24356,0.02214,0.56,0.5613,0,PROMOTE,True
canonical,2024-06,over15,a5eed5eaea04,canonical:2024-06,2019-02-15,2024-05-31,53580,563,0.7549,0.7549,0.746,-0.888,0.5902,0.8267,0.18308,0.54908,0.05601,0.54969,0.1823,0.00061,0.7684,0.7549,1,REJECT,True
canonical,2024-06,over25,7b84707902a2,canonical:2024-06,2019-02-15,2024-05-31,53580,563,0.5293,0.5293,0.6163,8.703,0.6518,0.6746,0.23186,0.65534,0.03556,0.67248,0.23976,0.01713,0.5233,0.5293,0,PROMOTE,True
canonical,2024-06,over35,7b84707902a2,canonical:2024-06,2019-02-15,2024-05-31,53580,563,0.2842,0.7158,0.73,1.421,0.6784,0.4682,0.18832,0.56099,0.05372,0.57273,0.19427,0.01174,0.3008,0.2842,0,PROMOTE,True
canonical,2024-07,btts,1a40d1877c0d,canonical:2024-07,2019-02-15,2024-06-30,54143,676,0.5607,0.5607,0.5828,2.219,0.6087,0.6814,0.23556,0.66264,0.01688,0.67838,0.24267,0.01574,0.5472,0.5607,0,PROMOTE,True
canonical,2024-07,over15,1a40d1877c0d,canonical:2024-07,2019-02-15,2024-06-30,54143,676,0.7722,0.7722,0.7766,0.444,0.6461,0.8589,0.16899,0.516,0.02508,0.5333,0.17463,0.0173,0.7604,0.7722,0,PROMOTE,True
canonical,2024-07,over25,1a40d1877c0d,canonical:2024-07,2019-02-15,2024-06-30,54143,676,0.5266,0.5266,0.605,7.84,0.6556,0.6698,0.23164,0.65499,0.0218,0.67765,0.2423,0.02265,0.532,0.5266,0,PROMOTE,True
canonical,2024-07,over35,1a40d1877c0d,canonical:2024-07,2019-02-15,2024-06-30,54143,676,0.2914,0.7086,0.7278,1.923,0.6524,0.4576,0.19242,0.57005,0.02721,0.59234,0.20226,0.02229,0.3065,0.2914,0,PROMOTE,True
canonical,2024-08,btts,bb5944fa8d79,canonical:2024-08,2019-02-15,2024-07-31,54819,1343,0.5034,0.5034,0.5629,5.957,0.6055,0.6162,0.23933,0.67025,0.03649,0.69184,0.24934,0.02159,0.5319,0.5034,0,PROMOTE,True
canonical,2024-08,over15,bb5944fa8d79,canonical:2024-08,2019-02-15,2024-07-31,54819,1343,0.7163,0.7163,0.7178,0.149,0.6081,0.7959,0.1982,0.58361,0.03771,0.59293,0.20161,0.00933,0.7528,0.7163,0,PROMOTE,True
canonical,2024-08,over25,bb5944fa8d79,canonical:2024-08,2019-02-15,2024-07-31,54819,1343,0.4862,0.5138,0.5644,5.063,0.6007,0.5891,0.24159,0.67555,0.03565,0.68752,0.2472,0.01198,0.5175,0.4862,0,PROMOTE,True
canonical,2024-08,over35,bb5944fa8d79,canonical:2024-08,2019-02-15,2024-07-31,54819,1343,0.2844,0.7156,0.72,0.447,0.5835,0.3875,0.1983,0.5846,0.02279,0.59267,0.20164,0.00807,0.2937,0.2844,0,PROMOTE,True
canonical,2024-09,btts,c2dc739dbb56,canonical:2024-09,2019-02-15,2024-08-31,56162,1435,0.5213,0.5213,0.5547,3.345,0.5915,0.6373,0.24053,0.67292,0.03839,0.69127,0.24907,0.01836,0.5419,0.5213,0,PROMOTE,True
canonical,2024-09,over15,c2dc739dbb56,canonical:2024-09,2019-02-15,2024-08-31,56162,1435,0.7484,0.7484,0.7498,0.139,0.6354,0.8376,0.18061,0.54295,0.03383,0.55553,0.18507,0.01258,0.7581,0.7484,0,PROMOTE,True
canonical,2024-09,over25,c2dc739dbb56,canonical:2024-09,2019-02-15,2024-08-31,56162,1435,0.5059,0.5059,0.554,4.808,0.5879,0.5916,0.24447,0.68214,0.02368,0.68826,0.24757,0.00611,0.5259,0.5059,0,PROMOTE,True
canonical,2024-09,over35,c2dc739dbb56,canonical:2024-09,2019-02-15,2024-08-31,56162,1435,0.2857,0.7143,0.7087,-0.557,0.6086,0.373,0.19914,0.58608,0.02146,0.59294,0.20179,0.00686,0.2992,0.2857,0,PROMOTE,True
canonical,2024-10,btts,2c83e9ab40c8,canonical:2024-10,2019-02-15,2024-09-30,57597,1342,0.5156,0.5156,0.5507,3.502,0.6093,0.642,0.2387,0.66915,0.03881,0.69142,0.24914,0.02228,0.531,0.5156,0,PROMOTE,True
canonical,2024-10,over15,2c83e9ab40c8,canonical:2024-10,2019-02-15,2024-09-30,57597,1342,0.731,0.731,0.7355,0.447,0.5836,0.7865,0.19293,0.57348,0.03394,0.57765,0.19491,0.00418,0.7508,0.731,0,PROMOTE,True
canonical,2024-10,over25,2c83e9ab40c8,canonical:2024-10,2019-02-15,2024-09-30,57597,1342,0.4829,0.5171,0.5864,6.93,0.6287,0.6066,0.23771,0.66787,0.03636,0.67959,0.24326,0.01173,0.5088,0.4829,0,PROMOTE,True
canonical,2024-10,over35,2c83e9ab40c8,canonical:2024-10,2019-02-15,2024-09-30,57597,1342,0.2653,0.7347,0.7332,-0.149,0.6418,0.3845,0.18618,0.55624,0.02878,0.57375,0.19295,0.01752,0.2894,0.2653,0,PROMOTE,True
canonical,2024-11,btts,36a7860900c8,canonical:2024-11,2019-02-15,2024-10-31,58939,1233,0.4972,0.5028,0.5369,3.406,0.5888,0.6042,0.24113,0.67376,0.03867,0.69479,0.25081,0.02102,0.5267,0.4972,0,PROMOTE,True
canonical,2024-11,over15,36a7860900c8,canonical:2024-11,2019-02-15,2024-10-31,58939,1233,0.6967,0.6967,0.7032,0.649,0.5989,0.7584,0.20592,0.60281,0.04708,0.61807,0.21263,0.01526,0.7428,0.6967,0,PROMOTE,True
canonical,2024-11,over25,36a7860900c8,canonical:2024-11,2019-02-15,2024-10-31,58939,1233,0.4453,0.5547,0.5661,1.135,0.5978,0.5313,0.24195,0.67652,0.05729,0.68747,0.24717,0.01095,0.4995,0.4453,0,PROMOTE,True
canonical,2024-11,over35,36a7860900c8,canonical:2024-11,2019-02-15,2024-10-31,58939,1233,0.2433,0.7567,0.7607,0.406,0.6239,0.3522,0.17807,0.53867,0.03429,0.55297,0.18357,0.0143,0.2747,0.2433,0,PROMOTE,True
canonical,2024-12,btts,36a7860900c8,canonical:2024-12,2019-02-15,2024-11-30,60172,1040,0.5163,0.5163,0.5375,2.115,0.576,0.6133,0.23979,0.67108,0.05212,0.68842,0.24765,0.01734,0.5172,0.5163,1,REJECT,True
canonical,2024-12,over15,3c2b5ead5aad,canonical:2024-12,2019-02-15,2024-11-30,60172,1040,0.7635,0.7635,0.7663,0.288,0.6083,0.8291,0.17537,0.53335,0.03119,0.54385,0.17937,0.0105,0.7347,0.7635,0,PROMOTE,True
canonical,2024-12,over25,3c2b5ead5aad,canonical:2024-12,2019-02-15,2024-11-30,60172,1040,0.524,0.524,0.5519,2.788,0.5889,0.6186,0.24243,0.67712,0.04574,0.68443,0.24567,0.00732,0.4842,0.524,0,PROMOTE,True
canonical,2024-12,over35,3c2b5ead5aad,canonical:2024-12,2019-02-15,2024-11-30,60172,1040,0.274,0.726,0.7288,0.288,0.6089,0.3957,0.19109,0.56798,0.01437,0.58106,0.1963,0.01309,0.2704,0.274,0,PROMOTE,True
canonical,2025-01,btts,eb41302ce93a,canonical:2025-01,2019-02-15,2024-12-31,61212,863,0.5295,0.5295,0.5643,3.476,0.599,0.6455,0.24011,0.67248,0.01875,0.68497,0.24593,0.01249,0.5146,0.5295,0,PROMOTE,True
canonical,2025-01,over15,eb41302ce93a,canonical:2025-01,2019-02-15,2024-12-31,61212,863,0.7254,0.7254,0.7277,0.232,0.6151,0.8012,0.19291,0.57174,0.02529,0.58516,0.19806,0.01342,0.7314,0.7254,0,PROMOTE,True
canonical,2025-01,over25,eb41302ce93a,canonical:2025-01,2019-02-15,2024-12-31,61212,863,0.5006,0.5006,0.5643,6.373,0.5929,0.6038,0.242,0.67656,0.01565,0.68908,0.24797,0.01252,0.4866,0.5006,0,PROMOTE,True
canonical,2025-01,over35,eb41302ce93a,canonical:2025-01,2019-02-15,2024-12-31,61212,863,0.2538,0.7462,0.7497,0.348,0.5552,0.3226,0.18852,0.56451,0.03481,0.5628,0.18788,-0.00171,0.2691,0.2538,0,PROMOTE,True
canonical,2025-02,btts,fe79c65c49f4,canonical:2025-02,2019-02-15,2025-01-31,62075,1180,0.5144,0.5144,0.5686,5.424,0.5928,0.6053,0.24065,0.67312,0.02767,0.68887,0.24786,0.01575,0.5198,0.5144,0,PROMOTE,True
canonical,2025-02,over15,eb41302ce93a,canonical:2025-02,2019-02-15,2025-01-31,62075,1180,0.722,0.722,0.722,0.0,0.5985,0.7964,0.19534,0.57687,0.01495,0.58483,0.19811,0.00796,0.7347,0.722,1,REJECT,True
canonical,2025-02,over25,fe79c65c49f4,canonical:2025-02,2019-02-15,2025-01-31,62075,1180,0.4831,0.5169,0.5653,4.831,0.6183,0.5994,0.23756,0.66738,0.04506,0.68579,0.24635,0.0184,0.4849,0.4831,0,PROMOTE,True
canonical,2025-02,over35,fe79c65c49f4,canonical:2025-02,2019-02-15,2025-01-31,62075,1180,0.2466,0.7534,0.7551,0.169,0.6161,0.3453,0.18008,0.5431,0.02225,0.5581,0.18591,0.015,0.2675,0.2466,0,PROMOTE,True
canonical,2025-03,btts,12454bac69ea,canonical:2025-03,2019-02-15,2025-02-28,63255,1333,0.5184,0.5184,0.5664,4.801,0.5843,0.5908,0.24302,0.67869,0.014,0.69368,0.25026,0.01499,0.5187,0.5184,0,PROMOTE,True
canonical,2025-03,over15,12454bac69ea,canonical:2025-03,2019-02-15,2025-02-28,63255,1333,0.7239,0.7239,0.7284,0.45,0.5754,0.7765,0.19587,0.57955,0.01581,0.5908,0.20049,0.01124,0.7264,0.7239,0,PROMOTE,True
canonical,2025-03,over25,12454bac69ea,canonical:2025-03,2019-02-15,2025-02-28,63255,1333,0.4801,0.5199,0.5469,2.701,0.5804,0.5569,0.24347,0.67967,0.03028,0.68981,0.24831,0.01013,0.4775,0.4801,0,PROMOTE,True
canonical,2025-03,over35,12454bac69ea,canonical:2025-03,2019-02-15,2025-02-28,63255,1333,0.2408,0.7592,0.7569,-0.225,0.6168,0.3165,0.17817,0.53819,0.02068,0.55125,0.1827,0.01306,0.2551,0.2408,0,PROMOTE,True
canonical,2025-04,btts,a4c5098ce2c6,canonical:2025-04,2019-02-15,2025-03-31,64588,1570,0.5369,0.5369,0.5631,2.611,0.5943,0.6279,0.2408,0.67397,0.02105,0.68923,0.24805,0.01526,0.5241,0.5369,0,PROMOTE,True
canonical,2025-04,over15,a4c5098ce2c6,canonical:2025-04,2019-02-15,2025-03-31,64588,1570,0.7459,0.7459,0.7446,-0.127,0.6213,0.825,0.18346,0.55038,0.01765,0.56397,0.18844,0.01359,0.7338,0.7459,0,PROMOTE,True
canonical,2025-04,over25,a4c5098ce2c6,canonical:2025-04,2019-02-15,2025-03-31,64588,1570,0.5045,0.5045,0.5726,6.815,0.6078,0.6134,0.24019,0.67293,0.015,0.69261,0.24973,0.01968,0.4925,0.5045,0,PROMOTE,True
canonical,2025-04,over35,a4c5098ce2c6,canonical:2025-04,2019-02-15,2025-03-31,64588,1570,0.2917,0.7083,0.7096,0.127,0.635,0.4129,0.19809,0.58284,0.02939,0.60025,0.20514,0.01742,0.2664,0.2917,0,PROMOTE,True
canonical,2025-05,btts,dbe4b6f61178,canonical:2025-05,2019-02-15,2025-04-30,66158,1172,0.5529,0.5529,0.593,4.01,0.5736,0.6247,0.24084,0.67377,0.03452,0.68984,0.24836,0.01607,0.5448,0.5529,0,PROMOTE,True
canonical,2025-05,over15,dbe4b6f61178,canonical:2025-05,2019-02-15,2025-04-30,66158,1172,0.7585,0.7585,0.7602,0.171,0.6208,0.8358,0.17625,0.53362,0.01489,0.54664,0.18092,0.01302,0.7596,0.7585,0,PROMOTE,True
canonical,2025-05,over25,dbe4b6f61178,canonical:2025-05,2019-02-15,2025-04-30,66158,1172,0.5333,0.5333,0.5666,3.328,0.5911,0.6033,0.24232,0.67762,0.02533,0.68825,0.24756,0.01062,0.5274,0.5333,0,PROMOTE,True
canonical,2025-05,over35,dbe4b6f61178,canonical:2025-05,2019-02-15,2025-04-30,66158,1172,0.3106,0.6894,0.6903,0.085,0.5989,0.3948,0.20863,0.6064,0.0179,0.6156,0.21239,0.0092,0.2942,0.3106,0,PROMOTE,True
canonical,2025-06,btts,13ddec601130,canonical:2025-06,2019-02-15,2025-05-31,67330,295,0.5593,0.5593,0.5831,2.373,0.5712,0.63,0.24085,0.67422,0.0253,0.68548,0.24619,0.01126,0.5588,0.5593,0,PROMOTE,True
canonical,2025-06,over15,13ddec601130,canonical:2025-06,2019-02-15,2025-05-31,67330,295,0.7898,0.7898,0.7966,0.678,0.5627,0.8353,0.16501,0.51072,0.04105,0.5147,0.16631,0.00398,0.755,0.7898,0,PROMOTE,True
canonical,2025-06,over25,13ddec601130,canonical:2025-06,2019-02-15,2025-05-31,67330,295,0.5763,0.5763,0.5627,-1.356,0.6003,0.6569,0.23856,0.66992,0.05881,0.68536,0.24609,0.01544,0.5287,0.5763,0,PROMOTE,True
canonical,2025-06,over35,13ddec601130,canonical:2025-06,2019-02-15,2025-05-31,67330,295,0.3254,0.6746,0.6678,-0.678,0.629,0.4036,0.21308,0.61389,0.05677,0.62485,0.21687,0.01097,0.2918,0.3254,0,PROMOTE,True
canonical,2025-07,btts,28931d1d2e7f,canonical:2025-07,2019-02-15,2025-06-30,67625,449,0.5501,0.5501,0.608,5.791,0.622,0.6537,0.23806,0.66856,0.05154,0.68012,0.24352,0.01156,0.527,0.5501,0,PROMOTE,True
canonical,2025-07,over15,28931d1d2e7f,canonical:2025-07,2019-02-15,2025-06-30,67625,449,0.7483,0.7483,0.7506,0.223,0.64,0.8211,0.17991,0.54309,0.02979,0.54847,0.18215,0.00538,0.7476,0.7483,0,PROMOTE,True
canonical,2025-07,over25,28931d1d2e7f,canonical:2025-07,2019-02-15,2025-06-30,67625,449,0.539,0.539,0.5702,3.118,0.6117,0.6375,0.24057,0.67419,0.03449,0.68363,0.24527,0.00944,0.5095,0.539,0,PROMOTE,True
canonical,2025-07,over35,28931d1d2e7f,canonical:2025-07,2019-02-15,2025-06-30,67625,449,0.343,0.657,0.6592,0.223,0.614,0.4426,0.22026,0.63111,0.05834,0.63784,0.22347,0.00673,0.2846,0.343,0,PROMOTE,True
canonical,2025-08,btts,4df7439ee2c4,canonical:2025-08,2019-02-15,2025-07-30,68074,1350,0.543,0.543,0.5519,0.889,0.5591,0.6039,0.24481,0.6824,0.01467,0.68763,0.24726,0.00524,0.5291,0.543,0,PROMOTE,True
canonical,2025-08,over15,4df7439ee2c4,canonical:2025-08,2019-02-15,2025-07-30,68074,1350,0.7533,0.7533,0.7511,-0.222,0.5795,0.8099,0.18339,0.55131,0.01911,0.55445,0.18422,0.00314,0.7492,0.7533,0,PROMOTE,True
canonical,2025-08,over25,4df7439ee2c4,canonical:2025-08,2019-02-15,2025-07-30,68074,1350,0.5104,0.5104,0.5659,5.556,0.5912,0.5955,0.24358,0.68015,0.01535,0.68838,0.24762,0.00823,0.5158,0.5104,0,PROMOTE,True
canonical,2025-08,over35,4df7439ee2c4,canonical:2025-08,2019-02-15,2025-07-30,68074,1350,0.2867,0.7133,0.717,0.37,0.6186,0.3966,0.19652,0.57942,0.00705,0.59275,0.20185,0.01333,0.2898,0.2867,0,PROMOTE,True
canonical,2025-09,btts,f4c158180295,canonical:2025-09,2019-02-15,2025-08-31,69424,1165,0.5674,0.5674,0.5459,-2.146,0.5535,0.6326,0.24349,0.6793,0.03057,0.68915,0.24801,0.00984,0.5373,0.5674,0,PROMOTE,True
canonical,2025-09,over15,f4c158180295,canonical:2025-09,2019-02-15,2025-08-31,69424,1165,0.7588,0.7588,0.7588,0.0,0.6063,0.8301,0.17849,0.53903,0.0187,0.54747,0.18121,0.00845,0.7511,0.7588,0,PROMOTE,True
canonical,2025-09,over25,f4c158180295,canonical:2025-09,2019-02-15,2025-08-31,69424,1165,0.521,0.521,0.5682,4.721,0.5868,0.6182,0.24311,0.67889,0.01267,0.68754,0.24721,0.00865,0.5129,0.521,0,PROMOTE,True
canonical,2025-09,over35,f4c158180295,canonical:2025-09,2019-02-15,2025-08-31,69424,1165,0.2987,0.7013,0.6996,-0.172,0.5929,0.3768,0.20513,0.59922,0.02409,0.611,0.20986,0.01178,0.2791,0.2987,0,PROMOTE,True
canonical,2025-10,btts,eb83044a981f,canonical:2025-10,2019-02-15,2025-09-30,70589,1154,0.5442,0.5442,0.5945,5.026,0.63,0.6777,0.23591,0.6636,0.03556,0.68004,0.24347,0.01643,0.5399,0.5442,0,PROMOTE,True
canonical,2025-10,over15,eb83044a981f,canonical:2025-10,2019-02-15,2025-09-30,70589,1154,0.7669,0.7669,0.7695,0.26,0.6608,0.8596,0.16962,0.51798,0.03139,0.53137,0.17434,0.01338,0.7496,0.7669,0,PROMOTE,True
canonical,2025-10,over25,eb83044a981f,canonical:2025-10,2019-02-15,2025-09-30,70589,1154,0.5173,0.5173,0.5988,8.146,0.6204,0.6246,0.23931,0.67146,0.03405,0.67799,0.24248,0.00653,0.5121,0.5173,0,PROMOTE,True
canonical,2025-10,over35,eb83044a981f,canonical:2025-10,2019-02-15,2025-09-30,70589,1154,0.2964,0.7036,0.7088,0.52,0.636,0.4325,0.19782,0.58174,0.02924,0.59621,0.20384,0.01447,0.2878,0.2964,0,PROMOTE,True
canonical,2025-11,btts,918303edf112,canonical:2025-11,2019-02-15,2025-10-31,71743,1169,0.5201,0.5201,0.5338,1.369,0.56,0.5895,0.24539,0.68326,0.03115,0.69412,0.25047,0.01087,0.5365,0.5201,0,PROMOTE,True
canonical,2025-11,over15,918303edf112,canonical:2025-11,2019-02-15,2025-10-31,71743,1169,0.7451,0.7451,0.7485,0.342,0.6074,0.8181,0.18365,0.55094,0.01367,0.56678,0.18953,0.01584,0.7499,0.7451,0,PROMOTE,True
canonical,2025-11,over25,918303edf112,canonical:2025-11,2019-02-15,2025-10-31,71743,1169,0.5269,0.5269,0.568,4.106,0.5904,0.6186,0.24191,0.67632,0.0204,0.69125,0.24907,0.01493,0.5085,0.5269,0,PROMOTE,True
canonical,2025-11,over35,918303edf112,canonical:2025-11,2019-02-15,2025-10-31,71743,1169,0.2849,0.7151,0.7169,0.171,0.5893,0.3712,0.19877,0.58502,0.01658,0.59604,0.20308,0.01102,0.285,0.2849,0,PROMOTE,True
canonical,2025-12,btts,28c2b5701a42,canonical:2025-12,2019-02-15,2025-11-30,72912,839,0.5352,0.5352,0.5471,1.192,0.5882,0.6285,0.24284,0.67823,0.01804,0.68784,0.24736,0.00961,0.5325,0.5352,0,PROMOTE,True
canonical,2025-12,over15,28c2b5701a42,canonical:2025-12,2019-02-15,2025-11-30,72912,839,0.7497,0.7497,0.7473,-0.238,0.5888,0.8014,0.18371,0.55262,0.02091,0.5598,0.18661,0.00718,0.7513,0.7497,0,PROMOTE,True
canonical,2025-12,over25,28c2b5701a42,canonical:2025-12,2019-02-15,2025-11-30,72912,839,0.4958,0.5042,0.5411,3.695,0.5744,0.562,0.24479,0.68237,0.02999,0.68886,0.24787,0.00649,0.5158,0.4958,0,PROMOTE,True
canonical,2025-12,over35,28c2b5701a42,canonical:2025-12,2019-02-15,2025-11-30,72912,839,0.2718,0.7282,0.733,0.477,0.592,0.3641,0.19298,0.57269,0.01458,0.5813,0.19643,0.00861,0.2813,0.2718,0,PROMOTE,True
canonical,2026-01,btts,f9af327740dc,canonical:2026-01,2019-02-15,2025-12-31,73751,940,0.5106,0.5106,0.5691,5.851,0.6004,0.6152,0.24087,0.67392,0.01935,0.68815,0.24751,0.01423,0.5213,0.5106,0,PROMOTE,True
canonical,2026-01,over15,f9af327740dc,canonical:2026-01,2019-02-15,2025-12-31,73751,940,0.7383,0.7383,0.7394,0.106,0.6141,0.8162,0.18672,0.55776,0.01689,0.56623,0.18987,0.00847,0.7373,0.7383,0,PROMOTE,True
canonical,2026-01,over25,f9af327740dc,canonical:2026-01,2019-02-15,2025-12-31,73751,940,0.5106,0.5106,0.567,5.638,0.5952,0.6104,0.24212,0.6769,0.02261,0.691,0.24894,0.0141,0.4901,0.5106,0,PROMOTE,True
canonical,2026-01,over35,f9af327740dc,canonical:2026-01,2019-02-15,2025-12-31,73751,940,0.266,0.734,0.734,0.0,0.6098,0.3315,0.19043,0.5652,0.03486,0.56686,0.19049,0.00166,0.2575,0.266,0,PROMOTE,True
canonical,2026-02,btts,03be2d76a21e,canonical:2026-02,2019-02-15,2026-01-31,74691,1248,0.5593,0.5593,0.5729,1.362,0.589,0.6484,0.23968,0.67147,0.04122,0.68525,0.24607,0.01378,0.5215,0.5593,0,PROMOTE,True
canonical,2026-02,over15,03be2d76a21e,canonical:2026-02,2019-02-15,2026-01-31,74691,1248,0.7492,0.7492,0.7532,0.401,0.5983,0.8161,0.18287,0.54983,0.02051,0.55682,0.18547,0.00699,0.7314,0.7492,0,PROMOTE,True
canonical,2026-02,over25,03be2d76a21e,canonical:2026-02,2019-02-15,2026-01-31,74691,1248,0.5088,0.5088,0.5609,5.208,0.6007,0.6076,0.2409,0.67416,0.02865,0.68495,0.24596,0.01079,0.4847,0.5088,0,PROMOTE,True
canonical,2026-02,over35,03be2d76a21e,canonical:2026-02,2019-02-15,2026-01-31,74691,1248,0.2748,0.7252,0.7244,-0.08,0.6002,0.3615,0.19384,0.57372,0.01983,0.58103,0.19662,0.00731,0.2591,0.2748,0,PROMOTE,True
canonical,2026-03,btts,cd71a7cf520d,canonical:2026-03,2019-02-15,2026-02-28,75939,1322,0.5257,0.5257,0.5598,3.404,0.5937,0.6189,0.24097,0.67395,0.01736,0.68818,0.24752,0.01423,0.5322,0.5257,0,PROMOTE,True
canonical,2026-03,over15,cd71a7cf520d,canonical:2026-03,2019-02-15,2026-02-28,75939,1322,0.7496,0.7496,0.7511,0.151,0.6072,0.8161,0.18238,0.54868,0.0108,0.56198,0.18761,0.0133,0.7405,0.7496,0,PROMOTE,True
canonical,2026-03,over25,cd71a7cf520d,canonical:2026-03,2019-02-15,2026-02-28,75939,1322,0.5144,0.5144,0.5673,5.295,0.6039,0.614,0.24046,0.67328,0.019,0.68515,0.24604,0.01187,0.505,0.5144,0,PROMOTE,True
canonical,2026-03,over35,cd71a7cf520d,canonical:2026-03,2019-02-15,2026-02-28,75939,1322,0.2844,0.7156,0.7179,0.227,0.5952,0.3629,0.1986,0.58373,0.02177,0.58985,0.20063,0.00613,0.2738,0.2844,0,PROMOTE,True
canonical,2026-04,btts,72045e358174,canonical:2026-04,2019-02-15,2026-03-31,77261,1653,0.5517,0.5517,0.5541,0.242,0.5605,0.617,0.24116,0.67416,0.04697,0.68989,0.24838,0.01573,0.5389,0.5517,0,PROMOTE,True
canonical,2026-04,over15,72045e358174,canonical:2026-04,2019-02-15,2026-03-31,77261,1653,0.7707,0.7707,0.7756,0.484,0.6127,0.831,0.17064,0.52257,0.02339,0.53679,0.17613,0.01422,0.7518,0.7707,0,PROMOTE,True
canonical,2026-04,over25,72045e358174,canonical:2026-04,2019-02-15,2026-03-31,77261,1653,0.5191,0.5191,0.559,3.993,0.588,0.5997,0.24254,0.67758,0.02504,0.69322,0.25002,0.01564,0.5201,0.5191,0,PROMOTE,True
canonical,2026-04,over35,72045e358174,canonical:2026-04,2019-02-15,2026-03-31,77261,1653,0.2922,0.7078,0.712,0.423,0.5736,0.3733,0.2036,0.59697,0.03604,0.60963,0.20892,0.01266,0.2945,0.2922,0,PROMOTE,True
canonical,2026-05,btts,c706ad129145,canonical:2026-05,2019-02-15,2026-04-30,78914,1224,0.5931,0.5931,0.5842,-0.899,0.5952,0.7046,0.23247,0.65545,0.03157,0.68674,0.24682,0.03129,0.5649,0.5931,0,PROMOTE,True
canonical,2026-05,over15,c706ad129145,canonical:2026-05,2019-02-15,2026-04-30,78914,1224,0.7933,0.7933,0.7933,0.0,0.643,0.8741,0.15756,0.48947,0.02111,0.50869,0.16387,0.01921,0.7747,0.7933,0,PROMOTE,True
canonical,2026-05,over25,c706ad129145,canonical:2026-05,2019-02-15,2026-04-30,78914,1224,0.5523,0.5523,0.5997,4.739,0.6226,0.666,0.23558,0.66327,0.01924,0.68662,0.24676,0.02334,0.547,0.5523,0,PROMOTE,True
canonical,2026-05,over35,c706ad129145,canonical:2026-05,2019-02-15,2026-04-30,78914,1224,0.3284,0.6716,0.6895,1.797,0.6056,0.4525,0.21163,0.61305,0.02189,0.63297,0.2205,0.01993,0.319,0.3284,0,PROMOTE,True
canonical,2026-06,btts,fcd55e32e095,canonical:2026-06,2019-02-15,2026-05-31,80138,92,0.5652,0.5652,0.6196,5.435,0.588,0.6299,0.23912,0.6707,0.05037,0.6792,0.24305,0.0085,0.5735,0.5652,0,PROMOTE,True
canonical,2026-06,over15,fcd55e32e095,canonical:2026-06,2019-02-15,2026-05-31,80138,92,0.8152,0.8152,0.8152,0.0,0.6243,0.8543,0.14861,0.47497,0.05126,0.49714,0.15757,0.02218,0.7886,0.8152,0,PROMOTE,True
canonical,2026-06,over25,fcd55e32e095,canonical:2026-06,2019-02-15,2026-05-31,80138,92,0.5761,0.5761,0.5652,-1.087,0.5689,0.6456,0.24128,0.67579,0.04538,0.67434,0.24064,-0.00145,0.5612,0.5761,0,PROMOTE,True
canonical,2026-06,over35,fcd55e32e095,canonical:2026-06,2019-02-15,2026-05-31,80138,92,0.4022,0.5978,0.6087,1.087,0.6771,0.5499,0.23509,0.66058,0.11163,0.68393,0.24515,0.02335,0.3061,0.4022,0,PROMOTE,True
canonical,2026-07,btts,f4435f1da256,canonical:2026-07,2019-02-15,2026-06-28,80230,441,0.5488,0.5488,0.585,3.628,0.6262,0.6861,0.2341,0.65844,0.02437,0.68657,0.24671,0.02813,0.5592,0.5488,0,PROMOTE,True
canonical,2026-07,over15,fcd55e32e095,canonical:2026-07,2019-02-15,2026-06-28,80230,441,0.7619,0.7619,0.7642,0.227,0.6156,0.8336,0.17548,0.53195,0.03698,0.54283,0.17895,0.01088,0.7705,0.7619,1,REJECT,True
canonical,2026-07,over25,f4435f1da256,canonical:2026-07,2019-02-15,2026-06-28,80230,441,0.5351,0.5351,0.5533,1.814,0.5948,0.6557,0.24073,0.67332,0.0403,0.68252,0.24469,0.0092,0.5382,0.5351,0,PROMOTE,True
canonical,2026-07,over35,fcd55e32e095,canonical:2026-07,2019-02-15,2026-06-28,80230,441,0.2744,0.7256,0.7324,0.68,0.6218,0.4206,0.1911,0.56747,0.05262,0.57565,0.19457,0.00818,0.3202,0.2744,1,REJECT,True
canonical,2026-08,btts,13409069955b,canonical:2026-08,2019-02-15,2026-07-31,80671,1409,0.5678,0.5678,0.6047,3.691,0.6244,0.7046,0.23033,0.6504,0.03549,0.67922,0.24308,0.02881,0.5448,0.5678,0,PROMOTE,True
canonical,2026-08,over15,13409069955b,canonical:2026-08,2019-02-15,2026-07-31,80671,1409,0.7644,0.7644,0.7672,0.284,0.6471,0.8491,0.17054,0.52029,0.02461,0.53726,0.1767,0.01697,0.7546,0.7644,0,PROMOTE,True
canonical,2026-08,over25,13409069955b,canonical:2026-08,2019-02-15,2026-07-31,80671,1409,0.5493,0.5493,0.6033,5.394,0.649,0.682,0.23173,0.65524,0.04413,0.68328,0.2451,0.02804,0.5216,0.5493,0,PROMOTE,True
canonical,2026-08,over35,13409069955b,canonical:2026-08,2019-02-15,2026-07-31,80671,1409,0.3215,0.6785,0.6863,0.781,0.6331,0.4524,0.20741,0.60225,0.02457,0.62222,0.21572,0.01997,0.2973,0.3215,0,PROMOTE,True
canonical,2026-09,btts,2f16db6fa83c,canonical:2026-09,2019-02-15,2026-08-31,82080,1049,0.5615,0.5615,0.5548,-0.667,0.5588,0.6319,0.24215,0.67636,0.02363,0.69189,0.24938,0.01553,0.5627,0.5615,0,PROMOTE,True
canonical,2026-09,over15,2f16db6fa83c,canonical:2026-09,2019-02-15,2026-08-31,82080,1049,0.7769,0.7769,0.7788,0.191,0.5968,0.836,0.16983,0.52024,0.02699,0.53367,0.17469,0.01344,0.7682,0.7769,0,PROMOTE,True
canonical,2026-09,over25,2f16db6fa83c,canonical:2026-09,2019-02-15,2026-08-31,82080,1049,0.5462,0.5462,0.5539,0.763,0.5782,0.6289,0.24298,0.67854,0.0347,0.68942,0.24814,0.01089,0.5408,0.5462,0,PROMOTE,True
canonical,2026-09,over35,2f16db6fa83c,canonical:2026-09,2019-02-15,2026-08-31,82080,1049,0.3232,0.6768,0.6883,1.144,0.5858,0.4315,0.21227,0.61456,0.04211,0.63274,0.21982,0.01817,0.31,0.3232,0,PROMOTE,True
frozen,2022-08,btts,ddd5a98d4ee4,frozen:2022-08,2019-02-15,2022-07-31,28284,1462,0.5205,0.5205,0.5192,-0.137,0.5357,0.5482,0.24989,0.69306,0.03317,0.68732,0.24709,-0.00575,0.5278,0.5205,0,frozen_never_retrains,True
frozen,2022-08,over15,ddd5a98d4ee4,frozen:2022-08,2019-02-15,2022-07-31,28284,1462,0.7387,0.7387,0.7387,0.0,0.5876,0.796,0.18976,0.56563,0.01233,0.56444,0.18915,-0.00119,0.7393,0.7387,0,frozen_never_retrains,True
frozen,2022-08,over25,ddd5a98d4ee4,frozen:2022-08,2019-02-15,2022-07-31,28284,1462,0.5287,0.5287,0.5773,4.856,0.5988,0.6235,0.24296,0.67886,0.03147,0.68175,0.24433,0.00289,0.4973,0.5287,0,frozen_never_retrains,True
frozen,2022-08,over35,ddd5a98d4ee4,frozen:2022-08,2019-02-15,2022-07-31,28284,1462,0.303,0.697,0.7018,0.479,0.5997,0.4181,0.20487,0.59894,0.02434,0.60403,0.20733,0.00509,0.2787,0.303,0,frozen_never_retrains,True
frozen,2022-09,btts,ddd5a98d4ee4,frozen:2022-09,2019-02-15,2022-08-31,29746,1210,0.5124,0.5124,0.5289,1.653,0.546,0.5698,0.24851,0.69008,0.02424,0.69107,0.24896,0.00099,0.5274,0.5124,1,frozen_never_retrains,True
frozen,2022-09,over15,ddd5a98d4ee4,frozen:2022-09,2019-02-15,2022-08-31,29746,1210,0.7364,0.7364,0.7364,0.0,0.5998,0.8012,0.1892,0.56409,0.01693,0.56995,0.1915,0.00586,0.7407,0.7364,1,frozen_never_retrains,True
frozen,2022-09,over25,ddd5a98d4ee4,frozen:2022-09,2019-02-15,2022-08-31,29746,1210,0.4992,0.5008,0.5711,7.025,0.5845,0.5836,0.24483,0.68276,0.02545,0.68309,0.245,0.00033,0.4951,0.4992,1,frozen_never_retrains,True
frozen,2022-09,over35,ddd5a98d4ee4,frozen:2022-09,2019-02-15,2022-08-31,29746,1210,0.2653,0.7347,0.7355,0.083,0.6231,0.3579,0.18871,0.56256,0.0295,0.56505,0.18971,0.00249,0.2755,0.2653,1,frozen_never_retrains,True
frozen,2022-10,btts,ddd5a98d4ee4,frozen:2022-10,2019-02-15,2022-09-30,30956,1707,0.5442,0.5442,0.5448,0.059,0.5377,0.5817,0.24742,0.68795,0.02323,0.68982,0.24834,0.00187,0.5292,0.5442,2,frozen_never_retrains,True
frozen,2022-10,over15,ddd5a98d4ee4,frozen:2022-10,2019-02-15,2022-09-30,30956,1707,0.751,0.751,0.751,0.0,0.5621,0.7893,0.18617,0.55858,0.01512,0.55595,0.18501,-0.00263,0.737,0.751,2,frozen_never_retrains,True
frozen,2022-10,over25,ddd5a98d4ee4,frozen:2022-10,2019-02-15,2022-09-30,30956,1707,0.5284,0.5284,0.5641,3.574,0.5828,0.5977,0.24503,0.6831,0.0341,0.68502,0.24596,0.00192,0.4951,0.5284,2,frozen_never_retrains,True
frozen,2022-10,over35,ddd5a98d4ee4,frozen:2022-10,2019-02-15,2022-09-30,30956,1707,0.2818,0.7182,0.7194,0.117,0.5901,0.3688,0.19771,0.58328,0.01188,0.58555,0.19871,0.00227,0.2732,0.2818,2,frozen_never_retrains,True
frozen,2022-11,btts,ddd5a98d4ee4,frozen:2022-11,2019-02-15,2022-10-31,32663,726,0.5413,0.5413,0.5689,2.755,0.5587,0.5626,0.2474,0.68831,0.04395,0.68182,0.24437,-0.00649,0.5243,0.5413,3,frozen_never_retrains,True
frozen,2022-11,over15,ddd5a98d4ee4,frozen:2022-11,2019-02-15,2022-10-31,32663,726,0.7562,0.7562,0.7562,0.0,0.6066,0.8046,0.18054,0.54574,0.03447,0.54775,0.18134,0.00201,0.7415,0.7562,3,frozen_never_retrains,True
frozen,2022-11,over25,ddd5a98d4ee4,frozen:2022-11,2019-02-15,2022-10-31,32663,726,0.5083,0.5083,0.5758,6.749,0.6028,0.5968,0.24197,0.67682,0.02898,0.67941,0.24317,0.00259,0.4943,0.5083,3,frozen_never_retrains,True
frozen,2022-11,over35,ddd5a98d4ee4,frozen:2022-11,2019-02-15,2022-10-31,32663,726,0.3154,0.6846,0.6873,0.275,0.6092,0.3888,0.21172,0.61276,0.04779,0.61625,0.21308,0.00349,0.2793,0.3154,3,frozen_never_retrains,True
frozen,2022-12,btts,ddd5a98d4ee4,frozen:2022-12,2019-02-15,2022-11-30,33389,558,0.4552,0.5448,0.5018,-4.301,0.5228,0.4792,0.25295,0.69922,0.07509,0.69798,0.25241,-0.00125,0.5138,0.4552,4,frozen_never_retrains,True
frozen,2022-12,over15,ddd5a98d4ee4,frozen:2022-12,2019-02-15,2022-11-30,33389,558,0.7419,0.7419,0.7419,0.0,0.5973,0.8172,0.18763,0.56027,0.01212,0.56361,0.18846,0.00334,0.7298,0.7419,4,frozen_never_retrains,True
frozen,2022-12,over25,ddd5a98d4ee4,frozen:2022-12,2019-02-15,2022-11-30,33389,558,0.4821,0.5179,0.5538,3.584,0.5795,0.5513,0.24538,0.68391,0.01187,0.68409,0.24549,0.00018,0.4728,0.4821,4,frozen_never_retrains,True
frozen,2022-12,over35,ddd5a98d4ee4,frozen:2022-12,2019-02-15,2022-11-30,33389,558,0.2276,0.7724,0.7724,0.0,0.5992,0.2979,0.17292,0.52839,0.02767,0.53032,0.17371,0.00194,0.2553,0.2276,4,frozen_never_retrains,True
frozen,2023-01,btts,ddd5a98d4ee4,frozen:2023-01,2019-02-15,2022-12-31,33947,717,0.4993,0.5007,0.5202,1.953,0.5328,0.5275,0.24991,0.693,0.02975,0.68667,0.24677,-0.00633,0.5149,0.4993,5,frozen_never_retrains,True
frozen,2023-01,over15,ddd5a98d4ee4,frozen:2023-01,2019-02-15,2022-12-31,33947,717,0.7364,0.7364,0.7364,0.0,0.5787,0.7866,0.19144,0.56984,0.01864,0.56612,0.18986,-0.00372,0.7183,0.7364,5,frozen_never_retrains,True
frozen,2023-01,over25,ddd5a98d4ee4,frozen:2023-01,2019-02-15,2022-12-31,33947,717,0.4979,0.5021,0.5523,5.021,0.5597,0.5459,0.24929,0.69194,0.0407,0.6884,0.24765,-0.00354,0.4654,0.4979,5,frozen_never_retrains,True
frozen,2023-01,over35,ddd5a98d4ee4,frozen:2023-01,2019-02-15,2022-12-31,33947,717,0.2608,0.7392,0.7378,-0.139,0.572,0.3143,0.19064,0.5681,0.00915,0.57051,0.19165,0.00241,0.257,0.2608,5,frozen_never_retrains,True
frozen,2023-02,btts,ddd5a98d4ee4,frozen:2023-02,2019-02-15,2023-01-31,34664,1014,0.4842,0.5158,0.5345,1.874,0.546,0.5322,0.24915,0.69147,0.03115,0.69418,0.25049,0.00271,0.5108,0.4842,6,frozen_never_retrains,True
frozen,2023-02,over15,ddd5a98d4ee4,frozen:2023-02,2019-02-15,2023-01-31,34664,1014,0.7199,0.7199,0.7199,0.0,0.5516,0.7685,0.20087,0.59028,0.03805,0.59277,0.20134,0.00249,0.7094,0.7199,6,frozen_never_retrains,True
frozen,2023-02,over25,ddd5a98d4ee4,frozen:2023-02,2019-02-15,2023-01-31,34664,1014,0.4428,0.5572,0.574,1.677,0.5818,0.53,0.2414,0.67572,0.01748,0.68132,0.24413,0.0056,0.4555,0.4428,6,frozen_never_retrains,True
frozen,2023-02,over35,ddd5a98d4ee4,frozen:2023-02,2019-02-15,2023-01-31,34664,1014,0.2268,0.7732,0.7751,0.197,0.577,0.2991,0.17336,0.52991,0.02751,0.53192,0.17432,0.00202,0.2526,0.2268,6,frozen_never_retrains,True
frozen,2023-03,btts,ddd5a98d4ee4,frozen:2023-03,2019-02-15,2023-02-28,35678,984,0.4868,0.5132,0.5396,2.642,0.5491,0.5342,0.24899,0.69114,0.03384,0.68834,0.24761,-0.00279,0.5129,0.4868,7,frozen_never_retrains,True
frozen,2023-03,over15,ddd5a98d4ee4,frozen:2023-03,2019-02-15,2023-02-28,35678,984,0.7256,0.7256,0.7256,0.0,0.5724,0.7778,0.19684,0.58153,0.01651,0.57972,0.19594,-0.00182,0.7091,0.7256,7,frozen_never_retrains,True
frozen,2023-03,over25,ddd5a98d4ee4,frozen:2023-03,2019-02-15,2023-02-28,35678,984,0.4492,0.5508,0.5884,3.76,0.5818,0.5299,0.24254,0.67819,0.0279,0.68221,0.24456,0.00402,0.4575,0.4492,7,frozen_never_retrains,True
frozen,2023-03,over35,ddd5a98d4ee4,frozen:2023-03,2019-02-15,2023-02-28,35678,984,0.2561,0.7439,0.7439,0.0,0.5656,0.3165,0.18851,0.564,0.01758,0.56636,0.18962,0.00236,0.2554,0.2561,7,frozen_never_retrains,True
frozen,2023-04,btts,ddd5a98d4ee4,frozen:2023-04,2019-02-15,2023-03-31,36662,1671,0.5069,0.5069,0.5183,1.137,0.5066,0.5151,0.25294,0.69919,0.0329,0.6957,0.25126,-0.00349,0.5209,0.5069,8,frozen_never_retrains,True
frozen,2023-04,over15,ddd5a98d4ee4,frozen:2023-04,2019-02-15,2023-03-31,36662,1671,0.7397,0.7397,0.7391,-0.06,0.5603,0.7938,0.19165,0.56993,0.0239,0.5734,0.19252,0.00348,0.7158,0.7397,8,frozen_never_retrains,True
frozen,2023-04,over25,ddd5a98d4ee4,frozen:2023-04,2019-02-15,2023-03-31,36662,1671,0.4877,0.5123,0.5386,2.633,0.5614,0.558,0.2465,0.68602,0.02413,0.69523,0.25102,0.00921,0.4835,0.4877,8,frozen_never_retrains,True
frozen,2023-04,over35,ddd5a98d4ee4,frozen:2023-04,2019-02-15,2023-03-31,36662,1671,0.2699,0.7301,0.7313,0.12,0.5759,0.3455,0.19371,0.57528,0.00888,0.58053,0.19594,0.00525,0.2665,0.2699,8,frozen_never_retrains,True
frozen,2023-05,btts,ddd5a98d4ee4,frozen:2023-05,2019-02-15,2023-04-30,38333,1234,0.5365,0.5365,0.5551,1.864,0.5472,0.5636,0.24718,0.6876,0.02254,0.68787,0.24737,0.00027,0.5414,0.5365,9,frozen_never_retrains,True
frozen,2023-05,over15,ddd5a98d4ee4,frozen:2023-05,2019-02-15,2023-04-30,38333,1234,0.7504,0.7504,0.7504,0.0,0.5984,0.7994,0.18325,0.55166,0.01761,0.55691,0.18547,0.00525,0.7384,0.7504,9,frozen_never_retrains,True
frozen,2023-05,over25,ddd5a98d4ee4,frozen:2023-05,2019-02-15,2023-04-30,38333,1234,0.5113,0.5113,0.5689,5.754,0.6068,0.5944,0.24211,0.6772,0.01781,0.68347,0.24518,0.00627,0.4983,0.5113,9,frozen_never_retrains,True
frozen,2023-05,over35,ddd5a98d4ee4,frozen:2023-05,2019-02-15,2023-04-30,38333,1234,0.2974,0.7026,0.7026,-0.0,0.6008,0.3769,0.20398,0.59615,0.02921,0.60435,0.20715,0.0082,0.2778,0.2974,9,frozen_never_retrains,True
frozen,2023-06,btts,ddd5a98d4ee4,frozen:2023-06,2019-02-15,2023-05-31,39567,539,0.5436,0.5436,0.5417,-0.186,0.5174,0.5453,0.2518,0.69735,0.043,0.69049,0.24868,-0.00686,0.5728,0.5436,10,frozen_never_retrains,True
frozen,2023-06,over15,ddd5a98d4ee4,frozen:2023-06,2019-02-15,2023-05-31,39567,539,0.7403,0.7403,0.7403,0.0,0.576,0.8029,0.19081,0.56782,0.03633,0.57093,0.19159,0.00311,0.745,0.7403,10,frozen_never_retrains,True
frozen,2023-06,over25,ddd5a98d4ee4,frozen:2023-06,2019-02-15,2023-05-31,39567,539,0.5195,0.5195,0.5696,5.009,0.5918,0.6147,0.24231,0.67736,0.01655,0.68155,0.24425,0.00418,0.5039,0.5195,10,frozen_never_retrains,True
frozen,2023-06,over35,ddd5a98d4ee4,frozen:2023-06,2019-02-15,2023-05-31,39567,539,0.2913,0.7087,0.7087,0.0,0.6065,0.3828,0.20106,0.58984,0.02579,0.59899,0.20454,0.00915,0.2771,0.2913,10,frozen_never_retrains,True
frozen,2023-07,btts,ddd5a98d4ee4,frozen:2023-07,2019-02-15,2023-06-30,40106,755,0.5166,0.5166,0.5801,6.358,0.5887,0.5789,0.24429,0.6818,0.03314,0.68056,0.24373,-0.00124,0.546,0.5166,11,frozen_never_retrains,True
frozen,2023-07,over15,ddd5a98d4ee4,frozen:2023-07,2019-02-15,2023-06-30,40106,755,0.7404,0.7404,0.7417,0.132,0.6432,0.835,0.18305,0.5495,0.0204,0.55535,0.18544,0.00585,0.7277,0.7404,11,frozen_never_retrains,True
frozen,2023-07,over25,ddd5a98d4ee4,frozen:2023-07,2019-02-15,2023-06-30,40106,755,0.4795,0.5205,0.5987,7.815,0.6356,0.5847,0.23766,0.66802,0.04297,0.67019,0.2386,0.00217,0.4873,0.4795,11,frozen_never_retrains,True
frozen,2023-07,over35,ddd5a98d4ee4,frozen:2023-07,2019-02-15,2023-06-30,40106,755,0.2742,0.7258,0.7258,-0.0,0.6228,0.3883,0.19168,0.56861,0.02243,0.57936,0.19575,0.01075,0.2707,0.2742,11,frozen_never_retrains,True
frozen,2023-08,btts,ddd5a98d4ee4,frozen:2023-08,2019-02-15,2023-07-31,40861,1311,0.4935,0.5065,0.5202,1.373,0.5418,0.5266,0.25277,0.69902,0.05223,0.6961,0.25146,-0.00291,0.5445,0.4935,12,frozen_never_retrains,True
frozen,2023-08,over15,ddd5a98d4ee4,frozen:2023-08,2019-02-15,2023-07-31,40861,1311,0.7483,0.7483,0.749,0.076,0.5655,0.788,0.18713,0.56078,0.02185,0.56444,0.18841,0.00366,0.728,0.7483,12,frozen_never_retrains,True
frozen,2023-08,over25,ddd5a98d4ee4,frozen:2023-08,2019-02-15,2023-07-31,40861,1311,0.5202,0.5202,0.5553,3.509,0.5792,0.5803,0.24557,0.68418,0.04438,0.69018,0.24854,0.006,0.49,0.5202,12,frozen_never_retrains,True
frozen,2023-08,over35,ddd5a98d4ee4,frozen:2023-08,2019-02-15,2023-07-31,40861,1311,0.2746,0.7254,0.7262,0.076,0.5779,0.3341,0.19628,0.58032,0.01631,0.58481,0.19791,0.00449,0.2808,0.2746,12,frozen_never_retrains,True
frozen,2023-09,btts,ddd5a98d4ee4,frozen:2023-09,2019-02-15,2023-08-31,42172,1510,0.5596,0.5596,0.5503,-0.927,0.5202,0.583,0.24786,0.68894,0.0238,0.68701,0.24695,-0.00193,0.5603,0.5596,13,frozen_never_retrains,True
frozen,2023-09,over15,ddd5a98d4ee4,frozen:2023-09,2019-02-15,2023-08-31,42172,1510,0.7662,0.7662,0.7662,0.0,0.5612,0.8036,0.17914,0.54322,0.03392,0.54257,0.17881,-0.00065,0.7323,0.7662,13,frozen_never_retrains,True
frozen,2023-09,over25,ddd5a98d4ee4,frozen:2023-09,2019-02-15,2023-08-31,42172,1510,0.5265,0.5265,0.5391,1.258,0.5559,0.5769,0.24819,0.68952,0.03572,0.69626,0.25152,0.00674,0.4963,0.5265,13,frozen_never_retrains,True
frozen,2023-09,over35,ddd5a98d4ee4,frozen:2023-09,2019-02-15,2023-08-31,42172,1510,0.3066,0.6934,0.6954,0.199,0.5778,0.3735,0.2094,0.60887,0.02623,0.61914,0.21343,0.01027,0.2839,0.3066,13,frozen_never_retrains,True
frozen,2023-10,btts,ddd5a98d4ee4,frozen:2023-10,2019-02-15,2023-09-30,43682,1430,0.5161,0.5161,0.5231,0.699,0.5535,0.5743,0.25032,0.69384,0.05257,0.68676,0.24681,-0.00708,0.5661,0.5161,14,frozen_never_retrains,True
frozen,2023-10,over15,ddd5a98d4ee4,frozen:2023-10,2019-02-15,2023-09-30,43682,1430,0.7608,0.7608,0.7608,0.0,0.5924,0.8196,0.1793,0.54242,0.02829,0.54943,0.18175,0.00701,0.7325,0.7608,14,frozen_never_retrains,True
frozen,2023-10,over25,ddd5a98d4ee4,frozen:2023-10,2019-02-15,2023-09-30,43682,1430,0.5098,0.5098,0.5741,6.434,0.5988,0.6053,0.24282,0.67862,0.02165,0.68358,0.24524,0.00496,0.4991,0.5098,14,frozen_never_retrains,True
frozen,2023-10,over35,ddd5a98d4ee4,frozen:2023-10,2019-02-15,2023-09-30,43682,1430,0.3049,0.6951,0.6951,0.0,0.5883,0.3824,0.20766,0.60481,0.02571,0.60912,0.20946,0.00431,0.2847,0.3049,14,frozen_never_retrains,True
frozen,2023-11,btts,ddd5a98d4ee4,frozen:2023-11,2019-02-15,2023-10-31,45112,1097,0.5369,0.5369,0.5305,-0.638,0.4958,0.5294,0.25343,0.70047,0.04365,0.69641,0.25162,-0.00406,0.5604,0.5369,15,frozen_never_retrains,True
frozen,2023-11,over15,ddd5a98d4ee4,frozen:2023-11,2019-02-15,2023-10-31,45112,1097,0.7675,0.7675,0.7675,0.0,0.5399,0.7979,0.18042,0.54621,0.03172,0.54605,0.18006,-0.00017,0.7364,0.7675,15,frozen_never_retrains,True
frozen,2023-11,over25,ddd5a98d4ee4,frozen:2023-11,2019-02-15,2023-10-31,45112,1097,0.5278,0.5278,0.5706,4.284,0.5919,0.6022,0.2436,0.68017,0.0349,0.6881,0.2475,0.00793,0.4997,0.5278,15,frozen_never_retrains,True
frozen,2023-11,over35,ddd5a98d4ee4,frozen:2023-11,2019-02-15,2023-10-31,45112,1097,0.3036,0.6964,0.6983,0.182,0.5795,0.3628,0.20815,0.60552,0.02534,0.61132,0.21025,0.0058,0.2883,0.3036,15,frozen_never_retrains,True
frozen,2023-12,btts,ddd5a98d4ee4,frozen:2023-12,2019-02-15,2023-11-30,46209,1018,0.5314,0.5314,0.5462,1.473,0.5412,0.5593,0.24833,0.68995,0.02762,0.69219,0.24952,0.00223,0.5591,0.5314,16,frozen_never_retrains,True
frozen,2023-12,over15,ddd5a98d4ee4,frozen:2023-12,2019-02-15,2023-11-30,46209,1018,0.7544,0.7544,0.7544,0.0,0.5988,0.8222,0.18112,0.5459,0.01772,0.55164,0.18312,0.00574,0.7375,0.7544,16,frozen_never_retrains,True
frozen,2023-12,over25,ddd5a98d4ee4,frozen:2023-12,2019-02-15,2023-11-30,46209,1018,0.5157,0.5157,0.5403,2.456,0.5785,0.5956,0.24416,0.68116,0.03041,0.69063,0.24876,0.00946,0.4989,0.5157,16,frozen_never_retrains,True
frozen,2023-12,over35,ddd5a98d4ee4,frozen:2023-12,2019-02-15,2023-11-30,46209,1018,0.2868,0.7132,0.7132,0.0,0.602,0.383,0.19877,0.58551,0.02188,0.59642,0.20328,0.01091,0.284,0.2868,16,frozen_never_retrains,True
frozen,2024-01,btts,ddd5a98d4ee4,frozen:2024-01,2019-02-15,2023-12-30,47227,766,0.5666,0.5666,0.5627,-0.392,0.5662,0.6311,0.24216,0.67719,0.01756,0.69134,0.2491,0.01415,0.5558,0.5666,17,frozen_never_retrains,True
frozen,2024-01,over15,ddd5a98d4ee4,frozen:2024-01,2019-02-15,2023-12-30,47227,766,0.7624,0.7624,0.7624,0.0,0.5688,0.8066,0.18095,0.54692,0.0361,0.55226,0.1826,0.00534,0.7263,0.7624,17,frozen_never_retrains,True
frozen,2024-01,over25,ddd5a98d4ee4,frozen:2024-01,2019-02-15,2023-12-30,47227,766,0.5287,0.5287,0.5131,-1.567,0.5317,0.5504,0.25172,0.69651,0.05861,0.69595,0.25141,-0.00056,0.4774,0.5287,17,frozen_never_retrains,True
frozen,2024-01,over35,ddd5a98d4ee4,frozen:2024-01,2019-02-15,2023-12-30,47227,766,0.3003,0.6997,0.7037,0.392,0.543,0.3401,0.21043,0.61221,0.04811,0.61919,0.21322,0.00699,0.2723,0.3003,17,frozen_never_retrains,True
frozen,2024-02,btts,ddd5a98d4ee4,frozen:2024-02,2019-02-15,2024-01-31,47993,1214,0.5354,0.5354,0.5437,0.824,0.5255,0.5601,0.24908,0.69138,0.01895,0.68869,0.24778,-0.00269,0.5488,0.5354,18,frozen_never_retrains,True
frozen,2024-02,over15,ddd5a98d4ee4,frozen:2024-02,2019-02-15,2024-01-31,47993,1214,0.7545,0.7545,0.7545,0.0,0.5677,0.7914,0.18459,0.55547,0.04204,0.55396,0.18379,-0.00152,0.7213,0.7545,18,frozen_never_retrains,True
frozen,2024-02,over25,ddd5a98d4ee4,frozen:2024-02,2019-02-15,2024-01-31,47993,1214,0.4984,0.5016,0.5568,5.519,0.5783,0.5546,0.24711,0.68746,0.02987,0.6888,0.24787,0.00134,0.471,0.4984,18,frozen_never_retrains,True
frozen,2024-02,over35,ddd5a98d4ee4,frozen:2024-02,2019-02-15,2024-01-31,47993,1214,0.2825,0.7175,0.7166,-0.082,0.5948,0.3528,0.19823,0.58368,0.03506,0.59092,0.20117,0.00724,0.2694,0.2825,18,frozen_never_retrains,True
frozen,2024-03,btts,ddd5a98d4ee4,frozen:2024-03,2019-02-15,2024-02-29,49207,1366,0.5168,0.5168,0.5132,-0.366,0.5109,0.5333,0.25334,0.70005,0.05269,0.69299,0.24991,-0.00706,0.5505,0.5168,19,frozen_never_retrains,True
frozen,2024-03,over15,ddd5a98d4ee4,frozen:2024-03,2019-02-15,2024-02-29,49207,1366,0.7262,0.7262,0.7255,-0.073,0.5875,0.7792,0.19501,0.57754,0.00456,0.58415,0.19756,0.00661,0.7281,0.7262,19,frozen_never_retrains,True
frozen,2024-03,over25,ddd5a98d4ee4,frozen:2024-03,2019-02-15,2024-02-29,49207,1366,0.4971,0.5029,0.5425,3.953,0.575,0.5552,0.24648,0.68608,0.02808,0.69405,0.25044,0.00797,0.4759,0.4971,19,frozen_never_retrains,True
frozen,2024-03,over35,ddd5a98d4ee4,frozen:2024-03,2019-02-15,2024-02-29,49207,1366,0.2892,0.7108,0.7101,-0.073,0.5863,0.3582,0.20238,0.59383,0.025,0.59972,0.20487,0.00588,0.2707,0.2892,19,frozen_never_retrains,True
frozen,2024-04,btts,ddd5a98d4ee4,frozen:2024-04,2019-02-15,2024-03-31,50573,1750,0.5497,0.5497,0.5469,-0.286,0.5267,0.5689,0.24885,0.69101,0.02143,0.69015,0.2485,-0.00087,0.5566,0.5497,20,frozen_never_retrains,True
frozen,2024-04,over15,ddd5a98d4ee4,frozen:2024-04,2019-02-15,2024-03-31,50573,1750,0.7531,0.7531,0.7526,-0.057,0.5703,0.8045,0.18472,0.55479,0.02486,0.55784,0.18551,0.00305,0.7283,0.7531,20,frozen_never_retrains,True
frozen,2024-04,over25,ddd5a98d4ee4,frozen:2024-04,2019-02-15,2024-03-31,50573,1750,0.5343,0.5343,0.5394,0.514,0.559,0.5835,0.24813,0.6894,0.04952,0.6963,0.25154,0.0069,0.4923,0.5343,20,frozen_never_retrains,True
frozen,2024-04,over35,ddd5a98d4ee4,frozen:2024-04,2019-02-15,2024-03-31,50573,1750,0.3051,0.6949,0.6931,-0.171,0.569,0.3653,0.20979,0.60985,0.02942,0.61522,0.21207,0.00538,0.2777,0.3051,20,frozen_never_retrains,True
frozen,2024-05,btts,ddd5a98d4ee4,frozen:2024-05,2019-02-15,2024-04-30,52323,1257,0.5632,0.5632,0.5632,0.0,0.5403,0.5939,0.24579,0.68489,0.02536,0.68191,0.24441,-0.00298,0.5749,0.5632,21,frozen_never_retrains,True
frozen,2024-05,over15,ddd5a98d4ee4,frozen:2024-05,2019-02-15,2024-04-30,52323,1257,0.7741,0.7741,0.7741,0.0,0.5789,0.8257,0.1732,0.5288,0.02362,0.53265,0.17429,0.00386,0.7504,0.7741,21,frozen_never_retrains,True
frozen,2024-05,over25,ddd5a98d4ee4,frozen:2024-05,2019-02-15,2024-04-30,52323,1257,0.568,0.568,0.5911,2.307,0.6109,0.6692,0.23887,0.67039,0.0556,0.68073,0.24382,0.01033,0.516,0.568,21,frozen_never_retrains,True
frozen,2024-05,over35,ddd5a98d4ee4,frozen:2024-05,2019-02-15,2024-04-30,52323,1257,0.3373,0.6627,0.6667,0.398,0.5961,0.4307,0.21908,0.6291,0.04579,0.6347,0.22161,0.0056,0.2915,0.3373,21,frozen_never_retrains,True
frozen,2024-06,btts,ddd5a98d4ee4,frozen:2024-06,2019-02-15,2024-05-31,53580,563,0.5613,0.5613,0.5613,0.0,0.5517,0.634,0.24467,0.68219,0.04694,0.68017,0.24356,-0.00202,0.5858,0.5613,22,frozen_never_retrains,True
frozen,2024-06,over15,ddd5a98d4ee4,frozen:2024-06,2019-02-15,2024-05-31,53580,563,0.7549,0.7549,0.7549,0.0,0.5814,0.7957,0.18247,0.55025,0.01955,0.54969,0.1823,-0.00056,0.751,0.7549,22,frozen_never_retrains,True
frozen,2024-06,over25,ddd5a98d4ee4,frozen:2024-06,2019-02-15,2024-05-31,53580,563,0.5293,0.5293,0.5915,6.217,0.6395,0.6474,0.23665,0.66595,0.03834,0.67248,0.23976,0.00652,0.5083,0.5293,22,frozen_never_retrains,True
frozen,2024-06,over35,ddd5a98d4ee4,frozen:2024-06,2019-02-15,2024-05-31,53580,563,0.2842,0.7158,0.714,-0.178,0.6254,0.3945,0.19611,0.57912,0.04522,0.57273,0.19427,-0.00639,0.2886,0.2842,22,frozen_never_retrains,True
frozen,2024-07,btts,ddd5a98d4ee4,frozen:2024-07,2019-02-15,2024-06-30,54143,676,0.5607,0.5607,0.5769,1.627,0.5713,0.6075,0.24292,0.67899,0.0086,0.67838,0.24267,-0.00061,0.5677,0.5607,23,frozen_never_retrains,True
frozen,2024-07,over15,ddd5a98d4ee4,frozen:2024-07,2019-02-15,2024-06-30,54143,676,0.7722,0.7722,0.7692,-0.296,0.5925,0.8304,0.17421,0.53062,0.02788,0.5333,0.17463,0.00268,0.7443,0.7722,23,frozen_never_retrains,True
frozen,2024-07,over25,ddd5a98d4ee4,frozen:2024-07,2019-02-15,2024-06-30,54143,676,0.5266,0.5266,0.5621,3.55,0.5996,0.6167,0.24157,0.676,0.02242,0.67765,0.2423,0.00164,0.5081,0.5266,23,frozen_never_retrains,True
frozen,2024-07,over35,ddd5a98d4ee4,frozen:2024-07,2019-02-15,2024-06-30,54143,676,0.2914,0.7086,0.7175,0.888,0.6192,0.4245,0.19773,0.58277,0.01596,0.59234,0.20226,0.00957,0.2946,0.2914,23,frozen_never_retrains,True
frozen,2024-08,btts,ddd5a98d4ee4,frozen:2024-08,2019-02-15,2024-07-31,54819,1343,0.5034,0.5034,0.516,1.266,0.5356,0.5326,0.25352,0.70063,0.05832,0.69184,0.24934,-0.00879,0.5616,0.5034,24,frozen_never_retrains,True
frozen,2024-08,over15,ddd5a98d4ee4,frozen:2024-08,2019-02-15,2024-07-31,54819,1343,0.7163,0.7163,0.7163,0.0,0.5892,0.7647,0.19932,0.58736,0.01705,0.59293,0.20161,0.00557,0.7313,0.7163,24,frozen_never_retrains,True
frozen,2024-08,over25,ddd5a98d4ee4,frozen:2024-08,2019-02-15,2024-07-31,54819,1343,0.4862,0.5138,0.5421,2.829,0.5699,0.554,0.24642,0.68596,0.01875,0.68752,0.2472,0.00157,0.4958,0.4862,24,frozen_never_retrains,True
frozen,2024-08,over35,ddd5a98d4ee4,frozen:2024-08,2019-02-15,2024-07-31,54819,1343,0.2844,0.7156,0.7171,0.149,0.5714,0.365,0.20006,0.58916,0.01758,0.59267,0.20164,0.00352,0.286,0.2844,24,frozen_never_retrains,True
frozen,2024-09,btts,ddd5a98d4ee4,frozen:2024-09,2019-02-15,2024-08-31,56162,1435,0.5213,0.5213,0.5324,1.115,0.5524,0.5821,0.24979,0.69273,0.04812,0.69127,0.24907,-0.00145,0.5655,0.5213,25,frozen_never_retrains,True
frozen,2024-09,over15,ddd5a98d4ee4,frozen:2024-09,2019-02-15,2024-08-31,56162,1435,0.7484,0.7484,0.7484,0.0,0.6123,0.8263,0.183,0.54945,0.02425,0.55553,0.18507,0.00608,0.7384,0.7484,25,frozen_never_retrains,True
frozen,2024-09,over25,ddd5a98d4ee4,frozen:2024-09,2019-02-15,2024-08-31,56162,1435,0.5059,0.5059,0.5456,3.972,0.5621,0.556,0.24802,0.68933,0.0138,0.68826,0.24757,-0.00108,0.4993,0.5059,25,frozen_never_retrains,True
frozen,2024-09,over35,ddd5a98d4ee4,frozen:2024-09,2019-02-15,2024-08-31,56162,1435,0.2857,0.7143,0.7136,-0.07,0.5706,0.341,0.2017,0.59233,0.00849,0.59294,0.20179,0.00061,0.2841,0.2857,25,frozen_never_retrains,True
frozen,2024-10,btts,ddd5a98d4ee4,frozen:2024-10,2019-02-15,2024-09-30,57597,1342,0.5156,0.5156,0.5447,2.906,0.5516,0.5483,0.25055,0.6946,0.04718,0.69142,0.24914,-0.00318,0.5628,0.5156,26,frozen_never_retrains,True
frozen,2024-10,over15,ddd5a98d4ee4,frozen:2024-10,2019-02-15,2024-09-30,57597,1342,0.731,0.731,0.7303,-0.075,0.5744,0.7854,0.19444,0.5761,0.01911,0.57765,0.19491,0.00155,0.7306,0.731,26,frozen_never_retrains,True
frozen,2024-10,over25,ddd5a98d4ee4,frozen:2024-10,2019-02-15,2024-09-30,57597,1342,0.4829,0.5171,0.5857,6.855,0.5985,0.5833,0.24265,0.67831,0.02973,0.67959,0.24326,0.00128,0.49,0.4829,26,frozen_never_retrains,True
frozen,2024-10,over35,ddd5a98d4ee4,frozen:2024-10,2019-02-15,2024-09-30,57597,1342,0.2653,0.7347,0.731,-0.373,0.6208,0.3522,0.18966,0.56497,0.02324,0.57375,0.19295,0.00878,0.2792,0.2653,26,frozen_never_retrains,True
frozen,2024-11,btts,ddd5a98d4ee4,frozen:2024-11,2019-02-15,2024-10-31,58939,1233,0.4972,0.5028,0.5085,0.568,0.5152,0.5097,0.2557,0.7051,0.06566,0.69479,0.25081,-0.01032,0.5579,0.4972,27,frozen_never_retrains,True
frozen,2024-11,over15,ddd5a98d4ee4,frozen:2024-11,2019-02-15,2024-10-31,58939,1233,0.6967,0.6967,0.6967,0.0,0.5627,0.7347,0.21028,0.61214,0.03009,0.61807,0.21263,0.00593,0.7249,0.6967,27,frozen_never_retrains,True
frozen,2024-11,over25,ddd5a98d4ee4,frozen:2024-11,2019-02-15,2024-10-31,58939,1233,0.4453,0.5547,0.5588,0.406,0.5827,0.5199,0.24294,0.67883,0.0451,0.68747,0.24717,0.00864,0.484,0.4453,27,frozen_never_retrains,True
frozen,2024-11,over35,ddd5a98d4ee4,frozen:2024-11,2019-02-15,2024-10-31,58939,1233,0.2433,0.7567,0.7567,0.0,0.5894,0.3224,0.18144,0.54785,0.03646,0.55297,0.18357,0.00512,0.2765,0.2433,27,frozen_never_retrains,True
frozen,2024-12,btts,ddd5a98d4ee4,frozen:2024-12,2019-02-15,2024-11-30,60172,1040,0.5163,0.5163,0.5163,0.0,0.5233,0.5332,0.25189,0.69719,0.05695,0.68842,0.24765,-0.00876,0.5478,0.5163,28,frozen_never_retrains,True
frozen,2024-12,over15,ddd5a98d4ee4,frozen:2024-12,2019-02-15,2024-11-30,60172,1040,0.7635,0.7635,0.7644,0.096,0.5927,0.8173,0.17873,0.54179,0.04705,0.54385,0.17937,0.00206,0.7199,0.7635,28,frozen_never_retrains,True
frozen,2024-12,over25,ddd5a98d4ee4,frozen:2024-12,2019-02-15,2024-11-30,60172,1040,0.524,0.524,0.5471,2.308,0.5778,0.6055,0.24698,0.68711,0.04856,0.68443,0.24567,-0.00268,0.4755,0.524,28,frozen_never_retrains,True
frozen,2024-12,over35,ddd5a98d4ee4,frozen:2024-12,2019-02-15,2024-11-30,60172,1040,0.274,0.726,0.7298,0.385,0.596,0.3678,0.19376,0.57477,0.00767,0.58106,0.1963,0.00629,0.2664,0.274,28,frozen_never_retrains,True
frozen,2025-01,btts,ddd5a98d4ee4,frozen:2025-01,2019-02-15,2024-12-31,61212,863,0.5295,0.5295,0.5516,2.202,0.5622,0.5779,0.2472,0.68761,0.02186,0.68497,0.24593,-0.00263,0.5456,0.5295,29,frozen_never_retrains,True
frozen,2025-01,over15,ddd5a98d4ee4,frozen:2025-01,2019-02-15,2024-12-31,61212,863,0.7254,0.7254,0.7254,0.0,0.5789,0.7786,0.19642,0.58062,0.01479,0.58516,0.19806,0.00454,0.7106,0.7254,29,frozen_never_retrains,True
frozen,2025-01,over25,ddd5a98d4ee4,frozen:2025-01,2019-02-15,2024-12-31,61212,863,0.5006,0.5006,0.5539,5.33,0.5563,0.5864,0.2485,0.69033,0.04671,0.68908,0.24797,-0.00125,0.4601,0.5006,29,frozen_never_retrains,True
frozen,2025-01,over35,ddd5a98d4ee4,frozen:2025-01,2019-02-15,2024-12-31,61212,863,0.2538,0.7462,0.7486,0.232,0.5871,0.34,0.18549,0.55682,0.00807,0.5628,0.18788,0.00598,0.2596,0.2538,29,frozen_never_retrains,True
frozen,2025-02,btts,ddd5a98d4ee4,frozen:2025-02,2019-02-15,2025-01-31,62075,1180,0.5144,0.5144,0.5398,2.542,0.5501,0.5658,0.24875,0.69065,0.03144,0.68887,0.24786,-0.00177,0.5452,0.5144,30,frozen_never_retrains,True
frozen,2025-02,over15,ddd5a98d4ee4,frozen:2025-02,2019-02-15,2025-01-31,62075,1180,0.722,0.722,0.7229,0.085,0.5554,0.765,0.19925,0.58734,0.03121,0.58483,0.19811,-0.0025,0.7179,0.722,30,frozen_never_retrains,True
frozen,2025-02,over25,ddd5a98d4ee4,frozen:2025-02,2019-02-15,2025-01-31,62075,1180,0.4831,0.5169,0.5441,2.712,0.5687,0.5491,0.24642,0.68595,0.0234,0.68579,0.24635,-0.00016,0.464,0.4831,30,frozen_never_retrains,True
frozen,2025-02,over35,ddd5a98d4ee4,frozen:2025-02,2019-02-15,2025-01-31,62075,1180,0.2466,0.7534,0.7559,0.254,0.5956,0.3346,0.18124,0.54672,0.01808,0.5581,0.18591,0.01138,0.2624,0.2466,30,frozen_never_retrains,True
frozen,2025-03,btts,ddd5a98d4ee4,frozen:2025-03,2019-02-15,2025-02-28,63255,1333,0.5184,0.5184,0.5439,2.551,0.5239,0.538,0.25123,0.69585,0.02532,0.69368,0.25026,-0.00218,0.5437,0.5184,31,frozen_never_retrains,True
frozen,2025-03,over15,ddd5a98d4ee4,frozen:2025-03,2019-02-15,2025-02-28,63255,1333,0.7239,0.7239,0.7247,0.075,0.56,0.7647,0.19809,0.5849,0.01516,0.5908,0.20049,0.0059,0.7164,0.7239,31,frozen_never_retrains,True
frozen,2025-03,over25,ddd5a98d4ee4,frozen:2025-03,2019-02-15,2025-02-28,63255,1333,0.4801,0.5199,0.5521,3.226,0.5733,0.5477,0.24557,0.68419,0.0198,0.68981,0.24831,0.00562,0.4608,0.4801,31,frozen_never_retrains,True
frozen,2025-03,over35,ddd5a98d4ee4,frozen:2025-03,2019-02-15,2025-02-28,63255,1333,0.2408,0.7592,0.7607,0.15,0.5796,0.2915,0.1806,0.54555,0.01796,0.55125,0.1827,0.0057,0.2577,0.2408,31,frozen_never_retrains,True
frozen,2025-04,btts,ddd5a98d4ee4,frozen:2025-04,2019-02-15,2025-03-31,64588,1570,0.5369,0.5369,0.5376,0.064,0.5434,0.5735,0.24776,0.68872,0.02783,0.68923,0.24805,0.00051,0.5473,0.5369,32,frozen_never_retrains,True
frozen,2025-04,over15,ddd5a98d4ee4,frozen:2025-04,2019-02-15,2025-03-31,64588,1570,0.7459,0.7459,0.7459,0.0,0.5737,0.7959,0.18798,0.56224,0.02908,0.56397,0.18844,0.00173,0.7169,0.7459,32,frozen_never_retrains,True
frozen,2025-04,over25,ddd5a98d4ee4,frozen:2025-04,2019-02-15,2025-03-31,64588,1570,0.5045,0.5045,0.5242,1.975,0.5543,0.5682,0.24783,0.6887,0.03978,0.69261,0.24973,0.00391,0.4802,0.5045,32,frozen_never_retrains,True
frozen,2025-04,over35,ddd5a98d4ee4,frozen:2025-04,2019-02-15,2025-03-31,64588,1570,0.2917,0.7083,0.7096,0.127,0.5762,0.3688,0.20363,0.59673,0.02639,0.60025,0.20514,0.00352,0.2653,0.2917,32,frozen_never_retrains,True
frozen,2025-05,btts,ddd5a98d4ee4,frozen:2025-05,2019-02-15,2025-04-30,66158,1172,0.5529,0.5529,0.5503,-0.256,0.5262,0.5802,0.24869,0.69075,0.02916,0.68984,0.24836,-0.00091,0.5705,0.5529,33,frozen_never_retrains,True
frozen,2025-05,over15,ddd5a98d4ee4,frozen:2025-05,2019-02-15,2025-04-30,66158,1172,0.7585,0.7585,0.7585,0.0,0.6005,0.8289,0.1792,0.54128,0.01329,0.54664,0.18092,0.00536,0.7452,0.7585,33,frozen_never_retrains,True
frozen,2025-05,over25,ddd5a98d4ee4,frozen:2025-05,2019-02-15,2025-04-30,66158,1172,0.5333,0.5333,0.5418,0.853,0.563,0.5905,0.24667,0.68654,0.02954,0.68825,0.24756,0.00171,0.5082,0.5333,33,frozen_never_retrains,True
frozen,2025-05,over35,ddd5a98d4ee4,frozen:2025-05,2019-02-15,2025-04-30,66158,1172,0.3106,0.6894,0.6911,0.171,0.5632,0.3697,0.21211,0.61513,0.02499,0.6156,0.21239,0.00047,0.2871,0.3106,33,frozen_never_retrains,True
frozen,2025-06,btts,ddd5a98d4ee4,frozen:2025-06,2019-02-15,2025-05-31,67330,295,0.5593,0.5593,0.5458,-1.356,0.5171,0.5846,0.24937,0.69218,0.04216,0.68548,0.24619,-0.0067,0.5817,0.5593,34,frozen_never_retrains,True
frozen,2025-06,over15,ddd5a98d4ee4,frozen:2025-06,2019-02-15,2025-05-31,67330,295,0.7898,0.7898,0.7898,0.0,0.5588,0.8268,0.16675,0.51506,0.03529,0.5147,0.16631,-0.00036,0.7545,0.7898,34,frozen_never_retrains,True
frozen,2025-06,over25,ddd5a98d4ee4,frozen:2025-06,2019-02-15,2025-05-31,67330,295,0.5763,0.5763,0.5525,-2.373,0.561,0.626,0.2464,0.68602,0.06294,0.68536,0.24609,-0.00066,0.5142,0.5763,34,frozen_never_retrains,True
frozen,2025-06,over35,ddd5a98d4ee4,frozen:2025-06,2019-02-15,2025-05-31,67330,295,0.3254,0.6746,0.6746,0.0,0.5481,0.3627,0.2209,0.63439,0.05007,0.62485,0.21687,-0.00953,0.2785,0.3254,34,frozen_never_retrains,True
frozen,2025-07,btts,ddd5a98d4ee4,frozen:2025-07,2019-02-15,2025-06-30,67625,449,0.5501,0.5501,0.5501,0.0,0.5517,0.5881,0.24687,0.68703,0.02743,0.68012,0.24352,-0.00691,0.5678,0.5501,35,frozen_never_retrains,True
frozen,2025-07,over15,ddd5a98d4ee4,frozen:2025-07,2019-02-15,2025-06-30,67625,449,0.7483,0.7483,0.7483,0.0,0.6164,0.8093,0.18222,0.5487,0.025,0.54847,0.18215,-0.00023,0.7378,0.7483,35,frozen_never_retrains,True
frozen,2025-07,over25,ddd5a98d4ee4,frozen:2025-07,2019-02-15,2025-06-30,67625,449,0.539,0.539,0.539,0.0,0.5541,0.5937,0.24895,0.69115,0.04245,0.68363,0.24527,-0.00753,0.4975,0.539,35,frozen_never_retrains,True
frozen,2025-07,over35,ddd5a98d4ee4,frozen:2025-07,2019-02-15,2025-06-30,67625,449,0.343,0.657,0.657,0.0,0.5543,0.3765,0.22767,0.64912,0.0599,0.63784,0.22347,-0.01128,0.2863,0.343,35,frozen_never_retrains,True
frozen,2025-08,btts,ddd5a98d4ee4,frozen:2025-08,2019-02-15,2025-07-30,68074,1350,0.543,0.543,0.5726,2.963,0.5622,0.5824,0.24561,0.68456,0.02405,0.68763,0.24726,0.00307,0.563,0.543,36,frozen_never_retrains,True
frozen,2025-08,over15,ddd5a98d4ee4,frozen:2025-08,2019-02-15,2025-07-30,68074,1350,0.7533,0.7533,0.7526,-0.074,0.5589,0.7939,0.18607,0.55818,0.02873,0.55445,0.18422,-0.00374,0.7293,0.7533,36,frozen_never_retrains,True
frozen,2025-08,over25,ddd5a98d4ee4,frozen:2025-08,2019-02-15,2025-07-30,68074,1350,0.5104,0.5104,0.5822,7.185,0.5997,0.5759,0.24325,0.67956,0.0373,0.68838,0.24762,0.00882,0.4978,0.5104,36,frozen_never_retrains,True
frozen,2025-08,over35,ddd5a98d4ee4,frozen:2025-08,2019-02-15,2025-07-30,68074,1350,0.2867,0.7133,0.7148,0.148,0.5851,0.3625,0.20038,0.58925,0.00845,0.59275,0.20185,0.0035,0.2885,0.2867,36,frozen_never_retrains,True
frozen,2025-09,btts,ddd5a98d4ee4,frozen:2025-09,2019-02-15,2025-08-31,69424,1165,0.5674,0.5674,0.5502,-1.717,0.5135,0.5903,0.24762,0.68843,0.0333,0.68915,0.24801,0.00072,0.5678,0.5674,37,frozen_never_retrains,True
frozen,2025-09,over15,ddd5a98d4ee4,frozen:2025-09,2019-02-15,2025-08-31,69424,1165,0.7588,0.7588,0.7579,-0.086,0.5935,0.8162,0.18055,0.5451,0.0262,0.54747,0.18121,0.00237,0.7326,0.7588,37,frozen_never_retrains,True
frozen,2025-09,over25,ddd5a98d4ee4,frozen:2025-09,2019-02-15,2025-08-31,69424,1165,0.521,0.521,0.5545,3.348,0.5627,0.5883,0.24802,0.68927,0.02606,0.68754,0.24721,-0.00173,0.495,0.521,37,frozen_never_retrains,True
frozen,2025-09,over35,ddd5a98d4ee4,frozen:2025-09,2019-02-15,2025-08-31,69424,1165,0.2987,0.7013,0.7021,0.086,0.5646,0.3524,0.20779,0.60604,0.02094,0.611,0.20986,0.00496,0.281,0.2987,37,frozen_never_retrains,True
frozen,2025-10,btts,ddd5a98d4ee4,frozen:2025-10,2019-02-15,2025-09-30,70589,1154,0.5442,0.5442,0.5494,0.52,0.5697,0.6071,0.24488,0.68277,0.02985,0.68004,0.24347,-0.00274,0.5693,0.5442,38,frozen_never_retrains,True
frozen,2025-10,over15,ddd5a98d4ee4,frozen:2025-10,2019-02-15,2025-09-30,70589,1154,0.7669,0.7669,0.7669,0.0,0.6323,0.8474,0.17336,0.52793,0.03526,0.53137,0.17434,0.00344,0.7335,0.7669,38,frozen_never_retrains,True
frozen,2025-10,over25,ddd5a98d4ee4,frozen:2025-10,2019-02-15,2025-09-30,70589,1154,0.5173,0.5173,0.5806,6.326,0.6042,0.6117,0.24262,0.67825,0.03285,0.67799,0.24248,-0.00026,0.4954,0.5173,38,frozen_never_retrains,True
frozen,2025-10,over35,ddd5a98d4ee4,frozen:2025-10,2019-02-15,2025-09-30,70589,1154,0.2964,0.7036,0.7062,0.26,0.628,0.4041,0.2012,0.58983,0.0313,0.59621,0.20384,0.00637,0.2817,0.2964,38,frozen_never_retrains,True
frozen,2025-11,btts,ddd5a98d4ee4,frozen:2025-11,2019-02-15,2025-10-31,71743,1169,0.5201,0.5201,0.5013,-1.882,0.5179,0.5435,0.25377,0.70098,0.07288,0.69412,0.25047,-0.00685,0.5661,0.5201,39,frozen_never_retrains,True
frozen,2025-11,over15,ddd5a98d4ee4,frozen:2025-11,2019-02-15,2025-10-31,71743,1169,0.7451,0.7451,0.7451,0.0,0.563,0.7879,0.18861,0.5639,0.02,0.56678,0.18953,0.00288,0.7323,0.7451,39,frozen_never_retrains,True
frozen,2025-11,over25,ddd5a98d4ee4,frozen:2025-11,2019-02-15,2025-10-31,71743,1169,0.5269,0.5269,0.5389,1.198,0.5666,0.5928,0.24672,0.68648,0.03387,0.69125,0.24907,0.00478,0.4936,0.5269,39,frozen_never_retrains,True
frozen,2025-11,over35,ddd5a98d4ee4,frozen:2025-11,2019-02-15,2025-10-31,71743,1169,0.2849,0.7151,0.7151,0.0,0.5429,0.3341,0.20258,0.59486,0.0346,0.59604,0.20308,0.00118,0.2822,0.2849,39,frozen_never_retrains,True
frozen,2025-12,btts,ddd5a98d4ee4,frozen:2025-12,2019-02-15,2025-11-30,72912,839,0.5352,0.5352,0.5435,0.834,0.5422,0.574,0.24886,0.69104,0.02923,0.68784,0.24736,-0.00319,0.5591,0.5352,40,frozen_never_retrains,True
frozen,2025-12,over15,ddd5a98d4ee4,frozen:2025-12,2019-02-15,2025-11-30,72912,839,0.7497,0.7497,0.7509,0.119,0.596,0.8105,0.18297,0.55074,0.03664,0.5598,0.18661,0.00906,0.7277,0.7497,40,frozen_never_retrains,True
frozen,2025-12,over25,ddd5a98d4ee4,frozen:2025-12,2019-02-15,2025-11-30,72912,839,0.4958,0.5042,0.5292,2.503,0.5487,0.5501,0.24796,0.68897,0.02953,0.68886,0.24787,-0.00011,0.4895,0.4958,40,frozen_never_retrains,True
frozen,2025-12,over35,ddd5a98d4ee4,frozen:2025-12,2019-02-15,2025-11-30,72912,839,0.2718,0.7282,0.7259,-0.238,0.545,0.3039,0.19797,0.58506,0.01399,0.5813,0.19643,-0.00376,0.279,0.2718,40,frozen_never_retrains,True
frozen,2026-01,btts,ddd5a98d4ee4,frozen:2026-01,2019-02-15,2025-12-31,73751,940,0.5106,0.5106,0.5266,1.596,0.528,0.5305,0.25135,0.69609,0.04169,0.68815,0.24751,-0.00795,0.5519,0.5106,41,frozen_never_retrains,True
frozen,2026-01,over15,ddd5a98d4ee4,frozen:2026-01,2019-02-15,2025-12-31,73751,940,0.7383,0.7383,0.7383,0.0,0.5717,0.7878,0.19122,0.56943,0.03235,0.56623,0.18987,-0.0032,0.7122,0.7383,41,frozen_never_retrains,True
frozen,2026-01,over25,ddd5a98d4ee4,frozen:2026-01,2019-02-15,2025-12-31,73751,940,0.5106,0.5106,0.5468,3.617,0.5688,0.5748,0.24842,0.68998,0.04963,0.691,0.24894,0.00101,0.4616,0.5106,41,frozen_never_retrains,True
frozen,2026-01,over35,ddd5a98d4ee4,frozen:2026-01,2019-02-15,2025-12-31,73751,940,0.266,0.734,0.7351,0.106,0.5868,0.3445,0.19123,0.569,0.0341,0.56686,0.19049,-0.00214,0.2601,0.266,41,frozen_never_retrains,True
frozen,2026-02,btts,ddd5a98d4ee4,frozen:2026-02,2019-02-15,2026-01-31,74691,1248,0.5593,0.5593,0.5497,-0.962,0.5366,0.5972,0.246,0.68504,0.0313,0.68525,0.24607,0.00021,0.5493,0.5593,42,frozen_never_retrains,True
frozen,2026-02,over15,ddd5a98d4ee4,frozen:2026-02,2019-02-15,2026-01-31,74691,1248,0.7492,0.7492,0.7492,0.0,0.5678,0.7944,0.18695,0.5603,0.03751,0.55682,0.18547,-0.00347,0.7141,0.7492,42,frozen_never_retrains,True
frozen,2026-02,over25,ddd5a98d4ee4,frozen:2026-02,2019-02-15,2026-01-31,74691,1248,0.5088,0.5088,0.5441,3.526,0.586,0.591,0.24627,0.68561,0.04668,0.68495,0.24596,-0.00066,0.4621,0.5088,42,frozen_never_retrains,True
frozen,2026-02,over35,ddd5a98d4ee4,frozen:2026-02,2019-02-15,2026-01-31,74691,1248,0.2748,0.7252,0.7236,-0.16,0.5975,0.3514,0.19529,0.57764,0.01584,0.58103,0.19662,0.00339,0.2608,0.2748,42,frozen_never_retrains,True
frozen,2026-03,btts,ddd5a98d4ee4,frozen:2026-03,2019-02-15,2026-02-28,75939,1322,0.5257,0.5257,0.5242,-0.151,0.5216,0.5533,0.25176,0.69685,0.04279,0.68818,0.24752,-0.00867,0.5538,0.5257,43,frozen_never_retrains,True
frozen,2026-03,over15,ddd5a98d4ee4,frozen:2026-03,2019-02-15,2026-02-28,75939,1322,0.7496,0.7496,0.7489,-0.076,0.5711,0.7959,0.1871,0.56035,0.03067,0.56198,0.18761,0.00163,0.7189,0.7496,43,frozen_never_retrains,True
frozen,2026-03,over25,ddd5a98d4ee4,frozen:2026-03,2019-02-15,2026-02-28,75939,1322,0.5144,0.5144,0.5348,2.042,0.5796,0.5767,0.24722,0.68758,0.04409,0.68515,0.24604,-0.00243,0.4703,0.5144,43,frozen_never_retrains,True
frozen,2026-03,over35,ddd5a98d4ee4,frozen:2026-03,2019-02-15,2026-02-28,75939,1322,0.2844,0.7156,0.7148,-0.076,0.559,0.3243,0.2027,0.59513,0.02326,0.58985,0.20063,-0.00528,0.2672,0.2844,43,frozen_never_retrains,True
frozen,2026-04,btts,ddd5a98d4ee4,frozen:2026-04,2019-02-15,2026-03-31,77261,1653,0.5517,0.5517,0.5535,0.181,0.5312,0.569,0.24813,0.68969,0.02076,0.68989,0.24838,0.0002,0.56,0.5517,44,frozen_never_retrains,True
frozen,2026-04,over15,ddd5a98d4ee4,frozen:2026-04,2019-02-15,2026-03-31,77261,1653,0.7707,0.7707,0.7713,0.06,0.572,0.8147,0.17669,0.53741,0.04153,0.53679,0.17613,-0.00063,0.7298,0.7707,44,frozen_never_retrains,True
frozen,2026-04,over25,ddd5a98d4ee4,frozen:2026-04,2019-02-15,2026-03-31,77261,1653,0.5191,0.5191,0.5372,1.815,0.5713,0.5786,0.24561,0.68418,0.03343,0.69322,0.25002,0.00904,0.4965,0.5191,44,frozen_never_retrains,True
frozen,2026-04,over35,ddd5a98d4ee4,frozen:2026-04,2019-02-15,2026-03-31,77261,1653,0.2922,0.7078,0.7084,0.06,0.5482,0.343,0.20606,0.60292,0.022,0.60963,0.20892,0.00671,0.2794,0.2922,44,frozen_never_retrains,True
frozen,2026-05,btts,ddd5a98d4ee4,frozen:2026-05,2019-02-15,2026-04-30,78914,1224,0.5931,0.5931,0.5899,-0.327,0.5336,0.6332,0.24091,0.67471,0.02516,0.68674,0.24682,0.01203,0.5873,0.5931,45,frozen_never_retrains,True
frozen,2026-05,over15,ddd5a98d4ee4,frozen:2026-05,2019-02-15,2026-04-30,78914,1224,0.7933,0.7933,0.7933,0.0,0.5943,0.8534,0.16296,0.50502,0.03748,0.50869,0.16387,0.00367,0.7558,0.7933,45,frozen_never_retrains,True
frozen,2026-05,over25,ddd5a98d4ee4,frozen:2026-05,2019-02-15,2026-04-30,78914,1224,0.5523,0.5523,0.5776,2.533,0.5933,0.634,0.24158,0.67606,0.03285,0.68662,0.24676,0.01056,0.5199,0.5523,45,frozen_never_retrains,True
frozen,2026-05,over35,ddd5a98d4ee4,frozen:2026-05,2019-02-15,2026-04-30,78914,1224,0.3284,0.6716,0.6765,0.49,0.6039,0.421,0.21548,0.6214,0.03567,0.63297,0.2205,0.01158,0.2967,0.3284,45,frozen_never_retrains,True
frozen,2026-06,btts,ddd5a98d4ee4,frozen:2026-06,2019-02-15,2026-05-31,80138,92,0.5652,0.5652,0.5761,1.087,0.5346,0.6032,0.24608,0.68569,0.06387,0.6792,0.24305,-0.00648,0.6112,0.5652,46,frozen_never_retrains,True
frozen,2026-06,over15,ddd5a98d4ee4,frozen:2026-06,2019-02-15,2026-05-31,80138,92,0.8152,0.8152,0.8152,0.0,0.5922,0.85,0.15196,0.48324,0.0516,0.49714,0.15757,0.0139,0.7648,0.8152,46,frozen_never_retrains,True
frozen,2026-06,over25,ddd5a98d4ee4,frozen:2026-06,2019-02-15,2026-05-31,80138,92,0.5761,0.5761,0.5435,-3.261,0.4857,0.5553,0.25426,0.70275,0.09206,0.67434,0.24064,-0.02841,0.5401,0.5761,46,frozen_never_retrains,True
frozen,2026-06,over35,ddd5a98d4ee4,frozen:2026-06,2019-02-15,2026-05-31,80138,92,0.4022,0.5978,0.5978,0.0,0.6,0.4723,0.24677,0.68854,0.11964,0.68393,0.24515,-0.00461,0.2985,0.4022,46,frozen_never_retrains,True
frozen,2026-07,btts,ddd5a98d4ee4,frozen:2026-07,2019-02-15,2026-06-28,80230,441,0.5488,0.5488,0.5533,0.454,0.5735,0.5967,0.24505,0.68348,0.04135,0.68657,0.24671,0.00309,0.5778,0.5488,47,frozen_never_retrains,True
frozen,2026-07,over15,ddd5a98d4ee4,frozen:2026-07,2019-02-15,2026-06-28,80230,441,0.7619,0.7619,0.7619,0.0,0.5918,0.8069,0.17879,0.54175,0.01182,0.54283,0.17895,0.00108,0.7501,0.7619,47,frozen_never_retrains,True
frozen,2026-07,over25,ddd5a98d4ee4,frozen:2026-07,2019-02-15,2026-06-28,80230,441,0.5351,0.5351,0.5488,1.361,0.5571,0.581,0.24842,0.69009,0.04987,0.68252,0.24469,-0.00757,0.5142,0.5351,47,frozen_never_retrains,True
frozen,2026-07,over35,ddd5a98d4ee4,frozen:2026-07,2019-02-15,2026-06-28,80230,441,0.2744,0.7256,0.7302,0.454,0.5916,0.3797,0.19469,0.57728,0.03202,0.57565,0.19457,-0.00163,0.3041,0.2744,47,frozen_never_retrains,True
frozen,2026-08,btts,ddd5a98d4ee4,frozen:2026-08,2019-02-15,2026-07-31,80671,1409,0.5678,0.5678,0.5671,-0.071,0.5606,0.6245,0.24279,0.67854,0.01899,0.67922,0.24308,0.00067,0.5692,0.5678,48,frozen_never_retrains,True
frozen,2026-08,over15,ddd5a98d4ee4,frozen:2026-08,2019-02-15,2026-07-31,80671,1409,0.7644,0.7644,0.7637,-0.071,0.6091,0.8318,0.17623,0.53489,0.02924,0.53726,0.1767,0.00237,0.7362,0.7644,48,frozen_never_retrains,True
frozen,2026-08,over25,ddd5a98d4ee4,frozen:2026-08,2019-02-15,2026-07-31,80671,1409,0.5493,0.5493,0.56,1.065,0.6012,0.6307,0.24125,0.6753,0.05774,0.68328,0.2451,0.00798,0.5006,0.5493,48,frozen_never_retrains,True
frozen,2026-08,over35,ddd5a98d4ee4,frozen:2026-08,2019-02-15,2026-07-31,80671,1409,0.3215,0.6785,0.6799,0.142,0.6206,0.4319,0.21128,0.61182,0.04588,0.62222,0.21572,0.0104,0.2875,0.3215,48,frozen_never_retrains,True
frozen,2026-09,btts,ddd5a98d4ee4,frozen:2026-09,2019-02-15,2026-08-31,82080,1049,0.5615,0.5615,0.5348,-2.669,0.4933,0.5619,0.25141,0.6964,0.04784,0.69189,0.24938,-0.00451,0.5732,0.5615,49,frozen_never_retrains,True
frozen,2026-09,over15,ddd5a98d4ee4,frozen:2026-09,2019-02-15,2026-08-31,82080,1049,0.7769,0.7769,0.7779,0.095,0.5875,0.8252,0.1723,0.52675,0.03154,0.53367,0.17469,0.00693,0.7463,0.7769,49,frozen_never_retrains,True
frozen,2026-09,over25,ddd5a98d4ee4,frozen:2026-09,2019-02-15,2026-08-31,82080,1049,0.5462,0.5462,0.5434,-0.286,0.5726,0.6125,0.24535,0.68385,0.0372,0.68942,0.24814,0.00558,0.5141,0.5462,49,frozen_never_retrains,True
frozen,2026-09,over35,ddd5a98d4ee4,frozen:2026-09,2019-02-15,2026-08-31,82080,1049,0.3232,0.6768,0.6749,-0.191,0.5656,0.3799,0.21702,0.62536,0.03289,0.63274,0.21982,0.00738,0.2951,0.3232,49,frozen_never_retrains,True
rolling_3y,2022-08,btts,ee2f4c3321f2,rolling_3y:2022-08,2019-08-02,2022-07-31,26986,1462,0.5205,0.5205,0.5233,0.274,0.5168,0.5426,0.25032,0.69382,0.02385,0.68691,0.24689,-0.00691,0.5284,0.5205,0,PROMOTE,True
rolling_3y,2022-08,over15,ee2f4c3321f2,rolling_3y:2022-08,2019-08-02,2022-07-31,26986,1462,0.7387,0.7387,0.7387,0.0,0.5803,0.7959,0.19028,0.56671,0.0181,0.56484,0.18929,-0.00187,0.7389,0.7387,0,PROMOTE,True
rolling_3y,2022-08,over25,ee2f4c3321f2,rolling_3y:2022-08,2019-08-02,2022-07-31,26986,1462,0.5287,0.5287,0.5834,5.472,0.6007,0.6289,0.24227,0.67735,0.02836,0.68226,0.24458,0.00491,0.5004,0.5287,0,PROMOTE,True
rolling_3y,2022-08,over35,ee2f4c3321f2,rolling_3y:2022-08,2019-08-02,2022-07-31,26986,1462,0.303,0.697,0.7038,0.684,0.6083,0.4148,0.20487,0.5991,0.02567,0.60438,0.20748,0.00528,0.2773,0.303,0,PROMOTE,True
rolling_3y,2022-09,btts,47fd3de25e5d,rolling_3y:2022-09,2019-09-01,2022-08-31,27970,1210,0.5124,0.5124,0.5289,1.653,0.5444,0.564,0.24853,0.69016,0.01735,0.6914,0.24912,0.00124,0.5216,0.5124,0,PROMOTE,True
rolling_3y,2022-09,over15,47fd3de25e5d,rolling_3y:2022-09,2019-09-01,2022-08-31,27970,1210,0.7364,0.7364,0.7364,0.0,0.606,0.8114,0.18875,0.56242,0.02529,0.56982,0.19146,0.0074,0.7368,0.7364,0,PROMOTE,True
rolling_3y,2022-09,over25,47fd3de25e5d,rolling_3y:2022-09,2019-09-01,2022-08-31,27970,1210,0.4992,0.5008,0.5785,7.769,0.5953,0.6012,0.24248,0.67776,0.02073,0.68268,0.2448,0.00492,0.5056,0.4992,0,PROMOTE,True
rolling_3y,2022-09,over35,47fd3de25e5d,rolling_3y:2022-09,2019-09-01,2022-08-31,27970,1210,0.2653,0.7347,0.7298,-0.496,0.6179,0.3557,0.18959,0.56432,0.02775,0.56459,0.1895,0.00027,0.2866,0.2653,0,PROMOTE,True
rolling_3y,2022-10,btts,0dedabc37014,rolling_3y:2022-10,2019-10-01,2022-09-30,28685,1707,0.5442,0.5442,0.553,0.879,0.5616,0.6138,0.24464,0.68214,0.0185,0.68894,0.2479,0.0068,0.5261,0.5442,0,PROMOTE,True
rolling_3y,2022-10,over15,0dedabc37014,rolling_3y:2022-10,2019-10-01,2022-09-30,28685,1707,0.751,0.751,0.7504,-0.059,0.5779,0.7972,0.18422,0.55401,0.02405,0.55593,0.185,0.00193,0.7367,0.751,0,PROMOTE,True
rolling_3y,2022-10,over25,0dedabc37014,rolling_3y:2022-10,2019-10-01,2022-09-30,28685,1707,0.5284,0.5284,0.5583,2.988,0.5884,0.6004,0.24404,0.68106,0.03699,0.6846,0.24576,0.00354,0.5027,0.5284,0,PROMOTE,True
rolling_3y,2022-10,over35,0dedabc37014,rolling_3y:2022-10,2019-10-01,2022-09-30,28685,1707,0.2818,0.7182,0.7206,0.234,0.6061,0.3792,0.19614,0.57947,0.00838,0.58534,0.19864,0.00588,0.274,0.2818,0,PROMOTE,True
rolling_3y,2022-11,btts,97403fd73195,rolling_3y:2022-11,2019-11-01,2022-10-31,29807,726,0.5413,0.5413,0.5468,0.551,0.5491,0.5795,0.24664,0.68638,0.02974,0.68349,0.2452,-0.0029,0.5245,0.5413,0,PROMOTE,True
rolling_3y,2022-11,over15,97403fd73195,rolling_3y:2022-11,2019-11-01,2022-10-31,29807,726,0.7562,0.7562,0.7562,0.0,0.6187,0.8237,0.179,0.54107,0.02026,0.54973,0.18207,0.00866,0.7461,0.7562,0,PROMOTE,True
rolling_3y,2022-11,over25,97403fd73195,rolling_3y:2022-11,2019-11-01,2022-10-31,29807,726,0.5083,0.5083,0.5909,8.264,0.6142,0.61,0.24026,0.67329,0.03041,0.68131,0.24412,0.00801,0.5115,0.5083,0,PROMOTE,True
rolling_3y,2022-11,over35,97403fd73195,rolling_3y:2022-11,2019-11-01,2022-10-31,29807,726,0.3154,0.6846,0.6818,-0.275,0.5881,0.3748,0.21363,0.61755,0.04057,0.61672,0.21322,-0.00083,0.2865,0.3154,0,PROMOTE,True
rolling_3y,2022-12,btts,283e9632bae9,rolling_3y:2022-12,2019-12-01,2022-11-30,29979,558,0.4552,0.5448,0.491,-5.376,0.4893,0.4577,0.25633,0.70608,0.06924,0.69374,0.2503,-0.01235,0.5119,0.4552,0,PROMOTE,True
rolling_3y,2022-12,over15,283e9632bae9,rolling_3y:2022-12,2019-12-01,2022-11-30,29979,558,0.7419,0.7419,0.7419,0.0,0.6109,0.8179,0.18694,0.55843,0.02857,0.56506,0.18901,0.00663,0.7284,0.7419,0,PROMOTE,True
rolling_3y,2022-12,over25,283e9632bae9,rolling_3y:2022-12,2019-12-01,2022-11-30,29979,558,0.4821,0.5179,0.552,3.405,0.5861,0.5575,0.24438,0.68182,0.01348,0.68428,0.24559,0.00246,0.49,0.4821,0,PROMOTE,True
rolling_3y,2022-12,over35,283e9632bae9,rolling_3y:2022-12,2019-12-01,2022-11-30,29979,558,0.2276,0.7724,0.7688,-0.358,0.6535,0.3425,0.16961,0.51982,0.05535,0.53054,0.17376,0.01072,0.2618,0.2276,0,PROMOTE,True
rolling_3y,2023-01,btts,283e9632bae9,rolling_3y:2023-01,2020-01-04,2022-12-31,30071,717,0.4993,0.5007,0.5384,3.766,0.548,0.563,0.24909,0.69139,0.02573,0.68687,0.24687,-0.00452,0.5062,0.4993,1,REJECT,True
rolling_3y,2023-01,over15,f957d01507de,rolling_3y:2023-01,2020-01-04,2022-12-31,30071,717,0.7364,0.7364,0.735,-0.139,0.5984,0.7828,0.19034,0.5679,0.02179,0.56645,0.19004,-0.00144,0.724,0.7364,0,PROMOTE,True
rolling_3y,2023-01,over25,f957d01507de,rolling_3y:2023-01,2020-01-04,2022-12-31,30071,717,0.4979,0.5021,0.5635,6.137,0.5824,0.5508,0.24624,0.68566,0.04248,0.68888,0.24788,0.00322,0.4762,0.4979,0,PROMOTE,True
rolling_3y,2023-01,over35,f957d01507de,rolling_3y:2023-01,2020-01-04,2022-12-31,30071,717,0.2608,0.7392,0.7406,0.139,0.5787,0.3152,0.1907,0.56806,0.02121,0.57114,0.19193,0.00308,0.2718,0.2608,0,PROMOTE,True
rolling_3y,2023-02,btts,730094cf90da,rolling_3y:2023-02,2020-02-01,2023-01-31,30530,1014,0.4842,0.5158,0.5404,2.465,0.5638,0.5428,0.24657,0.6862,0.02119,0.69417,0.25049,0.00798,0.5049,0.4842,0,PROMOTE,True
rolling_3y,2023-02,over15,730094cf90da,rolling_3y:2023-02,2020-02-01,2023-01-31,30530,1014,0.7199,0.7199,0.7199,0.0,0.5906,0.7939,0.19745,0.58187,0.02153,0.59304,0.20148,0.01116,0.7268,0.7199,0,PROMOTE,True
rolling_3y,2023-02,over25,730094cf90da,rolling_3y:2023-02,2020-02-01,2023-01-31,30530,1014,0.4428,0.5572,0.5631,0.592,0.5845,0.5262,0.24189,0.67663,0.03071,0.68123,0.24408,0.0046,0.4731,0.4428,0,PROMOTE,True
rolling_3y,2023-02,over35,730094cf90da,rolling_3y:2023-02,2020-02-01,2023-01-31,30530,1014,0.2268,0.7732,0.7732,0.0,0.5661,0.2833,0.1747,0.53318,0.03932,0.53125,0.17399,-0.00193,0.2579,0.2268,0,PROMOTE,True
rolling_3y,2023-03,btts,260704f4dfbb,rolling_3y:2023-03,2020-03-01,2023-02-28,31020,984,0.4868,0.5132,0.5315,1.829,0.5489,0.5318,0.24853,0.69023,0.02269,0.68915,0.24801,-0.00108,0.5053,0.4868,0,PROMOTE,True
rolling_3y,2023-03,over15,260704f4dfbb,rolling_3y:2023-03,2020-03-01,2023-02-28,31020,984,0.7256,0.7256,0.7256,0.0,0.5851,0.7788,0.19611,0.57992,0.01104,0.57951,0.19587,-0.00041,0.724,0.7256,0,PROMOTE,True
rolling_3y,2023-03,over25,260704f4dfbb,rolling_3y:2023-03,2020-03-01,2023-02-28,31020,984,0.4492,0.5508,0.5864,3.557,0.5915,0.5408,0.2415,0.67605,0.02015,0.68266,0.24479,0.0066,0.4677,0.4492,0,PROMOTE,True
rolling_3y,2023-03,over35,260704f4dfbb,rolling_3y:2023-03,2020-03-01,2023-02-28,31020,984,0.2561,0.7439,0.7429,-0.102,0.5888,0.3244,0.18706,0.5601,0.0214,0.56602,0.18947,0.00591,0.2527,0.2561,0,PROMOTE,True
rolling_3y,2023-04,btts,0518055722b3,rolling_3y:2023-04,2020-05-08,2023-03-31,31756,1671,0.5069,0.5069,0.5254,1.855,0.5353,0.5364,0.24973,0.69263,0.02739,0.69624,0.25153,0.00361,0.5125,0.5069,0,PROMOTE,True
rolling_3y,2023-04,over15,0518055722b3,rolling_3y:2023-04,2020-05-08,2023-03-31,31756,1671,0.7397,0.7397,0.7397,0.0,0.5761,0.8009,0.18988,0.56562,0.00828,0.57332,0.1925,0.0077,0.7387,0.7397,0,PROMOTE,True
rolling_3y,2023-04,over25,0518055722b3,rolling_3y:2023-04,2020-05-08,2023-03-31,31756,1671,0.4877,0.5123,0.5482,3.591,0.5658,0.5592,0.24615,0.68532,0.01386,0.69462,0.25071,0.00929,0.4968,0.4877,0,PROMOTE,True
rolling_3y,2023-04,over35,0518055722b3,rolling_3y:2023-04,2020-05-08,2023-03-31,31756,1671,0.2699,0.7301,0.7325,0.239,0.5768,0.3478,0.19352,0.57466,0.01168,0.58097,0.19612,0.00631,0.2663,0.2699,0,PROMOTE,True
rolling_3y,2023-05,btts,6c91ed9c0aac,rolling_3y:2023-05,2020-05-08,2023-04-30,33427,1234,0.5365,0.5365,0.5583,2.188,0.5672,0.5976,0.24473,0.68241,0.01801,0.68954,0.2482,0.00712,0.5316,0.5365,0,PROMOTE,True
rolling_3y,2023-05,over15,6c91ed9c0aac,rolling_3y:2023-05,2020-05-08,2023-04-30,33427,1234,0.7504,0.7504,0.7512,0.081,0.5907,0.8058,0.18296,0.55064,0.00508,0.55665,0.18538,0.00601,0.7541,0.7504,0,PROMOTE,True
rolling_3y,2023-05,over25,6c91ed9c0aac,rolling_3y:2023-05,2020-05-08,2023-04-30,33427,1234,0.5113,0.5113,0.5746,6.321,0.596,0.5978,0.24243,0.67756,0.02498,0.68358,0.24524,0.00602,0.5069,0.5113,0,PROMOTE,True
rolling_3y,2023-05,over35,6c91ed9c0aac,rolling_3y:2023-05,2020-05-08,2023-04-30,33427,1234,0.2974,0.7026,0.7026,-0.0,0.594,0.376,0.20434,0.59755,0.02141,0.6042,0.20706,0.00666,0.2811,0.2974,0,PROMOTE,True
rolling_3y,2023-06,btts,1076f2391fa7,rolling_3y:2023-06,2020-06-01,2023-05-31,34601,539,0.5436,0.5436,0.5584,1.484,0.5497,0.598,0.24537,0.68376,0.0246,0.6891,0.24799,0.00534,0.5651,0.5436,0,PROMOTE,True
rolling_3y,2023-06,over15,1076f2391fa7,rolling_3y:2023-06,2020-06-01,2023-05-31,34601,539,0.7403,0.7403,0.7384,-0.186,0.6013,0.8157,0.188,0.56114,0.0248,0.57008,0.19128,0.00894,0.7631,0.7403,0,PROMOTE,True
rolling_3y,2023-06,over25,1076f2391fa7,rolling_3y:2023-06,2020-06-01,2023-05-31,34601,539,0.5195,0.5195,0.5677,4.824,0.6048,0.6044,0.24091,0.67465,0.01891,0.6814,0.24418,0.00675,0.5093,0.5195,0,PROMOTE,True
rolling_3y,2023-06,over35,1076f2391fa7,rolling_3y:2023-06,2020-06-01,2023-05-31,34601,539,0.2913,0.7087,0.7124,0.371,0.6575,0.4797,0.19172,0.56884,0.04064,0.59944,0.20473,0.0306,0.2859,0.2913,0,PROMOTE,True
rolling_3y,2023-07,btts,1554c737dcb3,rolling_3y:2023-07,2020-07-01,2023-06-30,34785,755,0.5166,0.5166,0.5735,5.695,0.6121,0.5995,0.24003,0.67289,0.02876,0.68292,0.24491,0.01003,0.5201,0.5166,0,PROMOTE,True
rolling_3y,2023-07,over15,1554c737dcb3,rolling_3y:2023-07,2020-07-01,2023-06-30,34785,755,0.7404,0.7404,0.751,1.06,0.6209,0.8164,0.1824,0.54893,0.03329,0.55776,0.18635,0.00882,0.7299,0.7404,0,PROMOTE,True
rolling_3y,2023-07,over25,1554c737dcb3,rolling_3y:2023-07,2020-07-01,2023-06-30,34785,755,0.4795,0.5205,0.596,7.55,0.6422,0.6019,0.23446,0.66096,0.01956,0.6721,0.23955,0.01114,0.4983,0.4795,0,PROMOTE,True
rolling_3y,2023-07,over35,1076f2391fa7,rolling_3y:2023-07,2020-07-01,2023-06-30,34785,755,0.2742,0.7258,0.7272,0.132,0.6061,0.3725,0.19311,0.57265,0.02806,0.57976,0.19591,0.00712,0.2691,0.2742,1,REJECT,True
rolling_3y,2023-08,btts,3dc882e99cfb,rolling_3y:2023-08,2020-08-01,2023-07-31,35056,1311,0.4935,0.5065,0.5332,2.67,0.5572,0.5507,0.24735,0.68765,0.02918,0.69669,0.25175,0.00904,0.5164,0.4935,0,PROMOTE,True
rolling_3y,2023-08,over15,3dc882e99cfb,rolling_3y:2023-08,2020-08-01,2023-07-31,35056,1311,0.7483,0.7483,0.749,0.076,0.5726,0.789,0.18599,0.55827,0.03111,0.56422,0.18833,0.00594,0.7367,0.7483,0,PROMOTE,True
rolling_3y,2023-08,over25,3dc882e99cfb,rolling_3y:2023-08,2020-08-01,2023-07-31,35056,1311,0.5202,0.5202,0.5629,4.272,0.5788,0.5804,0.24589,0.68492,0.04077,0.68956,0.24822,0.00464,0.4997,0.5202,0,PROMOTE,True
rolling_3y,2023-08,over35,3dc882e99cfb,rolling_3y:2023-08,2020-08-01,2023-07-31,35056,1311,0.2746,0.7254,0.7262,0.076,0.567,0.3274,0.19789,0.5844,0.0344,0.58399,0.19753,-0.00042,0.2736,0.2746,0,PROMOTE,True
rolling_3y,2023-09,btts,d7d07f817d16,rolling_3y:2023-09,2020-09-01,2023-08-31,35765,1510,0.5596,0.5596,0.5596,0.0,0.5561,0.619,0.24466,0.68219,0.03515,0.68699,0.24694,0.0048,0.5294,0.5596,0,PROMOTE,True
rolling_3y,2023-09,over15,d7d07f817d16,rolling_3y:2023-09,2020-09-01,2023-08-31,35765,1510,0.7662,0.7662,0.7662,0.0,0.5807,0.8136,0.17691,0.53733,0.02318,0.54246,0.17879,0.00513,0.7525,0.7662,0,PROMOTE,True
rolling_3y,2023-09,over25,d7d07f817d16,rolling_3y:2023-09,2020-09-01,2023-08-31,35765,1510,0.5265,0.5265,0.5437,1.722,0.5631,0.591,0.24703,0.68718,0.0323,0.69598,0.25138,0.0088,0.5223,0.5265,0,PROMOTE,True
rolling_3y,2023-09,over35,d7d07f817d16,rolling_3y:2023-09,2020-09-01,2023-08-31,35765,1510,0.3066,0.6934,0.6967,0.331,0.589,0.3798,0.2088,0.60711,0.02923,0.62031,0.21387,0.0132,0.2843,0.3066,0,PROMOTE,True
rolling_3y,2023-10,btts,71a99286b2bb,rolling_3y:2023-10,2020-10-01,2023-09-30,36445,1430,0.5161,0.5161,0.5517,3.566,0.5937,0.6173,0.24259,0.67765,0.03227,0.68846,0.24766,0.01081,0.542,0.5161,0,PROMOTE,True
rolling_3y,2023-10,over15,71a99286b2bb,rolling_3y:2023-10,2020-10-01,2023-09-30,36445,1430,0.7608,0.7608,0.758,-0.28,0.6107,0.835,0.1776,0.53746,0.01637,0.54922,0.18168,0.01176,0.7512,0.7608,0,PROMOTE,True
rolling_3y,2023-10,over25,71a99286b2bb,rolling_3y:2023-10,2020-10-01,2023-09-30,36445,1430,0.5098,0.5098,0.5727,6.294,0.6157,0.616,0.23956,0.67179,0.01849,0.68431,0.24561,0.01253,0.5247,0.5098,0,PROMOTE,True
rolling_3y,2023-10,over35,71a99286b2bb,rolling_3y:2023-10,2020-10-01,2023-09-30,36445,1430,0.3049,0.6951,0.7007,0.559,0.6129,0.4146,0.20405,0.59597,0.02443,0.60977,0.20971,0.0138,0.29,0.3049,0,PROMOTE,True
rolling_3y,2023-11,btts,67dcfb7d3ff1,rolling_3y:2023-11,2020-11-01,2023-10-31,36730,1097,0.5369,0.5369,0.5442,0.729,0.5669,0.6106,0.24371,0.68019,0.0298,0.69657,0.2517,0.01638,0.5328,0.5369,0,PROMOTE,True
rolling_3y,2023-11,over15,67dcfb7d3ff1,rolling_3y:2023-11,2020-11-01,2023-10-31,36730,1097,0.7675,0.7675,0.7685,0.091,0.537,0.7967,0.17922,0.54399,0.02758,0.54597,0.18003,0.00199,0.7605,0.7675,0,PROMOTE,True
rolling_3y,2023-11,over25,67dcfb7d3ff1,rolling_3y:2023-11,2020-11-01,2023-10-31,36730,1097,0.5278,0.5278,0.5843,5.652,0.5997,0.6009,0.2418,0.67661,0.02653,0.68773,0.24732,0.01112,0.5199,0.5278,0,PROMOTE,True
rolling_3y,2023-11,over35,67dcfb7d3ff1,rolling_3y:2023-11,2020-11-01,2023-10-31,36730,1097,0.3036,0.6964,0.6946,-0.182,0.6088,0.3887,0.20529,0.59885,0.02165,0.61069,0.21001,0.01183,0.2981,0.3036,0,PROMOTE,True
rolling_3y,2023-12,btts,4b9eda91ae6b,rolling_3y:2023-12,2020-12-01,2023-11-30,36880,1018,0.5314,0.5314,0.5354,0.393,0.5478,0.5924,0.24613,0.685,0.03773,0.69112,0.24899,0.00612,0.5408,0.5314,0,PROMOTE,True
rolling_3y,2023-12,over15,4b9eda91ae6b,rolling_3y:2023-12,2020-12-01,2023-11-30,36880,1018,0.7544,0.7544,0.7564,0.196,0.606,0.8294,0.17955,0.5416,0.02038,0.55128,0.18299,0.00968,0.7649,0.7544,0,PROMOTE,True
rolling_3y,2023-12,over25,4b9eda91ae6b,rolling_3y:2023-12,2020-12-01,2023-11-30,36880,1018,0.5157,0.5157,0.5373,2.161,0.5595,0.5698,0.24739,0.68791,0.03044,0.68999,0.24844,0.00208,0.5248,0.5157,0,PROMOTE,True
rolling_3y,2023-12,over35,4b9eda91ae6b,rolling_3y:2023-12,2020-12-01,2023-11-30,36880,1018,0.2868,0.7132,0.7092,-0.393,0.5809,0.3518,0.2017,0.59175,0.01634,0.5958,0.20301,0.00406,0.3023,0.2868,0,PROMOTE,True
rolling_3y,2024-01,btts,303c908639f4,rolling_3y:2024-01,2021-01-01,2023-12-30,36845,766,0.5666,0.5666,0.5431,-2.35,0.5543,0.6409,0.24305,0.67872,0.0445,0.69191,0.24938,0.01319,0.5287,0.5666,0,PROMOTE,True
rolling_3y,2024-01,over15,303c908639f4,rolling_3y:2024-01,2021-01-01,2023-12-30,36845,766,0.7624,0.7624,0.7637,0.131,0.5421,0.7926,0.18196,0.55027,0.03514,0.55209,0.18252,0.00182,0.7514,0.7624,0,PROMOTE,True
rolling_3y,2024-01,over25,303c908639f4,rolling_3y:2024-01,2021-01-01,2023-12-30,36845,766,0.5287,0.5287,0.5522,2.35,0.5866,0.6083,0.24382,0.68063,0.03414,0.69616,0.25151,0.01553,0.5018,0.5287,0,PROMOTE,True
rolling_3y,2024-01,over35,303c908639f4,rolling_3y:2024-01,2021-01-01,2023-12-30,36845,766,0.3003,0.6997,0.705,0.522,0.5533,0.3606,0.20832,0.60665,0.04461,0.61808,0.21281,0.01142,0.2842,0.3003,0,PROMOTE,True
rolling_3y,2024-02,btts,04df1ca78793,rolling_3y:2024-02,2021-02-01,2024-01-31,36673,1214,0.5354,0.5354,0.5733,3.789,0.5903,0.6235,0.24113,0.67479,0.01379,0.68941,0.24814,0.01462,0.5303,0.5354,0,PROMOTE,True
rolling_3y,2024-02,over15,303c908639f4,rolling_3y:2024-02,2021-02-01,2024-01-31,36673,1214,0.7545,0.7545,0.7586,0.412,0.6028,0.8127,0.17911,0.5421,0.02121,0.55385,0.18373,0.01175,0.7404,0.7545,1,REJECT,True
rolling_3y,2024-02,over25,04df1ca78793,rolling_3y:2024-02,2021-02-01,2024-01-31,36673,1214,0.4984,0.5016,0.5972,9.555,0.6214,0.6009,0.23974,0.67231,0.03337,0.68749,0.24721,0.01518,0.4972,0.4984,0,PROMOTE,True
rolling_3y,2024-02,over35,04df1ca78793,rolling_3y:2024-02,2021-02-01,2024-01-31,36673,1214,0.2825,0.7175,0.7175,-0.0,0.6196,0.3693,0.19612,0.57821,0.01806,0.59054,0.20093,0.01233,0.2799,0.2825,0,PROMOTE,True
rolling_3y,2024-03,btts,03274ead05df,rolling_3y:2024-03,2021-03-01,2024-02-29,36919,1366,0.5168,0.5168,0.5512,3.441,0.5714,0.5952,0.24519,0.68316,0.01696,0.6931,0.24996,0.00995,0.5252,0.5168,0,PROMOTE,True
rolling_3y,2024-03,over15,03274ead05df,rolling_3y:2024-03,2021-03-01,2024-02-29,36919,1366,0.7262,0.7262,0.7269,0.073,0.6013,0.7928,0.19512,0.57726,0.02202,0.58414,0.19758,0.00688,0.746,0.7262,0,PROMOTE,True
rolling_3y,2024-03,over25,03274ead05df,rolling_3y:2024-03,2021-03-01,2024-02-29,36919,1366,0.4971,0.5029,0.5725,6.955,0.596,0.6052,0.24256,0.6779,0.03342,0.69266,0.24975,0.01477,0.499,0.4971,0,PROMOTE,True
rolling_3y,2024-03,over35,03274ead05df,rolling_3y:2024-03,2021-03-01,2024-02-29,36919,1366,0.2892,0.7108,0.7116,0.073,0.6083,0.3904,0.19913,0.586,0.00944,0.59877,0.20443,0.01278,0.2799,0.2892,0,PROMOTE,True
rolling_3y,2024-04,btts,bae85f48a820,rolling_3y:2024-04,2021-04-01,2024-03-31,37346,1750,0.5497,0.5497,0.568,1.829,0.5896,0.6404,0.23942,0.67106,0.01907,0.69027,0.24856,0.01921,0.5339,0.5497,0,PROMOTE,True
rolling_3y,2024-04,over15,bae85f48a820,rolling_3y:2024-04,2021-04-01,2024-03-31,37346,1750,0.7531,0.7531,0.752,-0.114,0.6176,0.8277,0.18027,0.54335,0.01889,0.55697,0.18517,0.01363,0.7438,0.7531,0,PROMOTE,True
rolling_3y,2024-04,over25,bae85f48a820,rolling_3y:2024-04,2021-04-01,2024-03-31,37346,1750,0.5343,0.5343,0.564,2.971,0.595,0.6342,0.24168,0.67605,0.02453,0.69597,0.25136,0.01992,0.5098,0.5343,0,PROMOTE,True
rolling_3y,2024-04,over35,bae85f48a820,rolling_3y:2024-04,2021-04-01,2024-03-31,37346,1750,0.3051,0.6949,0.7029,0.8,0.6103,0.416,0.2041,0.5962,0.01583,0.61446,0.2118,0.01826,0.2913,0.3051,0,PROMOTE,True
rolling_3y,2024-05,btts,2570cefd1e17,rolling_3y:2024-05,2021-05-01,2024-04-30,37858,1257,0.5632,0.5632,0.5831,1.989,0.5888,0.6695,0.23522,0.66174,0.04459,0.68302,0.24496,0.02128,0.5517,0.5632,0,PROMOTE,True
rolling_3y,2024-05,over15,2570cefd1e17,rolling_3y:2024-05,2021-05-01,2024-04-30,37858,1257,0.7741,0.7741,0.7741,0.0,0.6302,0.8534,0.16821,0.51485,0.01731,0.53276,0.17436,0.01792,0.7627,0.7741,0,PROMOTE,True
rolling_3y,2024-05,over25,2570cefd1e17,rolling_3y:2024-05,2021-05-01,2024-04-30,37858,1257,0.568,0.568,0.6038,3.58,0.6317,0.7012,0.23221,0.65574,0.03462,0.68063,0.24379,0.02489,0.5363,0.568,0,PROMOTE,True
rolling_3y,2024-05,over35,2570cefd1e17,rolling_3y:2024-05,2021-05-01,2024-04-30,37858,1257,0.3373,0.6627,0.6714,0.875,0.6145,0.4515,0.21522,0.61998,0.03235,0.63487,0.2217,0.0149,0.3059,0.3373,0,PROMOTE,True
rolling_3y,2024-06,btts,445ed1761fa3,rolling_3y:2024-06,2021-06-02,2024-05-31,38096,563,0.5613,0.5613,0.611,4.973,0.6559,0.7318,0.22707,0.64467,0.03567,0.67985,0.24341,0.03518,0.5544,0.5613,0,PROMOTE,True
rolling_3y,2024-06,over15,445ed1761fa3,rolling_3y:2024-06,2021-06-02,2024-05-31,38096,563,0.7549,0.7549,0.7531,-0.178,0.6174,0.8349,0.17943,0.54046,0.03784,0.54998,0.18245,0.00952,0.7571,0.7549,0,PROMOTE,True
rolling_3y,2024-06,over25,445ed1761fa3,rolling_3y:2024-06,2021-06-02,2024-05-31,38096,563,0.5293,0.5293,0.6146,8.526,0.6691,0.6872,0.22906,0.64973,0.04151,0.67232,0.23967,0.02259,0.5225,0.5293,0,PROMOTE,True
rolling_3y,2024-06,over35,445ed1761fa3,rolling_3y:2024-06,2021-06-02,2024-05-31,38096,563,0.2842,0.7158,0.7265,1.066,0.6772,0.4641,0.18713,0.55805,0.04192,0.57385,0.19473,0.0158,0.2966,0.2842,0,PROMOTE,True
rolling_3y,2024-07,btts,bdc9a871c309,rolling_3y:2024-07,2021-07-01,2024-06-30,38449,676,0.5607,0.5607,0.5947,3.402,0.633,0.713,0.23056,0.65165,0.03085,0.67814,0.24256,0.02649,0.558,0.5607,0,PROMOTE,True
rolling_3y,2024-07,over15,bdc9a871c309,rolling_3y:2024-07,2021-07-01,2024-06-30,38449,676,0.7722,0.7722,0.7722,0.0,0.6342,0.8477,0.16994,0.51876,0.02562,0.53308,0.17454,0.01432,0.7589,0.7722,0,PROMOTE,True
rolling_3y,2024-07,over25,bdc9a871c309,rolling_3y:2024-07,2021-07-01,2024-06-30,38449,676,0.5266,0.5266,0.6065,7.988,0.6468,0.6585,0.23197,0.65574,0.02218,0.67754,0.24224,0.02179,0.5333,0.5266,0,PROMOTE,True
rolling_3y,2024-07,over35,bdc9a871c309,rolling_3y:2024-07,2021-07-01,2024-06-30,38449,676,0.2914,0.7086,0.7278,1.923,0.6469,0.4437,0.19381,0.57272,0.02733,0.59336,0.20271,0.02064,0.306,0.2914,0,PROMOTE,True
rolling_3y,2024-08,btts,c64ebb7c14a2,rolling_3y:2024-08,2021-08-01,2024-07-31,38644,1343,0.5034,0.5034,0.5525,4.914,0.5849,0.5974,0.24133,0.67397,0.03734,0.69286,0.24984,0.01889,0.5349,0.5034,0,PROMOTE,True
rolling_3y,2024-08,over15,c64ebb7c14a2,rolling_3y:2024-08,2021-08-01,2024-07-31,38644,1343,0.7163,0.7163,0.7215,0.521,0.6186,0.8078,0.19618,0.57809,0.03462,0.59375,0.20187,0.01565,0.7468,0.7163,0,PROMOTE,True
rolling_3y,2024-08,over25,c64ebb7c14a2,rolling_3y:2024-08,2021-08-01,2024-07-31,38644,1343,0.4862,0.5138,0.5599,4.617,0.5957,0.5892,0.24264,0.67773,0.04117,0.68821,0.24754,0.01048,0.5208,0.4862,0,PROMOTE,True
rolling_3y,2024-08,over35,bdc9a871c309,rolling_3y:2024-08,2021-08-01,2024-07-31,38644,1343,0.2844,0.7156,0.7193,0.372,0.5837,0.3744,0.1996,0.58767,0.02698,0.59227,0.20154,0.0046,0.2956,0.2844,1,REJECT,True
rolling_3y,2024-09,btts,7c8bc9c36bad,rolling_3y:2024-09,2021-09-01,2024-08-31,38806,1435,0.5213,0.5213,0.5519,3.066,0.6008,0.6506,0.23764,0.66604,0.04065,0.69122,0.24905,0.02518,0.5426,0.5213,0,PROMOTE,True
rolling_3y,2024-09,over15,7c8bc9c36bad,rolling_3y:2024-09,2021-09-01,2024-08-31,38806,1435,0.7484,0.7484,0.7519,0.348,0.6598,0.8519,0.17814,0.53596,0.02886,0.55516,0.18493,0.0192,0.7529,0.7484,0,PROMOTE,True
rolling_3y,2024-09,over25,7c8bc9c36bad,rolling_3y:2024-09,2021-09-01,2024-08-31,38806,1435,0.5059,0.5059,0.5596,5.366,0.5821,0.5767,0.24635,0.68634,0.0252,0.68821,0.24755,0.00187,0.5251,0.5059,0,PROMOTE,True
rolling_3y,2024-09,over35,7c8bc9c36bad,rolling_3y:2024-09,2021-09-01,2024-08-31,38806,1435,0.2857,0.7143,0.7024,-1.185,0.6135,0.3736,0.19894,0.58518,0.03003,0.59277,0.20177,0.00759,0.3006,0.2857,0,PROMOTE,True
rolling_3y,2024-10,btts,c4496a17175e,rolling_3y:2024-10,2021-10-01,2024-09-30,39148,1342,0.5156,0.5156,0.5604,4.471,0.5997,0.6332,0.23738,0.66568,0.02529,0.69164,0.24925,0.02596,0.5292,0.5156,0,PROMOTE,True
rolling_3y,2024-10,over15,c4496a17175e,rolling_3y:2024-10,2021-10-01,2024-09-30,39148,1342,0.731,0.731,0.7347,0.373,0.6095,0.8027,0.19095,0.56753,0.02237,0.57892,0.19539,0.01138,0.7455,0.731,0,PROMOTE,True
rolling_3y,2024-10,over25,c4496a17175e,rolling_3y:2024-10,2021-10-01,2024-09-30,39148,1342,0.4829,0.5171,0.5835,6.632,0.6241,0.5954,0.23873,0.67022,0.03063,0.68134,0.24414,0.01112,0.5128,0.4829,0,PROMOTE,True
rolling_3y,2024-10,over35,c4496a17175e,rolling_3y:2024-10,2021-10-01,2024-09-30,39148,1342,0.2653,0.7347,0.7295,-0.522,0.6327,0.3689,0.18761,0.55902,0.02072,0.57388,0.19308,0.01485,0.2846,0.2653,0,PROMOTE,True
rolling_3y,2024-11,btts,5e1be35e84c6,rolling_3y:2024-11,2021-11-01,2024-10-31,39196,1233,0.4972,0.5028,0.5483,4.542,0.587,0.5978,0.24109,0.67379,0.03777,0.694,0.25042,0.02021,0.5262,0.4972,0,PROMOTE,True
rolling_3y,2024-11,over15,5e1be35e84c6,rolling_3y:2024-11,2021-11-01,2024-10-31,39196,1233,0.6967,0.6967,0.7015,0.487,0.5923,0.7595,0.20726,0.6052,0.0425,0.61773,0.21247,0.01253,0.7392,0.6967,0,PROMOTE,True
rolling_3y,2024-11,over25,c4496a17175e,rolling_3y:2024-11,2021-11-01,2024-10-31,39196,1233,0.4453,0.5547,0.5572,0.243,0.5897,0.5316,0.24335,0.67932,0.05966,0.68657,0.24674,0.00725,0.499,0.4453,1,REJECT,True
rolling_3y,2024-11,over35,5e1be35e84c6,rolling_3y:2024-11,2021-11-01,2024-10-31,39196,1233,0.2433,0.7567,0.7559,-0.081,0.6087,0.337,0.18003,0.54353,0.03316,0.55214,0.18325,0.00861,0.2733,0.2433,0,PROMOTE,True
rolling_3y,2024-12,btts,09629f161540,rolling_3y:2024-12,2021-12-01,2024-11-30,39462,1040,0.5163,0.5163,0.5413,2.5,0.5797,0.6103,0.24089,0.67359,0.04052,0.68858,0.24773,0.01499,0.5124,0.5163,0,PROMOTE,True
rolling_3y,2024-12,over15,09629f161540,rolling_3y:2024-12,2021-12-01,2024-11-30,39462,1040,0.7635,0.7635,0.7663,0.288,0.5969,0.8233,0.17738,0.538,0.03844,0.54363,0.17925,0.00563,0.7277,0.7635,0,PROMOTE,True
rolling_3y,2024-12,over25,09629f161540,rolling_3y:2024-12,2021-12-01,2024-11-30,39462,1040,0.524,0.524,0.5385,1.442,0.5824,0.6194,0.24338,0.67909,0.06021,0.68513,0.24601,0.00604,0.4873,0.524,0,PROMOTE,True
rolling_3y,2024-12,over35,09629f161540,rolling_3y:2024-12,2021-12-01,2024-11-30,39462,1040,0.274,0.726,0.7269,0.096,0.6114,0.3978,0.19098,0.56726,0.01475,0.5814,0.19645,0.01414,0.266,0.274,0,PROMOTE,True
rolling_3y,2025-01,btts,c7136d02cb2c,rolling_3y:2025-01,2022-01-01,2024-12-31,39719,863,0.5295,0.5295,0.5771,4.751,0.6021,0.6362,0.23966,0.67112,0.03741,0.68494,0.24592,0.01382,0.5137,0.5295,0,PROMOTE,True
rolling_3y,2025-01,over15,09629f161540,rolling_3y:2025-01,2022-01-01,2024-12-31,39719,863,0.7254,0.7254,0.7254,0.0,0.6073,0.8023,0.19244,0.57043,0.02243,0.58636,0.19853,0.01593,0.7317,0.7254,1,REJECT,True
rolling_3y,2025-01,over25,c7136d02cb2c,rolling_3y:2025-01,2022-01-01,2024-12-31,39719,863,0.5006,0.5006,0.5643,6.373,0.5866,0.6001,0.24313,0.67924,0.01831,0.68874,0.24781,0.0095,0.487,0.5006,0,PROMOTE,True
rolling_3y,2025-01,over35,c7136d02cb2c,rolling_3y:2025-01,2022-01-01,2024-12-31,39719,863,0.2538,0.7462,0.7462,0.0,0.5485,0.32,0.18862,0.56486,0.03757,0.56344,0.18815,-0.00142,0.2731,0.2538,0,PROMOTE,True
rolling_3y,2025-02,btts,b4fc56b250d1,rolling_3y:2025-02,2022-02-01,2025-01-31,39917,1180,0.5144,0.5144,0.5873,7.288,0.6111,0.6193,0.23763,0.66635,0.03498,0.68895,0.2479,0.0226,0.5171,0.5144,0,PROMOTE,True
rolling_3y,2025-02,over15,b4fc56b250d1,rolling_3y:2025-02,2022-02-01,2025-01-31,39917,1180,0.722,0.722,0.7203,-0.169,0.6101,0.8009,0.19452,0.57499,0.01754,0.58451,0.19799,0.00951,0.7366,0.722,0,PROMOTE,True
rolling_3y,2025-02,over25,b4fc56b250d1,rolling_3y:2025-02,2022-02-01,2025-01-31,39917,1180,0.4831,0.5169,0.5873,7.034,0.6191,0.5978,0.23793,0.6682,0.01108,0.684,0.24547,0.0158,0.4843,0.4831,0,PROMOTE,True
rolling_3y,2025-02,over35,b4fc56b250d1,rolling_3y:2025-02,2022-02-01,2025-01-31,39917,1180,0.2466,0.7534,0.7559,0.254,0.6154,0.3499,0.1797,0.54203,0.02664,0.55784,0.18586,0.01581,0.2717,0.2466,0,PROMOTE,True
rolling_3y,2025-03,btts,4ded84caba90,rolling_3y:2025-03,2022-03-01,2025-02-28,40021,1333,0.5184,0.5184,0.5679,4.951,0.5733,0.5853,0.24351,0.67927,0.01458,0.69385,0.25035,0.01457,0.5208,0.5184,0,PROMOTE,True
rolling_3y,2025-03,over15,4ded84caba90,rolling_3y:2025-03,2022-03-01,2025-02-28,40021,1333,0.7239,0.7239,0.7262,0.225,0.5786,0.7775,0.19616,0.58035,0.01111,0.59254,0.20116,0.01219,0.7294,0.7239,0,PROMOTE,True
rolling_3y,2025-03,over25,4ded84caba90,rolling_3y:2025-03,2022-03-01,2025-02-28,40021,1333,0.4801,0.5199,0.5544,3.451,0.5833,0.5593,0.24305,0.67879,0.02495,0.68927,0.24805,0.01048,0.4852,0.4801,0,PROMOTE,True
rolling_3y,2025-03,over35,4ded84caba90,rolling_3y:2025-03,2022-03-01,2025-02-28,40021,1333,0.2408,0.7592,0.7577,-0.15,0.6124,0.3069,0.17855,0.53864,0.03099,0.55098,0.1826,0.01234,0.2582,0.2408,0,PROMOTE,True
rolling_3y,2025-04,btts,9647ccdd6d37,rolling_3y:2025-04,2022-04-01,2025-03-31,40328,1570,0.5369,0.5369,0.5624,2.548,0.5926,0.6344,0.23918,0.66969,0.02115,0.68918,0.24802,0.01949,0.532,0.5369,0,PROMOTE,True
rolling_3y,2025-04,over15,9647ccdd6d37,rolling_3y:2025-04,2022-04-01,2025-03-31,40328,1570,0.7459,0.7459,0.7446,-0.127,0.6163,0.8238,0.18332,0.54978,0.01097,0.56457,0.18862,0.01479,0.7366,0.7459,0,PROMOTE,True
rolling_3y,2025-04,over25,9647ccdd6d37,rolling_3y:2025-04,2022-04-01,2025-03-31,40328,1570,0.5045,0.5045,0.5809,7.643,0.6071,0.6125,0.24031,0.67317,0.01534,0.69193,0.2494,0.01876,0.495,0.5045,0,PROMOTE,True
rolling_3y,2025-04,over35,9647ccdd6d37,rolling_3y:2025-04,2022-04-01,2025-03-31,40328,1570,0.2917,0.7083,0.7076,-0.064,0.6302,0.3987,0.19905,0.58496,0.02741,0.59809,0.20434,0.01314,0.2654,0.2917,0,PROMOTE,True
rolling_3y,2025-05,btts,0696f53f6425,rolling_3y:2025-05,2022-05-01,2025-04-30,40342,1172,0.5529,0.5529,0.5811,2.816,0.5792,0.6377,0.23975,0.67112,0.02446,0.68986,0.24837,0.01874,0.5538,0.5529,0,PROMOTE,True
rolling_3y,2025-05,over15,0696f53f6425,rolling_3y:2025-05,2022-05-01,2025-04-30,40342,1172,0.7585,0.7585,0.7619,0.341,0.6023,0.8255,0.17791,0.53819,0.01033,0.54661,0.18095,0.00841,0.7576,0.7585,0,PROMOTE,True
rolling_3y,2025-05,over25,0696f53f6425,rolling_3y:2025-05,2022-05-01,2025-04-30,40342,1172,0.5333,0.5333,0.5751,4.181,0.5977,0.6187,0.24142,0.67566,0.01779,0.68752,0.24719,0.01186,0.53,0.5333,0,PROMOTE,True
rolling_3y,2025-05,over35,0696f53f6425,rolling_3y:2025-05,2022-05-01,2025-04-30,40342,1172,0.3106,0.6894,0.6928,0.341,0.6014,0.4057,0.20808,0.60537,0.02931,0.61508,0.21221,0.00971,0.2928,0.3106,0,PROMOTE,True
rolling_3y,2025-06,btts,761a6a57cbfc,rolling_3y:2025-06,2022-06-01,2025-05-31,40490,295,0.5593,0.5593,0.5763,1.695,0.5483,0.6214,0.24046,0.67286,0.03829,0.68407,0.24549,0.0112,0.5495,0.5593,0,PROMOTE,True
rolling_3y,2025-06,over15,761a6a57cbfc,rolling_3y:2025-06,2022-06-01,2025-05-31,40490,295,0.7898,0.7898,0.7932,0.339,0.5319,0.8324,0.16926,0.51994,0.04783,0.51299,0.16567,-0.00695,0.7471,0.7898,0,PROMOTE,True
rolling_3y,2025-06,over25,761a6a57cbfc,rolling_3y:2025-06,2022-06-01,2025-05-31,40490,295,0.5763,0.5763,0.5932,1.695,0.6419,0.7084,0.23064,0.65292,0.05673,0.6819,0.24438,0.02899,0.528,0.5763,0,PROMOTE,True
rolling_3y,2025-06,over35,761a6a57cbfc,rolling_3y:2025-06,2022-06-01,2025-05-31,40490,295,0.3254,0.6746,0.6678,-0.678,0.6249,0.4203,0.21234,0.61344,0.04553,0.62212,0.21572,0.00868,0.2946,0.3254,0,PROMOTE,True
rolling_3y,2025-07,btts,b0c66edc952f,rolling_3y:2025-07,2022-07-01,2025-06-30,40266,449,0.5501,0.5501,0.6147,6.459,0.638,0.6677,0.23516,0.66229,0.06283,0.6769,0.24193,0.01461,0.5264,0.5501,0,PROMOTE,True
rolling_3y,2025-07,over15,761a6a57cbfc,rolling_3y:2025-07,2022-07-01,2025-06-30,40266,449,0.7483,0.7483,0.7506,0.223,0.5966,0.8111,0.18484,0.55453,0.04385,0.54623,0.18111,-0.0083,0.735,0.7483,1,REJECT,True
rolling_3y,2025-07,over25,761a6a57cbfc,rolling_3y:2025-07,2022-07-01,2025-06-30,40266,449,0.539,0.539,0.6125,7.35,0.6389,0.6522,0.23654,0.66642,0.04303,0.68218,0.24455,0.01577,0.5076,0.539,1,REJECT,True
rolling_3y,2025-07,over35,b0c66edc952f,rolling_3y:2025-07,2022-07-01,2025-06-30,40266,449,0.343,0.657,0.6592,0.223,0.6333,0.478,0.21848,0.62676,0.06786,0.63245,0.22136,0.00569,0.2751,0.343,0,PROMOTE,True
rolling_3y,2025-08,btts,72e1079a1df7,rolling_3y:2025-08,2022-08-01,2025-07-30,39790,1350,0.543,0.543,0.5607,1.778,0.5681,0.6174,0.24375,0.67997,0.01285,0.6875,0.24718,0.00753,0.531,0.543,0,PROMOTE,True
rolling_3y,2025-08,over15,72e1079a1df7,rolling_3y:2025-08,2022-08-01,2025-07-30,39790,1350,0.7533,0.7533,0.7504,-0.296,0.5769,0.8164,0.18427,0.55243,0.03064,0.55347,0.18389,0.00104,0.7462,0.7533,0,PROMOTE,True
rolling_3y,2025-08,over25,761a6a57cbfc,rolling_3y:2025-08,2022-08-01,2025-07-30,39790,1350,0.5104,0.5104,0.5593,4.889,0.585,0.5941,0.24413,0.68126,0.02387,0.68819,0.24752,0.00693,0.5152,0.5104,2,REJECT,True
rolling_3y,2025-08,over35,72e1079a1df7,rolling_3y:2025-08,2022-08-01,2025-07-30,39790,1350,0.2867,0.7133,0.7126,-0.074,0.6118,0.38,0.19774,0.58245,0.01901,0.5916,0.20143,0.00915,0.2872,0.2867,0,PROMOTE,True
rolling_3y,2025-09,btts,a3de443ee1a8,rolling_3y:2025-09,2022-09-01,2025-08-31,39678,1165,0.5674,0.5674,0.5433,-2.403,0.5368,0.6257,0.24455,0.68131,0.03493,0.68692,0.2469,0.00561,0.5365,0.5674,0,PROMOTE,True
rolling_3y,2025-09,over15,a3de443ee1a8,rolling_3y:2025-09,2022-09-01,2025-08-31,39678,1165,0.7588,0.7588,0.7579,-0.086,0.603,0.8265,0.17894,0.5404,0.01292,0.54714,0.18115,0.00674,0.7492,0.7588,0,PROMOTE,True
rolling_3y,2025-09,over25,a3de443ee1a8,rolling_3y:2025-09,2022-09-01,2025-08-31,39678,1165,0.521,0.521,0.5717,5.064,0.5959,0.6256,0.24163,0.6758,0.00973,0.68595,0.24644,0.01015,0.5128,0.521,0,PROMOTE,True
rolling_3y,2025-09,over35,a3de443ee1a8,rolling_3y:2025-09,2022-09-01,2025-08-31,39678,1165,0.2987,0.7013,0.7021,0.086,0.5904,0.3721,0.20581,0.60052,0.02872,0.60943,0.20932,0.00891,0.276,0.2987,0,PROMOTE,True
rolling_3y,2025-10,btts,0ada179870f5,rolling_3y:2025-10,2022-10-01,2025-09-30,39633,1154,0.5442,0.5442,0.6057,6.153,0.6218,0.6639,0.23564,0.66295,0.04063,0.67966,0.24329,0.01671,0.5442,0.5442,0,PROMOTE,True
rolling_3y,2025-10,over15,0ada179870f5,rolling_3y:2025-10,2022-10-01,2025-09-30,39633,1154,0.7669,0.7669,0.7695,0.26,0.6335,0.8483,0.17178,0.52364,0.02071,0.52791,0.17306,0.00427,0.7488,0.7669,0,PROMOTE,True
rolling_3y,2025-10,over25,0ada179870f5,rolling_3y:2025-10,2022-10-01,2025-09-30,39633,1154,0.5173,0.5173,0.578,6.066,0.5982,0.5951,0.24225,0.67755,0.01452,0.67589,0.24145,-0.00166,0.5158,0.5173,0,PROMOTE,True
rolling_3y,2025-10,over35,0ada179870f5,rolling_3y:2025-10,2022-10-01,2025-09-30,39633,1154,0.2964,0.7036,0.7132,0.953,0.6225,0.4258,0.19893,0.58464,0.01423,0.59356,0.20278,0.00892,0.2824,0.2964,0,PROMOTE,True
rolling_3y,2025-11,btts,4c58593e35e6,rolling_3y:2025-11,2022-11-01,2025-10-31,39080,1169,0.5201,0.5201,0.5458,2.566,0.5687,0.5937,0.24446,0.68123,0.02177,0.69357,0.2502,0.01234,0.5353,0.5201,0,PROMOTE,True
rolling_3y,2025-11,over15,4c58593e35e6,rolling_3y:2025-11,2022-11-01,2025-10-31,39080,1169,0.7451,0.7451,0.7459,0.086,0.574,0.7961,0.18754,0.56129,0.02284,0.5651,0.18882,0.00382,0.7489,0.7451,0,PROMOTE,True
rolling_3y,2025-11,over25,0ada179870f5,rolling_3y:2025-11,2022-11-01,2025-10-31,39080,1169,0.5269,0.5269,0.5492,2.224,0.5779,0.6162,0.24366,0.67988,0.03388,0.68845,0.24771,0.00856,0.5097,0.5269,1,REJECT,True
rolling_3y,2025-11,over35,4c58593e35e6,rolling_3y:2025-11,2022-11-01,2025-10-31,39080,1169,0.2849,0.7151,0.7169,0.171,0.5959,0.3882,0.1978,0.58339,0.01078,0.59428,0.2025,0.01089,0.2804,0.2849,0,PROMOTE,True
rolling_3y,2025-12,btts,57006247bea3,rolling_3y:2025-12,2022-12-01,2025-11-30,39523,839,0.5352,0.5352,0.5435,0.834,0.5656,0.6133,0.24442,0.68113,0.02378,0.68925,0.24807,0.00813,0.5379,0.5352,0,PROMOTE,True
rolling_3y,2025-12,over15,57006247bea3,rolling_3y:2025-12,2022-12-01,2025-11-30,39523,839,0.7497,0.7497,0.7473,-0.238,0.5872,0.8116,0.18418,0.55261,0.01537,0.56085,0.18694,0.00824,0.7519,0.7497,0,PROMOTE,True
rolling_3y,2025-12,over25,57006247bea3,rolling_3y:2025-12,2022-12-01,2025-11-30,39523,839,0.4958,0.5042,0.5411,3.695,0.5651,0.5534,0.24748,0.6881,0.02744,0.69041,0.24866,0.00232,0.5201,0.4958,0,PROMOTE,True
rolling_3y,2025-12,over35,57006247bea3,rolling_3y:2025-12,2022-12-01,2025-11-30,39523,839,0.2718,0.7282,0.7306,0.238,0.5582,0.3341,0.19687,0.58311,0.03361,0.58196,0.19671,-0.00115,0.2708,0.2718,0,PROMOTE,True
rolling_3y,2026-01,btts,6c5d31a03b85,rolling_3y:2026-01,2023-01-01,2025-12-31,39804,940,0.5106,0.5106,0.5479,3.723,0.5925,0.6201,0.24005,0.6713,0.03896,0.69068,0.24877,0.01938,0.5308,0.5106,0,PROMOTE,True
rolling_3y,2026-01,over15,6c5d31a03b85,rolling_3y:2026-01,2023-01-01,2025-12-31,39804,940,0.7383,0.7383,0.7415,0.319,0.6225,0.8121,0.18545,0.55533,0.01333,0.56612,0.18975,0.01079,0.7358,0.7383,0,PROMOTE,True
rolling_3y,2026-01,over25,6c5d31a03b85,rolling_3y:2026-01,2023-01-01,2025-12-31,39804,940,0.5106,0.5106,0.5532,4.255,0.5806,0.607,0.24376,0.6801,0.02913,0.6891,0.24801,0.00899,0.499,0.5106,0,PROMOTE,True
rolling_3y,2026-01,over35,6c5d31a03b85,rolling_3y:2026-01,2023-01-01,2025-12-31,39804,940,0.266,0.734,0.733,-0.106,0.5942,0.3309,0.19128,0.56727,0.0456,0.56538,0.19006,-0.0019,0.2624,0.266,0,PROMOTE,True
rolling_3y,2026-02,btts,2efccc732c15,rolling_3y:2026-02,2023-02-01,2026-01-31,40027,1248,0.5593,0.5593,0.5721,1.282,0.5891,0.6472,0.24013,0.67234,0.03672,0.68304,0.24497,0.0107,0.5256,0.5593,0,PROMOTE,True
rolling_3y,2026-02,over15,2efccc732c15,rolling_3y:2026-02,2023-02-01,2026-01-31,40027,1248,0.7492,0.7492,0.7484,-0.08,0.5916,0.8005,0.18474,0.55507,0.0291,0.55606,0.1852,0.00099,0.7306,0.7492,0,PROMOTE,True
rolling_3y,2026-02,over25,2efccc732c15,rolling_3y:2026-02,2023-02-01,2026-01-31,40027,1248,0.5088,0.5088,0.5545,4.567,0.5897,0.5889,0.24206,0.67642,0.0263,0.6831,0.24507,0.00668,0.4958,0.5088,0,PROMOTE,True
rolling_3y,2026-02,over35,2efccc732c15,rolling_3y:2026-02,2023-02-01,2026-01-31,40027,1248,0.2748,0.7252,0.7244,-0.08,0.5945,0.3584,0.19448,0.57583,0.01827,0.58218,0.19709,0.00635,0.2615,0.2748,0,PROMOTE,True
rolling_3y,2026-03,btts,3c9d5d073c90,rolling_3y:2026-03,2023-03-01,2026-02-28,40261,1322,0.5257,0.5257,0.5802,5.446,0.6005,0.6252,0.23973,0.67147,0.01557,0.68866,0.24776,0.01719,0.5369,0.5257,0,PROMOTE,True
rolling_3y,2026-03,over15,3c9d5d073c90,rolling_3y:2026-03,2023-03-01,2026-02-28,40261,1322,0.7496,0.7496,0.7519,0.227,0.6051,0.8172,0.18265,0.54901,0.01244,0.56295,0.18805,0.01394,0.7395,0.7496,0,PROMOTE,True
rolling_3y,2026-03,over25,3c9d5d073c90,rolling_3y:2026-03,2023-03-01,2026-02-28,40261,1322,0.5144,0.5144,0.5681,5.371,0.6116,0.6178,0.23965,0.67179,0.02202,0.68305,0.24501,0.01126,0.507,0.5144,0,PROMOTE,True
rolling_3y,2026-03,over35,3c9d5d073c90,rolling_3y:2026-03,2023-03-01,2026-02-28,40261,1322,0.2844,0.7156,0.7171,0.151,0.5915,0.3637,0.19929,0.58591,0.01988,0.58803,0.2001,0.00212,0.2853,0.2844,0,PROMOTE,True
rolling_3y,2026-04,btts,7b61d0a824c5,rolling_3y:2026-04,2023-04-01,2026-03-31,40599,1653,0.5517,0.5517,0.5656,1.391,0.5703,0.6243,0.24036,0.6722,0.03693,0.68901,0.24794,0.01682,0.5397,0.5517,0,PROMOTE,True
rolling_3y,2026-04,over15,7b61d0a824c5,rolling_3y:2026-04,2023-04-01,2026-03-31,40599,1653,0.7707,0.7707,0.7731,0.242,0.5984,0.8231,0.17202,0.52624,0.0291,0.53595,0.17578,0.00971,0.7514,0.7707,0,PROMOTE,True
rolling_3y,2026-04,over25,7b61d0a824c5,rolling_3y:2026-04,2023-04-01,2026-03-31,40599,1653,0.5191,0.5191,0.5638,4.477,0.5817,0.5816,0.24532,0.68397,0.024,0.69361,0.25018,0.00964,0.5282,0.5191,0,PROMOTE,True
rolling_3y,2026-04,over35,7b61d0a824c5,rolling_3y:2026-04,2023-04-01,2026-03-31,40599,1653,0.2922,0.7078,0.7096,0.181,0.5762,0.3556,0.20499,0.59961,0.02326,0.60914,0.20879,0.00953,0.2973,0.2922,0,PROMOTE,True
rolling_3y,2026-05,btts,851bb4f2fa27,rolling_3y:2026-05,2023-05-01,2026-04-30,40581,1224,0.5931,0.5931,0.5899,-0.327,0.5854,0.7026,0.23213,0.65373,0.02802,0.68293,0.24492,0.0292,0.569,0.5931,0,PROMOTE,True
rolling_3y,2026-05,over15,851bb4f2fa27,rolling_3y:2026-05,2023-05-01,2026-04-30,40581,1224,0.7933,0.7933,0.7949,0.163,0.6202,0.8657,0.15935,0.49409,0.02579,0.50828,0.16373,0.01419,0.7742,0.7933,0,PROMOTE,True
rolling_3y,2026-05,over25,851bb4f2fa27,rolling_3y:2026-05,2023-05-01,2026-04-30,40581,1224,0.5523,0.5523,0.5907,3.84,0.6138,0.6556,0.23703,0.66637,0.01787,0.68404,0.2455,0.01767,0.5481,0.5523,0,PROMOTE,True
rolling_3y,2026-05,over35,851bb4f2fa27,rolling_3y:2026-05,2023-05-01,2026-04-30,40581,1224,0.3284,0.6716,0.6895,1.797,0.6135,0.4646,0.21043,0.61038,0.0151,0.62962,0.21913,0.01924,0.3208,0.3284,0,PROMOTE,True
rolling_3y,2026-06,btts,50e98b408de9,rolling_3y:2026-06,2023-06-01,2026-05-31,40571,92,0.5652,0.5652,0.6196,5.435,0.6389,0.6989,0.23143,0.65361,0.08065,0.67359,0.2403,0.01998,0.5741,0.5652,0,PROMOTE,True
rolling_3y,2026-06,over15,50e98b408de9,rolling_3y:2026-06,2023-06-01,2026-05-31,40571,92,0.8152,0.8152,0.8152,0.0,0.5733,0.8667,0.1521,0.47943,0.02826,0.49687,0.15768,0.01744,0.794,0.8152,0,PROMOTE,True
rolling_3y,2026-06,over25,50e98b408de9,rolling_3y:2026-06,2023-06-01,2026-05-31,40571,92,0.5761,0.5761,0.5652,-1.087,0.5312,0.5679,0.24908,0.69293,0.11266,0.66829,0.23768,-0.02463,0.5488,0.5761,0,PROMOTE,True
rolling_3y,2026-06,over35,50e98b408de9,rolling_3y:2026-06,2023-06-01,2026-05-31,40571,92,0.4022,0.5978,0.5978,0.0,0.6477,0.5078,0.24009,0.67129,0.12101,0.66625,0.23722,-0.00505,0.3037,0.4022,0,PROMOTE,True
rolling_3y,2026-07,btts,50e98b408de9,rolling_3y:2026-07,2023-07-01,2026-06-28,40124,441,0.5488,0.5488,0.5737,2.494,0.6028,0.6771,0.23607,0.66162,0.03555,0.6842,0.24554,0.02258,0.5627,0.5488,1,REJECT,True
rolling_3y,2026-07,over15,50e98b408de9,rolling_3y:2026-07,2023-07-01,2026-06-28,40124,441,0.7619,0.7619,0.7596,-0.227,0.6171,0.8436,0.17572,0.53088,0.03065,0.54434,0.17939,0.01346,0.7668,0.7619,1,REJECT,True
rolling_3y,2026-07,over25,e5b6b62dd660,rolling_3y:2026-07,2023-07-01,2026-06-28,40124,441,0.5351,0.5351,0.5306,-0.454,0.5703,0.6291,0.24556,0.68347,0.06785,0.68613,0.2464,0.00266,0.5355,0.5351,0,PROMOTE,True
rolling_3y,2026-07,over35,50e98b408de9,rolling_3y:2026-07,2023-07-01,2026-06-28,40124,441,0.2744,0.7256,0.737,1.134,0.6046,0.4058,0.1926,0.57161,0.04379,0.57602,0.19474,0.00441,0.3131,0.2744,1,REJECT,True
rolling_3y,2026-08,btts,fb6522a6f14b,rolling_3y:2026-08,2023-08-03,2026-07-31,39810,1409,0.5678,0.5678,0.5848,1.703,0.6121,0.7015,0.23074,0.65037,0.03551,0.67735,0.24217,0.02698,0.5438,0.5678,0,PROMOTE,True
rolling_3y,2026-08,over15,fb6522a6f14b,rolling_3y:2026-08,2023-08-03,2026-07-31,39810,1409,0.7644,0.7644,0.7665,0.213,0.6391,0.8434,0.17142,0.52266,0.02172,0.5373,0.17674,0.01464,0.7537,0.7644,0,PROMOTE,True
rolling_3y,2026-08,over25,fb6522a6f14b,rolling_3y:2026-08,2023-08-03,2026-07-31,39810,1409,0.5493,0.5493,0.6004,5.11,0.6275,0.6758,0.23485,0.66154,0.03429,0.68396,0.24541,0.02242,0.5199,0.5493,0,PROMOTE,True
rolling_3y,2026-08,over35,fb6522a6f14b,rolling_3y:2026-08,2023-08-03,2026-07-31,39810,1409,0.3215,0.6785,0.6884,0.994,0.6333,0.4617,0.20711,0.60227,0.02966,0.62015,0.21489,0.01789,0.2929,0.3215,0,PROMOTE,True
rolling_3y,2026-09,btts,f9950f262086,rolling_3y:2026-09,2023-09-01,2026-08-31,39908,1049,0.5615,0.5615,0.5634,0.191,0.5589,0.6371,0.24184,0.67531,0.0333,0.69124,0.24904,0.01594,0.5674,0.5615,0,PROMOTE,True
rolling_3y,2026-09,over15,f9950f262086,rolling_3y:2026-09,2023-09-01,2026-08-31,39908,1049,0.7769,0.7769,0.7788,0.191,0.6139,0.8457,0.16848,0.51632,0.04249,0.53415,0.17485,0.01783,0.7719,0.7769,0,PROMOTE,True
rolling_3y,2026-09,over25,f9950f262086,rolling_3y:2026-09,2023-09-01,2026-08-31,39908,1049,0.5462,0.5462,0.5567,1.049,0.5832,0.6266,0.24272,0.67831,0.0258,0.69161,0.24917,0.0133,0.5397,0.5462,0,PROMOTE,True
rolling_3y,2026-09,over35,f9950f262086,rolling_3y:2026-09,2023-09-01,2026-08-31,39908,1049,0.3232,0.6768,0.6864,0.953,0.5827,0.4233,0.2137,0.6185,0.03152,0.63289,0.21984,0.01439,0.3097,0.3232,0,PROMOTE,True
