repo,path,kind,format,files,bytes,tracked,layer,last_commit,last_commit_subject,rows,cols,first,last,key_guess,read_error,producers,n_producers,consumers,n_consumers,workflows,n_workflows,mention_only,orphan_written_never_read,dead_no_code_touches_it
v9,arch_bets.parquet,file,parquet,1,3559046,False,DERIVED,,,99448.0,27.0,2025-08-22 00:00:00,2026-06-24 00:00:00,,,,0,,0,,0,0,False,True
v9,joined_bets.parquet,file,parquet,1,166605,False,DERIVED,,,101241.0,6.0,2025-04-01 00:00:00,2026-06-24 00:00:00,,,,0,,0,,0,0,False,True
v9,oddsband_bets.parquet,file,parquet,1,2306096,False,DERIVED,,,99448.0,10.0,2025-08-22 00:00:00,2026-06-24 00:00:00,,,,0,,0,,0,0,False,True
v9,odds_history_v9.json,file,json,1,240572,True,RAW,2026-09-23T04:40:34,auto: predict 2026-09-23 04:40 UTC,306.0,0.0,,,json object,,pro:.github/workflows/pro_weekly_audit.yml; pro:src/monitoring/weekly_audit.py; v9:.github/workflows/predict.yml,3,,0,pro:.github/workflows/pro_weekly_audit.yml; v9:.github/workflows/predict.yml,2,8,True,False
v9,player_history.parquet,file,parquet,1,87111227,True,CANONICAL,2026-09-22T13:00:26,auto: player history extend 2026-09-22 13:00 UTC,316157.0,212.0,2022-08-12 00:00:00,2026-09-20 00:00:00,fixture_id,,pro:player_model/pipeline.py; pro:src/pipelines/bet_builder.py; v9:.github/workflows/injury_refresh.yml; v9:.github/workflows/player_history_extend.yml; v9:.github/workflows/player_props.yml; v9:player_model/pipeline.py,6,pro:player_model/pipeline.py; pro:research/auc_marginal.py; pro:research/calibration_audit.py; pro:research/counterfactual_test.py; pro:research/distributional_test.py; pro:research/oracle_backtest.py; pro:scripts/weather_backtest.py; pro:scripts/x12_backtest.py,19,v9:.github/workflows/injury_refresh.yml; v9:.github/workflows/player_history_extend.yml; v9:.github/workflows/player_props.yml,3,16,False,False
v9,segmented_rules.csv,file,csv,1,5309,False,UNKNOWN,,,55.0,9.0,,,,,,0,,0,,0,0,False,True
v9,team_analyst_bets.parquet,file,parquet,1,2117420,False,DERIVED,,,99448.0,20.0,2025-08-22 00:00:00,2026-06-24 00:00:00,,,,0,,0,,0,0,False,True
v9,team_id_cache.json,file,json,1,4427,False,CACHE,,,7.0,22.0,,,json object,,v9:.github/workflows/player_props.yml; v9:.github/workflows/predict.yml; v9:src/api_football_ou.py,3,,0,v9:.github/workflows/player_props.yml; v9:.github/workflows/predict.yml,2,0,True,False
v9,team_scout_results.csv,file,csv,1,1256,False,UNKNOWN,,,14.0,9.0,,,,,,0,,0,,0,0,False,True
v9,.devcontainer/devcontainer.json,file,json,1,1046,True,UNKNOWN,,,,,,,,JSONDecodeError: Expecting property name enclosed in double quotes: line 3 column 3 (char 26),,0,,0,,0,0,False,True
v9,models/best_params_btts.json,file,json,1,906,True,UNKNOWN,2026-09-01T09:43:41,auto: parallel backtest 2026-09-01 09:43 UTC,7.0,5.0,,,json object,,v9:.github/workflows/preseason_retrain.yml; v9:.github/workflows/retrain.yml,2,,0,v9:.github/workflows/preseason_retrain.yml; v9:.github/workflows/retrain.yml,2,0,True,False
v9,models/best_params_over15.json,file,json,1,904,True,UNKNOWN,2026-09-01T09:43:41,auto: parallel backtest 2026-09-01 09:43 UTC,7.0,5.0,,,json object,,v9:.github/workflows/preseason_retrain.yml; v9:.github/workflows/retrain.yml,2,,0,v9:.github/workflows/preseason_retrain.yml; v9:.github/workflows/retrain.yml,2,0,True,False
v9,models/best_params_over35.json,file,json,1,889,True,UNKNOWN,2026-08-02T12:12:35,auto: parallel backtest 2026-08-02 12:12 UTC,7.0,5.0,,,json object,,v9:.github/workflows/preseason_retrain.yml; v9:.github/workflows/retrain.yml,2,,0,v9:.github/workflows/preseason_retrain.yml; v9:.github/workflows/retrain.yml,2,0,True,False
v9,models/best_params_side_markets.json,file,json,1,4555,True,UNKNOWN,2026-09-01T09:43:41,auto: parallel backtest 2026-09-01 09:43 UTC,4.0,7.0,,,json object,,pro:pipeline.py; v9:.github/workflows/backtest.yml; v9:.github/workflows/backtest_matrix.yml; v9:pipeline.py,4,pro:pipeline.py; v9:.github/workflows/backtest_matrix.yml; v9:pipeline.py,3,v9:.github/workflows/backtest.yml; v9:.github/workflows/backtest_matrix.yml,2,1,False,False
v9,models/best_params_standard.json,file,json,1,1365,True,UNKNOWN,2026-09-01T09:43:41,auto: parallel backtest 2026-09-01 09:43 UTC,7.0,7.0,,,json object,,pro:pipeline.py; v9:pipeline.py,2,v9:src/betting.py,1,,0,0,False,False
v9,models/feature_importances_btts.csv,file,csv,1,1948,True,UNKNOWN,2026-09-22T11:14:49,auto: main-model retrain 2026-09-22,42.0,3.0,,,,,v9:.github/workflows/preseason_retrain.yml; v9:.github/workflows/retrain.yml,2,,0,v9:.github/workflows/preseason_retrain.yml; v9:.github/workflows/retrain.yml,2,0,True,False
v9,models/feature_importances_ht_over05.csv,file,csv,1,1871,True,UNKNOWN,2026-08-30T09:58:21,auto: weekly main-model retrain 2026-08-30,42.0,3.0,,,,,v9:.github/workflows/backtest.yml; v9:.github/workflows/preseason_retrain.yml; v9:.github/workflows/retrain.yml,3,,0,v9:.github/workflows/backtest.yml; v9:.github/workflows/preseason_retrain.yml; v9:.github/workflows/retrain.yml,3,0,True,False
v9,models/feature_importances_ht_over15.csv,file,csv,1,1952,True,UNKNOWN,2026-09-22T11:14:49,auto: main-model retrain 2026-09-22,42.0,3.0,,,,,v9:.github/workflows/backtest.yml; v9:.github/workflows/preseason_retrain.yml; v9:.github/workflows/retrain.yml,3,,0,v9:.github/workflows/backtest.yml; v9:.github/workflows/preseason_retrain.yml; v9:.github/workflows/retrain.yml,3,0,True,False
v9,models/feature_importances_newformat.csv,file,csv,1,1229,True,UNKNOWN,2026-09-22T11:14:49,auto: main-model retrain 2026-09-22,27.0,3.0,,,,,pro:retrain.py; v9:.github/workflows/retrain.yml; v9:retrain.py,3,,0,v9:.github/workflows/retrain.yml,1,2,True,False
v9,models/feature_importances_over15.csv,file,csv,1,1955,True,UNKNOWN,2026-09-22T11:14:49,auto: main-model retrain 2026-09-22,42.0,3.0,,,,,v9:.github/workflows/preseason_retrain.yml; v9:.github/workflows/retrain.yml,2,,0,v9:.github/workflows/preseason_retrain.yml; v9:.github/workflows/retrain.yml,2,0,True,False
v9,models/feature_importances_over35.csv,file,csv,1,1942,True,UNKNOWN,2026-09-22T11:14:49,auto: main-model retrain 2026-09-22,42.0,3.0,,,,,v9:.github/workflows/preseason_retrain.yml; v9:.github/workflows/retrain.yml,2,,0,v9:.github/workflows/preseason_retrain.yml; v9:.github/workflows/retrain.yml,2,0,True,False
v9,models/feature_importances_standard.csv,file,csv,1,1940,True,UNKNOWN,2026-09-22T11:14:49,auto: main-model retrain 2026-09-22,42.0,3.0,,,,,pro:retrain.py; v9:.github/workflows/retrain.yml; v9:retrain.py,3,,0,v9:.github/workflows/retrain.yml,1,2,True,False
v9,models/feature_importances_v9.csv,file,csv,1,1117,True,UNKNOWN,,,25.0,3.0,,,,,,0,,0,,0,0,False,True
v9,models/metrics_model_ht_over05.json,file,json,1,499,True,DERIVED,2026-08-30T09:58:21,auto: weekly main-model retrain 2026-08-30,4.0,6.0,,,json object,,v9:.github/workflows/backtest.yml; v9:.github/workflows/preseason_retrain.yml; v9:.github/workflows/retrain.yml,3,,0,v9:.github/workflows/backtest.yml; v9:.github/workflows/preseason_retrain.yml; v9:.github/workflows/retrain.yml,3,0,True,False
v9,models/metrics_model_ht_over15.json,file,json,1,498,True,DERIVED,2026-09-22T11:14:49,auto: main-model retrain 2026-09-22,4.0,6.0,,,json object,,v9:.github/workflows/backtest.yml; v9:.github/workflows/preseason_retrain.yml; v9:.github/workflows/retrain.yml,3,,0,v9:.github/workflows/backtest.yml; v9:.github/workflows/preseason_retrain.yml; v9:.github/workflows/retrain.yml,3,0,True,False
v9,models/metrics_model_v9_btts.json,file,json,1,502,True,DERIVED,2026-09-22T11:14:49,auto: main-model retrain 2026-09-22,4.0,6.0,,,json object,,v9:.github/workflows/preseason_retrain.yml; v9:.github/workflows/retrain.yml,2,,0,v9:.github/workflows/preseason_retrain.yml; v9:.github/workflows/retrain.yml,2,0,True,False
v9,models/metrics_model_v9_newformat.json,file,json,1,499,True,DERIVED,2026-09-22T11:14:49,auto: main-model retrain 2026-09-22,4.0,6.0,,,json object,,v9:.github/workflows/backtest.yml; v9:.github/workflows/preseason_retrain.yml; v9:.github/workflows/retrain.yml,3,,0,v9:.github/workflows/backtest.yml; v9:.github/workflows/preseason_retrain.yml; v9:.github/workflows/retrain.yml,3,0,True,False
v9,models/metrics_model_v9_over15.json,file,json,1,502,True,DERIVED,2026-09-22T11:14:49,auto: main-model retrain 2026-09-22,4.0,6.0,,,json object,,v9:.github/workflows/preseason_retrain.yml; v9:.github/workflows/retrain.yml,2,,0,v9:.github/workflows/preseason_retrain.yml; v9:.github/workflows/retrain.yml,2,0,True,False
v9,models/metrics_model_v9_over35.json,file,json,1,502,True,DERIVED,2026-09-22T11:14:49,auto: main-model retrain 2026-09-22,4.0,6.0,,,json object,,v9:.github/workflows/preseason_retrain.yml; v9:.github/workflows/retrain.yml,2,,0,v9:.github/workflows/preseason_retrain.yml; v9:.github/workflows/retrain.yml,2,0,True,False
v9,models/metrics_model_v9_standard.json,file,json,1,499,True,DERIVED,2026-09-22T11:14:49,auto: main-model retrain 2026-09-22,4.0,6.0,,,json object,,v9:.github/workflows/backtest.yml; v9:.github/workflows/preseason_retrain.yml; v9:.github/workflows/retrain.yml,3,,0,v9:.github/workflows/backtest.yml; v9:.github/workflows/preseason_retrain.yml; v9:.github/workflows/retrain.yml,3,0,True,False
v9,models/metrics_v8.json,file,json,1,325,True,UNKNOWN,,,2.0,6.0,,,json object,,,0,,0,,0,0,False,True
v9,output/af_history.parquet,file,parquet,1,370769,True,CANONICAL,2026-09-22T11:19:57,auto: af_history extend 2026-09-22 11:19 UTC,28504.0,24.0,2019-02-15 00:00:00,2026-09-22 00:00:00,date+home_team+away_team,,pro:scripts/backfill_af_history.py; v9:.github/workflows/af_history_extend.yml; v9:.github/workflows/af_usage_monitor.yml; v9:.github/workflows/backtest.yml; v9:.github/workflows/backtest_matrix.yml; v9:.github/workflows/daily_summary.yml,23,pro:scripts/backfill_af_history.py; pro:src/architecture/gap.py; pro:x12_nf_backtest.py; v9:scripts/backfill_af_history.py; v9:src/data_loader.py,5,v9:.github/workflows/af_history_extend.yml; v9:.github/workflows/af_usage_monitor.yml; v9:.github/workflows/backtest.yml; v9:.github/workflows/backtest_matrix.yml; v9:.github/workflows/daily_summary.yml; v9:.github/workflows/fantasy_refresh.yml,20,9,False,False
v9,output/af_ht_history.parquet,file,parquet,1,51304,False,CANONICAL,,,6977.0,6.0,2022-02-11 00:00:00,2026-06-23 00:00:00,date+home_team+away_team,,pro:backfill_ht_parallel.py; v9:backfill_ht_parallel.py,2,v9:src/data_loader.py; v9:update_results.py,2,,0,0,False,False
v9,output/api_usage_log.csv,file,csv,1,38820,True,REPORT,2026-09-23T06:44:06,auto: af usage 2026-09-23 06:44 UTC,725.0,6.0,2026-08-02 00:00:00,2026-09-23 00:00:00,,,v9:.github/workflows/af_usage_monitor.yml; v9:scripts/af_usage_log.py,2,pro:src/monitoring/scheduler.py; v9:scripts/af_usage_log.py,2,v9:.github/workflows/af_usage_monitor.yml,1,3,False,False
v9,output/backtest_all_leagues.csv,file,csv,1,28655594,True,DERIVED,,,44207.0,73.0,2019-09-28 00:00:00,2026-04-23 00:00:00,date+home_team+away_team,,pro:src/architecture/inventory.py,1,pro:src/architecture/gap.py,1,,0,0,False,False
v9,output/backtest_all_leagues_by_league.csv,file,csv,1,875,True,DERIVED,,,15.0,7.0,,,,,,0,,0,,0,0,False,True
v9,output/backtest_by_league.csv,file,csv,1,293,True,DERIVED,,,7.0,5.0,,,,,,0,,0,,0,0,False,True
v9,output/backtest_by_league_btts.csv,file,csv,1,276,True,DERIVED,2026-09-01T09:43:41,auto: parallel backtest 2026-09-01 09:43 UTC,7.0,5.0,,,,,v9:.github/workflows/backtest.yml; v9:.github/workflows/backtest_matrix.yml,2,,0,v9:.github/workflows/backtest.yml; v9:.github/workflows/backtest_matrix.yml,2,0,True,False
v9,output/backtest_by_league_newformat.csv,file,csv,1,516,True,DERIVED,2026-09-01T09:43:41,auto: parallel backtest 2026-09-01 09:43 UTC,12.0,5.0,,,,,pro:retrain.py; v9:.github/workflows/backtest.yml; v9:.github/workflows/retrain.yml; v9:retrain.py,4,,0,v9:.github/workflows/backtest.yml; v9:.github/workflows/retrain.yml,2,0,True,False
v9,output/backtest_by_league_over15.csv,file,csv,1,270,True,DERIVED,2026-09-01T09:43:41,auto: parallel backtest 2026-09-01 09:43 UTC,7.0,5.0,,,,,v9:.github/workflows/backtest.yml; v9:.github/workflows/backtest_matrix.yml,2,,0,v9:.github/workflows/backtest.yml; v9:.github/workflows/backtest_matrix.yml,2,0,True,False
v9,output/backtest_by_league_over35.csv,file,csv,1,2,True,DERIVED,2026-08-02T12:12:35,auto: parallel backtest 2026-08-02 12:12 UTC,,,,,,EmptyDataError: No columns to parse from file,v9:.github/workflows/backtest.yml; v9:.github/workflows/backtest_matrix.yml,2,,0,v9:.github/workflows/backtest.yml; v9:.github/workflows/backtest_matrix.yml,2,0,True,False
v9,output/backtest_by_league_standard.csv,file,csv,1,260,True,DERIVED,2026-09-01T09:43:41,auto: parallel backtest 2026-09-01 09:43 UTC,7.0,5.0,,,,,pro:retrain.py; v9:.github/workflows/backtest.yml; v9:.github/workflows/retrain.yml; v9:retrain.py,4,pro:pages/4_ℹ️_Model_Info.py; v9:pages/4_ℹ️_Model_Info.py,2,v9:.github/workflows/backtest.yml; v9:.github/workflows/retrain.yml,2,2,False,False
v9,output/backtest_checkpoint_over15.csv,file,csv,1,3250268,False,DERIVED,,,6000.0,107.0,2023-09-16 00:00:00,2025-10-25 00:00:00,date+home_team+away_team,,,0,,0,,0,0,False,True
v9,output/backtest_metrics_history.json,file,json,1,1803,True,CANONICAL,,,4.0,11.0,,,json object,,pro:retrain.py; v9:.github/workflows/retrain.yml; v9:retrain.py,3,,0,v9:.github/workflows/retrain.yml,1,0,True,False
v9,output/backtest_results.csv,file,csv,1,23037860,True,DERIVED,,,23421.0,121.0,2020-09-27 00:00:00,2026-05-18 00:00:00,date+home_team+away_team,,pro:pipeline.py; v9:.github/workflows/backtest.yml; v9:pipeline.py,3,,0,v9:.github/workflows/backtest.yml,1,0,True,False
v9,output/backtest_results_btts.csv,file,csv,1,9771208,True,DERIVED,2026-09-01T09:43:41,auto: parallel backtest 2026-09-01 09:43 UTC,12187.0,108.0,2022-09-02 00:00:00,2026-05-31 00:00:00,date+home_team+away_team,,v9:.github/workflows/backtest.yml,1,,0,v9:.github/workflows/backtest.yml,1,0,True,False
v9,output/backtest_results_newformat.csv,file,csv,1,2112045,True,DERIVED,2026-09-01T09:43:41,auto: parallel backtest 2026-09-01 09:43 UTC,2414.0,123.0,2025-08-09 00:00:00,2026-08-24 00:00:00,date+home_team+away_team,,pro:retrain.py; v9:.github/workflows/backtest.yml; v9:.github/workflows/retrain.yml; v9:retrain.py,4,,0,v9:.github/workflows/backtest.yml; v9:.github/workflows/retrain.yml,2,0,True,False
v9,output/backtest_results_over15.csv,file,csv,1,9850413,True,DERIVED,2026-09-01T09:43:41,auto: parallel backtest 2026-09-01 09:43 UTC,12187.0,108.0,2022-09-02 00:00:00,2026-05-31 00:00:00,date+home_team+away_team,,v9:.github/workflows/backtest.yml,1,,0,v9:.github/workflows/backtest.yml,1,0,True,False
v9,output/backtest_results_over35.csv,file,csv,1,9401285,True,DERIVED,2026-09-01T09:43:41,auto: parallel backtest 2026-09-01 09:43 UTC,12187.0,108.0,2022-09-02 00:00:00,2026-05-31 00:00:00,date+home_team+away_team,,v9:.github/workflows/backtest.yml,1,,0,v9:.github/workflows/backtest.yml,1,0,True,False
v9,output/backtest_results_standard.csv,file,csv,1,11727095,True,DERIVED,2026-09-01T09:43:41,auto: parallel backtest 2026-09-01 09:43 UTC,12187.0,123.0,2022-09-02 00:00:00,2026-05-31 00:00:00,date+home_team+away_team,,pro:retrain.py; v9:.github/workflows/backtest.yml; v9:.github/workflows/retrain.yml; v9:retrain.py,4,,0,v9:.github/workflows/backtest.yml; v9:.github/workflows/retrain.yml,2,4,True,False
v9,output/backtest_season_breakdown.csv,file,csv,1,5357,True,DERIVED,,,105.0,7.0,,,,,,0,,0,,0,0,False,True
v9,output/bets.csv,file,csv,1,3536,True,DERIVED,2026-09-23T04:40:34,auto: predict 2026-09-23 04:40 UTC,16.0,21.0,2026-09-24 00:00:00,2026-09-28 00:00:00,date+home_team+away_team,,pro:pipeline.py; pro:research/oracle_backtest.py; v9:.github/workflows/predict.yml; v9:pipeline.py,4,pro:app.py; pro:pages/10_🤖_Agent_Analysis.py; pro:pages/1_📊_Dashboard.py; pro:player_model/pipeline.py; pro:player_model/predict.py; pro:research/oracle_backtest.py; pro:telegram_bot/notifier.py; v9:app.py,13,v9:.github/workflows/predict.yml,1,8,False,False
v9,output/bets_ledger.csv,file,csv,1,664449,True,DERIVED,2026-09-22T13:24:44,auto: predict 2026-09-22 13:24 UTC,5324.0,21.0,2020-09-19 00:00:00,2026-09-28 00:00:00,,,pro:pipeline.py; pro:scripts/fix_ledger_tiers.py; pro:update_results.py; v9:.github/workflows/daily_summary.yml; v9:.github/workflows/predict.yml; v9:.github/workflows/update_results.yml,11,pro:app.py; pro:pages/12_💼_Portfolio.py; pro:scripts/fix_ledger_tiers.py; pro:scripts/v11_shadow.py; pro:telegram_bot/notifier.py; pro:update_results.py; v9:app.py; v9:pages/12_💼_Portfolio.py,14,v9:.github/workflows/daily_summary.yml; v9:.github/workflows/predict.yml; v9:.github/workflows/update_results.yml,3,20,False,False
v9,output/book_odds_snapshots.csv,file,csv,1,25534849,True,RAW,2026-09-23T04:40:34,auto: predict 2026-09-23 04:40 UTC,200000.0,9.0,2026-08-19 00:00:00,2026-09-26 00:00:00,,,v9:.github/workflows/predict.yml; v9:src/btts_odds.py; v9:src/predict.py,3,v9:src/btts_odds.py; v9:src/predict.py,2,v9:.github/workflows/predict.yml,1,10,False,False
v9,output/clv_records.csv,file,csv,1,411926,True,UNKNOWN,2026-09-22T13:29:11,auto: prop odds snapshot 2026-09-22 13:29 UTC,2654.0,17.0,,,,,v9:.github/workflows/player_props.yml; v9:.github/workflows/prop_odds_snapshot.yml; v9:player_model/clv_tracker.py,3,v9:player_model/clv_tracker.py; v9:src/clv_capture.py,2,v9:.github/workflows/player_props.yml; v9:.github/workflows/prop_odds_snapshot.yml,2,10,False,False
v9,output/fantasy_projection_log.csv,file,csv,1,1043998,True,REPORT,2026-09-22T12:04:32,auto: fantasy refresh 2026-09-22 12:04 UTC,7677.0,21.0,2026-08-27 00:00:00,2026-09-22 00:00:00,,,v9:.github/workflows/fantasy_refresh.yml; v9:player_model/fantasy_log.py,2,v9:player_model/fantasy_log.py,1,v9:.github/workflows/fantasy_refresh.yml,1,1,False,False
v9,output/fantasy_tips.csv,file,csv,1,74504,True,DERIVED,2026-09-22T12:04:32,auto: fantasy refresh 2026-09-22 12:04 UTC,289.0,38.0,,,,,pro:player_model/fantasy.py; pro:telegram_bot/notifier.py; v9:.github/workflows/fantasy_refresh.yml; v9:player_model/fantasy.py; v9:telegram_bot/notifier.py,5,pro:pages/13_⚽_Fantasy.py; pro:telegram_bot/notifier.py; v9:pages/13_⚽_Fantasy.py; v9:telegram_bot/notifier.py,4,v9:.github/workflows/fantasy_refresh.yml,1,1,False,False
v9,output/fd_history.parquet,file,parquet,1,560843,True,CANONICAL,2026-09-22T13:24:44,auto: predict 2026-09-22 13:24 UTC,58156.0,23.0,2019-02-15 00:00:00,2026-09-22 00:00:00,date+home_team+away_team,,v9:.github/workflows/predict.yml; v9:.github/workflows/retrain.yml; v9:src/data_loader.py,3,pro:src/architecture/gap.py; v9:src/data_loader.py,2,v9:.github/workflows/predict.yml; v9:.github/workflows/retrain.yml,2,5,False,False
v9,output/feature_health.json,file,json,1,606,True,REPORT,2026-09-23T04:40:34,auto: predict 2026-09-23 04:40 UTC,2.0,0.0,,,json object,,v9:.github/workflows/predict.yml; v9:src/health_check.py,2,,0,v9:.github/workflows/predict.yml,1,2,True,False
v9,output/fpl_bootstrap.json,file,json,1,1940756,True,UNKNOWN,2026-09-22T12:04:32,auto: fantasy refresh 2026-09-22 12:04 UTC,10.0,0.0,,,json object,,v9:.github/workflows/fantasy_refresh.yml,1,,0,v9:.github/workflows/fantasy_refresh.yml,1,1,True,False
v9,output/fpl_cache_meta.json,file,json,1,92,True,CACHE,2026-09-22T12:04:32,auto: fantasy refresh 2026-09-22 12:04 UTC,2.0,0.0,,,json object,,v9:.github/workflows/fantasy_refresh.yml; v9:player_model/fpl_api.py,2,,0,v9:.github/workflows/fantasy_refresh.yml,1,0,True,False
v9,output/fpl_fixtures.json,file,json,1,261332,True,UNKNOWN,2026-09-22T12:04:32,auto: fantasy refresh 2026-09-22 12:04 UTC,380.0,17.0,,,,,v9:.github/workflows/fantasy_refresh.yml,1,,0,v9:.github/workflows/fantasy_refresh.yml,1,1,True,False
v9,output/history_extend_health.json,file,json,1,2357,True,CANONICAL,2026-09-22T13:00:26,auto: player history extend 2026-09-22 13:00 UTC,7.0,0.0,,,json object,,v9:.github/workflows/player_history_extend.yml,1,v9:.github/workflows/player_history_extend.yml,1,v9:.github/workflows/player_history_extend.yml,1,0,False,False
v9,output/ht_ledger.csv,file,csv,1,2576,True,DERIVED,2026-09-22T13:24:44,auto: predict 2026-09-22 13:24 UTC,23.0,16.0,2026-09-26 00:00:00,2026-09-28 00:00:00,,,v9:.github/workflows/daily_summary.yml; v9:.github/workflows/predict.yml; v9:.github/workflows/update_results.yml; v9:src/ledger.py; v9:update_results.py,5,v9:src/ledger.py; v9:update_results.py,2,v9:.github/workflows/daily_summary.yml; v9:.github/workflows/predict.yml; v9:.github/workflows/update_results.yml,3,4,False,False
v9,output/inplay_snapshots.csv,file,csv,1,121767,True,RAW,2026-09-22T01:25:31,auto: live 2026-09-22 01:25 UTC,1417.0,9.0,2026-08-07 11:08:06,2026-09-22 01:25:30,fixture_id,,v9:.github/workflows/live_scanner.yml; v9:src/live_scanner.py,2,v9:src/live_scanner.py,1,v9:.github/workflows/live_scanner.yml,1,4,False,False
v9,output/league_roi_config.json,file,json,1,921,True,UNKNOWN,2026-09-01T09:43:41,auto: parallel backtest 2026-09-01 09:43 UTC,2.0,7.0,,,json object,,v9:.github/workflows/backtest.yml; v9:.github/workflows/backtest_matrix.yml,2,,0,v9:.github/workflows/backtest.yml; v9:.github/workflows/backtest_matrix.yml,2,3,True,False
v9,output/live_games.csv,file,csv,1,125,True,UNKNOWN,2026-09-22T13:04:28,auto: live 2026-09-22 13:04 UTC,0.0,11.0,,,,,v9:.github/workflows/live_scanner.yml; v9:.github/workflows/predict.yml; v9:src/live_scanner.py,3,pro:pages/6_⚡_Live.py; v9:pages/6_⚡_Live.py,2,v9:.github/workflows/live_scanner.yml; v9:.github/workflows/predict.yml,2,5,False,False
v9,output/live_signals_history.csv,file,csv,1,10654,True,CANONICAL,2026-09-23T01:42:30,auto: results 2026-09-23 01:42 UTC,77.0,16.0,2026-06-25 00:00:00,2026-09-22 00:00:00,,,v9:.github/workflows/live_scanner.yml; v9:.github/workflows/update_results.yml; v9:src/live_scanner.py; v9:update_results.py,4,pro:pages/9_📜_Live_History.py; v9:pages/6_⚡_Live.py; v9:src/live_scanner.py; v9:update_results.py,4,v9:.github/workflows/live_scanner.yml; v9:.github/workflows/update_results.yml,2,1,False,False
v9,output/live_tips.csv,file,csv,1,166,True,DERIVED,2026-09-22T13:04:28,auto: live 2026-09-22 13:04 UTC,0.0,16.0,,,,,v9:.github/workflows/live_scanner.yml; v9:.github/workflows/predict.yml; v9:src/live_scanner.py,3,pro:pages/6_⚡_Live.py; pro:telegram_bot/notifier.py; v9:pages/6_⚡_Live.py; v9:telegram_bot/notifier.py,4,v9:.github/workflows/live_scanner.yml; v9:.github/workflows/predict.yml,2,3,False,False
v9,output/newformat_odds_dense.csv,file,csv,1,1057695,True,UNKNOWN,2026-09-22T23:47:43,auto: predict 2026-09-22 23:47 UTC,10387.0,7.0,2026-08-15 00:00:00,2026-09-28 00:00:00,,,v9:.github/workflows/nf_odds_capture.yml; v9:.github/workflows/predict.yml,2,,0,v9:.github/workflows/nf_odds_capture.yml; v9:.github/workflows/predict.yml,2,5,True,False
v9,output/newformat_odds_history.csv,file,csv,1,4957522,True,RAW,2026-09-23T06:37:41,auto: nf odds capture 2026-09-23 06:37 UTC,44582.0,8.0,2025-06-23 00:00:00,2026-10-12 00:00:00,,,pro:scripts/capture_nf_odds_forward.py; v9:.github/workflows/nf_odds_capture.yml; v9:scripts/capture_nf_odds_forward.py,3,pro:scripts/capture_nf_odds_forward.py; pro:x12_nf_backtest.py; v9:scripts/capture_nf_odds_forward.py; v9:src/data_loader.py,4,v9:.github/workflows/nf_odds_capture.yml,1,8,False,False
v9,output/player_ledger.csv,file,csv,1,1485028,True,DERIVED,2026-09-23T01:42:30,auto: results 2026-09-23 01:42 UTC,9601.0,22.0,2026-06-14 00:00:00,2026-09-28 00:00:00,fixture_id,,pro:update_results.py; v9:.github/workflows/daily_summary.yml; v9:.github/workflows/player_props.yml; v9:.github/workflows/update_results.yml; v9:update_results.py,5,pro:pages/11_👤_Player_Props.py; pro:pages/12_💼_Portfolio.py; pro:telegram_bot/notifier.py; pro:update_results.py; v9:.github/workflows/player_props.yml; v9:pages/11_👤_Player_Props.py; v9:pages/12_💼_Portfolio.py; v9:player_model/clv_tracker.py,10,v9:.github/workflows/daily_summary.yml; v9:.github/workflows/player_props.yml; v9:.github/workflows/update_results.yml,3,5,False,False
v9,output/player_props_calibration.json,file,json,1,1081,True,UNKNOWN,,,7.0,6.0,,,json object,,pro:player_model/predict.py; v9:player_model/predict.py,2,pro:player_model/predict.py; v9:player_model/predict.py,2,,0,0,False,False
v9,output/player_prop_odds_history.csv,file,csv,1,35823636,True,RAW,2026-09-23T04:52:42,auto: prop odds snapshot 2026-09-23 04:52 UTC,200000.0,10.0,2026-06-28 00:00:00,2026-09-19 00:00:00,,,pro:player_model/odds_fetcher.py; v9:.github/workflows/player_props.yml; v9:.github/workflows/prop_odds_snapshot.yml; v9:player_model/odds_fetcher.py,4,pro:player_model/clv_tracker.py; pro:player_model/odds_fetcher.py; pro:research/calibration_audit.py; pro:research/counterfactual_test.py; pro:research/distributional_test.py; pro:research/oracle_backtest.py; v9:player_model/clv_tracker.py; v9:player_model/odds_fetcher.py,8,v9:.github/workflows/player_props.yml; v9:.github/workflows/prop_odds_snapshot.yml,2,4,False,False
v9,output/player_tips.csv,file,csv,1,16427,True,DERIVED,2026-09-22T16:17:08,auto: player props 2026-09-22 16:17 UTC,90.0,25.0,2026-09-24 00:00:00,2026-09-28 00:00:00,fixture_id,,pro:player_model/pipeline.py; pro:player_model/predict.py; v9:.github/workflows/player_props.yml; v9:player_model/pipeline.py; v9:player_model/predict.py,5,pro:pages/11_👤_Player_Props.py; pro:pages/5_🌍_World_Cup.py; pro:telegram_bot/notifier.py; v9:.github/workflows/player_props.yml; v9:pages/11_👤_Player_Props.py; v9:telegram_bot/notifier.py,6,v9:.github/workflows/player_props.yml,1,8,False,False
v9,output/pl_squads.csv,file,csv,1,37591,True,UNKNOWN,2026-09-21T13:18:03,auto: fantasy refresh 2026-09-21 13:18 UTC,617.0,14.0,,,,,pro:player_model/fantasy.py; v9:.github/workflows/fantasy_refresh.yml; v9:player_model/fantasy.py,3,pro:player_model/fantasy.py; v9:player_model/fantasy.py,2,v9:.github/workflows/fantasy_refresh.yml,1,0,False,False
v9,output/pl_squads_official.csv,file,csv,1,24224,True,UNKNOWN,2026-09-21T13:18:03,auto: fantasy refresh 2026-09-21 13:18 UTC,617.0,6.0,,,,,pro:player_model/fantasy.py; v9:.github/workflows/fantasy_refresh.yml; v9:player_model/fantasy.py,3,pro:player_model/fantasy.py; v9:player_model/fantasy.py,2,v9:.github/workflows/fantasy_refresh.yml,1,5,False,False
v9,output/postponed.csv,file,csv,1,107,True,UNKNOWN,2026-09-22T01:50:18,auto: predict 2026-09-22 01:50 UTC,1.0,5.0,2026-09-22 00:00:00,2026-09-22 00:00:00,date+home_team+away_team,,pro:pipeline.py; v9:.github/workflows/predict.yml; v9:pipeline.py,3,,0,v9:.github/workflows/predict.yml,1,0,True,False
v9,output/predictions.csv,file,csv,1,66005,True,DERIVED,2026-09-23T04:40:34,auto: predict 2026-09-23 04:40 UTC,58.0,151.0,2026-09-24 00:00:00,2026-09-28 00:00:00,date+home_team+away_team,,pro:.github/workflows/pro_backfill_results.yml; pro:.github/workflows/pro_collect.yml; pro:pipeline.py; pro:src/pipelines/tourney.py; v9:.github/workflows/predict.yml; v9:pipeline.py,7,pro:pages/10_🤖_Agent_Analysis.py; pro:pages/1_📊_Dashboard.py; pro:pages/8_⏱_HalfTime.py; pro:scripts/v11_shadow.py; pro:telegram_bot/notifier.py; v9:pages/10_🤖_Agent_Analysis.py; v9:pages/1_📊_Dashboard.py; v9:pages/6_⚡_Live.py,11,pro:.github/workflows/pro_backfill_results.yml; pro:.github/workflows/pro_collect.yml; v9:.github/workflows/predict.yml,3,22,False,False
v9,output/predict_health.json,file,json,1,292,True,REPORT,2026-09-23T04:40:34,auto: predict 2026-09-23 04:40 UTC,5.0,0.0,,,json object,,pro:telegram_bot/notifier.py; v9:.github/workflows/predict.yml; v9:src/health_check.py; v9:telegram_bot/notifier.py,4,v9:src/health_check.py,1,v9:.github/workflows/predict.yml,1,0,False,False
v9,output/props_health.json,file,json,1,6041,True,REPORT,2026-09-23T03:11:03,auto: player props 2026-09-23 03:11 UTC,12.0,0.0,,,json object,,v9:.github/workflows/player_props.yml,1,v9:.github/workflows/player_props.yml,1,v9:.github/workflows/player_props.yml,1,0,False,False
v9,output/prop_odds_coverage.json,file,json,1,10021,True,REPORT,2026-09-23T04:52:42,auto: prop odds snapshot 2026-09-23 04:52 UTC,34.0,7.0,,,json object,,v9:.github/workflows/player_props.yml; v9:.github/workflows/prop_odds_snapshot.yml; v9:player_model/odds_fetcher.py,3,,0,v9:.github/workflows/player_props.yml; v9:.github/workflows/prop_odds_snapshot.yml,2,2,True,False
v9,output/retrain_log.json,file,json,1,1998,True,REPORT,2026-09-22T11:14:49,auto: main-model retrain 2026-09-22,2.0,1.0,,,json object,,v9:.github/workflows/player_props.yml; v9:.github/workflows/retrain.yml; v9:pipeline.py; v9:player_model/pipeline.py,4,pro:src/monitoring/ml_learning_health.py; v9:telegram_bot/notifier.py,2,v9:.github/workflows/player_props.yml; v9:.github/workflows/retrain.yml,2,0,False,False
v9,output/sharp_ledger.csv,file,csv,1,207073,True,DERIVED,2026-09-22T17:48:11,auto: sharp 2026-09-22 17:48 UTC,1498.0,16.0,2026-06-14 00:00:00,2026-10-05 00:00:00,,,pro:update_results.py; v9:.github/workflows/daily_summary.yml; v9:.github/workflows/sharp_tracker.yml; v9:.github/workflows/update_results.yml; v9:.github/workflows/worldcup.yml; v9:update_results.py,6,pro:telegram_bot/notifier.py; pro:update_results.py; v9:telegram_bot/notifier.py; v9:update_results.py,4,v9:.github/workflows/daily_summary.yml; v9:.github/workflows/sharp_tracker.yml; v9:.github/workflows/update_results.yml; v9:.github/workflows/worldcup.yml,4,3,False,False
v9,output/sharp_move_notified.json,file,json,1,13041,True,UNKNOWN,2026-09-22T17:34:58,auto: sharp-move alert dedup 2026-09-22 17:34 UTC,1.0,0.0,,,json object,,pro:telegram_bot/notifier.py; v9:.github/workflows/sharp_move_alert.yml; v9:telegram_bot/notifier.py,3,,0,v9:.github/workflows/sharp_move_alert.yml,1,0,True,False
v9,output/sharp_tips.csv,file,csv,1,6482,True,DERIVED,2026-09-22T23:54:18,auto: sharp 2026-09-22 23:54 UTC,49.0,13.0,2026-09-24 00:00:00,2026-10-06 00:00:00,date+league+match+market,,v9:.github/workflows/predict.yml; v9:.github/workflows/sharp_tracker.yml; v9:src/sharp_tracker.py; v9:src/sharp_tracker_v1.py,4,pro:pages/7_💰_Sharp_Money.py; pro:telegram_bot/notifier.py; v9:telegram_bot/notifier.py,3,v9:.github/workflows/predict.yml; v9:.github/workflows/sharp_tracker.yml,2,3,False,False
v9,output/side_bets.csv,file,csv,1,377,False,DERIVED,,,4.0,10.0,2026-09-22 00:00:00,2026-09-22 00:00:00,date+home_team+away_team,,pro:pipeline.py; v9:pipeline.py,2,pro:pages/1_📊_Dashboard.py; pro:telegram_bot/notifier.py; v9:pages/1_📊_Dashboard.py; v9:telegram_bot/notifier.py,4,,0,0,False,False
v9,output/side_bets_ledger.csv,file,csv,1,54607,True,DERIVED,2026-09-23T01:42:30,auto: results 2026-09-23 01:42 UTC,354.0,20.0,2026-08-09 00:00:00,2026-09-27 00:00:00,,,pro:pipeline.py; pro:update_results.py; v9:.github/workflows/daily_summary.yml; v9:.github/workflows/predict.yml; v9:.github/workflows/update_results.yml; v9:pipeline.py,9,pro:telegram_bot/notifier.py; pro:update_results.py; v9:pages/12_💼_Portfolio.py; v9:scripts/backfill_clv.py; v9:src/ledger.py; v9:telegram_bot/notifier.py; v9:update_results.py,7,v9:.github/workflows/daily_summary.yml; v9:.github/workflows/predict.yml; v9:.github/workflows/update_results.yml,3,7,False,False
v9,output/squads_official.csv,file,csv,1,1265550,True,UNKNOWN,2026-09-22T12:04:32,auto: fantasy refresh 2026-09-22 12:04 UTC,18996.0,9.0,,,,,pro:player_model/fantasy.py; v9:.github/workflows/fantasy_refresh.yml; v9:player_model/fantasy.py,3,pro:player_model/fantasy.py; v9:player_model/fantasy.py,2,v9:.github/workflows/fantasy_refresh.yml,1,5,False,False
v9,output/standard_odds_history.csv,file,csv,1,653520,True,RAW,2026-09-23T04:40:34,auto: predict 2026-09-23 04:40 UTC,6828.0,7.0,2026-08-09 00:00:00,2026-09-28 00:00:00,,,v9:.github/workflows/predict.yml,1,,0,v9:.github/workflows/predict.yml,1,8,True,False
v9,output/standard_sidemarket_odds_history.csv,file,csv,1,4074253,True,RAW,2026-09-23T04:03:24,auto: std side-market odds capture 2026-09-23 04:03 UTC,38328.0,8.0,2024-08-10 00:00:00,2026-10-18 00:00:00,,,v9:.github/workflows/std_odds_capture.yml; v9:scripts/capture_std_sidemarket_odds_forward.py,2,pro:src/architecture/inventory.py; v9:scripts/capture_std_sidemarket_odds_forward.py; v9:src/data_loader.py; v9:update_results.py,4,v9:.github/workflows/std_odds_capture.yml,1,8,False,False
v9,output/training_coverage.json,file,json,1,11853,False,DERIVED,,,4.0,0.0,,,json object,,v9:src/data_loader.py,1,v9:src/data_loader.py,1,,0,0,False,False
v9,output/worldcup_history.json,file,json,1,1746170,True,CANONICAL,,,204.0,6.0,,,json object,,pro:worldcup/tracker.py; v9:.github/workflows/predict.yml; v9:.github/workflows/worldcup.yml; v9:worldcup/tracker.py,4,,0,v9:.github/workflows/predict.yml; v9:.github/workflows/worldcup.yml,2,5,True,False
v9,output/worldcup_model_tips.csv,file,csv,1,391,True,DERIVED,,,2.0,15.0,2026-07-14 00:00:00,2026-07-15 00:00:00,,,pro:worldcup/tracker.py; v9:.github/workflows/worldcup.yml; v9:worldcup/tracker.py,3,pro:pages/5_🌍_World_Cup.py,1,v9:.github/workflows/worldcup.yml,1,0,False,False
v9,output/worldcup_tips.csv,file,csv,1,91,True,DERIVED,,,0.0,10.0,,,,,pro:worldcup/tracker.py; v9:.github/workflows/predict.yml; v9:.github/workflows/worldcup.yml; v9:worldcup/tracker.py,4,pro:pages/5_🌍_World_Cup.py; pro:telegram_bot/notifier.py; v9:telegram_bot/notifier.py,3,v9:.github/workflows/predict.yml; v9:.github/workflows/worldcup.yml,2,2,False,False
v9,output/sharp_history/2026-06.json,file,json,1,908850,True,CANONICAL,2026-08-18T08:21:28,auto: sharp 2026-08-18 08:21 UTC,130.0,7.0,,,json object,,,0,,0,,0,0,False,True
v9,output/sharp_history/2026-07.json,file,json,1,4484586,True,CANONICAL,2026-08-18T08:21:28,auto: sharp 2026-08-18 08:21 UTC,513.0,7.0,,,json object,,,0,,0,,0,0,False,True
v9,output/sharp_history/2026-08.json,file,json,1,11887373,True,CANONICAL,2026-08-31T00:00:15,auto: sharp 2026-08-31 00:00 UTC,1396.0,7.0,,,json object,,,0,,0,,0,0,False,True
v9,output/sharp_history/2026-09.json,file,json,1,7613857,True,CANONICAL,2026-09-22T23:54:18,auto: sharp 2026-09-22 23:54 UTC,1371.0,7.0,,,json object,,,0,,0,,0,0,False,True
v9,output/sharp_history/2026-10.json,file,json,1,74119,True,CANONICAL,2026-09-22T23:54:18,auto: sharp 2026-09-22 23:54 UTC,36.0,7.0,,,json object,,,0,,0,,0,0,False,True
v9,telegram_bot/bot_config.json,file,json,1,92,False,UNKNOWN,,,2.0,0.0,,,json object,,pro:telegram_bot/notifier.py; v9:.github/workflows/live_scanner.yml; v9:telegram_bot/notifier.py,3,,0,v9:.github/workflows/live_scanner.yml,1,1,True,False
v9,telegram_bot/cashout_notified.json,file,json,1,9168,True,UNKNOWN,2026-09-20T17:18:44,auto: player props 2026-09-20 17:18 UTC,1.0,0.0,,,json object,,v9:.github/workflows/player_props.yml,1,,0,v9:.github/workflows/player_props.yml,1,2,True,False
v9,telegram_bot/live_notified.json,file,json,1,3294,True,UNKNOWN,2026-09-05T19:54:59,auto: live 2026-09-05 19:54 UTC,1.0,0.0,,,json object,,pro:telegram_bot/notifier.py; v9:.github/workflows/live_scanner.yml; v9:.github/workflows/predict.yml; v9:src/live_scanner.py; v9:telegram_bot/notifier.py,5,,0,v9:.github/workflows/live_scanner.yml; v9:.github/workflows/predict.yml,2,0,True,False
v9,telegram_bot/notified.json,file,json,1,69728,True,UNKNOWN,2026-09-23T05:31:56,auto: daily digest sent 2026-09-23,1.0,0.0,,,json object,,pro:.github/workflows/pro_bet_builder.yml; pro:telegram_bot/notifier.py; pro:test_telegram.py; v9:.github/workflows/daily_summary.yml; v9:.github/workflows/live_scanner.yml; v9:.github/workflows/player_props.yml,14,,0,pro:.github/workflows/pro_bet_builder.yml; v9:.github/workflows/daily_summary.yml; v9:.github/workflows/live_scanner.yml; v9:.github/workflows/player_props.yml; v9:.github/workflows/predict.yml; v9:.github/workflows/retrain.yml,9,4,True,False
v9,telegram_bot/player_kickoff_cache.json,file,json,1,516281,True,CACHE,2026-09-22T16:17:08,auto: player props 2026-09-22 16:17 UTC,7326.0,0.0,,,json object,,pro:telegram_bot/notifier.py; v9:.github/workflows/player_props.yml; v9:telegram_bot/notifier.py,3,,0,v9:.github/workflows/player_props.yml,1,0,True,False
v9,telegram_bot/player_notified.json,file,json,1,55945,True,UNKNOWN,2026-09-23T05:31:56,auto: daily digest sent 2026-09-23,1.0,0.0,,,json object,,v9:.github/workflows/daily_summary.yml; v9:.github/workflows/player_props.yml,2,,0,v9:.github/workflows/daily_summary.yml; v9:.github/workflows/player_props.yml,2,2,True,False
v9,telegram_bot/sharp_notified.json,file,json,1,134747,True,UNKNOWN,2026-09-22T23:54:18,auto: sharp 2026-09-22 23:54 UTC,1.0,0.0,,,json object,,v9:.github/workflows/sharp_tracker.yml,1,,0,v9:.github/workflows/sharp_tracker.yml,1,2,True,False
v9,telegram_bot/wc_notified.json,file,json,1,15156,True,UNKNOWN,,,1.0,0.0,,,json object,,v9:.github/workflows/worldcup.yml,1,,0,v9:.github/workflows/worldcup.yml,1,2,True,False
v9,apifootball_ou_cache,cache_dir,json,45753,352367304,False,CACHE,,,,,,,,,v9:.github/workflows/af_history_extend.yml; v9:.github/workflows/predict.yml; v9:.github/workflows/retrain.yml,3,,0,v9:.github/workflows/af_history_extend.yml; v9:.github/workflows/predict.yml; v9:.github/workflows/retrain.yml; v9:.github/workflows/warm_nf_shot_cache.yml,4,5,True,False
v9,api_football_cache,cache_dir,json,186,45035631,False,CACHE,,,,,,,,,v9:.github/workflows/predict.yml; v9:.github/workflows/retrain.yml,2,,0,v9:.github/workflows/predict.yml; v9:.github/workflows/retrain.yml,2,1,True,False
v9,fixture_events_cache,cache_dir,json,11049,9165943,False,CACHE,,,,,,,,,,0,,0,,0,2,False,True
v9,fixture_player_cache,cache_dir,json,11050,346920984,False,CACHE,,,,,,,,,v9:.github/workflows/player_history_extend.yml; v9:.github/workflows/player_props.yml,2,,0,v9:.github/workflows/player_history_extend.yml; v9:.github/workflows/player_props.yml,2,2,True,False
v9,fixture_stats_cache,cache_dir,json,11135,1528700,False,CACHE,,,,,,,,,pro:player_model/data_fetcher.py; v9:.github/workflows/player_props.yml; v9:player_model/data_fetcher.py,3,pro:player_model/data_fetcher.py; v9:player_model/data_fetcher.py,2,v9:.github/workflows/player_props.yml,1,0,False,False
v9,lineup_cache,cache_dir,json,4,2672,False,CACHE,,,,,,,,,v9:.github/workflows/player_props.yml,1,,0,v9:.github/workflows/player_props.yml,1,2,True,False
v9,player_match_cache,cache_dir,json,6044,96162615,False,CACHE,,,,,,,,,v9:.github/workflows/injury_refresh.yml,1,,0,v9:.github/workflows/injury_refresh.yml,1,4,True,False
v9,player_season_stats_cache,cache_dir,json,4277,1890673,False,CACHE,,,,,,,,,,0,,0,,0,2,False,True
v9,prop_odds_cache,cache_dir,json,121,2303740,False,CACHE,,,,,,,,,v9:.github/workflows/player_props.yml; v9:.github/workflows/prop_odds_snapshot.yml,2,,0,v9:.github/workflows/player_props.yml; v9:.github/workflows/prop_odds_snapshot.yml,2,3,True,False
v9,scripts,cache_dir,json,1,289402,False,CACHE,,,,,,,,,v11:.github/workflows/v11_collect.yml; v9:.github/workflows/af_history_extend.yml; v9:.github/workflows/af_usage_monitor.yml; v9:.github/workflows/nf_odds_capture.yml; v9:.github/workflows/prop_odds_snapshot.yml; v9:.github/workflows/std_odds_capture.yml,6,,0,v11:.github/workflows/v11_collect.yml; v9:.github/workflows/af_history_extend.yml; v9:.github/workflows/af_usage_monitor.yml; v9:.github/workflows/nf_odds_capture.yml; v9:.github/workflows/prop_odds_snapshot.yml; v9:.github/workflows/std_odds_capture.yml,7,30,True,False
pro,arch_bets.parquet,file,parquet,1,3559046,False,DERIVED,,,99448.0,27.0,2025-08-22 00:00:00,2026-06-24 00:00:00,,,,0,,0,,0,0,False,True
pro,joined_bets.parquet,file,parquet,1,166605,False,DERIVED,,,101241.0,6.0,2025-04-01 00:00:00,2026-06-24 00:00:00,,,,0,,0,,0,0,False,True
pro,oddsband_bets.parquet,file,parquet,1,2306096,False,DERIVED,,,99448.0,10.0,2025-08-22 00:00:00,2026-06-24 00:00:00,,,,0,,0,,0,0,False,True
pro,odds_history_v9.json,file,json,1,2962,False,RAW,,,20.0,0.0,,,json object,,pro:.github/workflows/pro_weekly_audit.yml; pro:src/monitoring/weekly_audit.py; v9:.github/workflows/predict.yml,3,,0,pro:.github/workflows/pro_weekly_audit.yml; v9:.github/workflows/predict.yml,2,8,True,False
pro,player_history.parquet,file,parquet,1,61638355,False,CANONICAL,,,230216.0,211.0,2022-08-12 00:00:00,2026-07-04 00:00:00,fixture_id,,pro:player_model/pipeline.py; pro:src/pipelines/bet_builder.py; v9:.github/workflows/injury_refresh.yml; v9:.github/workflows/player_history_extend.yml; v9:.github/workflows/player_props.yml; v9:player_model/pipeline.py,6,pro:player_model/pipeline.py; pro:research/auc_marginal.py; pro:research/calibration_audit.py; pro:research/counterfactual_test.py; pro:research/distributional_test.py; pro:research/oracle_backtest.py; pro:scripts/weather_backtest.py; pro:scripts/x12_backtest.py,19,v9:.github/workflows/injury_refresh.yml; v9:.github/workflows/player_history_extend.yml; v9:.github/workflows/player_props.yml,3,16,False,False
pro,segmented_rules.csv,file,csv,1,5309,False,UNKNOWN,,,55.0,9.0,,,,,,0,,0,,0,0,False,True
pro,team_analyst_bets.parquet,file,parquet,1,2117420,False,DERIVED,,,99448.0,20.0,2025-08-22 00:00:00,2026-06-24 00:00:00,,,,0,,0,,0,0,False,True
pro,team_id_cache.json,file,json,1,2195,False,CACHE,,,4.0,22.0,,,json object,,v9:.github/workflows/player_props.yml; v9:.github/workflows/predict.yml; v9:src/api_football_ou.py,3,,0,v9:.github/workflows/player_props.yml; v9:.github/workflows/predict.yml,2,0,True,False
pro,team_scout_results.csv,file,csv,1,1256,False,UNKNOWN,,,14.0,9.0,,,,,,0,,0,,0,0,False,True
pro,.devcontainer/devcontainer.json,file,json,1,1046,False,UNKNOWN,,,,,,,,JSONDecodeError: Expecting property name enclosed in double quotes: line 3 column 3 (char 26),,0,,0,,0,0,False,True
pro,data/_backfill_fixtures.parquet,file,parquet,1,287871,True,UNKNOWN,2026-08-19T09:34:48,"Widen the git extract to all columns, so Pro can TRAIN and not only compare",935.0,149.0,2026-05-21 00:00:00,2026-08-25 00:00:00,fixture_key,,pro:.github/workflows/pro_backfill_results.yml; pro:src/pipelines/backfill_history.py,2,pro:src/pipelines/backfill_history.py,1,pro:.github/workflows/pro_backfill_results.yml,1,0,False,False
pro,data/_backfill_joined.parquet,file,parquet,1,210461,True,UNKNOWN,2026-08-19T11:46:32,pro: backfill results 2026-08-19 11:46 UTC,514.0,153.0,2026-05-21 00:00:00,2026-08-18 00:00:00,fixture_key,,pro:.github/workflows/pro_backfill_results.yml; pro:src/pipelines/backfill_history.py,2,,0,pro:.github/workflows/pro_backfill_results.yml,1,0,True,False
pro,experiments/shadow-ou25-12fb892eb5c7/bets.parquet,file,parquet,1,36923,False,DERIVED,,,564.0,17.0,2026-05-01 00:00:00,2026-08-18 00:00:00,fixture_key,,pro:src/pipelines/experiment.py,1,pro:tests/test_drift_experiment.py,1,,0,0,False,False
pro,experiments/shadow-ou25-12fb892eb5c7/by_league.csv,file,csv,1,937,False,UNKNOWN,,,2.0,23.0,,,,,pro:src/pipelines/experiment.py; v11:.github/workflows/v11_collect.yml,2,,0,v11:.github/workflows/v11_collect.yml,1,5,True,False
pro,experiments/shadow-ou25-12fb892eb5c7/manifest.json,file,json,1,772,False,REPORT,,,23.0,0.0,,,json object,,pro:.github/workflows/pro_collect.yml; pro:.github/workflows/pro_prediction_lab.yml; pro:src/architecture/canonical.py; pro:src/monitoring/manifest.py; pro:src/pipelines/experiment.py; pro:src/prediction_lab/cross_market.py,7,pro:src/monitoring/manifest.py; pro:src/pipelines/experiment.py,2,pro:.github/workflows/pro_collect.yml; pro:.github/workflows/pro_prediction_lab.yml,2,1,False,False
pro,experiments/shadow-ou25-12fb892eb5c7/metrics.json,file,json,1,1175,False,UNKNOWN,,,33.0,0.0,,,json object,,pro:research/oracle_backtest.py; pro:src/pipelines/experiment.py,2,pro:research/oracle_backtest.py; pro:src/pipelines/experiment.py,2,,0,1,False,False
pro,experiments/shadow-ou25-510ad7c40ae0/bets.parquet,file,parquet,1,24557,False,DERIVED,,,156.0,22.0,2026-05-01 00:00:00,2026-08-17 00:00:00,fixture_key,,pro:src/pipelines/experiment.py,1,pro:tests/test_drift_experiment.py,1,,0,0,False,False
pro,experiments/shadow-ou25-510ad7c40ae0/by_league.csv,file,csv,1,943,False,UNKNOWN,,,2.0,23.0,,,,,pro:src/pipelines/experiment.py; v11:.github/workflows/v11_collect.yml,2,,0,v11:.github/workflows/v11_collect.yml,1,5,True,False
pro,experiments/shadow-ou25-510ad7c40ae0/manifest.json,file,json,1,772,False,REPORT,,,23.0,0.0,,,json object,,pro:.github/workflows/pro_collect.yml; pro:.github/workflows/pro_prediction_lab.yml; pro:src/architecture/canonical.py; pro:src/monitoring/manifest.py; pro:src/pipelines/experiment.py; pro:src/prediction_lab/cross_market.py,7,pro:src/monitoring/manifest.py; pro:src/pipelines/experiment.py,2,pro:.github/workflows/pro_collect.yml; pro:.github/workflows/pro_prediction_lab.yml,2,1,False,False
pro,experiments/shadow-ou25-510ad7c40ae0/metrics.json,file,json,1,1029,False,UNKNOWN,,,29.0,0.0,,,json object,,pro:research/oracle_backtest.py; pro:src/pipelines/experiment.py,2,pro:research/oracle_backtest.py; pro:src/pipelines/experiment.py,2,,0,1,False,False
pro,experiments/shadow-ou25-5aa12ce66a8f/by_league.csv,file,csv,1,940,True,UNKNOWN,2026-08-19T09:00:56,pro: backfill results 2026-08-19 09:00 UTC,2.0,23.0,,,,,pro:src/pipelines/experiment.py; v11:.github/workflows/v11_collect.yml,2,,0,v11:.github/workflows/v11_collect.yml,1,5,True,False
pro,experiments/shadow-ou25-5aa12ce66a8f/manifest.json,file,json,1,746,True,REPORT,2026-08-19T09:00:56,pro: backfill results 2026-08-19 09:00 UTC,23.0,0.0,,,json object,,pro:.github/workflows/pro_collect.yml; pro:.github/workflows/pro_prediction_lab.yml; pro:src/architecture/canonical.py; pro:src/monitoring/manifest.py; pro:src/pipelines/experiment.py; pro:src/prediction_lab/cross_market.py,7,pro:src/monitoring/manifest.py; pro:src/pipelines/experiment.py,2,pro:.github/workflows/pro_collect.yml; pro:.github/workflows/pro_prediction_lab.yml,2,1,False,False
pro,experiments/shadow-ou25-5aa12ce66a8f/metrics.json,file,json,1,999,True,UNKNOWN,2026-08-19T09:00:56,pro: backfill results 2026-08-19 09:00 UTC,29.0,0.0,,,json object,,pro:research/oracle_backtest.py; pro:src/pipelines/experiment.py,2,pro:research/oracle_backtest.py; pro:src/pipelines/experiment.py,2,,0,1,False,False
pro,experiments/shadow-ou25-9d02da9c82af/bets.parquet,file,parquet,1,24557,False,DERIVED,,,156.0,22.0,2026-05-01 00:00:00,2026-08-17 00:00:00,fixture_key,,pro:src/pipelines/experiment.py,1,pro:tests/test_drift_experiment.py,1,,0,0,False,False
pro,experiments/shadow-ou25-9d02da9c82af/by_league.csv,file,csv,1,943,True,UNKNOWN,2026-08-19T08:27:36,Phase 5: market-relative test on real settled fixtures ג€” and why the result is not evide,2.0,23.0,,,,,pro:src/pipelines/experiment.py; v11:.github/workflows/v11_collect.yml,2,,0,v11:.github/workflows/v11_collect.yml,1,5,True,False
pro,experiments/shadow-ou25-9d02da9c82af/manifest.json,file,json,1,772,True,REPORT,2026-08-19T08:27:36,Phase 5: market-relative test on real settled fixtures ג€” and why the result is not evide,23.0,0.0,,,json object,,pro:.github/workflows/pro_collect.yml; pro:.github/workflows/pro_prediction_lab.yml; pro:src/architecture/canonical.py; pro:src/monitoring/manifest.py; pro:src/pipelines/experiment.py; pro:src/prediction_lab/cross_market.py,7,pro:src/monitoring/manifest.py; pro:src/pipelines/experiment.py,2,pro:.github/workflows/pro_collect.yml; pro:.github/workflows/pro_prediction_lab.yml,2,1,False,False
pro,experiments/shadow-ou25-9d02da9c82af/metrics.json,file,json,1,1029,True,UNKNOWN,2026-08-19T08:27:36,Phase 5: market-relative test on real settled fixtures ג€” and why the result is not evide,29.0,0.0,,,json object,,pro:research/oracle_backtest.py; pro:src/pipelines/experiment.py,2,pro:research/oracle_backtest.py; pro:src/pipelines/experiment.py,2,,0,1,False,False
pro,experiments/shadow-ou25-aa7b2a95cbe1/bets.parquet,file,parquet,1,27603,False,DERIVED,,,343.0,17.0,2026-05-01 00:00:00,2026-08-18 00:00:00,fixture_key,,pro:src/pipelines/experiment.py,1,pro:tests/test_drift_experiment.py,1,,0,0,False,False
pro,experiments/shadow-ou25-aa7b2a95cbe1/by_league.csv,file,csv,1,948,False,UNKNOWN,,,2.0,23.0,,,,,pro:src/pipelines/experiment.py; v11:.github/workflows/v11_collect.yml,2,,0,v11:.github/workflows/v11_collect.yml,1,5,True,False
pro,experiments/shadow-ou25-aa7b2a95cbe1/manifest.json,file,json,1,772,False,REPORT,,,23.0,0.0,,,json object,,pro:.github/workflows/pro_collect.yml; pro:.github/workflows/pro_prediction_lab.yml; pro:src/architecture/canonical.py; pro:src/monitoring/manifest.py; pro:src/pipelines/experiment.py; pro:src/prediction_lab/cross_market.py,7,pro:src/monitoring/manifest.py; pro:src/pipelines/experiment.py,2,pro:.github/workflows/pro_collect.yml; pro:.github/workflows/pro_prediction_lab.yml,2,1,False,False
pro,experiments/shadow-ou25-aa7b2a95cbe1/metrics.json,file,json,1,1175,False,UNKNOWN,,,33.0,0.0,,,json object,,pro:research/oracle_backtest.py; pro:src/pipelines/experiment.py,2,pro:research/oracle_backtest.py; pro:src/pipelines/experiment.py,2,,0,1,False,False
pro,experiments/shadow-ou25-bce721b1f6c5/by_league.csv,file,csv,1,934,True,UNKNOWN,2026-08-19T11:46:32,pro: backfill results 2026-08-19 11:46 UTC,2.0,23.0,,,,,pro:src/pipelines/experiment.py; v11:.github/workflows/v11_collect.yml,2,,0,v11:.github/workflows/v11_collect.yml,1,5,True,False
pro,experiments/shadow-ou25-bce721b1f6c5/manifest.json,file,json,1,746,True,REPORT,2026-08-19T11:46:32,pro: backfill results 2026-08-19 11:46 UTC,23.0,0.0,,,json object,,pro:.github/workflows/pro_collect.yml; pro:.github/workflows/pro_prediction_lab.yml; pro:src/architecture/canonical.py; pro:src/monitoring/manifest.py; pro:src/pipelines/experiment.py; pro:src/prediction_lab/cross_market.py,7,pro:src/monitoring/manifest.py; pro:src/pipelines/experiment.py,2,pro:.github/workflows/pro_collect.yml; pro:.github/workflows/pro_prediction_lab.yml,2,1,False,False
pro,experiments/shadow-ou25-bce721b1f6c5/metrics.json,file,json,1,1138,True,UNKNOWN,2026-08-19T11:46:32,pro: backfill results 2026-08-19 11:46 UTC,33.0,0.0,,,json object,,pro:research/oracle_backtest.py; pro:src/pipelines/experiment.py,2,pro:research/oracle_backtest.py; pro:src/pipelines/experiment.py,2,,0,1,False,False
pro,experiments/shadow-ou25-d2173a768ee2/bets.parquet,file,parquet,1,27603,False,DERIVED,,,343.0,17.0,2026-05-01 00:00:00,2026-08-18 00:00:00,fixture_key,,pro:src/pipelines/experiment.py,1,pro:tests/test_drift_experiment.py,1,,0,0,False,False
pro,experiments/shadow-ou25-d2173a768ee2/by_league.csv,file,csv,1,948,False,UNKNOWN,,,2.0,23.0,,,,,pro:src/pipelines/experiment.py; v11:.github/workflows/v11_collect.yml,2,,0,v11:.github/workflows/v11_collect.yml,1,5,True,False
pro,experiments/shadow-ou25-d2173a768ee2/manifest.json,file,json,1,772,False,REPORT,,,23.0,0.0,,,json object,,pro:.github/workflows/pro_collect.yml; pro:.github/workflows/pro_prediction_lab.yml; pro:src/architecture/canonical.py; pro:src/monitoring/manifest.py; pro:src/pipelines/experiment.py; pro:src/prediction_lab/cross_market.py,7,pro:src/monitoring/manifest.py; pro:src/pipelines/experiment.py,2,pro:.github/workflows/pro_collect.yml; pro:.github/workflows/pro_prediction_lab.yml,2,1,False,False
pro,experiments/shadow-ou25-d2173a768ee2/metrics.json,file,json,1,1175,False,UNKNOWN,,,33.0,0.0,,,json object,,pro:research/oracle_backtest.py; pro:src/pipelines/experiment.py,2,pro:research/oracle_backtest.py; pro:src/pipelines/experiment.py,2,,0,1,False,False
pro,models/best_params_btts.json,file,json,1,906,False,UNKNOWN,,,7.0,5.0,,,json object,,v9:.github/workflows/preseason_retrain.yml; v9:.github/workflows/retrain.yml,2,,0,v9:.github/workflows/preseason_retrain.yml; v9:.github/workflows/retrain.yml,2,0,True,False
pro,models/best_params_over15.json,file,json,1,908,False,UNKNOWN,,,7.0,5.0,,,json object,,v9:.github/workflows/preseason_retrain.yml; v9:.github/workflows/retrain.yml,2,,0,v9:.github/workflows/preseason_retrain.yml; v9:.github/workflows/retrain.yml,2,0,True,False
pro,models/best_params_over35.json,file,json,1,906,False,UNKNOWN,,,7.0,5.0,,,json object,,v9:.github/workflows/preseason_retrain.yml; v9:.github/workflows/retrain.yml,2,,0,v9:.github/workflows/preseason_retrain.yml; v9:.github/workflows/retrain.yml,2,0,True,False
pro,models/best_params_side_markets.json,file,json,1,3749,False,UNKNOWN,,,3.0,7.0,,,json object,,pro:pipeline.py; v9:.github/workflows/backtest.yml; v9:.github/workflows/backtest_matrix.yml; v9:pipeline.py,4,pro:pipeline.py; v9:.github/workflows/backtest_matrix.yml; v9:pipeline.py,3,v9:.github/workflows/backtest.yml; v9:.github/workflows/backtest_matrix.yml,2,1,False,False
pro,models/best_params_standard.json,file,json,1,1365,False,UNKNOWN,,,7.0,7.0,,,json object,,pro:pipeline.py; v9:pipeline.py,2,v9:src/betting.py,1,,0,0,False,False
pro,models/feature_importances_btts.csv,file,csv,1,1950,False,UNKNOWN,,,42.0,3.0,,,,,v9:.github/workflows/preseason_retrain.yml; v9:.github/workflows/retrain.yml,2,,0,v9:.github/workflows/preseason_retrain.yml; v9:.github/workflows/retrain.yml,2,0,True,False
pro,models/feature_importances_ht_over05.csv,file,csv,1,1912,False,UNKNOWN,,,42.0,3.0,,,,,v9:.github/workflows/backtest.yml; v9:.github/workflows/preseason_retrain.yml; v9:.github/workflows/retrain.yml,3,,0,v9:.github/workflows/backtest.yml; v9:.github/workflows/preseason_retrain.yml; v9:.github/workflows/retrain.yml,3,0,True,False
pro,models/feature_importances_ht_over15.csv,file,csv,1,1913,False,UNKNOWN,,,42.0,3.0,,,,,v9:.github/workflows/backtest.yml; v9:.github/workflows/preseason_retrain.yml; v9:.github/workflows/retrain.yml,3,,0,v9:.github/workflows/backtest.yml; v9:.github/workflows/preseason_retrain.yml; v9:.github/workflows/retrain.yml,3,0,True,False
pro,models/feature_importances_newformat.csv,file,csv,1,1943,False,UNKNOWN,,,42.0,3.0,,,,,pro:retrain.py; v9:.github/workflows/retrain.yml; v9:retrain.py,3,,0,v9:.github/workflows/retrain.yml,1,2,True,False
pro,models/feature_importances_over15.csv,file,csv,1,1933,False,UNKNOWN,,,42.0,3.0,,,,,v9:.github/workflows/preseason_retrain.yml; v9:.github/workflows/retrain.yml,2,,0,v9:.github/workflows/preseason_retrain.yml; v9:.github/workflows/retrain.yml,2,0,True,False
pro,models/feature_importances_over35.csv,file,csv,1,1934,False,UNKNOWN,,,42.0,3.0,,,,,v9:.github/workflows/preseason_retrain.yml; v9:.github/workflows/retrain.yml,2,,0,v9:.github/workflows/preseason_retrain.yml; v9:.github/workflows/retrain.yml,2,0,True,False
pro,models/feature_importances_standard.csv,file,csv,1,1872,False,UNKNOWN,,,42.0,3.0,,,,,pro:retrain.py; v9:.github/workflows/retrain.yml; v9:retrain.py,3,,0,v9:.github/workflows/retrain.yml,1,2,True,False
pro,models/feature_importances_v9.csv,file,csv,1,1117,False,UNKNOWN,,,25.0,3.0,,,,,,0,,0,,0,0,False,True
pro,models/metrics_model_ht_over05.json,file,json,1,492,False,DERIVED,,,4.0,6.0,,,json object,,v9:.github/workflows/backtest.yml; v9:.github/workflows/preseason_retrain.yml; v9:.github/workflows/retrain.yml,3,,0,v9:.github/workflows/backtest.yml; v9:.github/workflows/preseason_retrain.yml; v9:.github/workflows/retrain.yml,3,0,True,False
pro,models/metrics_model_ht_over15.json,file,json,1,499,False,DERIVED,,,4.0,6.0,,,json object,,v9:.github/workflows/backtest.yml; v9:.github/workflows/preseason_retrain.yml; v9:.github/workflows/retrain.yml,3,,0,v9:.github/workflows/backtest.yml; v9:.github/workflows/preseason_retrain.yml; v9:.github/workflows/retrain.yml,3,0,True,False
pro,models/metrics_model_v9_btts.json,file,json,1,501,False,DERIVED,,,4.0,6.0,,,json object,,v9:.github/workflows/preseason_retrain.yml; v9:.github/workflows/retrain.yml,2,,0,v9:.github/workflows/preseason_retrain.yml; v9:.github/workflows/retrain.yml,2,0,True,False
pro,models/metrics_model_v9_newformat.json,file,json,1,498,False,DERIVED,,,4.0,6.0,,,json object,,v9:.github/workflows/backtest.yml; v9:.github/workflows/preseason_retrain.yml; v9:.github/workflows/retrain.yml,3,,0,v9:.github/workflows/backtest.yml; v9:.github/workflows/preseason_retrain.yml; v9:.github/workflows/retrain.yml,3,0,True,False
pro,models/metrics_model_v9_over15.json,file,json,1,502,False,DERIVED,,,4.0,6.0,,,json object,,v9:.github/workflows/preseason_retrain.yml; v9:.github/workflows/retrain.yml,2,,0,v9:.github/workflows/preseason_retrain.yml; v9:.github/workflows/retrain.yml,2,0,True,False
pro,models/metrics_model_v9_over35.json,file,json,1,502,False,DERIVED,,,4.0,6.0,,,json object,,v9:.github/workflows/preseason_retrain.yml; v9:.github/workflows/retrain.yml,2,,0,v9:.github/workflows/preseason_retrain.yml; v9:.github/workflows/retrain.yml,2,0,True,False
pro,models/metrics_model_v9_standard.json,file,json,1,498,False,DERIVED,,,4.0,6.0,,,json object,,v9:.github/workflows/backtest.yml; v9:.github/workflows/preseason_retrain.yml; v9:.github/workflows/retrain.yml,3,,0,v9:.github/workflows/backtest.yml; v9:.github/workflows/preseason_retrain.yml; v9:.github/workflows/retrain.yml,3,0,True,False
pro,models/metrics_v8.json,file,json,1,325,False,UNKNOWN,,,2.0,6.0,,,json object,,,0,,0,,0,0,False,True
pro,output/accumulators.json,file,json,1,11961,True,UNKNOWN,2026-09-22T15:08:49,feat(research): accumulators across SEPARATE fixtures ג€” the question actually asked,4.0,0.0,,,json object,,pro:src/validation/accumulators.py,1,,0,,0,0,True,False
pro,output/accuracy_vs_edge.json,file,json,1,7190,True,UNKNOWN,2026-09-22T15:01:21,"feat(research): accuracy vs edge, and the combo thesis tested on 4 seasons",4.0,0.0,,,json object,,pro:src/validation/accuracy_vs_edge.py,1,,0,,0,0,True,False
pro,output/af_history.parquet,file,parquet,1,265695,False,CANONICAL,,,20617.0,20.0,2019-02-15 00:00:00,2025-12-11 00:00:00,date+home_team+away_team,,pro:scripts/backfill_af_history.py; v9:.github/workflows/af_history_extend.yml; v9:.github/workflows/af_usage_monitor.yml; v9:.github/workflows/backtest.yml; v9:.github/workflows/backtest_matrix.yml; v9:.github/workflows/daily_summary.yml,23,pro:scripts/backfill_af_history.py; pro:src/architecture/gap.py; pro:x12_nf_backtest.py; v9:scripts/backfill_af_history.py; v9:src/data_loader.py,5,v9:.github/workflows/af_history_extend.yml; v9:.github/workflows/af_usage_monitor.yml; v9:.github/workflows/backtest.yml; v9:.github/workflows/backtest_matrix.yml; v9:.github/workflows/daily_summary.yml; v9:.github/workflows/fantasy_refresh.yml,20,9,False,False
pro,output/af_ht_history.parquet,file,parquet,1,51304,False,CANONICAL,,,6977.0,6.0,2022-02-11 00:00:00,2026-06-23 00:00:00,date+home_team+away_team,,pro:backfill_ht_parallel.py; v9:backfill_ht_parallel.py,2,v9:src/data_loader.py; v9:update_results.py,2,,0,0,False,False
pro,output/backtest_all_leagues.csv,file,csv,1,28655594,False,DERIVED,,,44207.0,73.0,2019-09-28 00:00:00,2026-04-23 00:00:00,date+home_team+away_team,,pro:src/architecture/inventory.py,1,pro:src/architecture/gap.py,1,,0,0,False,False
pro,output/backtest_all_leagues_by_league.csv,file,csv,1,875,False,DERIVED,,,15.0,7.0,,,,,,0,,0,,0,0,False,True
pro,output/backtest_by_league.csv,file,csv,1,293,False,DERIVED,,,7.0,5.0,,,,,,0,,0,,0,0,False,True
pro,output/backtest_by_league_btts.csv,file,csv,1,287,False,DERIVED,,,7.0,5.0,,,,,v9:.github/workflows/backtest.yml; v9:.github/workflows/backtest_matrix.yml,2,,0,v9:.github/workflows/backtest.yml; v9:.github/workflows/backtest_matrix.yml,2,0,True,False
pro,output/backtest_by_league_newformat.csv,file,csv,1,1764,False,DERIVED,,,0.0,121.0,,,date+home_team+away_team,,pro:retrain.py; v9:.github/workflows/backtest.yml; v9:.github/workflows/retrain.yml; v9:retrain.py,4,,0,v9:.github/workflows/backtest.yml; v9:.github/workflows/retrain.yml,2,0,True,False
pro,output/backtest_by_league_over15.csv,file,csv,1,273,False,DERIVED,,,7.0,5.0,,,,,v9:.github/workflows/backtest.yml; v9:.github/workflows/backtest_matrix.yml,2,,0,v9:.github/workflows/backtest.yml; v9:.github/workflows/backtest_matrix.yml,2,0,True,False
pro,output/backtest_by_league_over35.csv,file,csv,1,259,False,DERIVED,,,7.0,5.0,,,,,v9:.github/workflows/backtest.yml; v9:.github/workflows/backtest_matrix.yml,2,,0,v9:.github/workflows/backtest.yml; v9:.github/workflows/backtest_matrix.yml,2,0,True,False
pro,output/backtest_by_league_standard.csv,file,csv,1,212,False,DERIVED,,,5.0,5.0,,,,,pro:retrain.py; v9:.github/workflows/backtest.yml; v9:.github/workflows/retrain.yml; v9:retrain.py,4,pro:pages/4_ℹ️_Model_Info.py; v9:pages/4_ℹ️_Model_Info.py,2,v9:.github/workflows/backtest.yml; v9:.github/workflows/retrain.yml,2,2,False,False
pro,output/backtest_metrics_history.json,file,json,1,1803,False,CANONICAL,,,4.0,11.0,,,json object,,pro:retrain.py; v9:.github/workflows/retrain.yml; v9:retrain.py,3,,0,v9:.github/workflows/retrain.yml,1,0,True,False
pro,output/backtest_results.csv,file,csv,1,23037860,False,DERIVED,,,23421.0,121.0,2020-09-27 00:00:00,2026-05-18 00:00:00,date+home_team+away_team,,pro:pipeline.py; v9:.github/workflows/backtest.yml; v9:pipeline.py,3,,0,v9:.github/workflows/backtest.yml,1,0,True,False
pro,output/backtest_results_btts.csv,file,csv,1,18191615,False,DERIVED,,,21717.0,112.0,2020-09-27 00:00:00,2026-05-18 00:00:00,date+home_team+away_team,,v9:.github/workflows/backtest.yml,1,,0,v9:.github/workflows/backtest.yml,1,0,True,False
pro,output/backtest_results_newformat.csv,file,csv,1,1641170,False,DERIVED,,,1706.0,121.0,2021-02-21 00:00:00,2026-04-12 00:00:00,date+home_team+away_team,,pro:retrain.py; v9:.github/workflows/backtest.yml; v9:.github/workflows/retrain.yml; v9:retrain.py,4,,0,v9:.github/workflows/backtest.yml; v9:.github/workflows/retrain.yml,2,0,True,False
pro,output/backtest_results_over15.csv,file,csv,1,18321593,False,DERIVED,,,21717.0,112.0,2020-09-27 00:00:00,2026-05-18 00:00:00,date+home_team+away_team,,v9:.github/workflows/backtest.yml,1,,0,v9:.github/workflows/backtest.yml,1,0,True,False
pro,output/backtest_results_over35.csv,file,csv,1,18107441,False,DERIVED,,,21717.0,112.0,2020-09-27 00:00:00,2026-05-18 00:00:00,date+home_team+away_team,,v9:.github/workflows/backtest.yml,1,,0,v9:.github/workflows/backtest.yml,1,0,True,False
pro,output/backtest_results_standard.csv,file,csv,1,21398454,False,DERIVED,,,21715.0,121.0,2020-09-27 00:00:00,2026-05-18 00:00:00,date+home_team+away_team,,pro:retrain.py; v9:.github/workflows/backtest.yml; v9:.github/workflows/retrain.yml; v9:retrain.py,4,,0,v9:.github/workflows/backtest.yml; v9:.github/workflows/retrain.yml,2,4,True,False
pro,output/backtest_season_breakdown.csv,file,csv,1,5357,False,DERIVED,,,105.0,7.0,,,,,,0,,0,,0,0,False,True
pro,output/bets.csv,file,csv,1,3400,False,DERIVED,,,18.0,19.0,2026-07-10 00:00:00,2026-07-12 00:00:00,date+home_team+away_team,,pro:pipeline.py; pro:research/oracle_backtest.py; v9:.github/workflows/predict.yml; v9:pipeline.py,4,pro:app.py; pro:pages/10_🤖_Agent_Analysis.py; pro:pages/1_📊_Dashboard.py; pro:player_model/pipeline.py; pro:player_model/predict.py; pro:research/oracle_backtest.py; pro:telegram_bot/notifier.py; v9:app.py,13,v9:.github/workflows/predict.yml,1,8,False,False
pro,output/bets_ledger.csv,file,csv,1,557328,False,DERIVED,,,4694.0,21.0,2020-09-19 00:00:00,2026-08-16 00:00:00,,,pro:pipeline.py; pro:scripts/fix_ledger_tiers.py; pro:update_results.py; v9:.github/workflows/daily_summary.yml; v9:.github/workflows/predict.yml; v9:.github/workflows/update_results.yml,11,pro:app.py; pro:pages/12_💼_Portfolio.py; pro:scripts/fix_ledger_tiers.py; pro:scripts/v11_shadow.py; pro:telegram_bot/notifier.py; pro:update_results.py; v9:app.py; v9:pages/12_💼_Portfolio.py,14,v9:.github/workflows/daily_summary.yml; v9:.github/workflows/predict.yml; v9:.github/workflows/update_results.yml,3,20,False,False
pro,output/bet_builder_candidates.csv,file,csv,1,20822,True,UNKNOWN,2026-09-22T18:56:10,pro: bet builder 2026-09-22 18:56,48.0,28.0,2026-09-24 00:00:00,2026-09-25 00:00:00,fixture_key,,pro:.github/workflows/pro_bet_builder.yml; pro:src/pipelines/bet_builder.py,2,pro:src/pipelines/bet_builder.py; v9:pages/14_🧩_Bet_Builder.py,2,pro:.github/workflows/pro_bet_builder.yml,1,5,False,False
pro,output/bet_builder_settled.csv,file,csv,1,5518611,True,UNKNOWN,2026-09-22T18:56:10,pro: bet builder 2026-09-22 18:56,12904.0,36.0,2026-08-17 00:00:00,2026-09-25 00:00:00,fixture_key,,pro:.github/workflows/pro_bet_builder.yml; pro:src/pipelines/bet_builder.py,2,pro:src/pipelines/bet_builder.py; v9:pages/14_🧩_Bet_Builder.py,2,pro:.github/workflows/pro_bet_builder.yml,1,4,False,False
pro,output/calibration_bins.csv,file,csv,1,1176,True,UNKNOWN,2026-09-22T10:37:40,feat(research): calibration study ג€” and it overturns the audit's headline,14.0,7.0,,,,,pro:.github/workflows/pro_research.yml; pro:src/validation/calibration_study.py,2,,0,pro:.github/workflows/pro_research.yml,1,0,True,False
pro,output/calibration_study.csv,file,csv,1,1488,True,UNKNOWN,2026-09-22T10:37:40,feat(research): calibration study ג€” and it overturns the audit's headline,3.0,30.0,,,,,pro:.github/workflows/pro_research.yml; pro:src/validation/calibration_study.py,2,,0,pro:.github/workflows/pro_research.yml,1,0,True,False
pro,output/clv_enriched.csv,file,csv,1,8204930,True,UNKNOWN,2026-09-22T11:43:09,pro: collect 2026-09-22 11:43 UTC,47771.0,18.0,2026-08-17 00:00:00,2026-09-26 00:00:00,fixture_key,,pro:.github/workflows/pro_collect.yml; pro:src/market/clv_schema.py,2,,0,pro:.github/workflows/pro_collect.yml,1,1,True,False
pro,output/collect_health.json,file,json,1,3947,True,REPORT,2026-09-23T00:54:15,pro: collect 2026-09-23 00:54 UTC,11.0,0.0,,,json object,,pro:.github/workflows/pro_backfill_results.yml; pro:.github/workflows/pro_collect.yml; pro:src/pipelines/pro_collect.py,3,,0,pro:.github/workflows/pro_backfill_results.yml; pro:.github/workflows/pro_collect.yml,2,1,True,False
pro,output/combo_dependency_matrix.csv,file,csv,1,317367,True,UNKNOWN,2026-08-29T09:47:46,"combo: measure player-prop dependence too ג€” player legs are now priced, not bounded",1638.0,24.0,,,,,,0,v9:pages/14_🧩_Bet_Builder.py,1,,0,3,False,False
pro,output/combo_dependency_stability.csv,file,csv,1,3855,True,UNKNOWN,2026-08-29T09:47:46,"combo: measure player-prop dependence too ג€” player legs are now priced, not bounded",63.0,10.0,,,,,,0,,0,,0,1,False,True
pro,output/combo_import_health.json,file,json,1,1019,True,REPORT,2026-09-23T00:54:15,pro: collect 2026-09-23 00:54 UTC,3.0,0.0,,,json object,,pro:.github/workflows/pro_bet_builder.yml; pro:.github/workflows/pro_collect.yml; pro:src/combo/canonical.py; pro:src/pipelines/bet_builder.py,4,pro:src/combo/canonical.py; pro:src/pipelines/bet_builder.py,2,pro:.github/workflows/pro_bet_builder.yml; pro:.github/workflows/pro_collect.yml,2,1,False,False
pro,output/combo_notified.json,file,json,1,50722,True,UNKNOWN,2026-09-20T22:26:44,pro: bet builder 2026-09-20 22:26,188.0,7.0,,,json object,,pro:.github/workflows/pro_bet_builder.yml,1,,0,pro:.github/workflows/pro_bet_builder.yml,1,1,True,False
pro,output/cross_model_correlation.csv,file,csv,1,3365,True,DERIVED,2026-09-22T10:16:39,feat(research): cross-model correlation study ג€” does requiring agreement help?,20.0,19.0,,,,,pro:.github/workflows/pro_research.yml; pro:src/validation/cross_model.py,2,,0,pro:.github/workflows/pro_research.yml,1,0,True,False
pro,output/fantasy_tips.csv,file,csv,1,32775,False,DERIVED,,,467.0,11.0,,,,,pro:player_model/fantasy.py; pro:telegram_bot/notifier.py; v9:.github/workflows/fantasy_refresh.yml; v9:player_model/fantasy.py; v9:telegram_bot/notifier.py,5,pro:pages/13_⚽_Fantasy.py; pro:telegram_bot/notifier.py; v9:pages/13_⚽_Fantasy.py; v9:telegram_bot/notifier.py,4,v9:.github/workflows/fantasy_refresh.yml,1,1,False,False
pro,output/high_activity_coverage.json,file,json,1,12545,True,REPORT,2026-09-23T00:54:15,pro: collect 2026-09-23 00:54 UTC,15.0,19.0,,,json object,,pro:.github/workflows/pro_collect.yml; pro:src/monitoring/scheduler.py,2,,0,pro:.github/workflows/pro_collect.yml,1,1,True,False
pro,output/import_watermarks.json,file,json,1,319,True,UNKNOWN,2026-09-23T00:54:15,pro: collect 2026-09-23 00:54 UTC,5.0,0.0,,,json object,,pro:.github/workflows/pro_collect.yml; pro:src/data/watermarks.py,2,pro:src/data/watermarks.py,1,pro:.github/workflows/pro_collect.yml,1,0,False,False
pro,output/live_games.csv,file,csv,1,125,False,UNKNOWN,,,0.0,11.0,,,,,v9:.github/workflows/live_scanner.yml; v9:.github/workflows/predict.yml; v9:src/live_scanner.py,3,pro:pages/6_⚡_Live.py; v9:pages/6_⚡_Live.py,2,v9:.github/workflows/live_scanner.yml; v9:.github/workflows/predict.yml,2,5,False,False
pro,output/live_signals_history.csv,file,csv,1,1748,False,CANONICAL,,,13.0,13.0,2026-06-25 00:00:00,2026-07-06 00:00:00,,,v9:.github/workflows/live_scanner.yml; v9:.github/workflows/update_results.yml; v9:src/live_scanner.py; v9:update_results.py,4,pro:pages/9_📜_Live_History.py; v9:pages/6_⚡_Live.py; v9:src/live_scanner.py; v9:update_results.py,4,v9:.github/workflows/live_scanner.yml; v9:.github/workflows/update_results.yml,2,1,False,False
pro,output/live_tips.csv,file,csv,1,166,False,DERIVED,,,0.0,16.0,,,,,v9:.github/workflows/live_scanner.yml; v9:.github/workflows/predict.yml; v9:src/live_scanner.py,3,pro:pages/6_⚡_Live.py; pro:telegram_bot/notifier.py; v9:pages/6_⚡_Live.py; v9:telegram_bot/notifier.py,4,v9:.github/workflows/live_scanner.yml; v9:.github/workflows/predict.yml,2,3,False,False
pro,output/mixed_model_eval.json,file,json,1,2994,True,DERIVED,2026-09-22T12:11:22,feat(pro): mixed-model retrain ג€” stacked challenger vs single-market incumbent,2.0,0.0,,,json object,,pro:.github/workflows/pro_research.yml; pro:src/pipelines/train_mixed.py,2,pro:.github/workflows/pro_research.yml,1,pro:.github/workflows/pro_research.yml,1,0,False,False
pro,output/ml_learning_health.json,file,json,1,6066,True,REPORT,2026-09-22T14:19:21,"audit: the loop closed ג€” first genuine learning event, 2026-09-22 11:14:51 UTC",8.0,0.0,,,json object,,pro:.github/workflows/pro_research.yml; pro:src/monitoring/ml_learning_health.py,2,pro:.github/workflows/pro_research.yml,1,pro:.github/workflows/pro_research.yml,1,0,False,False
pro,output/model_1x2.json,file,json,1,84008,True,DERIVED,2026-09-05T11:49:03,"1x2: forward paper record - log the opinion, the price, and the horizon",6.0,0.0,,,json object,,pro:src/pipelines/train_1x2.py,1,,0,,0,2,True,False
pro,output/model_1x2_eval.csv,file,csv,1,2402,True,DERIVED,2026-09-05T11:39:07,1x2: resolve club names before the market join - 188 -> 505 fixtures,20.0,16.0,,,,,pro:src/pipelines/train_1x2.py,1,,0,,0,1,True,False
pro,output/monthly_eval.json,file,json,1,1350,True,UNKNOWN,2026-08-19T16:08:55,"Monthly out-of-sample eval, pre-registered hypotheses, and a CLV cleanliness guard",4.0,0.0,,,json object,,,0,,0,,0,1,False,True
pro,output/newformat_odds_history.csv,file,csv,1,1363656,False,RAW,,,13452.0,7.0,2025-06-23 00:00:00,2026-06-23 00:00:00,,,pro:scripts/capture_nf_odds_forward.py; v9:.github/workflows/nf_odds_capture.yml; v9:scripts/capture_nf_odds_forward.py,3,pro:scripts/capture_nf_odds_forward.py; pro:x12_nf_backtest.py; v9:scripts/capture_nf_odds_forward.py; v9:src/data_loader.py,4,v9:.github/workflows/nf_odds_capture.yml,1,8,False,False
pro,output/news_impact.json,file,json,1,102,True,UNKNOWN,2026-09-22T11:43:09,pro: collect 2026-09-22 11:43 UTC,4.0,0.0,,,json object,,pro:.github/workflows/pro_collect.yml,1,,0,pro:.github/workflows/pro_collect.yml,1,1,True,False
pro,output/output_manifest.json,file,json,1,41160,True,REPORT,2026-09-23T00:54:15,pro: collect 2026-09-23 00:54 UTC,10.0,5.0,,,json object,,pro:.github/workflows/pro_collect.yml; pro:src/monitoring/manifest.py,2,pro:src/monitoring/manifest.py,1,pro:.github/workflows/pro_collect.yml,1,0,False,False
pro,output/paper_1x2.csv,file,csv,1,34426,True,UNKNOWN,2026-09-21T14:33:17,pro: paper 1x2 2026-09-21,129.0,30.0,2026-09-05 00:00:00,2026-09-21 00:00:00,fixture_key,,pro:.github/workflows/pro_paper_1x2.yml; pro:src/pipelines/paper_1x2.py,2,pro:src/pipelines/paper_1x2.py,1,pro:.github/workflows/pro_paper_1x2.yml,1,0,False,False
pro,output/pick_accuracy.json,file,json,1,13222,True,UNKNOWN,2026-09-22T14:56:07,"feat(research): pure hit-rate study ג€” can the model just guess right, ignoring all price",2.0,0.0,,,json object,,pro:src/validation/pick_accuracy.py,1,,0,,0,0,True,False
pro,output/player_combo_dependency.csv,file,csv,1,18952,True,UNKNOWN,2026-08-29T09:47:46,"combo: measure player-prop dependence too ג€” player legs are now priced, not bounded",171.0,15.0,,,,,,0,pro:src/pipelines/bet_builder.py,1,,0,3,False,False
pro,output/player_ledger.csv,file,csv,1,124624,False,DERIVED,,,892.0,20.0,2026-06-14 00:00:00,2026-07-12 00:00:00,,,pro:update_results.py; v9:.github/workflows/daily_summary.yml; v9:.github/workflows/player_props.yml; v9:.github/workflows/update_results.yml; v9:update_results.py,5,pro:pages/11_👤_Player_Props.py; pro:pages/12_💼_Portfolio.py; pro:telegram_bot/notifier.py; pro:update_results.py; v9:.github/workflows/player_props.yml; v9:pages/11_👤_Player_Props.py; v9:pages/12_💼_Portfolio.py; v9:player_model/clv_tracker.py,10,v9:.github/workflows/daily_summary.yml; v9:.github/workflows/player_props.yml; v9:.github/workflows/update_results.yml,3,5,False,False
pro,output/player_props_calibration.json,file,json,1,1081,False,UNKNOWN,,,7.0,6.0,,,json object,,pro:player_model/predict.py; v9:player_model/predict.py,2,pro:player_model/predict.py; v9:player_model/predict.py,2,,0,0,False,False
pro,output/player_prop_odds_history.csv,file,csv,1,908758,False,RAW,,,9191.0,8.0,2026-06-28 00:00:00,2026-07-12 00:00:00,,,pro:player_model/odds_fetcher.py; v9:.github/workflows/player_props.yml; v9:.github/workflows/prop_odds_snapshot.yml; v9:player_model/odds_fetcher.py,4,pro:player_model/clv_tracker.py; pro:player_model/odds_fetcher.py; pro:research/calibration_audit.py; pro:research/counterfactual_test.py; pro:research/distributional_test.py; pro:research/oracle_backtest.py; v9:player_model/clv_tracker.py; v9:player_model/odds_fetcher.py,8,v9:.github/workflows/player_props.yml; v9:.github/workflows/prop_odds_snapshot.yml,2,4,False,False
pro,output/player_tips.csv,file,csv,1,24351,False,DERIVED,,,144.0,23.0,2026-07-09 00:00:00,2026-07-12 00:00:00,date+league+match+market,,pro:player_model/pipeline.py; pro:player_model/predict.py; v9:.github/workflows/player_props.yml; v9:player_model/pipeline.py; v9:player_model/predict.py,5,pro:pages/11_👤_Player_Props.py; pro:pages/5_🌍_World_Cup.py; pro:telegram_bot/notifier.py; v9:.github/workflows/player_props.yml; v9:pages/11_👤_Player_Props.py; v9:telegram_bot/notifier.py,6,v9:.github/workflows/player_props.yml,1,8,False,False
pro,output/pl_squads.csv,file,csv,1,38796,False,UNKNOWN,,,612.0,14.0,,,,,pro:player_model/fantasy.py; v9:.github/workflows/fantasy_refresh.yml; v9:player_model/fantasy.py,3,pro:player_model/fantasy.py; v9:player_model/fantasy.py,2,v9:.github/workflows/fantasy_refresh.yml,1,0,False,False
pro,output/pl_squads_official.csv,file,csv,1,25242,False,UNKNOWN,,,612.0,6.0,,,,,pro:player_model/fantasy.py; v9:.github/workflows/fantasy_refresh.yml; v9:player_model/fantasy.py,3,pro:player_model/fantasy.py; v9:player_model/fantasy.py,2,v9:.github/workflows/fantasy_refresh.yml,1,5,False,False
pro,output/postponed.csv,file,csv,1,104,False,UNKNOWN,,,1.0,5.0,2026-07-06 00:00:00,2026-07-06 00:00:00,date+home_team+away_team,,pro:pipeline.py; v9:.github/workflows/predict.yml; v9:pipeline.py,3,,0,v9:.github/workflows/predict.yml,1,0,True,False
pro,output/predictions.csv,file,csv,1,132892,False,DERIVED,,,139.0,141.0,2026-08-10 00:00:00,2026-08-16 00:00:00,date+home_team+away_team,,pro:.github/workflows/pro_backfill_results.yml; pro:.github/workflows/pro_collect.yml; pro:pipeline.py; pro:src/pipelines/tourney.py; v9:.github/workflows/predict.yml; v9:pipeline.py,7,pro:pages/10_🤖_Agent_Analysis.py; pro:pages/1_📊_Dashboard.py; pro:pages/8_⏱_HalfTime.py; pro:scripts/v11_shadow.py; pro:telegram_bot/notifier.py; v9:pages/10_🤖_Agent_Analysis.py; v9:pages/1_📊_Dashboard.py; v9:pages/6_⚡_Live.py,11,pro:.github/workflows/pro_backfill_results.yml; pro:.github/workflows/pro_collect.yml; v9:.github/workflows/predict.yml,3,22,False,False
pro,output/predict_health.json,file,json,1,235,False,REPORT,,,4.0,0.0,,,json object,,pro:telegram_bot/notifier.py; v9:.github/workflows/predict.yml; v9:src/health_check.py; v9:telegram_bot/notifier.py,4,v9:src/health_check.py,1,v9:.github/workflows/predict.yml,1,0,False,False
pro,output/scheduler_health.json,file,json,1,5351,True,REPORT,2026-09-23T00:54:15,pro: collect 2026-09-23 00:54 UTC,16.0,0.0,,,json object,,pro:.github/workflows/pro_collect.yml,1,,0,pro:.github/workflows/pro_collect.yml,1,2,True,False
pro,output/sharp_history.json,file,json,1,1861787,False,CANONICAL,,,284.0,7.0,,,json object,,v9:.github/workflows/predict.yml; v9:.github/workflows/sharp_tracker.yml; v9:src/sharp_tracker_v1.py,3,,0,v9:.github/workflows/predict.yml; v9:.github/workflows/sharp_tracker.yml,2,4,True,False
pro,output/sharp_ledger.csv,file,csv,1,18105,False,DERIVED,,,140.0,16.0,2026-06-14 00:00:00,2026-07-18 00:00:00,,,pro:update_results.py; v9:.github/workflows/daily_summary.yml; v9:.github/workflows/sharp_tracker.yml; v9:.github/workflows/update_results.yml; v9:.github/workflows/worldcup.yml; v9:update_results.py,6,pro:telegram_bot/notifier.py; pro:update_results.py; v9:telegram_bot/notifier.py; v9:update_results.py,4,v9:.github/workflows/daily_summary.yml; v9:.github/workflows/sharp_tracker.yml; v9:.github/workflows/update_results.yml; v9:.github/workflows/worldcup.yml,4,3,False,False
pro,output/sharp_tips.csv,file,csv,1,4861,False,DERIVED,,,37.0,13.0,2026-07-10 00:00:00,2026-07-19 00:00:00,date+league+match+market,,v9:.github/workflows/predict.yml; v9:.github/workflows/sharp_tracker.yml; v9:src/sharp_tracker.py; v9:src/sharp_tracker_v1.py,4,pro:pages/7_💰_Sharp_Money.py; pro:telegram_bot/notifier.py; v9:telegram_bot/notifier.py,3,v9:.github/workflows/predict.yml; v9:.github/workflows/sharp_tracker.yml,2,3,False,False
pro,output/snapshot_coverage.json,file,json,1,2348,True,REPORT,2026-08-23T14:04:54,Regenerate registry after the overlap check (recurring derived-data conflict),2.0,0.0,,,json object,,pro:src/monitoring/snapshot_coverage.py,1,pro:src/monitoring/snapshot_coverage.py,1,,0,1,False,False
pro,output/standard_sidemarket_odds_history.csv,file,csv,1,1103811,False,RAW,,,12272.0,7.0,2024-08-10 00:00:00,2026-05-18 00:00:00,,,v9:.github/workflows/std_odds_capture.yml; v9:scripts/capture_std_sidemarket_odds_forward.py,2,pro:src/architecture/inventory.py; v9:scripts/capture_std_sidemarket_odds_forward.py; v9:src/data_loader.py; v9:update_results.py,4,v9:.github/workflows/std_odds_capture.yml,1,8,False,False
pro,output/system_registry.json,file,json,1,7034,True,REPORT,2026-09-23T00:54:15,pro: collect 2026-09-23 00:54 UTC,24.0,0.0,,,json object,,pro:.github/workflows/pro_backfill_results.yml; pro:.github/workflows/pro_collect.yml,2,pro:src/monitoring/weekly_audit.py; pro:tests/test_drift_experiment.py; pro:tests/test_hardening_1_5.py,3,pro:.github/workflows/pro_backfill_results.yml; pro:.github/workflows/pro_collect.yml,2,4,False,False
pro,output/threshold_curves.csv,file,csv,1,44931,True,UNKNOWN,2026-09-22T10:39:35,feat(research): per-league threshold curves ג€” 0 of 23 survive out of sample,552.0,10.0,,,,,pro:.github/workflows/pro_research.yml; pro:src/validation/threshold_curves.py,2,,0,pro:.github/workflows/pro_research.yml,1,0,True,False
pro,output/threshold_verdicts.csv,file,csv,1,3575,True,REPORT,2026-09-22T10:39:35,feat(research): per-league threshold curves ג€” 0 of 23 survive out of sample,23.0,18.0,,,,,pro:.github/workflows/pro_research.yml; pro:src/validation/threshold_curves.py,2,,0,pro:.github/workflows/pro_research.yml,1,0,True,False
pro,output/v11_shadow.csv,file,csv,1,25973,False,UNKNOWN,,,139.0,15.0,2026-08-10 00:00:00,2026-08-16 00:00:00,,,pro:scripts/v11_shadow.py,1,,0,,0,0,True,False
pro,output/weather_cache.json,file,json,1,226251,False,CACHE,,,2550.0,3.0,,,json object,,,0,pro:player_model/weather.py,1,,0,0,False,False
pro,output/weather_geo_cache.json,file,json,1,3914,False,CACHE,,,121.0,0.0,,,json object,,,0,pro:player_model/weather.py,1,,0,0,False,False
pro,output/weekly_audit.json,file,json,1,14011,True,REPORT,2026-09-21T12:45:18,pro: weekly data audit 2026-09-21,6.0,0.0,,,json object,,pro:.github/workflows/pro_weekly_audit.yml,1,pro:.github/workflows/pro_weekly_audit.yml,1,pro:.github/workflows/pro_weekly_audit.yml,1,2,False,False
pro,output/worldcup_history.json,file,json,1,1698815,False,CANONICAL,,,200.0,6.0,,,json object,,pro:worldcup/tracker.py; v9:.github/workflows/predict.yml; v9:.github/workflows/worldcup.yml; v9:worldcup/tracker.py,4,,0,v9:.github/workflows/predict.yml; v9:.github/workflows/worldcup.yml,2,5,True,False
pro,output/worldcup_model_tips.csv,file,csv,1,593,False,DERIVED,,,4.0,15.0,2026-07-09 00:00:00,2026-07-12 00:00:00,,,pro:worldcup/tracker.py; v9:.github/workflows/worldcup.yml; v9:worldcup/tracker.py,3,pro:pages/5_🌍_World_Cup.py,1,v9:.github/workflows/worldcup.yml,1,0,False,False
pro,output/worldcup_tips.csv,file,csv,1,446,False,DERIVED,,,4.0,10.0,2026-07-09 00:00:00,2026-07-11 00:00:00,,,pro:worldcup/tracker.py; v9:.github/workflows/predict.yml; v9:.github/workflows/worldcup.yml; v9:worldcup/tracker.py,4,pro:pages/5_🌍_World_Cup.py; pro:telegram_bot/notifier.py; v9:telegram_bot/notifier.py,3,v9:.github/workflows/predict.yml; v9:.github/workflows/worldcup.yml,2,2,False,False
pro,output/architecture/canonical_match_history.parquet,file,parquet,1,2465087,False,CANONICAL,,,80868.0,48.0,2019-02-15 00:00:00,2026-09-22 00:00:00,fixture_key,,pro:src/architecture/canonical.py,1,,0,,0,0,True,False
pro,output/architecture/canonical_match_manifest.json,file,json,1,2387,False,REPORT,,,14.0,0.0,,,json object,,pro:src/architecture/canonical.py,1,,0,,0,0,True,False
pro,output/architecture/data_lineage.csv,file,csv,1,107430,False,UNKNOWN,,,358.0,25.0,,,,,pro:src/architecture/inventory.py,1,,0,,0,0,True,False
pro,output/architecture/entity_resolution_audit.csv,file,csv,1,54588,False,REPORT,,,608.0,11.0,,,,,pro:src/architecture/gap.py,1,,0,,0,0,True,False
pro,output/architecture/training_dataset_bootstrap.csv,file,csv,1,1122,False,DERIVED,,,8.0,8.0,,,,,pro:src/architecture/experiment.py,1,,0,,0,0,True,False
pro,output/architecture/training_dataset_comparison.csv,file,csv,1,6191,False,DERIVED,,,12.0,33.0,,,,,pro:src/architecture/experiment.py,1,,0,,0,0,True,False
pro,output/architecture/training_data_health.json,file,json,1,4479,False,DERIVED,,,19.0,0.0,,,json object,,pro:src/architecture/gap.py,1,,0,,0,0,True,False
pro,output/architecture/v9_training_probe.json,file,json,1,8599,False,DERIVED,,,13.0,0.0,,,json object,,,0,pro:src/architecture/gap.py,1,,0,0,False,False
pro,output/pure_prediction/agreement_analysis.csv,file,csv,1,3381,True,UNKNOWN,2026-09-22T16:11:22,research(lab): pure football prediction lab + cross-market signal track,22.0,22.0,,,,,pro:.github/workflows/pro_prediction_lab.yml; pro:src/prediction_lab/cross_market.py,2,,0,pro:.github/workflows/pro_prediction_lab.yml,1,1,True,False
pro,output/pure_prediction/chronological_folds.csv,file,csv,1,7473,True,UNKNOWN,2026-09-22T16:11:22,research(lab): pure football prediction lab + cross-market signal track,16.0,31.0,,,,,pro:.github/workflows/pro_prediction_lab.yml; pro:src/prediction_lab/run.py; v11:.github/workflows/v11_collect.yml; v11:scripts/v11_momentum_control.py,4,,0,pro:.github/workflows/pro_prediction_lab.yml; v11:.github/workflows/v11_collect.yml,2,1,True,False
pro,output/pure_prediction/conditional_outcomes.csv,file,csv,1,2333,True,UNKNOWN,2026-09-22T16:11:22,research(lab): pure football prediction lab + cross-market signal track,28.0,12.0,,,,,pro:.github/workflows/pro_prediction_lab.yml; pro:src/prediction_lab/cross_market.py,2,,0,pro:.github/workflows/pro_prediction_lab.yml,1,1,True,False
pro,output/pure_prediction/confidence_calibration.csv,file,csv,1,6356,True,UNKNOWN,2026-09-22T16:11:22,research(lab): pure football prediction lab + cross-market signal track,63.0,7.0,,,,,pro:.github/workflows/pro_prediction_lab.yml; pro:src/prediction_lab/run.py,2,,0,pro:.github/workflows/pro_prediction_lab.yml,1,1,True,False
pro,output/pure_prediction/confidence_topk.csv,file,csv,1,3676,True,UNKNOWN,2026-09-22T16:11:22,research(lab): pure football prediction lab + cross-market signal track,48.0,6.0,,,,,pro:.github/workflows/pro_prediction_lab.yml; pro:src/prediction_lab/run.py,2,,0,pro:.github/workflows/pro_prediction_lab.yml,1,1,True,False
pro,output/pure_prediction/consistency_violations.csv,file,csv,1,167,True,UNKNOWN,2026-09-22T16:11:22,research(lab): pure football prediction lab + cross-market signal track,2.0,5.0,,,,,pro:.github/workflows/pro_prediction_lab.yml; pro:src/prediction_lab/goal_dist.py,2,,0,pro:.github/workflows/pro_prediction_lab.yml,1,0,True,False
pro,output/pure_prediction/cross_market_discoveries.csv,file,csv,1,83184,True,UNKNOWN,2026-09-22T16:11:22,research(lab): pure football prediction lab + cross-market signal track,702.0,14.0,,,,,pro:.github/workflows/pro_prediction_lab.yml; pro:src/prediction_lab/cross_market.py,2,,0,pro:.github/workflows/pro_prediction_lab.yml,1,1,True,False
pro,output/pure_prediction/cross_market_lr_tests.csv,file,csv,1,921,True,UNKNOWN,2026-09-22T16:11:22,research(lab): pure football prediction lab + cross-market signal track,12.0,8.0,,,,,pro:.github/workflows/pro_prediction_lab.yml; pro:src/prediction_lab/cross_market.py,2,,0,pro:.github/workflows/pro_prediction_lab.yml,1,0,True,False
pro,output/pure_prediction/cross_market_manifest.json,file,json,1,108,True,REPORT,2026-09-22T16:11:22,research(lab): pure football prediction lab + cross-market signal track,3.0,0.0,,,json object,,pro:src/prediction_lab/cross_market.py,1,,0,,0,0,True,False
pro,output/pure_prediction/cross_market_matrix.csv,file,csv,1,685,True,UNKNOWN,2026-09-22T16:11:22,research(lab): pure football prediction lab + cross-market signal track,16.0,6.0,,,,,pro:.github/workflows/pro_prediction_lab.yml; pro:src/prediction_lab/cross_market.py,2,,0,pro:.github/workflows/pro_prediction_lab.yml,1,1,True,False
pro,output/pure_prediction/cross_market_verdicts.json,file,json,1,1763,True,REPORT,2026-09-22T16:11:22,research(lab): pure football prediction lab + cross-market signal track,36.0,0.0,,,json object,,pro:.github/workflows/pro_prediction_lab.yml; pro:src/prediction_lab/report.py,2,,0,pro:.github/workflows/pro_prediction_lab.yml,1,0,True,False
pro,output/pure_prediction/data_inventory.csv,file,csv,1,5199,True,UNKNOWN,2026-09-22T16:11:22,research(lab): pure football prediction lab + cross-market signal track,30.0,25.0,,,,,pro:.github/workflows/pro_prediction_lab.yml; pro:src/prediction_lab/data.py,2,,0,pro:.github/workflows/pro_prediction_lab.yml,1,1,True,False
pro,output/pure_prediction/disagreement_analysis.csv,file,csv,1,740,True,UNKNOWN,2026-09-22T16:11:22,research(lab): pure football prediction lab + cross-market signal track,5.0,11.0,,,,,pro:.github/workflows/pro_prediction_lab.yml; pro:src/prediction_lab/cross_market.py,2,,0,pro:.github/workflows/pro_prediction_lab.yml,1,1,True,False
pro,output/pure_prediction/error_correlation.csv,file,csv,1,415,True,UNKNOWN,2026-09-22T16:11:22,research(lab): pure football prediction lab + cross-market signal track,6.0,8.0,,,,,pro:.github/workflows/pro_prediction_lab.yml; pro:src/prediction_lab/cross_market.py,2,,0,pro:.github/workflows/pro_prediction_lab.yml,1,1,True,False
pro,output/pure_prediction/feature_ablation.csv,file,csv,1,18192,True,UNKNOWN,2026-09-22T16:11:22,research(lab): pure football prediction lab + cross-market signal track,80.0,15.0,,,,,pro:.github/workflows/pro_prediction_lab.yml; pro:src/prediction_lab/run.py,2,,0,pro:.github/workflows/pro_prediction_lab.yml,1,1,True,False
pro,output/pure_prediction/feature_matrix.parquet,file,parquet,1,23128828,False,UNKNOWN,,,58155.0,194.0,2019-02-15 00:00:00,2026-09-22 00:00:00,fixture_key,,,0,pro:src/prediction_lab/run.py,1,,0,0,False,False
pro,output/pure_prediction/goal_distribution_comparison.csv,file,csv,1,8239,True,UNKNOWN,2026-09-22T16:11:22,research(lab): pure football prediction lab + cross-market signal track,18.0,29.0,,,,,pro:.github/workflows/pro_prediction_lab.yml; pro:src/prediction_lab/goal_dist.py,2,,0,pro:.github/workflows/pro_prediction_lab.yml,1,1,True,False
pro,output/pure_prediction/league_performance.csv,file,csv,1,69654,True,UNKNOWN,2026-09-22T16:11:22,research(lab): pure football prediction lab + cross-market signal track,148.0,31.0,,,,,pro:.github/workflows/pro_prediction_lab.yml; pro:src/prediction_lab/run.py,2,,0,pro:.github/workflows/pro_prediction_lab.yml,1,1,True,False
pro,output/pure_prediction/leakage_perturbation.csv,file,csv,1,216,True,UNKNOWN,2026-09-22T16:11:22,research(lab): pure football prediction lab + cross-market signal track,4.0,7.0,,,,,pro:.github/workflows/pro_prediction_lab.yml; pro:src/prediction_lab/leakage.py,2,,0,pro:.github/workflows/pro_prediction_lab.yml,1,1,True,False
pro,output/pure_prediction/leakage_single_feature_auc.csv,file,csv,1,25082,True,UNKNOWN,2026-09-22T16:11:22,research(lab): pure football prediction lab + cross-market signal track,600.0,5.0,,,,,pro:.github/workflows/pro_prediction_lab.yml; pro:src/prediction_lab/leakage.py,2,,0,pro:.github/workflows/pro_prediction_lab.yml,1,1,True,False
pro,output/pure_prediction/learning_curves.csv,file,csv,1,7592,True,UNKNOWN,2026-09-22T16:11:22,research(lab): pure football prediction lab + cross-market signal track,20.0,24.0,,,,,pro:.github/workflows/pro_prediction_lab.yml; pro:src/prediction_lab/run.py,2,,0,pro:.github/workflows/pro_prediction_lab.yml,1,1,True,False
pro,output/pure_prediction/market_ablation.csv,file,csv,1,7630,True,UNKNOWN,2026-09-22T16:11:22,research(lab): pure football prediction lab + cross-market signal track,16.0,30.0,,,,,pro:.github/workflows/pro_prediction_lab.yml; pro:src/prediction_lab/run.py,2,,0,pro:.github/workflows/pro_prediction_lab.yml,1,1,True,False
pro,output/pure_prediction/meta_model_comparison.csv,file,csv,1,25977,True,DERIVED,2026-09-22T16:11:22,research(lab): pure football prediction lab + cross-market signal track,48.0,37.0,,,,,pro:.github/workflows/pro_prediction_lab.yml; pro:src/prediction_lab/cross_market.py,2,,0,pro:.github/workflows/pro_prediction_lab.yml,1,1,True,False
pro,output/pure_prediction/model_comparison.csv,file,csv,1,9828,True,DERIVED,2026-09-22T16:11:22,research(lab): pure football prediction lab + cross-market signal track,20.0,32.0,,,,,pro:.github/workflows/pro_prediction_lab.yml; pro:src/prediction_lab/cross_market.py; pro:src/prediction_lab/run.py,3,,0,pro:.github/workflows/pro_prediction_lab.yml,1,1,True,False
pro,output/pure_prediction/oof_probabilities.parquet,file,parquet,1,5629398,False,UNKNOWN,,,209480.0,11.0,2023-12-04 00:00:00,2026-03-17 00:00:00,fixture_key,,pro:src/prediction_lab/run.py,1,pro:src/prediction_lab/cross_market.py; pro:src/prediction_lab/goal_dist.py; pro:src/prediction_lab/player_goals.py,3,,0,0,False,False
pro,output/pure_prediction/player_goalscorer_performance.csv,file,csv,1,5382,True,UNKNOWN,2026-09-22T16:11:22,research(lab): pure football prediction lab + cross-market signal track,12.0,30.0,,,,,pro:.github/workflows/pro_prediction_lab.yml; pro:src/prediction_lab/player_goals.py,2,,0,pro:.github/workflows/pro_prediction_lab.yml,1,1,True,False
pro,output/pure_prediction/player_match_interactions.csv,file,csv,1,6334,True,UNKNOWN,2026-09-22T16:11:22,research(lab): pure football prediction lab + cross-market signal track,14.0,30.0,,,,,pro:.github/workflows/pro_prediction_lab.yml; pro:src/prediction_lab/player_goals.py,2,,0,pro:.github/workflows/pro_prediction_lab.yml,1,1,True,False
pro,output/pure_prediction/player_v9_column_check.csv,file,csv,1,1042,True,UNKNOWN,2026-09-22T16:11:22,research(lab): pure football prediction lab + cross-market signal track,30.0,4.0,,,,,pro:.github/workflows/pro_prediction_lab.yml; pro:src/prediction_lab/player_goals.py,2,,0,pro:.github/workflows/pro_prediction_lab.yml,1,0,True,False
pro,output/pure_prediction/prediction_correlation.csv,file,csv,1,179,True,UNKNOWN,2026-09-22T16:11:22,research(lab): pure football prediction lab + cross-market signal track,4.0,5.0,,,,,pro:.github/workflows/pro_prediction_lab.yml; pro:src/prediction_lab/cross_market.py,2,,0,pro:.github/workflows/pro_prediction_lab.yml,1,1,True,False
pro,output/pure_prediction/research_manifest.json,file,json,1,568,True,REPORT,2026-09-22T16:11:22,research(lab): pure football prediction lab + cross-market signal track,4.0,0.0,,,json object,,pro:.github/workflows/pro_prediction_lab.yml; pro:src/prediction_lab/run.py,2,,0,pro:.github/workflows/pro_prediction_lab.yml,1,0,True,False
pro,output/pure_prediction/scoreline_oof.parquet,file,parquet,1,6291637,False,UNKNOWN,,,314220.0,14.0,2023-12-04 00:00:00,2026-03-17 00:00:00,fixture_key,,pro:src/prediction_lab/goal_dist.py,1,,0,,0,0,True,False
pro,output/pure_prediction/stratified_control.csv,file,csv,1,5726,True,UNKNOWN,2026-09-22T16:11:22,research(lab): pure football prediction lab + cross-market signal track,72.0,17.0,,,,,pro:.github/workflows/pro_prediction_lab.yml; pro:src/prediction_lab/cross_market.py,2,,0,pro:.github/workflows/pro_prediction_lab.yml,1,1,True,False
pro,output/pure_prediction/target_performance.csv,file,csv,1,10754,True,UNKNOWN,2026-09-22T16:11:22,research(lab): pure football prediction lab + cross-market signal track,24.0,31.0,,,,,pro:.github/workflows/pro_prediction_lab.yml; pro:src/prediction_lab/run.py,2,,0,pro:.github/workflows/pro_prediction_lab.yml,1,1,True,False
pro,output/pure_prediction/time_ablation.csv,file,csv,1,13184,True,UNKNOWN,2026-09-22T16:11:22,research(lab): pure football prediction lab + cross-market signal track,28.0,31.0,,,,,pro:.github/workflows/pro_prediction_lab.yml; pro:src/prediction_lab/run.py,2,,0,pro:.github/workflows/pro_prediction_lab.yml,1,1,True,False
pro,output/pure_prediction/verdicts.json,file,json,1,3436,True,REPORT,2026-09-22T16:11:22,research(lab): pure football prediction lab + cross-market signal track,38.0,0.0,,,json object,,pro:.github/workflows/pro_prediction_lab.yml; pro:src/prediction_lab/report.py,2,,0,pro:.github/workflows/pro_prediction_lab.yml,1,0,True,False
pro,outputs/validation/bets.csv,file,csv,1,420779,False,DERIVED,,,4465.0,12.0,,,,,pro:pipeline.py; pro:research/oracle_backtest.py; v9:.github/workflows/predict.yml; v9:pipeline.py,4,pro:app.py; pro:pages/10_🤖_Agent_Analysis.py; pro:pages/1_📊_Dashboard.py; pro:player_model/pipeline.py; pro:player_model/predict.py; pro:research/oracle_backtest.py; pro:telegram_bot/notifier.py; v9:app.py,13,v9:.github/workflows/predict.yml,1,8,False,False
pro,outputs/validation/buckets_by_confidence.csv,file,csv,1,165,False,UNKNOWN,,,6.0,4.0,,,,,pro:research/oracle_backtest.py,1,,0,,0,0,True,False
pro,outputs/validation/calibration_audit.json,file,json,1,23516,False,REPORT,,,4.0,0.0,,,json object,,pro:research/calibration_audit.py,1,pro:research/calibration_audit.py,1,,0,0,False,False
pro,outputs/validation/counterfactual_margin.csv,file,csv,1,133,False,UNKNOWN,,,5.0,4.0,,,,,pro:research/counterfactual_test.py,1,,0,,0,0,True,False
pro,outputs/validation/counterfactual_verdict.json,file,json,1,1059,False,REPORT,,,4.0,0.0,,,json object,,pro:research/counterfactual_test.py,1,pro:research/counterfactual_test.py,1,,0,0,False,False
pro,outputs/validation/distributional_accuracy.csv,file,csv,1,334,False,UNKNOWN,,,4.0,9.0,,,,,pro:research/distributional_test.py,1,,0,,0,0,True,False
pro,outputs/validation/distributional_verdict.json,file,json,1,1343,False,REPORT,,,3.0,0.0,,,json object,,pro:research/distributional_test.py,1,pro:research/distributional_test.py,1,,0,0,False,False
pro,outputs/validation/framework_comparison.csv,file,csv,1,945,False,UNKNOWN,,,10.0,14.0,,,,,pro:research/oracle_backtest.py,1,pro:research/oracle_backtest.py,1,,0,0,False,False
pro,outputs/validation/model_market_metrics.json,file,json,1,932,False,DERIVED,,,4.0,6.0,,,json object,,pro:research/oracle_backtest.py,1,pro:research/oracle_backtest.py,1,,0,0,False,False
pro,outputs/validation/odds_buckets.csv,file,csv,1,139,False,UNKNOWN,,,5.0,4.0,,,,,pro:research/oracle_backtest.py,1,,0,,0,0,True,False
pro,outputs/validation/stat_significance.json,file,json,1,6487,False,UNKNOWN,,,10.0,3.0,,,json object,,pro:research/oracle_backtest.py,1,pro:research/oracle_backtest.py,1,,0,0,False,False
pro,research/standard_bets_breakdown.csv,file,csv,1,5899,False,DERIVED,,,133.0,7.0,,,,,,0,,0,,0,0,False,True
pro,telegram_bot/cashout_notified.json,file,json,1,6155,False,UNKNOWN,,,1.0,0.0,,,json object,,v9:.github/workflows/player_props.yml,1,,0,v9:.github/workflows/player_props.yml,1,2,True,False
pro,telegram_bot/live_notified.json,file,json,1,755,False,UNKNOWN,,,1.0,0.0,,,json object,,pro:telegram_bot/notifier.py; v9:.github/workflows/live_scanner.yml; v9:.github/workflows/predict.yml; v9:src/live_scanner.py; v9:telegram_bot/notifier.py,5,,0,v9:.github/workflows/live_scanner.yml; v9:.github/workflows/predict.yml,2,0,True,False
pro,telegram_bot/notified.json,file,json,1,7852,False,UNKNOWN,,,1.0,0.0,,,json object,,pro:.github/workflows/pro_bet_builder.yml; pro:telegram_bot/notifier.py; pro:test_telegram.py; v9:.github/workflows/daily_summary.yml; v9:.github/workflows/live_scanner.yml; v9:.github/workflows/player_props.yml,14,,0,pro:.github/workflows/pro_bet_builder.yml; v9:.github/workflows/daily_summary.yml; v9:.github/workflows/live_scanner.yml; v9:.github/workflows/player_props.yml; v9:.github/workflows/predict.yml; v9:.github/workflows/retrain.yml,9,4,True,False
pro,telegram_bot/player_notified.json,file,json,1,22155,False,UNKNOWN,,,1.0,0.0,,,json object,,v9:.github/workflows/daily_summary.yml; v9:.github/workflows/player_props.yml,2,,0,v9:.github/workflows/daily_summary.yml; v9:.github/workflows/player_props.yml,2,2,True,False
pro,telegram_bot/sharp_notified.json,file,json,1,6434,False,UNKNOWN,,,1.0,0.0,,,json object,,v9:.github/workflows/sharp_tracker.yml,1,,0,v9:.github/workflows/sharp_tracker.yml,1,2,True,False
pro,telegram_bot/wc_notified.json,file,json,1,14985,False,UNKNOWN,,,1.0,0.0,,,json object,,v9:.github/workflows/worldcup.yml,1,,0,v9:.github/workflows/worldcup.yml,1,2,True,False
pro,data/season_2026_27/book_odds_snapshots,partitioned_table,parquet,73,2768431,True,CANONICAL,2026-09-23T00:54:15,pro: collect 2026-09-23 00:54 UTC,,,2026-09-09,2026-09-23,,,pro:.github/workflows/pro_collect.yml; v9:.github/workflows/predict.yml; v9:src/btts_odds.py; v9:src/predict.py,4,v9:src/btts_odds.py; v9:src/predict.py,2,pro:.github/workflows/pro_collect.yml; v9:.github/workflows/predict.yml,2,13,False,False
pro,data/season_2026_27/clv,partitioned_table,parquet,37,1770707,True,CANONICAL,2026-09-22T11:43:09,pro: collect 2026-09-22 11:43 UTC,,,2026-08-17,2026-09-22,,,pro:.github/workflows/pro_collect.yml; pro:src/market/clv_schema.py; pro:src/pipelines/monthly_eval.py; v9:.github/workflows/player_props.yml; v9:.github/workflows/prop_odds_snapshot.yml; v9:player_model/clv_tracker.py,7,pro:player_model/clv_tracker.py; pro:scripts/v11_shadow.py; pro:src/validation/threshold_curves.py; v9:pages/1_📊_Dashboard.py; v9:player_model/clv_tracker.py; v9:scripts/backfill_clv.py; v9:src/clv_capture.py; v9:update_results.py,8,pro:.github/workflows/pro_collect.yml; v9:.github/workflows/player_props.yml; v9:.github/workflows/prop_odds_snapshot.yml,3,36,False,False
pro,data/season_2026_27/combo_candidates,partitioned_table,parquet,39,1724824,True,CANONICAL,2026-09-22T18:56:10,pro: bet builder 2026-09-22 18:56,,,2026-09-03,2026-09-22,,,pro:.github/workflows/pro_bet_builder.yml,1,,0,pro:.github/workflows/pro_bet_builder.yml,1,7,True,False
pro,data/season_2026_27/combo_dependencies,partitioned_table,parquet,1,135413,True,CANONICAL,2026-09-03T11:18:31,pro: collect 2026-09-03 11:18 UTC,,,2026-09-03,2026-09-03,,,pro:.github/workflows/pro_bet_builder.yml,1,,0,pro:.github/workflows/pro_bet_builder.yml,1,7,True,False
pro,data/season_2026_27/combo_legs,partitioned_table,parquet,39,1374078,True,CANONICAL,2026-09-22T18:56:10,pro: bet builder 2026-09-22 18:56,,,2026-09-03,2026-09-22,,,pro:.github/workflows/pro_bet_builder.yml,1,,0,pro:.github/workflows/pro_bet_builder.yml,1,7,True,False
pro,data/season_2026_27/combo_settlements,partitioned_table,parquet,37,1050680,True,CANONICAL,2026-09-22T18:56:10,pro: bet builder 2026-09-22 18:56,,,2026-09-03,2026-09-22,,,pro:.github/workflows/pro_bet_builder.yml,1,,0,pro:.github/workflows/pro_bet_builder.yml,1,7,True,False
pro,data/season_2026_27/data_quality,partitioned_table,parquet,190,3002055,True,CANONICAL,2026-09-23T00:54:15,pro: collect 2026-09-23 00:54 UTC,,,2026-08-23,2026-09-23,,,pro:.github/workflows/pro_collect.yml,1,,0,pro:.github/workflows/pro_collect.yml,1,11,True,False
pro,data/season_2026_27/feature_snapshots,partitioned_table,parquet,277,29477938,True,CANONICAL,2026-09-23T00:54:15,pro: collect 2026-09-23 00:54 UTC,,,2026-08-17,2026-09-23,,,,0,,0,,0,7,False,True
pro,data/season_2026_27/fixtures,partitioned_table,parquet,277,4644332,True,CANONICAL,2026-09-23T00:54:15,pro: collect 2026-09-23 00:54 UTC,,,2026-08-17,2026-09-23,,,pro:.github/workflows/pro_backfill_results.yml; pro:.github/workflows/pro_bet_builder.yml; pro:.github/workflows/pro_collect.yml; pro:.github/workflows/pro_paper_1x2.yml; pro:.github/workflows/pro_research.yml; pro:.github/workflows/pro_team_news.yml,28,pro:pages/13_⚽_Fantasy.py; pro:player_model/fantasy.py; pro:player_model/pipeline.py; pro:src/architecture/gap.py; pro:src/monitoring/snapshot_coverage.py; pro:src/pipelines/backfill_history.py; pro:src/pipelines/team_stats.py; pro:src/prediction_lab/goal_dist.py,14,pro:.github/workflows/pro_backfill_results.yml; pro:.github/workflows/pro_bet_builder.yml; pro:.github/workflows/pro_collect.yml; pro:.github/workflows/pro_paper_1x2.yml; pro:.github/workflows/pro_research.yml; pro:.github/workflows/pro_team_news.yml,18,134,False,False
pro,data/season_2026_27/live_odds_snapshots,partitioned_table,parquet,97,2364400,True,CANONICAL,2026-09-23T01:26:01,pro: live odds 2026-09-23 01:26,,,2026-08-30,2026-09-23,,,pro:.github/workflows/pro_live_odds.yml,1,,0,pro:.github/workflows/pro_live_odds.yml,1,7,True,False
pro,data/season_2026_27/live_signals,partitioned_table,parquet,37,493597,True,CANONICAL,2026-09-22T11:43:09,pro: collect 2026-09-22 11:43 UTC,,,2026-08-17,2026-09-22,,,v9:.github/workflows/live_scanner.yml; v9:.github/workflows/update_results.yml; v9:src/live_scanner.py; v9:update_results.py,4,pro:pages/9_📜_Live_History.py; v9:pages/6_⚡_Live.py; v9:src/live_scanner.py; v9:update_results.py,4,v9:.github/workflows/live_scanner.yml; v9:.github/workflows/update_results.yml,2,14,False,False
pro,data/season_2026_27/market_snapshots,partitioned_table,parquet,312,5640569,True,CANONICAL,2026-09-23T00:54:15,pro: collect 2026-09-23 00:54 UTC,,,2026-08-17,2026-09-23,,,,0,,0,,0,11,False,True
pro,data/season_2026_27/model_snapshots,partitioned_table,parquet,277,5782383,True,CANONICAL,2026-09-23T00:54:15,pro: collect 2026-09-23 00:54 UTC,,,2026-08-17,2026-09-22,,,,0,pro:src/pipelines/train_mixed.py; pro:src/validation/pick_accuracy.py; pro:tests/test_drift_experiment.py; pro:tests/test_season_store.py,4,,0,12,False,False
pro,data/season_2026_27/movement_observations,partitioned_table,parquet,31,49163939,True,CANONICAL,2026-09-22T11:43:09,pro: collect 2026-09-22 11:43 UTC,,,2026-08-23,2026-09-22,,,,0,,0,,0,8,False,True
pro,data/season_2026_27/player_props,partitioned_table,parquet,37,3653537,True,CANONICAL,2026-09-22T11:43:09,pro: collect 2026-09-22 11:43 UTC,,,2026-08-17,2026-09-22,,,pro:.github/workflows/pro_backfill_results.yml; pro:.github/workflows/pro_bet_builder.yml; pro:.github/workflows/pro_research.yml; pro:.github/workflows/pro_weekly_audit.yml; pro:player_model/predict.py; pro:src/market/clv_schema.py,16,pro:player_model/predict.py; v9:player_model/predict.py,2,pro:.github/workflows/pro_backfill_results.yml; pro:.github/workflows/pro_bet_builder.yml; pro:.github/workflows/pro_research.yml; pro:.github/workflows/pro_weekly_audit.yml; v9:.github/workflows/fantasy_refresh.yml; v9:.github/workflows/injury_refresh.yml,12,23,False,False
pro,data/season_2026_27/settlements,partitioned_table,parquet,76,7746452,True,CANONICAL,2026-09-22T11:43:09,pro: collect 2026-09-22 11:43 UTC,,,2026-08-17,2026-09-22,,,pro:.github/workflows/pro_bet_builder.yml; pro:.github/workflows/pro_research.yml,2,pro:src/monitoring/ml_learning_health.py; pro:src/pipelines/train_mixed.py; pro:src/validation/calibration_study.py; pro:src/validation/pick_accuracy.py; pro:src/validation/threshold_curves.py,5,pro:.github/workflows/pro_bet_builder.yml; pro:.github/workflows/pro_research.yml,2,22,False,False
pro,data/season_2026_27/settlements_backfill,partitioned_table,parquet,2,373022,True,CANONICAL,2026-08-19T11:46:32,pro: backfill results 2026-08-19 11:46 UTC,,,2026-05-21,2026-05-21,,,,0,,0,,0,11,False,True
pro,data/season_2026_27/signals,partitioned_table,parquet,277,4800488,True,CANONICAL,2026-09-23T00:54:15,pro: collect 2026-09-23 00:54 UTC,,,2026-08-17,2026-09-23,,,pro:player_model/pipeline.py; pro:worldcup/tracker.py; v9:.github/workflows/live_scanner.yml; v9:.github/workflows/player_props.yml; v9:.github/workflows/update_results.yml; v9:player_model/pipeline.py,10,pro:pages/7_💰_Sharp_Money.py; pro:pages/9_📜_Live_History.py; pro:telegram_bot/notifier.py; v9:pages/6_⚡_Live.py; v9:src/live_scanner.py; v9:telegram_bot/notifier.py; v9:update_results.py,7,v9:.github/workflows/live_scanner.yml; v9:.github/workflows/player_props.yml; v9:.github/workflows/update_results.yml,3,51,False,False
pro,data/season_2026_27/team_match_stats,partitioned_table,parquet,460,11535873,True,CANONICAL,2026-09-22T19:55:43,pro: team stats 2026-09-22 19:55 UTC,,,2026-09-05,2026-09-22,,,pro:.github/workflows/pro_collect.yml; pro:.github/workflows/pro_team_stats.yml,2,pro:src/pipelines/xg_value.py,1,pro:.github/workflows/pro_collect.yml; pro:.github/workflows/pro_team_stats.yml,2,19,False,False
pro,data/season_2026_27/team_news,partitioned_table,parquet,37,609896,True,CANONICAL,2026-09-22T00:08:09,pro: team news 2026-09-22 00:08 UTC,,,2026-08-30,2026-09-22,,,pro:.github/workflows/pro_live_odds.yml; pro:.github/workflows/pro_team_news.yml,2,,0,pro:.github/workflows/pro_live_odds.yml; pro:.github/workflows/pro_team_news.yml,2,13,True,False
pro,apifootball_ou_cache,cache_dir,json,2,104524,False,CACHE,,,,,,,,,v9:.github/workflows/af_history_extend.yml; v9:.github/workflows/predict.yml; v9:.github/workflows/retrain.yml,3,,0,v9:.github/workflows/af_history_extend.yml; v9:.github/workflows/predict.yml; v9:.github/workflows/retrain.yml; v9:.github/workflows/warm_nf_shot_cache.yml,4,5,True,False
pro,api_football_cache,cache_dir,json,5,95184,False,CACHE,,,,,,,,,v9:.github/workflows/predict.yml; v9:.github/workflows/retrain.yml,2,,0,v9:.github/workflows/predict.yml; v9:.github/workflows/retrain.yml,2,1,True,False
pro,cache,cache_dir,json,25249,70269047,False,CACHE,,,,,,,,,pro:.github/workflows/pro_collect.yml; pro:.github/workflows/pro_prediction_lab.yml; pro:.github/workflows/pro_team_stats.yml; pro:player_model/api_football.py; pro:player_model/data_fetcher.py; pro:player_model/odds_fetcher.py,32,pro:pages/13_⚽_Fantasy.py; pro:pages/4_ℹ️_Model_Info.py; pro:pages/6_⚡_Live.py; pro:player_model/api_football.py; pro:player_model/data_fetcher.py; pro:player_model/odds_fetcher.py; pro:player_model/weather.py; pro:scripts/backfill_af_history.py,30,pro:.github/workflows/pro_collect.yml; pro:.github/workflows/pro_prediction_lab.yml; pro:.github/workflows/pro_team_stats.yml; v9:.github/workflows/af_history_extend.yml; v9:.github/workflows/fantasy_refresh.yml; v9:.github/workflows/injury_refresh.yml,14,55,False,False
pro,player_match_cache,cache_dir,json,4303,3558650,False,CACHE,,,,,,,,,v9:.github/workflows/injury_refresh.yml,1,,0,v9:.github/workflows/injury_refresh.yml,1,4,True,False
v11,output/research_state.json,file,json,1,5197,True,UNKNOWN,2026-09-22T01:40:30,auto: v11 collect+grade 2026-09-22 01:40 UTC,6.0,0.0,,,json object,,v11:.github/workflows/v11_collect.yml,1,,0,v11:.github/workflows/v11_collect.yml,1,3,True,False
v11,output/v11_chronological_folds.csv,file,csv,1,834,True,UNKNOWN,2026-09-22T10:00:46,fix: movement analysis was dead for four weeks and exited 0 the whole time,4.0,16.0,,,,,v11:.github/workflows/v11_collect.yml; v11:scripts/v11_momentum_control.py,2,,0,v11:.github/workflows/v11_collect.yml,1,0,True,False
v11,output/v11_evidence.json,file,json,1,4415,True,UNKNOWN,2026-09-22T01:40:30,auto: v11 collect+grade 2026-09-22 01:40 UTC,3.0,4.0,,,json object,,v11:.github/workflows/v11_collect.yml; v11:scripts/v11_fit_evidence.py,2,,0,v11:.github/workflows/v11_collect.yml,1,2,True,False
v11,output/v11_graded.csv,file,csv,1,141606,True,UNKNOWN,2026-09-22T01:40:30,auto: v11 collect+grade 2026-09-22 01:40 UTC,1199.0,13.0,2026-08-10 00:00:00,2026-09-28 00:00:00,,,v11:.github/workflows/v11_collect.yml; v11:scripts/v11_market_movement.py,2,v11:scripts/v11_fit_evidence.py; v11:scripts/v11_market_movement.py; v11:scripts/v11_residual.py,3,v11:.github/workflows/v11_collect.yml,1,3,False,False
v11,output/v11_market_microstructure.csv,file,csv,1,37127958,True,UNKNOWN,2026-09-22T01:40:30,auto: v11 collect+grade 2026-09-22 01:40 UTC,58234.0,68.0,2026-09-22 01:39:59,2026-09-22 01:39:59,fixture_id,,v11:.github/workflows/v11_collect.yml; v11:scripts/v11_microstructure.py,2,,0,v11:.github/workflows/v11_collect.yml,1,2,True,False
v11,output/v11_market_movement.csv,file,csv,1,717,True,UNKNOWN,2026-08-23T08:53:29,auto: v11 collect+grade 2026-08-23 08:53 UTC,12.0,8.0,,,,,v11:.github/workflows/v11_collect.yml,1,,0,v11:.github/workflows/v11_collect.yml,1,1,True,False
v11,output/v11_market_movement_detail.csv,file,csv,1,23646918,True,UNKNOWN,2026-09-22T01:40:30,auto: v11 collect+grade 2026-09-22 01:40 UTC,58234.0,37.0,,,fixture_id,,v11:.github/workflows/v11_collect.yml,1,v11:scripts/v11_microstructure.py; v11:src/research_state.py,2,v11:.github/workflows/v11_collect.yml,1,4,False,False
v11,output/v11_microstructure_coverage.csv,file,csv,1,1882,True,REPORT,2026-09-22T01:40:30,auto: v11 collect+grade 2026-09-22 01:40 UTC,23.0,9.0,2026-09-22 01:40:01,2026-09-22 01:40:01,,,v11:.github/workflows/v11_collect.yml; v11:scripts/v11_microstructure.py,2,,0,v11:.github/workflows/v11_collect.yml,1,3,True,False
v11,output/v11_microstructure_segments.csv,file,csv,1,3486,True,UNKNOWN,2026-09-22T01:40:30,auto: v11 collect+grade 2026-09-22 01:40 UTC,21.0,21.0,2026-09-22 01:40:05,2026-09-22 01:40:05,,,v11:.github/workflows/v11_collect.yml; v11:scripts/v11_microstructure.py,2,,0,v11:.github/workflows/v11_collect.yml,1,2,True,False
v11,output/v11_momentum_control.csv,file,csv,1,3987,True,UNKNOWN,2026-09-22T10:00:46,fix: movement analysis was dead for four weeks and exited 0 the whole time,28.0,13.0,,,,,v11:.github/workflows/v11_collect.yml; v11:scripts/v11_momentum_control.py,2,,0,v11:.github/workflows/v11_collect.yml,1,1,True,False
v11,output/v11_momentum_roles.csv,file,csv,1,594,True,UNKNOWN,2026-09-22T10:00:46,fix: movement analysis was dead for four weeks and exited 0 the whole time,5.0,9.0,,,,,v11:.github/workflows/v11_collect.yml; v11:scripts/v11_momentum_control.py,2,,0,v11:.github/workflows/v11_collect.yml,1,1,True,False
v11,output/v11_movement_by_league.csv,file,csv,1,4292,True,UNKNOWN,2026-09-22T01:40:30,auto: v11 collect+grade 2026-09-22 01:40 UTC,19.0,29.0,,,,,v11:.github/workflows/v11_collect.yml,1,,0,v11:.github/workflows/v11_collect.yml,1,4,True,False
v11,output/v11_movement_by_model.csv,file,csv,1,811,True,UNKNOWN,2026-09-22T01:40:30,auto: v11 collect+grade 2026-09-22 01:40 UTC,2.0,29.0,,,,,v11:.github/workflows/v11_collect.yml,1,,0,v11:.github/workflows/v11_collect.yml,1,4,True,False
v11,output/v11_movement_by_residual.csv,file,csv,1,3428,True,UNKNOWN,2026-09-22T01:40:30,auto: v11 collect+grade 2026-09-22 01:40 UTC,15.0,29.0,,,,,v11:.github/workflows/v11_collect.yml,1,,0,v11:.github/workflows/v11_collect.yml,1,4,True,False
v11,output/v11_movement_by_time.csv,file,csv,1,1660,True,UNKNOWN,2026-09-22T01:40:30,auto: v11 collect+grade 2026-09-22 01:40 UTC,7.0,29.0,,,,,v11:.github/workflows/v11_collect.yml,1,,0,v11:.github/workflows/v11_collect.yml,1,4,True,False
v11,output/v11_movement_summary.csv,file,csv,1,3064,True,REPORT,2026-09-22T01:40:30,auto: v11 collect+grade 2026-09-22 01:40 UTC,13.0,30.0,,,,,v11:.github/workflows/v11_collect.yml,1,v11:src/research_state.py,1,v11:.github/workflows/v11_collect.yml,1,3,False,False
v11,output/v11_placebo_table.csv,file,csv,1,1612,True,UNKNOWN,2026-09-22T10:00:46,fix: movement analysis was dead for four weeks and exited 0 the whole time,9.0,17.0,,,,,v11:.github/workflows/v11_collect.yml; v11:scripts/v11_momentum_control.py,2,,0,v11:.github/workflows/v11_collect.yml,1,0,True,False
v11,output/v11_research_health.json,file,json,1,3020,True,REPORT,2026-09-22T01:40:30,auto: v11 collect+grade 2026-09-22 01:40 UTC,11.0,0.0,,,json object,,v11:.github/workflows/v11_collect.yml,1,v11:.github/workflows/v11_collect.yml,1,v11:.github/workflows/v11_collect.yml,1,5,False,False
v11,output/v11_residual.csv,file,csv,1,1710,True,UNKNOWN,2026-09-22T01:40:30,auto: v11 collect+grade 2026-09-22 01:40 UTC,20.0,9.0,2026-09-22 01:39:40,2026-09-22 01:39:40,,,v11:.github/workflows/v11_collect.yml,1,v11:src/research_state.py,1,v11:.github/workflows/v11_collect.yml,1,3,False,False
v11,output/v11_scoreboard.csv,file,csv,1,401,True,UNKNOWN,2026-09-22T01:40:30,auto: v11 collect+grade 2026-09-22 01:40 UTC,6.0,9.0,2026-09-22 01:39:39,2026-09-22 01:39:39,,,v11:.github/workflows/v11_collect.yml,1,,0,v11:.github/workflows/v11_collect.yml,1,4,True,False
v11,output/v11_shadow_log.csv,file,csv,1,401851,True,REPORT,2026-09-22T01:40:30,auto: v11 collect+grade 2026-09-22 01:40 UTC,1199.0,37.0,2026-08-10 00:00:00,2026-09-28 00:00:00,fixture_id,,v11:.github/workflows/v11_collect.yml; v11:scripts/v11_shadow.py,2,v11:scripts/v11_grade.py; v11:scripts/v11_residual.py; v11:scripts/v11_shadow.py,3,v11:.github/workflows/v11_collect.yml,1,2,False,False
v11,output/v11_shadow_snapshots.csv,file,csv,1,20568398,True,RAW,2026-09-22T01:40:30,auto: v11 collect+grade 2026-09-22 01:40 UTC,59859.0,37.0,2026-08-10 00:00:00,2026-09-28 00:00:00,fixture_id,,v11:.github/workflows/v11_collect.yml; v11:scripts/v11_market_movement.py; v11:scripts/v11_shadow.py,3,v11:scripts/v11_fit_evidence.py; v11:scripts/v11_market_movement.py; v11:scripts/v11_microstructure.py; v11:scripts/v11_momentum_control.py; v11:scripts/v11_shadow.py,5,v11:.github/workflows/v11_collect.yml,1,2,False,False
